Date,0157B1,034B61,067779,06EF42,143C52,1791E7,1BC12C,24D81E,34A959,385DD4,39692D,3CBA2A,40B903,4595EF,45CF4C,56CC0A,5DE5A5,5E7E82,64CEBB,66E04A,69E8E1,6E1E61,751A74,76E80F,7D5FD6,8C6C1B,8E8E6E,91C82E,954E30,972356,97693A,9BBFA5,9E91C6,A5151E,A6213D,A63820,AA7FE0,AA98ED,ACDF88,B4C673,BB0787,BDD12C,C15DB3,C29715,C9B932,CF7292,D64C6D,D69D42,D78CCD,DC2B00,DD3BB1,ECF709,F6DCE4,FC1F9D,FF4C20
2023-03-16,100.04,2404.5949,8.9886,95.2099,139.01,39.6443,33.5438,301.9514,44.71,156.4203,94.1457,93.2188,71.623,69.4583,32.8603,13.11,336.2942,66.7395,112.17,137.1609,96.49,54.6347,63.619,188.286,54.6456,100.2242,41.95,96.5381,252.4669,39.251,297.4,136.3343,104.1908,50.5841,9.7867,32.5028,58.48,42.3381,267.5257,120.8659,38.0994,107.6496,150.589,5478.12,51.7359,513.84,113.9631,106.3251,19.7288,199.4547,184.13,2413.32,146.26,44.6389,104.43
2023-03-17,98.95,2405.5212,8.5108,94.5886,137.15,38.6308,32.3517,298.8063,43.19,154.1292,92.4631,91.613,71.5078,68.7067,32.0959,12.58,328.9046,66.4279,107.2,135.3861,94.35,53.1913,60.6867,186.1077,54.2735,99.0787,41.25,95.8896,249.3224,39.8286,294.74,134.6478,103.8029,49.9372,9.3561,32.1768,56.26,42.3205,269.0745,119.7239,37.8588,106.8097,148.2204,5503.0,51.9449,506.46,113.7175,105.1309,19.7564,196.3889,180.13,2365.0,142.95,44.0926,105.34
2023-03-20,97.71,2457.6359,8.5705,93.8023,141.08,38.8758,32.5843,305.0677,43.47,158.2744,93.5914,92.6805,72.3911,69.2517,32.4594,12.37,329.9822,67.6399,108.81,136.8635,95.07,54.404,60.1669,185.5702,54.2147,99.1563,41.79,94.7871,252.6256,40.7566,293.45,136.5791,104.3848,50.5933,9.2568,32.2046,56.76,42.6555,269.8863,121.6398,37.5996,108.9384,150.6714,5494.47,52.2013,510.23,114.4827,106.2114,19.7749,197.7996,183.25,2391.17,146.4304,44.0451,108.36
2023-03-21,100.61,2534.1028,9.0781,94.0061,140.98,39.8724,34.0187,305.5101,44.45,162.8565,95.759,93.3209,73.3128,73.3133,33.345,12.88,333.6097,67.3282,110.98,139.6695,98.75,54.642,62.1676,185.5702,54.6652,101.0979,42.68,95.8618,252.131,41.4289,298.81,138.2112,104.9181,51.0276,9.7039,32.5592,59.12,43.8458,270.0449,121.3284,38.3679,108.9218,151.7414,5482.24,52.3913,515.91,118.6482,108.5525,19.9224,197.5739,197.58,2394.95,145.955,44.7053,112.71
2023-03-22,98.7,2521.2121,8.9487,92.9092,138.63,39.3825,33.0011,300.3548,42.89,158.4395,92.6808,92.0029,72.1319,72.215,32.562,12.47,321.7651,66.531,107.76,136.4768,94.58,53.9313,59.5785,180.6478,54.7729,99.6126,41.59,95.0465,249.9476,40.5861,303.73,136.9599,102.5519,50.4085,9.5052,32.4494,57.46,43.1404,263.6817,120.4695,37.6829,105.737,148.7325,5426.07,51.7074,510.0,112.8769,106.0503,19.037,194.1413,191.15,2349.3,141.2546,43.4097,110.96
2023-03-23,98.71,2502.0141,9.1777,93.4625,135.46,39.3741,32.7006,303.3845,42.09,155.3039,91.701,91.3531,71.6518,73.7067,32.0213,12.57,312.9707,65.3482,107.7,134.5234,95.07,53.4253,60.5592,178.875,55.2234,98.6612,41.23,95.7691,251.5805,40.1979,308.22,136.4793,102.9883,49.5029,9.4555,32.6506,56.73,42.8847,264.8946,120.5073,37.6366,104.8473,141.1052,5354.43,51.9828,515.74,114.2654,105.6238,18.8525,190.7652,192.22,2307.82,140.0436,42.9867,110.09
2023-03-24,98.13,2463.1548,9.1876,94.0935,137.39,40.0159,32.6715,299.6142,42.4,151.9838,89.6126,91.2789,71.8823,73.7917,33.1959,12.52,312.9323,65.1117,107.18,130.7159,95.4,54.0507,59.6765,178.6581,55.4878,98.37,41.11,96.1119,253.1761,40.3968,313.45,138.3472,103.3568,49.7155,9.53,32.485,57.78,43.2374,264.0642,120.6488,37.2571,105.7454,143.4739,5413.0,51.6219,513.98,114.0198,105.292,18.7142,193.5489,190.41,2329.4,140.1333,43.1005,106.85
2023-03-27,98.04,2472.0048,8.7497,92.5015,138.73,40.0582,33.3887,309.9152,43.55,152.0032,89.8006,91.5759,72.3719,74.69,34.2026,12.2,315.6552,64.6999,108.1,131.1819,95.45,54.6027,59.3235,179.6671,55.3801,97.6904,41.73,94.6667,255.5182,40.3399,317.22,139.4534,103.1241,50.2422,9.5383,32.9564,58.27,44.2337,262.4314,121.083,37.7107,106.2942,145.4402,5375.45,51.5364,520.45,111.2805,106.8938,19.2215,193.7369,191.81,2368.55,142.9679,43.5861,104.88
2023-03-28,97.24,2508.282,9.2872,92.8995,141.66,40.2609,33.1658,311.8484,43.74,154.3331,92.087,91.6316,73.1688,75.2717,35.4611,12.45,315.0683,64.2356,107.98,131.3901,96.23,55.2567,60.6769,179.3088,56.0852,100.1271,41.81,94.259,257.3937,40.5956,320.31,140.0609,103.9678,51.0554,9.6045,33.058,58.27,44.507,262.0115,121.2812,38.627,105.6289,147.5528,5413.56,51.8404,531.79,111.3372,109.5666,19.5627,195.7306,189.19,2405.22,143.3178,43.5368,105.06
2023-03-29,100.25,2534.5463,9.8446,92.9577,141.95,40.6578,34.6002,315.0705,45.18,157.391,94.0566,93.3952,73.4952,75.2883,34.7247,13.16,324.6228,65.5848,109.56,134.7614,96.8,55.472,62.9129,180.9967,55.9677,99.4767,43.08,94.9353,258.8773,41.3153,361.04,140.2422,105.7521,51.5821,9.9771,33.1344,59.53,45.8472,264.3814,121.1962,38.8214,107.0592,148.6502,5433.99,52.1443,526.33,113.812,110.5334,20.0608,194.7996,193.88,2395.37,141.8287,43.7132,107.67
2023-03-30,102.0,2571.9865,10.1134,92.4433,140.81,40.7169,34.8813,315.1378,46.87,157.9152,95.1453,94.0449,73.8408,74.66,33.8111,13.27,322.4483,65.9878,109.9,136.2983,96.36,56.1,63.4719,181.6662,55.6054,100.1174,43.33,95.0094,259.2039,41.5804,358.09,139.5259,105.7036,51.3788,10.1758,33.4434,61.1,46.1646,266.2475,122.0646,38.9418,107.0176,150.3238,5417.11,52.7522,536.37,113.4436,109.0166,20.4943,195.3169,195.28,2406.19,143.7663,43.7037,108.78
2023-03-31,103.29,2614.0191,10.1034,94.8313,143.55,41.477,35.55,317.2731,48.81,161.1867,96.0361,96.6531,75.233,74.925,34.1001,13.45,329.4915,68.5723,112.19,139.6795,100.22,56.5987,64.0407,188.5689,57.0743,103.0298,44.42,97.3812,260.9021,42.016,364.19,140.6865,108.5256,52.4507,10.4325,34.1658,64.28,47.3372,275.3538,124.6601,39.9044,109.7783,153.0126,5572.19,54.5663,545.67,115.8428,111.2966,21.1307,197.9218,207.46,2458.15,148.5743,44.5858,111.33
2023-04-03,102.41,2626.6142,9.9242,95.2487,148.01,41.1308,35.1527,319.8219,49.28,159.6529,94.0962,97.3214,75.713,75.59,34.0255,13.35,326.4221,68.7825,110.49,138.3904,99.19,57.8633,63.011,192.3597,57.7794,105.4568,44.25,97.5109,263.2628,41.9308,367.4,139.535,109.9027,52.3953,10.4987,34.3546,64.58,46.6319,277.789,125.7266,39.7008,109.5205,153.8997,5576.7,55.7726,551.19,114.9266,112.1074,20.7987,199.2478,194.77,2511.54,148.9601,45.8416,108.25
2023-04-04,103.95,2600.1429,9.8048,94.5595,148.89,40.0582,34.639,316.4074,48.84,159.5753,92.8095,96.5325,75.5018,75.8767,34.0721,13.24,315.0972,68.1956,107.22,137.8253,95.54,57.6293,62.5697,191.4261,57.2114,105.3597,44.03,96.1953,263.3935,41.9782,366.8,138.8096,108.7099,51.5082,10.5319,34.6968,63.5,46.1734,275.2045,124.207,39.0251,108.4728,150.7537,5526.81,54.7658,546.17,116.8346,110.2186,20.5773,201.4296,192.58,2502.05,148.9511,45.4489,109.64
2023-04-05,101.1,2577.7419,9.6157,94.54,148.7,39.1883,34.009,315.84,45.82,157.8085,90.5529,97.3679,74.9258,74.8633,33.2611,12.92,309.6512,66.8288,104.5,138.3111,93.61,57.2233,60.7946,188.0597,57.4171,103.3501,43.18,96.3806,263.1509,41.5236,364.81,138.7824,105.3157,50.1498,10.2918,33.9484,62.44,45.7943,269.3358,124.5279,37.4792,107.6412,148.3027,5542.84,53.7115,534.12,114.1993,108.5969,20.0516,199.3795,185.52,2494.44,148.2245,44.489,105.27
2023-04-06,102.06,2546.4515,9.6853,92.8413,149.04,38.9011,33.5244,317.9559,45.29,158.2841,90.7607,97.1637,74.9354,74.3983,33.1213,13.08,313.9233,65.7775,103.02,139.4415,92.59,57.4087,60.0983,187.2487,56.6434,103.1172,42.98,94.5555,263.9626,41.2585,364.33,136.8174,105.82,50.2791,10.209,33.7042,64.33,45.7855,269.2798,124.6789,37.146,105.9782,148.4124,5468.08,54.1484,520.95,113.557,106.8989,19.6919,199.7839,185.06,2530.68,148.5295,44.6977,104.06
2023-04-10,102.17,2535.3347,9.8247,93.4043,152.93,39.6274,34.6293,317.1192,45.47,158.0317,88.8901,97.2193,75.2522,76.3433,34.8738,13.35,322.4964,65.6724,104.34,139.8084,94.72,57.9833,61.1476,188.3897,57.1233,103.5249,43.18,95.0465,264.7931,41.0975,363.37,138.4625,106.5958,51.3511,10.5319,33.8312,65.86,46.0323,271.6683,123.7351,37.8217,107.3336,150.6988,5479.87,54.1579,529.46,115.1533,111.5255,20.1069,204.4142,184.51,2554.44,151.5973,45.2516,103.04
2023-04-11,99.92,2529.323,9.9939,96.8504,153.07,40.2862,34.3192,319.7449,45.92,159.0899,90.8498,98.1475,75.2138,76.205,35.2654,13.54,332.7437,65.9265,104.97,140.552,100.12,58.0693,62.2166,189.8608,58.5237,102.059,43.36,97.7425,265.4463,41.1922,365.81,140.2721,104.7145,52.1827,10.6561,34.2812,72.21,46.2087,274.0942,124.1787,37.8032,111.4413,151.2384,5578.01,53.1226,526.75,116.4663,114.8739,20.4482,206.1683,186.79,2559.54,152.1176,45.5267,103.64
2023-04-12,97.83,2510.3812,9.5758,95.967,150.17,40.5987,33.5535,313.974,44.12,156.7503,88.4249,98.0176,73.6392,76.295,33.9043,12.73,321.2744,64.1042,104.19,137.1907,97.83,58.49,60.3925,188.3803,58.5139,99.8844,42.98,97.6406,266.2114,40.5104,363.54,138.6819,102.8525,52.0349,10.4905,33.9154,68.58,45.23,270.9872,124.5657,38.2198,111.3831,152.3816,5590.22,53.0751,523.13,116.8063,112.8038,19.8948,203.9238,180.54,2598.89,146.6726,44.1305,100.16
2023-04-13,102.4,2591.5689,9.7252,95.1128,148.88,40.6409,33.4663,319.8988,44.33,160.6625,90.0283,99.3078,74.1193,77.185,33.4196,12.87,327.4709,64.1217,106.04,141.2064,98.54,59.1967,60.7161,189.9834,57.9851,101.1465,43.6,96.2046,269.7292,41.2964,364.38,140.263,106.9255,51.7022,10.3166,34.3578,69.01,46.4114,272.5827,127.0951,38.8122,111.7573,150.1958,5579.47,54.6423,528.4,119.4228,114.4541,20.1254,204.235,185.9,2618.65,146.4573,44.7793,100.72
2023-04-14,102.51,2611.506,9.5559,95.3749,147.9,41.1561,33.4275,317.7636,43.53,163.1865,91.0873,99.7533,74.1097,77.84,33.7365,12.64,317.7624,64.2882,107.07,143.0904,97.94,59.4847,60.7553,190.6529,58.8959,101.5445,43.55,97.2793,269.6452,41.2206,368.25,139.3034,107.6335,52.0441,10.3663,34.766,69.46,46.1998,272.62,127.3028,38.9973,112.2146,150.964,5632.55,55.3262,534.66,118.9694,114.54,20.7341,201.0853,185.0,2638.32,144.4211,45.1378,102.53
2023-04-17,102.74,2637.317,9.7052,96.5689,146.68,40.8605,34.0575,317.3019,44.35,164.7883,92.4235,100.533,74.5129,77.9833,33.0374,12.95,324.6709,64.2268,107.6,143.9233,99.17,59.8187,61.942,193.3121,59.3365,101.1367,43.88,98.2428,269.9531,41.4573,368.38,138.691,107.9729,51.9055,10.4987,35.5,69.6,46.7906,275.615,129.3981,38.3679,113.9026,152.0889,5693.04,55.2502,534.33,119.1961,112.6035,20.6972,201.3588,187.04,2665.41,145.946,45.7619,103.12
2023-04-18,102.3,2657.6484,9.7948,99.1899,149.38,40.945,34.2416,314.2241,44.49,168.584,94.5614,100.1617,74.6569,79.5733,32.9628,13.11,326.1238,64.8138,107.51,145.7775,98.51,60.6613,63.2071,196.2354,61.2952,100.6611,44.59,101.2168,271.4461,41.7035,372.5,138.7459,108.7584,52.2474,10.5401,35.5692,69.07,46.5261,278.9272,129.8511,38.988,116.0729,152.2444,5829.84,56.3709,541.52,119.215,111.9548,21.0108,203.9427,184.31,2681.65,145.6769,46.515,102.17
2023-04-19,104.3,2637.5436,9.755,98.8792,148.49,41.2237,33.5147,313.2238,44.87,168.6325,94.3535,99.4656,74.8969,80.115,33.1865,13.18,325.8641,63.7012,107.41,145.7477,98.62,59.9427,63.2267,196.9237,61.1483,101.2144,44.64,101.2631,271.782,41.3911,370.12,138.5082,108.7293,51.656,10.1179,36.1,68.12,46.288,277.0239,129.4169,39.8859,116.0313,152.2718,5861.13,56.3804,542.03,118.7049,111.5351,21.103,204.1785,180.59,2663.16,145.7756,46.8204,102.38
2023-04-20,103.81,2622.2581,9.2872,104.4513,149.85,41.2744,32.5068,310.5692,43.76,168.6811,93.0569,99.3635,75.9146,79.9367,32.4035,12.64,319.8215,63.5873,106.08,145.7676,97.1,60.3573,61.0299,197.8007,61.5106,102.9327,44.6,103.6441,271.53,41.0786,376.71,137.0276,110.2518,52.3491,9.8281,35.968,67.45,45.2212,278.5727,129.7756,39.1454,116.971,154.2106,5892.71,58.4415,545.05,117.5525,110.438,20.8909,205.4893,162.99,2701.84,143.7752,47.2339,102.24
2023-04-21,106.96,2648.4337,9.3369,103.4611,150.99,41.3673,32.5165,317.8982,44.05,169.3121,92.8392,100.4216,75.3002,81.1133,33.2145,13.04,330.2612,63.745,105.29,146.769,96.94,60.254,61.8047,199.0077,61.5302,103.2142,44.88,103.0234,272.5191,40.8229,377.8,138.7824,110.6591,52.3029,9.7784,36.0,69.16,45.5739,279.9442,130.559,38.7659,117.2287,152.2901,5924.2,59.8852,541.37,118.5727,109.8084,21.103,205.7911,165.08,2681.41,145.4796,47.1561,102.05
2023-04-24,106.21,2640.9043,9.2374,105.3346,153.46,41.5193,33.2337,317.6578,43.83,169.2344,93.2252,101.4426,75.3962,81.6417,33.4942,13.05,336.9869,64.4371,105.61,147.1954,98.19,60.4667,61.2065,199.0077,62.5389,103.3016,44.75,103.885,273.5828,41.5331,381.37,136.4244,111.0179,52.8481,10.0682,35.9394,68.88,45.6091,281.4371,131.0969,38.8029,116.9959,152.912,5967.22,60.74,547.4,120.0462,110.7814,21.1399,209.7613,162.55,2677.12,147.0584,47.4179,102.84
2023-04-25,102.57,2606.7361,8.9189,105.0434,152.36,40.8352,31.8962,317.0422,42.22,167.8074,91.1665,101.4891,73.7736,79.3783,32.3475,12.73,324.1802,62.5272,102.32,145.0933,95.47,59.8507,59.2254,195.1127,63.6063,101.0008,43.44,103.1925,272.0059,41.6751,372.81,133.8563,108.2541,52.2567,9.867,35.6,67.36,45.0008,276.4827,130.0682,37.3311,110.219,151.028,5754.71,59.2773,541.86,117.7509,107.2518,20.5773,206.9416,160.67,2678.34,141.3802,46.3556,98.37
2023-04-26,104.98,2559.7758,8.7198,102.966,153.23,40.7,31.2274,326.0833,41.38,160.2936,88.9494,103.4661,74.3689,79.7583,32.2077,12.46,319.6868,62.6499,102.86,140.1455,94.86,59.6133,58.4114,190.2984,63.293,101.6416,42.37,101.4635,270.373,41.0596,372.94,135.739,106.14,51.9517,9.6742,40.197,67.92,45.327,268.776,130.2569,37.0812,107.2837,149.455,5681.59,58.698,547.45,116.9763,106.8321,20.5312,206.7718,153.75,2644.83,139.4426,46.1318,97.77
2023-04-27,109.82,2601.2369,8.8591,105.1696,153.37,40.2355,31.712,305.0292,43.41,160.5557,91.4634,104.6542,75.7898,79.225,32.4128,12.83,329.1547,64.4196,101.65,140.5421,98.78,61.0447,60.4709,193.8333,64.899,102.4667,43.39,103.8339,275.0011,43.1429,378.08,138.1883,106.8867,52.9128,9.7329,40.7252,70.4,51.9572,274.2435,131.9464,37.8125,112.5805,153.287,5799.52,59.0969,547.77,118.7332,109.4555,21.3428,208.9314,160.19,2660.73,141.8646,45.354,100.49
2023-04-28,105.45,2647.4285,9.1677,106.6063,153.71,40.6494,32.0222,305.3466,45.29,164.3903,92.9976,106.0836,75.6746,79.89,32.7204,13.35,338.0357,65.2869,102.86,142.8028,105.9,61.154,64.1682,196.9607,65.7608,103.6123,44.92,104.8657,275.9622,43.9667,379.93,138.8555,110.824,53.3471,9.9592,41.3524,70.03,52.8405,280.4108,132.6826,37.7755,116.0729,153.9271,5840.0,60.6451,551.43,119.6967,109.5032,21.6841,208.8465,164.31,2663.31,141.5058,45.2232,101.03
2023-05-01,102.05,2652.1393,9.4464,105.2473,153.67,40.3791,32.4486,299.3641,46.51,165.1669,93.4528,106.3342,75.1946,80.9933,32.4967,14.54,333.6674,64.5247,102.19,143.2292,103.32,61.9733,65.6883,197.3303,64.4192,102.6609,46.04,104.4753,277.6698,43.2376,384.99,138.2432,112.104,53.6982,10.1101,40.7856,70.48,52.323,277.761,134.2399,37.6181,116.2392,156.3141,5870.49,61.6044,532.88,120.8302,108.4634,20.9924,207.564,161.83,2679.54,140.9406,45.3275,96.27
2023-05-02,103.63,2676.738,9.4066,105.6462,154.69,39.9484,32.0609,299.6911,44.58,173.3893,92.2849,106.2414,75.1178,80.82,32.2543,14.37,333.7732,64.1305,101.23,144.7264,101.07,62.4347,66.5023,195.198,64.4094,101.7095,45.95,105.0795,278.127,42.7262,380.75,138.7641,109.7766,52.8758,9.8921,41.0792,71.33,52.2427,274.57,134.8722,36.822,115.5823,156.3507,5886.56,60.4361,530.94,120.2068,107.3186,20.0977,207.696,160.31,2702.89,139.6848,45.8966,99.19
2023-05-03,103.65,2607.9089,9.3867,106.6678,152.31,39.2389,31.4794,302.8363,44.02,173.234,89.6423,96.4954,74.7337,80.8183,31.9933,14.14,338.4206,63.7625,99.84,144.4984,101.63,62.1113,65.7864,194.5725,65.1145,100.9523,43.74,106.0928,275.4677,42.3948,383.12,138.4351,106.0237,52.7926,9.8838,41.1624,70.67,53.2956,273.4504,129.5963,36.063,117.3701,157.2835,5894.82,58.3465,523.17,119.7156,107.1755,20.2453,204.8103,160.61,2677.58,138.6532,46.1546,98.965
2023-05-04,104.0,2565.886,9.3469,104.3229,151.675,36.1478,30.7138,299.518,43.36,171.3216,88.2566,97.2008,73.9945,79.795,31.2009,13.75,331.8296,62.7287,92.05,141.4147,99.03,62.2413,70.4938,192.1938,64.997,99.8262,42.81,104.4381,275.4117,42.0255,382.06,139.7603,105.9461,51.9332,9.691,40.6702,68.07,53.4562,266.6113,128.6619,35.2392,112.8799,156.6708,5801.35,58.603,514.0,116.8158,104.7811,19.3506,204.235,161.2,2661.6,136.8233,44.9234,92.55
2023-05-05,105.655,2532.1121,9.9641,105.1986,155.47,37.6765,32.2354,299.2295,44.68,171.4089,92.5819,99.512,75.3674,80.8733,31.4247,14.13,340.5759,64.4546,93.42,143.3879,100.22,62.7187,74.1519,195.0464,65.6335,101.3892,43.14,105.4514,276.7554,43.2092,386.71,139.9157,107.4298,52.7372,10.0514,40.5642,70.61,53.8756,270.2221,129.7661,36.0723,113.9359,158.884,5852.47,58.5555,520.05,119.5739,108.5969,20.4021,206.4795,170.06,2691.58,140.2051,45.5893,90.0
2023-05-08,105.83,2601.2664,10.5613,105.5684,155.54,38.0312,32.6231,297.1423,45.27,172.7486,91.5327,99.4749,75.233,82.4433,30.3992,14.26,339.8254,63.4821,93.97,144.3199,99.89,63.1093,76.8391,193.3784,66.3778,101.7678,43.44,106.6133,276.8393,43.7584,381.86,137.311,109.3499,52.8388,10.0766,40.6568,72.75,53.0636,268.6453,128.8601,35.5909,113.8112,157.8597,5853.47,59.0779,515.73,119.8478,106.5936,20.4851,207.4697,171.79,2709.54,140.3845,45.6594,92.78
2023-05-09,106.62,2596.7724,10.6011,106.0451,155.17,37.592,32.2548,296.8538,45.42,173.7582,92.3047,99.0479,75.4538,82.8183,30.0543,14.11,337.7086,63.6486,93.37,144.4885,98.63,63.564,75.4759,196.2878,66.3288,101.0397,43.39,106.3066,276.8113,43.3796,381.44,137.3932,108.322,52.8573,9.9424,40.6532,72.53,53.2242,271.1178,129.8794,35.4428,113.0378,158.4176,5875.45,59.2394,509.09,118.1665,105.6206,20.3006,208.0449,169.15,2726.51,141.2098,45.851,92.71
2023-05-10,110.19,2607.6231,10.4419,105.8311,154.12,37.4231,32.0609,295.1706,44.66,170.4964,90.0976,99.2892,75.1838,82.6233,29.6721,14.08,337.9395,63.2719,94.91,141.2064,97.93,63.6513,75.672,193.6343,66.3974,98.9719,42.88,106.1021,276.7274,43.3891,379.32,136.2325,108.128,52.5524,9.9676,41.0968,73.41,53.5187,269.6717,130.0021,34.3783,111.0256,158.8474,5836.51,59.3818,504.51,116.6646,104.7048,19.7288,205.7533,168.54,2733.65,141.4878,46.2608,94.84
2023-05-11,112.18,2618.1288,10.193,106.2008,155.21,37.7018,32.0997,295.2091,43.6,169.3897,90.2856,98.5336,75.261,81.74,30.045,13.66,334.8797,62.7462,94.29,140.5024,97.76,63.884,74.8776,192.6676,66.7108,99.5349,42.52,105.9719,275.0665,43.3512,377.32,134.3589,103.6671,52.3398,9.9508,41.17,72.27,53.5544,268.4214,129.6246,37.2201,110.1109,156.9726,5837.83,58.0806,512.11,115.4461,105.8591,19.821,204.914,172.08,2715.2,142.5104,45.8719,96.36
2023-05-12,110.26,2592.7416,9.7849,105.6559,158.72,37.2542,31.4019,295.8343,42.67,169.0111,88.5338,98.9907,76.1576,81.7633,30.7628,13.24,325.8448,62.8426,92.69,140.3835,94.5,64.14,73.6616,192.6297,67.0144,101.4571,41.97,105.2562,276.3261,42.5274,376.2,135.7664,102.2028,52.2752,9.7832,40.9126,71.16,54.5983,271.0152,130.7288,38.1179,108.5892,156.0672,5822.41,57.1023,513.88,113.5475,107.1851,19.6365,206.0645,167.98,2729.06,141.7211,45.5115,94.68
2023-05-15,111.2,2607.7709,10.2627,106.8332,159.15,37.6173,31.3728,296.0939,44.44,170.3702,91.2853,99.4758,76.4083,81.92,31.3408,13.71,329.2221,63.6924,92.93,142.0493,96.5,63.0187,74.6521,191.0091,67.1319,101.3406,42.69,105.3212,276.1022,42.7357,375.71,138.819,102.5131,52.5893,9.758,40.9424,71.7,55.6423,269.2145,130.0399,39.8489,109.1879,154.0277,5898.82,56.9408,515.97,113.1886,108.0341,19.9778,205.6213,166.35,2706.53,144.0354,43.92,97.85
2023-05-16,113.4,2608.0173,10.3124,108.7792,158.82,36.8319,30.5684,290.3231,41.38,169.4674,91.7604,98.2072,75.4152,78.8883,30.3899,13.48,328.7105,61.9753,90.9,141.2659,94.15,62.5033,74.9855,188.801,67.9251,99.9233,41.15,105.8976,274.4693,40.7471,371.52,139.9797,99.9336,51.6191,9.4311,41.0044,69.06,55.1605,263.4204,130.9837,38.7937,106.527,151.4121,5887.48,55.4781,498.99,110.0243,104.4377,19.0001,202.6979,166.52,2673.46,141.7054,42.9278,92.65
2023-05-17,115.5,2657.6681,10.9893,109.2559,158.92,37.5075,31.4407,293.4009,43.41,171.9332,94.2496,98.5896,76.1191,78.395,31.7136,14.35,331.3747,64.7788,93.86,142.9813,96.67,62.6287,78.0552,196.3637,68.0622,100.7581,42.19,106.5204,273.8254,41.552,372.22,145.0338,105.6261,52.1113,9.6407,41.2402,71.95,55.3121,272.8066,129.5113,40.2191,109.2128,152.1438,5833.16,56.6464,503.95,110.4965,106.8417,19.0739,204.0087,173.86,2679.55,145.3629,42.6642,94.99
2023-05-18,118.15,2740.7282,11.2282,109.4408,160.68,37.989,31.8865,299.4699,44.81,175.7483,97.2634,99.8956,76.4276,78.7517,35.1162,14.53,340.96,63.9903,94.83,145.165,98.49,62.7867,78.5847,198.2212,68.6988,102.3017,42.94,107.6452,274.376,41.7793,378.7,148.1869,106.9643,52.6407,9.758,41.9174,73.13,55.3211,275.3911,130.6722,40.8486,112.6344,150.6988,5883.17,57.5962,513.61,112.2818,107.5857,19.1569,205.4233,176.89,2648.95,139.2399,43.7359,92.39
2023-05-19,116.25,2725.2358,10.8898,107.2127,160.08,38.9771,31.6539,300.5279,43.79,173.2146,95.6402,98.4217,76.5047,75.7983,34.5196,14.15,333.0736,61.7913,94.37,143.1104,96.57,63.62,78.065,195.4823,67.7488,101.6998,42.48,105.5908,275.7756,41.1733,368.53,147.5197,106.9449,51.7862,9.7664,42.1244,71.75,53.822,271.3978,130.5118,39.8026,110.7635,150.6896,5846.52,57.4537,491.05,108.3996,104.0943,17.5889,202.8299,180.14,2653.18,137.524,42.5352,89.1
2023-05-22,115.01,2656.6037,11.1685,105.1597,160.0,40.2355,31.8477,297.1135,44.64,169.5742,95.8283,95.987,75.6177,76.0333,35.5357,14.33,330.8052,61.6073,94.43,142.485,96.81,61.876,78.7809,192.5255,66.0253,101.5639,42.33,102.7184,269.9904,41.7793,363.12,147.3552,105.3703,51.229,9.7496,42.0388,72.21,53.9024,271.1925,127.3311,39.0436,110.7804,149.2264,5705.32,56.5039,480.68,104.0734,103.8081,18.0409,199.8027,188.87,2619.8,137.1899,42.2601,90.02
2023-05-23,114.99,2599.3151,10.9893,103.0289,156.13,39.467,32.3905,292.6699,42.25,164.5844,93.1955,93.599,74.7114,74.7983,35.8993,14.47,326.3455,60.8801,92.48,136.6884,95.74,60.7993,77.3294,195.8424,64.331,98.9039,40.17,99.5578,267.2098,41.4573,353.86,146.752,99.0234,50.6532,9.8335,40.9402,71.98,54.2414,275.1858,124.0655,38.8214,111.8759,146.7571,5611.29,52.9137,480.61,102.751,102.9877,17.4967,196.3229,185.77,2463.41,132.9002,41.4558,88.03
2023-05-24,116.75,2587.8239,10.621,103.564,155.35,39.0193,31.2856,295.084,41.69,163.3321,92.3641,92.9181,74.0654,73.3883,35.6382,14.23,322.2623,60.5823,90.5,135.8347,94.14,61.9293,75.7701,192.9804,64.3996,98.4962,39.83,100.3015,266.7899,41.0028,344.58,146.6515,98.2556,50.0031,9.4981,41.0614,70.15,54.0005,271.603,123.518,37.868,111.8422,144.7908,5585.7,53.0941,481.43,102.2882,103.2357,16.9249,196.9547,182.9,2423.62,129.2336,41.4463,87.66
2023-05-25,115.0,2559.7758,10.9495,103.9143,136.66,39.5768,31.4116,292.8719,41.4,167.1591,94.8088,91.8267,73.217,75.0017,34.156,14.48,315.7273,62.4483,89.71,138.8919,94.61,62.3347,76.3978,190.5258,65.1439,99.3505,39.96,100.915,266.4167,41.3058,342.34,147.1724,98.1875,50.0123,9.5401,41.158,71.02,53.2867,267.5444,122.9423,37.6736,111.4883,145.0012,5635.22,53.0181,485.12,101.5231,108.7495,16.0948,192.0132,184.47,2459.75,127.1113,40.5681,86.23
2023-05-26,120.11,2553.6261,11.2282,103.8267,142.45,39.8386,32.2645,288.3802,42.15,167.2565,95.3631,91.9106,74.239,77.53,34.3891,14.48,316.625,65.1205,92.13,137.0655,95.1,61.5333,77.4765,195.7192,64.5073,100.3504,40.39,99.8832,266.9019,42.0066,340.26,147.4009,98.2945,49.7709,10.1353,41.4204,72.48,53.599,273.2171,123.1414,38.59,113.1148,143.7757,5617.56,53.5215,420.27,101.5514,107.5667,16.6482,193.4183,193.17,2460.79,125.4676,40.3145,85.53
2023-05-30,121.66,2492.1687,11.3278,104.4883,138.48,39.4501,32.3323,280.2625,41.21,164.6565,96.0114,91.183,74.0076,81.52,33.8298,14.82,311.5669,64.3057,91.23,135.0704,95.06,61.872,78.7122,194.9421,65.3104,100.2436,39.64,100.2085,265.8568,41.3058,336.64,146.5784,96.7199,49.0465,10.5544,41.4256,73.96,53.9291,272.8159,121.1785,37.5626,111.8844,144.2238,5621.21,52.2678,406.73,100.6163,104.2851,16.2147,192.2301,201.16,2454.64,120.8709,41.0484,82.49
2023-05-31,120.58,2472.4582,11.1785,103.9532,134.88,37.5768,31.4116,278.7813,41.01,163.3906,94.7296,91.0804,74.0365,79.1667,32.8509,14.85,305.2539,63.6661,88.08,135.1101,92.04,60.2207,79.4085,190.6111,64.713,100.5931,39.29,99.5764,266.0341,40.5153,331.93,144.8784,95.9326,48.9907,10.0598,41.5298,72.21,52.9565,266.3693,122.032,37.0442,108.96,136.2032,5554.22,52.3628,409.83,99.4261,101.4137,15.8826,189.6367,203.93,2386.84,118.2429,39.9505,81.05
2023-06-01,122.77,2513.0914,11.7956,105.5489,129.56,38.3736,32.0919,285.3409,41.66,166.6527,97.6494,90.9685,73.9015,77.5017,33.8916,15.51,302.1553,63.8676,90.21,136.6486,92.42,59.6853,81.625,193.2552,65.9077,97.9526,39.12,100.5246,268.6094,41.2011,328.35,147.8122,93.7748,48.3685,10.152,41.6466,71.81,53.5544,271.0116,125.4078,36.7758,110.7382,137.3446,5570.61,52.6667,403.83,97.8864,101.2038,15.6981,152.6411,207.52,2373.58,118.4506,39.3272,81.99
2023-06-02,124.25,2587.6465,12.1241,108.9932,133.61,40.4165,33.3165,291.6119,44.86,172.5733,102.2122,92.8155,75.3092,79.4633,35.3541,15.78,315.0323,64.1392,93.69,141.7406,96.68,59.6893,84.5671,198.8372,67.9447,100.2825,40.71,104.1128,271.9489,42.2773,365.44,149.9234,97.5363,49.9195,10.3868,41.2446,74.66,53.5544,278.1067,127.5698,39.2472,114.3536,141.1459,5711.0,55.9815,422.4,102.1416,107.3949,16.7127,156.6585,213.97,2381.23,120.3109,40.2554,85.01
2023-06-05,125.3,2632.1035,12.2435,108.4095,130.24,39.7977,33.1707,286.4566,46.25,172.5733,105.805,93.2166,76.0323,80.96,37.3136,16.18,316.0266,63.8063,92.27,141.5123,95.76,60.1407,85.9107,195.9656,67.9839,100.4188,40.76,104.057,270.5606,43.1344,356.44,147.1816,97.7502,49.678,10.5544,41.4876,75.26,53.4384,275.4378,127.2285,38.3679,112.4827,139.9033,5661.56,54.8513,421.01,99.6965,107.9673,16.5283,149.8214,217.61,2339.95,117.9448,39.5616,85.25
2023-06-06,126.61,2668.9031,12.7114,112.1554,131.29,39.8146,34.2495,286.37,48.26,176.1568,110.8429,91.6215,75.8491,81.9233,37.8573,16.75,324.6466,65.138,95.45,143.5272,97.93,59.062,88.9705,196.3257,70.6868,100.974,41.31,107.8311,266.9116,43.0297,356.02,149.0369,99.8593,50.1609,10.8394,41.1624,79.08,53.483,278.1631,126.0052,39.0713,115.6599,140.1794,5794.6,55.934,417.49,100.6347,110.1709,17.6074,148.1616,221.31,2323.05,119.8413,41.3362,90.05
2023-06-07,121.23,2605.9083,12.9702,110.8711,132.34,39.6112,35.202,286.1969,48.61,172.6025,107.9726,91.3416,75.3092,83.0217,38.6167,17.02,326.9826,66.3032,96.09,141.5719,101.21,58.874,89.2549,200.1639,70.0894,99.3377,41.53,105.9719,264.4351,42.9154,353.93,150.2524,100.3647,50.5975,11.3927,40.458,79.13,54.5537,283.5196,125.588,40.0803,123.0256,141.1551,5771.12,55.5541,415.55,101.4876,113.5479,18.0686,146.6811,224.57,2306.65,118.9834,41.5173,87.57
2023-06-08,124.25,2609.1408,12.6915,110.2095,132.88,38.7212,34.8424,288.4475,48.55,173.8003,106.5671,92.489,74.9717,81.83,39.3761,16.81,313.372,66.0228,97.4,141.82,98.0,60.4453,88.4998,199.4532,69.7368,100.5552,41.57,105.3863,268.0748,43.4392,354.95,149.3019,100.1704,50.1052,11.3844,40.4646,79.89,54.5091,282.9463,126.3086,39.6515,121.2895,141.8822,5806.16,54.9177,418.94,100.6442,112.3077,18.087,146.9734,234.86,2360.61,118.5499,41.8299,87.56
2023-06-09,123.43,2568.409,13.0299,110.9295,131.77,38.8653,35.2117,286.6874,48.5,174.3164,109.3483,91.3789,76.5144,81.3883,39.5918,17.17,315.0902,65.9177,97.99,140.48,95.35,60.466,89.4609,198.1832,70.5007,100.6039,41.33,106.1578,269.0222,43.6297,360.4,147.9767,99.3442,50.4303,11.5185,40.811,78.81,53.7953,279.4317,126.5362,39.7913,119.722,143.4193,5817.96,55.5446,423.62,100.322,111.9262,17.8997,144.3329,244.4,2363.19,114.6846,41.4048,91.24
2023-06-12,126.57,2567.6304,14.6524,112.9241,134.22,38.8059,35.6393,290.3327,49.73,176.1958,109.675,91.8453,77.1603,83.4817,39.198,18.41,322.1369,66.934,100.27,141.6116,96.65,60.7853,91.7558,202.2015,71.3919,103.6038,42.8,107.2733,270.6919,42.9725,368.18,150.7825,100.6758,50.681,11.552,41.2734,79.53,55.1248,282.7302,127.6647,40.2667,121.6603,145.5455,5868.86,55.991,424.91,101.2413,112.861,17.9184,145.2193,249.83,2415.0,114.2241,41.8356,90.51
2023-06-13,126.66,2576.2144,15.2696,112.6516,136.03,39.5688,36.5918,290.3615,50.2,176.6534,109.8234,92.5916,78.1245,81.7867,38.5605,19.47,325.2161,67.775,101.15,142.227,98.8,61.0847,93.9526,205.9828,72.3614,103.6622,44.23,107.8404,270.6732,43.3535,368.36,151.7513,101.084,50.9875,11.8454,41.3146,80.61,56.0974,281.9972,128.9448,40.332,123.624,146.4659,5929.63,56.3994,443.76,101.1939,115.0646,17.8528,150.9813,258.71,2420.95,116.247,41.4563,92.84
2023-06-14,126.42,2572.016,15.5284,110.5306,137.79,40.5182,36.3099,295.2286,49.19,176.7021,107.8142,93.8975,77.035,84.455,37.2198,19.3,333.4114,67.9524,101.01,142.485,98.94,60.6427,92.8934,203.623,71.7346,103.4772,43.84,106.6691,270.57,42.9249,377.21,153.2136,100.598,50.5882,11.9041,41.2234,79.7,55.2408,281.6495,129.2957,40.6955,123.0087,146.0885,5886.57,56.8269,443.58,106.9558,116.1331,18.0495,152.8863,256.79,2399.42,120.32,41.5611,95.06
2023-06-15,127.11,2633.0299,16.046,112.2916,138.44,40.9251,36.9611,314.2912,50.22,172.0475,106.0129,94.5692,78.5583,85.3367,37.2386,19.54,345.1011,70.0271,101.28,139.6264,101.07,61.8327,94.0604,207.4802,72.43,105.0745,43.72,111.3728,274.4816,43.4487,382.63,152.5007,101.638,50.6346,12.1137,41.0332,80.85,54.9909,283.8203,131.9982,40.4904,124.9555,148.7853,5944.96,55.7156,451.14,106.5293,115.8755,18.1245,154.3574,255.9,2497.37,124.4833,42.0682,95.97
2023-06-16,125.49,2602.7644,15.7275,113.2549,136.22,41.1963,36.8931,320.037,48.84,171.7359,104.7856,95.0262,78.3462,85.4533,36.5167,19.13,345.5258,70.7453,101.44,139.7654,100.9,61.268,93.4622,205.7269,72.1453,105.0355,42.64,111.568,275.5041,42.9154,383.02,151.7239,100.8216,50.3653,12.0885,40.6584,79.63,54.8303,282.2791,131.4103,40.4252,123.4723,148.6197,5990.38,55.5161,447.91,107.6476,117.5067,18.2743,154.961,260.54,2493.83,120.8438,41.7308,94.6
2023-06-20,125.78,2598.4872,15.827,115.123,136.54,39.323,36.271,314.3684,49.19,169.2332,105.8248,94.4666,77.5074,84.725,36.376,19.29,341.24,69.8852,100.16,138.5941,100.9,61.166,94.7371,204.1917,73.4899,104.4901,43.06,113.0181,274.885,42.7059,383.49,151.5502,103.1932,50.3467,11.9209,40.996,78.59,54.8482,283.2471,128.7931,40.5184,123.4217,146.8893,5982.43,55.7441,447.09,103.8095,117.6975,18.4804,155.5928,274.45,2453.07,119.8594,41.3648,96.19
2023-06-21,124.83,2605.5338,15.8171,115.7457,142.77,39.2552,35.9698,312.0218,48.43,171.5022,103.9344,95.0262,77.9702,85.0233,36.151,19.22,344.3578,70.0626,99.77,140.1028,100.68,62.5287,95.4727,203.0449,74.3438,104.4512,42.93,113.0832,276.2733,42.0011,378.81,152.0894,103.3681,51.0618,11.7532,41.4896,78.3,53.715,282.5798,129.6655,40.2854,121.9132,148.6197,6025.4,55.3926,450.19,104.2265,117.9551,17.9184,157.5355,259.46,2446.28,120.3109,42.0224,94.63
2023-06-22,130.15,2639.1402,15.6877,116.3976,144.07,38.9161,35.6296,310.0229,46.4,171.0786,106.2306,94.0748,78.5583,83.925,35.4479,19.08,338.1221,70.0892,98.6,140.0234,98.52,62.17,95.5315,203.5851,74.6382,105.1524,42.5,112.7764,275.1289,41.782,377.96,148.1778,102.367,50.7089,11.8957,41.0104,78.32,53.7774,283.0309,129.2862,40.0057,120.1687,148.6381,6062.57,55.2217,455.71,104.6814,117.1252,17.7404,162.411,264.61,2438.63,119.5614,41.8661,92.14
2023-06-23,129.33,2585.9514,15.7275,117.1468,143.67,38.3397,35.1631,305.9477,45.21,166.9546,103.7166,91.7334,79.1175,84.3533,34.8854,19.4,340.1106,70.1601,97.4,136.0928,97.82,61.6507,96.0317,203.9642,74.8541,105.8342,41.38,113.6874,271.9489,41.3058,374.25,147.4192,101.2784,50.5417,11.7532,40.8736,86.21,53.5365,282.6832,128.5845,39.9964,118.4831,146.9629,6160.21,54.4048,453.45,103.7905,114.1107,17.0754,161.402,256.6,2423.73,119.0556,41.6869,88.93
2023-06-26,127.33,2577.8996,14.533,116.6506,143.41,38.3482,35.6685,308.2846,46.78,167.013,103.0931,91.6308,78.7897,84.9067,34.1541,18.53,341.8384,72.1728,97.87,137.3137,99.82,62.11,95.3648,206.5609,74.6186,104.8115,41.75,112.544,271.1797,41.3915,373.77,147.6842,102.2989,51.3404,11.8287,40.6462,81.25,54.4109,289.3366,127.2854,39.8939,120.3288,149.7058,6149.08,55.1077,463.57,105.8944,113.2426,17.2721,158.139,241.05,2476.55,121.4669,41.7556,84.57
2023-06-27,129.18,2661.2751,15.8171,119.7252,146.68,39.2891,36.4265,313.7794,48.27,172.661,106.9828,92.0879,79.831,85.34,35.5135,19.59,353.4895,73.5116,100.54,140.3013,103.29,62.3593,99.474,211.868,77.2095,106.0875,42.44,117.1826,273.2528,42.3535,374.52,149.3293,102.7946,52.9379,12.0802,41.3346,82.42,55.8564,294.8341,127.3328,40.4531,124.7195,151.8227,6330.2,55.5921,462.43,107.6666,115.9041,17.9184,159.7517,250.21,2439.88,119.6697,42.5314,87.49
2023-06-28,129.04,2627.8756,17.2106,118.8982,145.66,40.4419,37.1166,314.3491,48.07,173.0018,107.2204,91.9853,79.696,86.6867,34.4822,21.07,357.2734,72.953,101.17,140.8671,102.03,62.4687,101.1412,210.8824,76.2772,105.5225,42.36,116.6249,273.6655,42.7059,376.25,148.1046,101.327,52.9193,12.3987,42.0298,84.37,56.4498,288.0397,128.1672,39.8659,123.6071,151.9976,6312.91,54.8323,462.08,107.1169,116.4383,17.5999,157.5355,256.24,2437.63,119.6336,41.2867,87.45
2023-06-29,127.9,2617.4685,17.0812,117.0884,143.61,40.8488,37.1263,319.3803,49.77,176.5171,106.7354,92.0506,80.7373,85.6617,35.476,20.9,357.7561,73.7776,100.89,142.8523,103.43,62.4947,99.6015,211.1667,75.8846,106.0388,43.01,115.0632,276.2264,42.4773,370.26,151.075,101.57,53.5973,12.5329,42.212,84.34,56.9539,289.2708,130.1586,39.9218,125.9584,152.8444,6295.61,54.4998,465.28,107.4391,118.166,17.984,157.2714,257.5,2455.4,120.031,41.443,85.73
2023-06-30,130.36,2661.2455,18.7436,118.402,143.5,41.4591,37.4762,325.4255,50.97,178.8737,108.2695,92.405,81.7497,87.9433,35.1573,21.77,361.6366,72.6604,102.09,144.4702,103.16,63.6867,101.7394,213.8961,76.2379,109.214,43.92,116.4855,279.9223,42.563,378.5,152.7018,102.6489,54.1174,12.6837,42.78,83.7,57.7927,291.9209,131.3819,39.8939,125.3937,155.7621,6350.62,55.0887,470.595,104.5961,118.3484,17.8809,160.11,261.77,2493.36,119.1189,42.1444,84.61
2023-07-03,130.22,2681.4094,18.873,116.923,147.47,42.3153,37.8649,325.1068,50.6,179.3995,111.6347,92.489,81.2194,88.5767,35.5323,21.91,358.5862,72.8555,103.03,144.4007,103.22,63.1387,101.2099,212.8442,75.8552,108.24,43.8,116.4576,276.5735,43.0773,379.41,153.0399,103.6305,54.1081,12.776,42.4708,82.16,57.8105,291.3382,130.1681,40.5743,125.7056,154.6208,6286.48,55.6491,477.35,103.402,118.7227,17.9278,160.855,279.82,2483.48,121.792,42.1311,85.4
2023-07-05,130.38,2635.2966,19.1218,116.0668,145.44,41.7263,38.312,323.4652,49.23,177.3448,110.3975,91.8453,81.6629,89.0983,35.8229,22.16,358.3449,71.8625,103.47,143.9243,100.93,63.1893,101.2491,213.6971,75.6883,107.7433,42.49,115.5373,278.5058,42.8868,375.99,150.7551,98.8971,53.5044,12.8682,42.4142,82.24,57.3198,292.0712,129.5896,39.9684,124.1549,153.682,6231.03,52.5242,479.83,101.4971,119.5482,17.7685,160.4684,282.48,2492.43,119.7059,42.0053,85.15
2023-07-06,128.36,2594.5846,18.7734,111.7565,144.27,43.3787,38.3509,322.4512,47.325,177.2669,107.8835,89.7372,80.4481,88.3267,35.0541,21.74,351.6072,71.4546,104.88,144.6191,99.89,62.9553,99.8074,209.84,73.6175,106.4868,42.09,112.3764,276.6485,41.763,367.03,149.9874,96.7393,52.8821,12.558,41.8674,81.03,57.3733,283.8203,126.9724,39.4931,123.5144,151.9332,6081.2,51.9733,470.55,99.6018,118.7227,17.4032,159.1481,276.54,2491.1,118.1616,41.7213,82.91
2023-07-07,129.78,2598.7435,18.9526,112.2722,143.54,43.4367,38.4967,329.9545,49.16,180.792,110.734,89.5972,79.7346,87.8633,35.3073,21.89,353.0262,70.3108,107.55,147.2196,103.18,62.298,100.0428,210.3328,73.6371,104.6654,43.09,112.0873,274.0032,42.1535,363.74,150.5862,98.4791,53.1143,12.558,41.5492,81.39,57.6053,284.5627,126.5457,39.6981,124.9639,152.2553,6062.78,52.9232,471.63,98.9952,117.6285,17.4782,159.6856,274.43,2469.51,117.4481,41.3362,82.76
2023-07-10,127.13,2689.333,19.2114,115.9695,144.9,43.3014,38.5258,335.4879,50.73,185.9336,113.1589,92.4703,80.5734,90.1417,34.8197,22.52,363.3644,70.8251,108.65,151.0113,107.1,64.0727,101.2099,217.1373,75.9435,106.7303,45.5,115.1177,276.2451,43.4964,369.52,152.8895,104.0874,53.4301,12.6334,41.8618,82.65,57.177,291.5826,127.8353,40.4531,129.2704,153.5991,6213.8,54.7373,478.0,100.2462,123.5795,17.4313,159.9222,269.61,2513.56,118.9744,42.1787,85.83
2023-07-11,128.78,2743.1132,18.8132,116.1836,147.51,44.0358,38.8466,337.7862,52.25,186.2452,115.762,93.3658,81.7014,91.9033,34.8854,22.41,368.6253,72.492,110.38,151.0312,110.25,64.504,99.3269,217.4311,76.7483,108.1134,46.62,116.4697,276.4797,44.6678,379.48,153.4514,105.2246,53.8666,12.7676,41.0656,84.32,57.8284,294.7589,127.2285,41.3759,133.1387,155.3111,6204.76,55.5446,483.24,101.772,125.5952,18.0495,160.7739,269.79,2553.01,120.4645,42.5028,93.71
2023-07-12,130.8,2748.1098,18.1364,120.3674,147.67,44.8379,39.2742,375.2547,53.23,185.028,114.8514,94.3453,82.1932,92.22,34.4166,21.8,374.89,71.8891,112.4,149.9095,113.77,64.6153,97.3949,219.9709,78.5149,108.6198,47.06,119.612,277.2958,44.2011,383.32,153.7278,105.8174,54.8046,12.7592,41.52,84.2,57.8997,298.3863,128.1103,41.2175,133.1471,156.2407,6348.69,56.3045,484.04,102.1226,124.2034,18.2931,159.5626,271.99,2573.38,120.031,42.0834,91.5
2023-07-13,134.3,2793.5031,17.6685,123.0431,148.0,45.3694,39.3617,373.5938,54.07,186.4594,118.4343,94.7744,81.8943,89.8983,33.4791,21.49,369.3782,72.0841,112.37,150.7632,114.86,63.7373,97.3556,217.5353,78.8584,108.5809,48.99,121.2904,276.9299,43.9345,379.54,155.2019,106.5659,54.3495,12.734,40.9772,83.42,58.328,295.6422,128.9164,41.4412,132.3296,151.657,6325.78,57.1118,472.59,102.1984,121.5927,18.3867,156.7709,277.9,2538.18,119.9497,41.2409,93.15
2023-07-14,134.68,2825.4243,17.1509,126.7891,147.91,44.0841,38.8757,371.4596,52.68,184.4242,117.3555,94.7837,81.875,90.58,32.9916,20.42,351.3755,71.1354,111.01,146.6836,112.33,64.094,95.8748,216.7771,80.9783,108.6783,48.26,124.2368,276.6673,44.2869,380.41,154.2622,106.4395,54.0431,12.558,41.1196,83.4,57.1948,297.4277,128.5465,40.6955,129.6075,152.7339,6396.55,57.8811,472.65,102.3027,120.3449,17.9746,154.4051,281.38,2556.59,118.2338,40.9702,92.25
2023-07-17,133.56,2906.9668,17.6287,124.5901,149.11,43.8716,37.6608,376.3653,52.47,186.2744,119.8991,94.1494,82.0485,91.2417,33.8916,20.76,347.524,72.9442,109.23,147.8946,112.8,64.5973,96.8555,216.0474,80.1833,107.3829,48.19,121.5794,276.4234,44.944,383.69,155.9297,104.0193,54.4424,11.8119,42.5502,83.69,57.1056,297.0049,128.7172,40.0337,127.8462,153.4058,6408.98,56.4184,472.72,103.0229,120.9304,17.8997,152.484,290.38,2544.23,117.412,40.183,93.4
2023-07-18,132.83,2938.4543,18.1662,124.4247,148.88,44.1131,38.0302,378.8278,56.35,188.5823,119.7606,93.9908,82.1064,91.1117,33.3853,21.15,345.4486,74.0968,108.94,148.8574,112.43,64.1607,97.4537,217.8859,80.4974,108.9997,49.89,122.1389,275.6167,45.744,385.42,156.7036,105.2246,54.0059,11.879,43.064,85.81,56.3918,297.6721,126.9155,40.4159,130.72,153.9581,6466.0,56.9883,472.41,103.9801,123.186,18.265,155.6637,293.34,2528.09,118.1345,40.448,93.33
2023-07-19,135.36,2885.502,18.0667,124.3955,150.84,44.3837,38.1274,378.8664,57.68,185.2227,117.88,94.9889,82.521,90.62,33.751,21.14,353.2675,74.6731,110.38,147.8152,112.51,64.23,97.4929,218.8147,80.4385,109.6912,49.93,121.9151,275.9074,46.6964,390.51,157.9566,104.2915,54.1359,11.8203,42.7826,85.14,57.6499,300.2282,128.8974,39.5117,131.5543,154.6944,6445.95,56.6654,471.21,104.1317,123.4356,19.1642,157.3292,291.26,2505.89,119.8413,40.2497,96.09
2023-07-20,129.96,2875.2722,17.569,122.0312,151.9,44.5866,38.1565,374.5208,56.13,186.4594,117.6524,94.1028,82.3667,89.2383,33.7603,20.68,348.7113,74.1411,108.62,148.1824,110.38,63.482,99.1602,218.9095,76.0809,109.2822,49.75,117.6259,278.7216,46.5155,381.86,158.6291,103.2126,53.0957,11.7616,41.8942,84.96,56.9629,299.8617,128.85,38.9804,127.6523,142.821,6226.08,53.607,462.35,101.9046,122.1014,18.7333,159.733,262.9,2460.0,121.5934,40.8692,93.07
2023-07-21,130.0,2880.9292,17.7979,124.1328,151.57,44.5866,37.4665,372.2128,57.73,189.7897,117.7811,95.9124,82.5113,89.5917,33.4322,21.03,356.9163,73.3786,109.24,150.7135,110.29,63.7487,100.4057,221.5535,76.6403,109.1166,49.62,118.0921,277.2958,46.0393,382.96,156.9616,104.1748,52.9471,11.6778,41.9774,83.28,57.0699,301.1585,130.4241,38.7288,126.1859,143.8703,6244.69,53.1606,460.11,103.3546,121.0936,18.1619,158.1242,260.02,2457.93,121.0876,41.1132,96.74
2023-07-24,128.8,2851.8758,17.7681,126.4972,150.8,44.5963,38.1954,372.657,57.77,189.1763,115.6333,95.8751,83.4851,91.5783,33.0478,20.81,352.4856,75.1785,109.43,149.3438,111.38,63.8653,100.9451,221.762,77.0721,109.7692,49.0,118.6982,277.0143,46.6107,380.39,156.6944,104.4956,52.8636,11.8303,41.6598,83.79,57.9801,305.5189,130.8034,39.1948,127.054,145.0116,6230.69,53.6925,454.67,103.0798,123.3588,18.2837,158.6731,269.06,2494.79,122.2887,40.9169,96.54
2023-07-25,129.13,2899.8414,17.3699,127.4604,151.92,44.4514,36.8542,383.4244,58.1,189.7216,116.2271,96.0057,84.1504,92.5583,32.8884,20.3,365.3143,75.3204,109.9,150.0088,113.11,64.2873,99.6603,222.7523,81.8714,109.5841,49.71,118.922,274.2471,46.0107,382.12,154.6123,105.7883,53.1515,11.5083,41.8468,81.8,56.8022,305.5377,129.9026,39.2041,123.3037,145.2694,6361.13,54.4713,451.64,102.6343,123.0036,17.6936,155.853,265.28,2501.22,120.6541,40.5471,94.99
2023-07-26,128.15,2915.3437,17.569,125.1642,151.73,44.8379,37.2138,387.5865,59.38,188.6504,118.3353,94.8957,84.2853,93.0,33.7228,20.77,374.3205,74.6731,110.39,149.1452,116.11,64.3747,98.9346,222.8761,82.735,110.5289,50.17,118.6236,273.6749,46.4774,378.98,155.7178,106.4589,53.3558,11.5845,41.7572,83.01,57.1592,309.7289,130.1965,39.5863,120.9946,145.3982,6382.98,55.6301,454.74,103.582,123.1188,18.4242,156.0328,264.35,2492.73,121.4398,40.8902,96.39
2023-07-27,128.25,2913.1164,18.1364,123.6171,151.25,44.2291,37.8747,388.7646,57.8,190.6175,117.6029,94.0095,83.3501,89.5033,33.9103,21.33,368.6446,74.0702,109.25,151.5076,115.01,61.3073,107.5649,223.6664,82.0873,110.5289,50.09,117.3182,276.9018,41.582,370.75,156.8603,105.1176,51.2197,11.6354,37.6596,82.06,56.1063,309.8417,129.1819,39.1202,119.486,143.4101,6301.71,55.4021,448.45,102.0373,121.3911,18.087,158.938,255.71,2446.92,121.4669,42.619,95.73
2023-07-28,132.21,2968.6508,18.4051,124.1036,152.44,44.6543,36.9805,387.123,57.94,194.3762,118.8599,94.4479,83.7358,89.01,34.2572,21.54,371.4825,73.5028,109.17,153.0262,107.06,61.9193,106.4763,223.8473,83.2454,111.6295,50.9,119.1458,275.8136,42.8678,377.96,154.3359,105.9244,50.5696,11.2371,38.2504,82.52,55.9457,311.4017,129.8552,40.0896,120.1687,143.8887,6343.33,56.2475,445.39,102.9376,122.5525,18.4429,161.4364,266.44,2477.77,121.9185,42.6953,99.63
2023-07-31,133.68,2927.8008,18.7535,123.5879,154.33,44.9345,37.2915,383.1251,59.02,196.5186,121.2749,94.7464,83.4273,90.615,34.7447,22.07,371.386,73.6357,109.49,154.3364,106.34,61.7193,107.0059,223.0665,82.8234,111.6587,50.77,118.26,275.0351,42.3916,378.53,155.6257,105.9244,50.8854,11.1947,39.2456,82.61,58.2557,313.7228,130.5474,40.2201,121.5761,143.3273,6306.44,56.8079,444.8,104.615,126.0559,18.5553,159.7992,267.43,2481.72,123.246,42.6953,101.65
2023-08-01,131.69,2872.1284,17.9074,124.4636,153.03,44.9055,37.0486,385.9352,57.79,199.3717,119.5032,94.4572,83.273,90.3933,34.4072,19.41,373.722,73.3875,109.49,153.4233,107.9,62.07,105.3681,221.2383,83.0491,111.0256,50.03,118.4185,273.037,41.4868,381.21,153.2856,106.0799,51.4983,11.3727,39.1,84.08,58.2467,312.0595,129.3052,39.9405,120.7502,144.2937,6324.0,56.257,442.25,103.6768,126.5071,18.1619,159.4017,261.07,2481.1,120.1032,42.7334,98.6
2023-08-02,128.21,2843.1638,17.6387,122.3425,151.36,41.533,36.3391,384.6315,55.29,198.174,116.7913,95.2688,82.5403,90.1533,34.6791,18.64,366.7236,72.0309,106.28,152.1031,106.75,61.2307,103.1713,218.5151,82.0088,108.8633,49.26,116.7308,271.6769,41.6773,376.65,151.2127,102.2115,50.9689,11.0507,38.7372,83.24,58.0842,308.7046,128.0155,39.1762,122.6548,142.9867,6303.84,55.1362,438.24,101.8857,126.1999,17.8435,158.8718,254.11,2433.89,120.5999,43.0784,96.07
2023-08-03,128.91,2798.8053,17.4794,119.8225,150.57,40.0062,35.8823,387.5865,55.0,195.5837,97.6593,95.4553,82.9355,92.5567,34.8291,18.28,365.266,72.093,109.58,149.5423,104.12,62.052,102.7005,215.8776,79.9379,109.662,45.76,114.3531,272.9901,41.5344,384.0,150.1071,102.6489,50.9225,11.1015,38.4584,82.59,58.7339,309.9733,128.6034,40.0803,119.3006,143.2997,6248.02,55.1552,435.74,102.9566,126.9006,17.8341,159.7803,259.32,2476.95,119.8684,43.2957,82.92
2023-08-04,139.57,3018.824,17.0812,122.5621,150.21,41.0885,35.5421,381.7924,55.45,197.6579,102.133,93.9162,82.386,92.0783,35.6166,17.95,368.2488,70.7808,106.8,150.2272,105.29,61.7287,101.916,212.4498,82.7841,109.662,44.99,117.0851,269.2379,41.0011,378.2,149.6649,101.2589,50.4117,10.9235,37.8122,83.29,57.5248,306.7594,127.3991,39.2228,119.2501,143.1248,6320.97,55.0317,438.32,103.1177,126.4495,18.1713,158.7677,253.86,2450.99,119.6878,42.3751,81.59
2023-08-07,142.22,3196.0708,17.9572,124.2976,149.8,40.9629,36.0475,385.0081,56.15,199.3328,106.389,94.905,83.1959,94.2583,36.8448,18.48,372.6891,70.9935,107.15,152.3414,106.11,62.1173,105.9761,212.6211,84.0403,110.5094,45.7,118.7075,273.3466,41.763,382.5,151.8207,102.0851,50.3653,10.9659,37.8,84.75,58.4542,309.3342,128.1198,39.5117,120.4046,144.0176,6387.74,55.413,439.95,104.7003,126.3343,17.8528,158.0012,251.45,2464.01,119.155,42.4685,84.43
2023-08-08,139.94,3179.2775,17.8377,124.3366,146.8,40.4991,35.8045,384.3515,56.6,201.0466,108.7149,93.9302,83.4755,94.1817,36.8542,18.42,372.8629,70.1867,106.32,152.5895,105.82,61.9467,104.103,210.3454,84.4133,110.2367,45.99,118.4465,271.6393,41.4487,380.7,151.8207,100.1801,49.5155,10.9151,37.227,85.83,59.2663,308.0562,127.2,38.7754,119.4692,143.0051,6348.76,54.822,438.17,103.9516,124.9233,18.3399,156.4018,249.7,2461.11,118.288,42.2721,82.5
2023-08-09,137.85,3158.2759,17.1907,122.9034,148.42,40.9049,35.2408,382.6229,55.53,200.7156,108.6852,93.2072,83.4464,92.505,36.751,17.9,371.9239,70.0892,104.32,153.0461,103.81,61.9827,101.1804,209.1362,83.4907,110.0906,45.75,117.0944,270.373,41.5915,382.33,151.0284,98.7027,49.5573,10.788,37.0114,84.88,59.6092,308.4321,126.3845,38.4398,117.8089,144.0544,6261.61,54.1835,446.65,103.9516,123.33,18.0402,158.0863,242.19,2466.56,117.9448,42.7277,79.87
2023-08-10,138.56,3176.5377,17.2803,120.3587,148.64,40.0739,33.1999,384.7281,56.53,202.926,110.5261,95.336,83.4271,93.2417,36.5448,17.97,372.8338,71.295,103.18,154.2273,103.07,62.4427,101.5727,210.2978,81.4199,110.9185,46.48,115.0338,269.782,41.2296,384.55,150.6968,101.2978,49.8359,10.3049,36.9142,83.18,58.7339,309.5504,127.4181,32.3159,117.9522,143.7415,6119.33,54.7077,447.46,103.3262,117.3886,18.7146,158.1052,245.34,2462.89,118.2338,42.3674,78.21
2023-08-11,138.41,3159.8232,16.7129,119.9298,147.27,39.3878,32.9374,380.6432,54.88,203.0429,110.3975,94.7077,83.127,92.0367,34.6791,17.68,363.0178,70.302,98.7,153.6913,102.48,62.904,100.8372,212.9925,81.2334,110.4412,45.83,114.9032,270.7388,42.382,381.13,147.8592,97.7307,49.8359,10.288,36.931,85.19,59.3475,311.1573,127.2569,32.7354,118.4579,145.4166,6156.73,53.7641,443.85,102.4353,116.5823,19.3047,156.0044,242.65,2483.83,118.3512,42.4151,76.64
2023-08-14,140.57,3187.5165,16.7528,120.193,145.62,39.8999,33.1124,383.9459,54.81,201.4167,110.7835,94.7265,83.4368,93.0483,35.1385,17.8,360.7623,70.2044,99.43,154.1677,101.52,63.01,101.7493,215.0873,82.4799,111.1522,45.66,115.5,270.917,41.9344,385.02,148.5686,97.1087,49.6501,10.3388,37.0016,85.44,59.2122,310.0672,127.8164,33.1362,117.2949,144.6343,6158.7,53.1827,458.56,102.0089,116.208,19.1173,154.8025,239.76,2517.17,116.8792,42.3998,79.3
2023-08-15,137.67,3154.2352,16.5338,123.6639,144.5,39.3878,32.364,380.3053,54.1,200.5987,106.3296,93.8168,83.0109,92.455,35.2229,17.65,356.3286,69.5838,97.3,152.52,100.06,63.424,101.5139,213.1353,82.6761,111.0451,44.18,117.542,270.4386,41.5058,383.18,149.0016,92.8126,49.1393,10.1524,36.9632,85.19,57.7774,312.1253,125.8535,32.987,116.6712,142.4621,6190.99,52.0771,456.2,100.9759,114.8258,18.7052,153.8278,232.96,2510.42,113.9007,42.3255,75.86
2023-08-16,135.07,3149.1006,16.1057,119.6178,144.25,38.5084,31.8975,375.7569,53.51,201.5749,106.0425,92.8228,86.437,92.78,35.1385,17.12,355.5252,69.5483,95.62,152.5597,98.86,63.404,99.2288,211.5261,81.0273,112.2334,43.73,114.3811,267.7183,40.8868,381.16,147.7025,92.1517,49.0927,10.0083,37.3378,84.82,58.3279,312.9616,124.7535,31.999,114.5896,143.9992,6147.94,51.1145,457.46,100.9569,113.0213,19.1361,154.8972,225.6,2489.52,117.2708,42.1025,73.95
2023-08-17,133.98,3067.0162,15.7275,113.5828,142.18,38.1025,31.9947,369.1806,52.7,197.5235,104.548,90.5627,85.4498,91.3467,34.0357,16.78,340.3752,68.9099,96.06,148.6787,97.29,62.1113,97.6106,207.7174,77.3273,110.1198,42.55,109.1408,264.3976,40.9058,376.3,146.3851,92.1322,48.4297,10.0253,36.9708,81.65,57.4616,307.5581,123.1983,32.2507,113.1991,142.0295,6022.0,50.9715,446.67,99.5544,112.0327,19.0143,151.8878,219.22,2457.28,118.5096,41.7441,74.97
2023-08-18,133.22,3014.1624,15.5184,114.3725,142.81,38.3055,32.1891,365.8297,52.1,197.2892,106.1118,91.1816,86.6403,92.8817,34.4222,16.68,338.3229,69.6813,95.88,149.6812,97.61,62.5333,97.287,208.86,77.8279,115.6326,42.54,109.0942,264.2851,40.9439,381.29,145.9981,91.489,48.9153,10.1354,36.984,82.49,57.5338,307.6427,122.4397,32.2413,113.8985,142.5449,6078.96,50.8381,452.93,99.3269,110.7945,18.7427,154.2442,215.49,2458.39,119.5115,41.8051,73.78
2023-08-21,134.68,3007.8255,15.6379,113.0368,141.78,38.5277,32.3349,366.8436,51.29,195.0634,106.963,90.4595,86.7371,93.4083,34.6107,17.01,338.9812,69.9384,96.56,147.8946,97.18,63.0327,97.3556,207.1842,76.5127,116.0612,42.29,108.0033,262.6904,40.9915,384.9,143.0684,91.8009,48.8779,10.1439,37.3226,80.9,57.0736,304.5322,122.1363,31.5143,112.2805,141.6337,6009.22,50.514,447.91,97.4789,110.4297,19.0705,153.5723,231.28,2449.8,116.3964,41.0999,73.32
2023-08-22,134.25,3029.3987,15.5881,114.197,140.71,38.1122,32.0044,366.6891,51.61,199.105,107.4777,90.0938,86.2338,92.5617,32.9329,17.26,340.3655,65.8156,96.13,148.8772,96.67,62.2687,97.4439,214.9445,77.3666,114.7268,42.64,108.6746,262.9437,41.2106,379.42,143.7317,92.6195,48.4764,10.0592,37.4408,79.14,61.0981,304.9269,122.7527,30.9084,114.6149,140.9342,6100.44,50.9334,430.58,96.1522,108.558,17.7592,151.2537,233.19,2450.2,113.8005,40.9817,73.48
2023-08-23,135.52,3053.7116,16.1754,114.9087,142.22,38.4987,32.6167,369.4896,53.1,198.4217,106.4879,89.2591,87.1145,91.7033,34.1677,17.57,345.2445,66.2323,98.08,148.7581,97.6,63.1447,100.4351,216.3251,78.1812,118.7104,43.09,109.2527,264.407,41.8106,377.71,143.9989,93.633,48.5138,10.1354,37.8982,79.22,60.313,306.4398,122.7052,31.1508,114.4042,142.0755,6133.95,51.4481,437.96,93.584,109.1339,18.4523,150.0046,236.86,2475.01,112.2248,40.9035,73.08
2023-08-24,131.84,2982.5862,15.6379,113.7778,123.88,38.3538,31.9558,365.8586,51.83,194.0676,104.8746,88.9309,85.4692,86.9633,32.603,16.93,341.0625,64.8402,96.36,146.1649,96.4,62.3427,97.1399,212.3069,76.9151,115.769,42.4,108.0592,264.8573,41.0868,360.22,143.3356,93.058,47.9816,9.9575,37.4464,78.33,59.5099,303.1508,122.838,30.8432,114.02,140.4003,6070.01,50.8667,422.74,92.5225,107.9725,17.984,144.7713,230.04,2447.54,113.0354,40.3393,71.62
2023-08-25,133.26,2998.4728,15.827,112.0618,123.31,38.5567,32.0239,367.6548,51.85,195.0439,105.8446,89.5405,85.9628,86.92,32.8387,16.87,342.6695,64.4324,97.61,146.0755,96.07,62.0693,97.846,212.4021,75.7374,115.9053,42.17,106.3342,266.9491,41.5154,365.59,143.7133,93.0483,48.3457,10.093,37.5356,78.42,62.8757,303.4045,123.0277,30.75,114.4042,140.8606,6081.14,50.1519,407.15,93.6692,107.3582,17.6749,146.664,238.59,2453.4,110.9314,40.9025,72.31
2023-08-28,133.14,3025.1806,15.6379,112.7248,124.56,39.0206,32.1891,374.9264,51.97,197.7188,107.062,91.0034,87.3758,86.0483,33.7812,16.68,342.9793,65.6737,98.87,147.7646,98.11,62.2953,96.424,212.0689,76.3263,116.8111,43.13,106.3435,266.1049,41.782,365.84,142.9486,94.3249,48.6445,10.0846,37.9854,79.95,63.751,306.2707,123.1991,30.9457,116.5386,141.2471,6139.85,51.2956,410.84,94.4179,109.2203,18.0214,148.1687,238.82,2469.13,112.4252,41.9483,72.24
2023-08-29,134.91,3065.8336,15.9664,114.2945,123.1,39.3684,32.5195,372.9178,52.88,201.2528,108.8238,92.9822,88.0436,87.9783,34.95,16.91,356.3867,68.2095,100.82,148.8674,100.65,63.108,98.5913,215.5824,78.4265,117.8728,43.58,108.6933,266.0204,42.2106,374.73,143.5567,95.5723,49.6155,10.2117,38.0616,81.46,64.0578,309.5316,122.8085,31.011,117.8022,142.6646,6294.16,52.0199,415.11,96.446,111.2168,18.2181,146.6734,257.18,2527.5,114.9118,42.6359,74.4
2023-08-30,135.07,3085.278,15.7972,116.0202,124.49,39.3201,32.4515,380.6626,53.92,200.4718,107.7449,93.0666,89.176,86.4783,35.9208,16.54,357.9743,67.3228,101.64,149.4536,100.69,63.4767,97.032,219.2959,79.5944,118.4864,44.03,111.2108,266.6302,42.6201,376.73,144.7728,96.8587,49.9236,10.1947,38.7714,82.25,64.4548,312.6904,123.9518,31.1508,118.3571,143.3365,6368.96,52.3345,422.9,96.7587,111.5239,18.1526,149.2002,256.9,2563.18,115.6313,42.7049,74.32
2023-08-31,138.01,3060.0879,15.7474,116.0397,122.36,39.4848,32.6561,374.1056,55.26,198.6755,107.2797,91.3786,89.5051,88.1817,34.7521,16.57,353.9182,67.7839,101.45,147.695,101.39,62.6467,97.032,219.4578,80.5366,118.6422,43.98,111.043,265.1495,42.8883,381.26,143.2711,98.798,49.046,10.2795,38.5328,81.68,64.9692,312.3783,123.2658,31.0576,119.4926,141.4956,6377.33,52.2868,415.03,96.3891,111.9463,18.5085,131.0683,258.08,2531.33,115.267,41.8525,73.57
2023-09-01,138.12,3069.8052,15.6578,117.1706,118.74,40.0081,32.6854,377.7172,55.75,200.9306,108.4477,91.9037,89.6599,88.7917,35.9585,16.4,356.4158,66.7377,104.49,150.0299,101.78,63.1633,95.8159,221.3907,81.096,118.8669,44.35,112.5069,264.9515,43.1948,404.19,143.3172,99.0514,49.3634,10.288,38.7722,83.58,65.682,315.0074,123.5136,31.4118,121.1916,142.7382,6509.35,52.3535,416.01,97.3305,113.578,19.1642,123.2799,245.01,2542.39,114.3288,42.2394,74.635
2023-09-05,137.27,3099.1246,15.2995,111.4184,116.27,39.2911,32.432,376.5101,54.07,196.2544,109.091,90.8159,88.6727,87.3533,35.4684,16.66,346.7062,65.5673,103.16,147.6255,97.34,63.0353,97.0516,219.4102,76.444,117.8023,43.22,106.9776,263.2728,42.419,401.81,138.8397,94.9291,48.0469,10.2456,39.0298,82.35,65.5467,309.995,122.5989,30.7686,117.529,140.2163,6181.67,50.1423,415.49,95.3907,112.6278,18.2462,120.3935,256.49,2556.06,114.0282,41.7721,72.82
2023-09-06,135.36,3095.7443,15.3592,112.7346,117.37,39.2426,31.9837,371.2472,53.74,197.6114,107.2995,89.9812,87.8404,87.6367,35.1951,16.59,338.8166,65.3811,102.35,148.2415,96.22,62.986,96.9536,218.6294,77.7395,117.1576,43.47,109.0383,259.7645,42.2562,399.0,137.2274,93.3894,47.4494,10.2286,39.0824,81.56,65.7993,308.3116,120.884,30.3865,117.9729,139.7008,6318.15,49.9708,408.49,95.2576,112.9445,18.3493,119.6743,251.92,2568.89,112.6802,41.3239,72.74
2023-09-07,137.85,3058.5308,15.2298,114.1775,116.56,38.5159,31.7401,375.9887,53.37,195.122,104.6767,89.1841,88.5082,87.285,34.9594,16.49,338.0616,64.4324,100.68,147.4069,94.36,63.054,95.3059,222.4381,79.4767,116.64,43.4,110.1012,262.49,41.2984,398.99,138.0658,92.0543,47.0946,10.1354,39.3368,81.59,63.4803,310.6003,121.1793,29.953,116.2142,139.8675,6405.81,47.4451,416.94,93.1181,111.6199,17.9746,117.0814,251.49,2572.21,113.3633,41.9483,69.09
2023-09-08,138.23,3097.6069,15.2298,114.3725,116.02,38.7872,32.1104,374.0766,54.95,200.5694,108.6753,89.3529,88.5082,87.8733,34.4033,16.3,333.2601,64.9289,100.48,153.1299,94.09,63.8907,95.4727,220.229,79.2215,116.5814,43.74,110.6514,263.3294,41.5953,396.36,137.6788,92.2979,47.1133,10.4236,38.902,81.18,63.1103,310.8745,120.5505,30.0473,116.5386,138.9228,6307.19,46.5778,413.71,92.8709,112.2534,17.889,120.3746,248.5,2619.29,112.662,41.6399,67.13
2023-09-11,143.1,3136.614,15.4089,114.9282,115.95,38.9229,31.7888,381.3482,53.44,199.3101,107.3787,89.7187,88.634,89.5417,34.3656,16.66,337.1322,64.4147,99.77,153.7459,93.42,62.8333,95.7767,220.8194,80.1833,115.6339,42.7,111.6677,263.8386,41.672,397.44,136.4351,92.8924,47.0853,10.3558,38.977,81.14,62.9389,310.553,120.7506,29.9059,116.9313,137.7373,6353.5,46.5778,418.38,92.0341,111.8119,16.8137,119.8447,273.58,2572.96,111.7329,41.6955,64.82
2023-09-12,141.23,3127.4979,15.389,111.7693,114.12,40.0565,32.6172,380.0832,53.82,198.9586,108.5268,90.2532,89.2147,90.12,35.1102,16.65,337.0645,64.5299,102.67,154.7395,91.99,61.618,97.0909,219.4197,76.9151,115.6437,41.99,108.6373,264.7346,41.672,388.12,137.9552,92.8826,46.9732,10.5507,38.6602,81.56,63.4893,308.5764,122.0082,29.6986,116.4191,136.4128,6168.97,46.6921,414.43,91.5682,112.6949,17.2134,117.2422,267.48,2527.08,111.487,41.5844,64.81
2023-09-13,144.85,3070.5444,14.9511,111.0089,112.74,39.1554,32.8023,382.8547,52.35,195.4734,105.7258,90.9003,89.9309,88.9883,33.8189,16.35,337.6163,64.0777,101.29,152.4046,92.18,61.79,95.4727,217.8772,75.5313,114.1005,41.47,108.1338,265.7342,41.8635,388.97,137.0984,92.8534,46.3663,10.7117,38.6608,80.54,62.4245,308.1981,122.9705,28.7847,115.3348,137.515,6098.86,46.5587,414.2,91.4066,109.6235,16.8613,113.561,271.3,2531.04,111.9697,41.3526,64.56
2023-09-14,144.72,3151.2787,15.5583,112.3153,113.34,39.0876,32.8023,386.5549,53.57,199.3589,105.8347,91.116,90.5794,89.485,34.2336,17.28,342.4371,65.124,102.29,155.1468,93.79,62.712,97.846,219.8291,77.1212,115.0577,41.58,109.7469,268.5541,42.4861,388.74,139.8715,95.2215,46.9919,10.6947,38.7224,83.85,61.4771,311.7446,125.4667,29.237,116.5898,139.1173,6201.25,46.635,415.83,92.4145,110.4201,17.2324,111.4695,276.04,2576.1,113.6457,41.3602,66.68
2023-09-15,140.39,3114.4101,15.1203,109.5562,112.35,39.7755,33.0849,376.297,52.87,198.3338,105.8149,90.2438,89.4663,87.1467,34.1959,17.23,338.9135,64.1841,102.46,153.418,93.62,62.014,95.5413,209.498,75.0068,115.4191,41.08,107.0056,262.3957,42.6776,389.93,138.25,94.5686,46.6278,10.6863,38.25,83.24,59.8889,303.9612,121.9415,29.1993,117.8022,137.8484,6076.59,46.4539,413.57,91.5302,109.2875,17.28,109.4728,274.39,2529.68,112.079,40.7684,64.94
2023-09-18,139.98,3112.6165,14.971,110.3557,110.78,39.6302,32.4905,372.2577,50.98,195.9127,104.6569,90.7409,88.9824,87.71,34.0169,17.12,335.5059,63.4387,101.39,152.3748,92.11,61.9567,94.0702,207.308,75.351,114.9307,40.29,109.1315,261.9147,42.0551,382.81,137.3656,94.7342,46.7865,10.4574,38.7672,82.41,59.5641,300.0458,121.5414,28.6151,116.9826,137.1445,6126.91,46.8065,407.89,90.817,110.113,16.4902,107.5612,265.28,2522.1,108.6998,40.1267,63.85
2023-09-19,137.63,3067.6962,15.0207,110.7456,111.39,39.9499,33.0947,370.8242,49.81,193.8236,103.5088,89.3623,88.0727,88.58,33.1591,17.34,336.4837,64.1572,102.57,151.1725,91.75,61.9453,96.424,207.0985,75.8624,113.5926,39.2,109.3646,262.3014,41.7773,384.45,137.9276,92.3076,47.216,10.6439,38.4934,82.04,59.8077,297.5396,120.7792,28.4832,117.1619,137.5798,6182.87,46.349,411.78,89.9708,109.6426,16.9184,108.9239,266.5,2475.12,109.4558,40.2531,65.74
2023-09-20,135.29,3024.4907,14.5828,110.3654,111.3,39.9015,32.354,372.7711,50.17,195.1122,103.2217,89.2404,87.7436,87.28,32.98,17.17,336.5127,63.5375,101.85,151.7587,91.54,63.0553,94.3547,204.6324,75.1838,112.274,38.77,108.656,261.4243,41.8444,391.88,137.6972,91.3039,47.0386,10.4744,38.4096,81.42,60.1506,293.9931,121.046,28.2759,116.4105,138.2467,6132.13,45.6628,411.31,89.4193,110.4489,17.004,109.4538,262.59,2583.36,109.6744,39.7551,64.69
2023-09-21,129.33,2992.3232,14.3837,106.3193,105.5,38.855,31.8765,366.1941,47.51,190.5336,100.9156,87.3085,86.3015,84.1967,32.1129,16.92,335.3026,63.2681,97.9,146.7611,89.28,61.7647,92.5011,200.538,72.6761,110.4964,37.03,105.4857,255.7846,42.0646,383.9,134.0397,88.0587,46.301,10.3388,37.3202,78.9,59.9972,290.1155,118.7975,27.654,113.2516,134.8938,5888.47,43.6899,404.25,87.0896,107.7326,16.7947,103.8704,255.7,2530.76,106.8599,39.1881,64.25
2023-09-22,129.12,3018.2129,13.9855,106.5631,104.5,39.4945,31.7498,369.3906,46.0,189.7429,99.8368,87.8525,86.2919,85.095,31.208,15.66,332.7179,62.1904,97.93,146.6418,86.84,62.4013,89.4805,200.4238,72.7154,109.0606,36.54,105.8307,256.7277,41.308,388.05,132.2063,89.2281,46.1516,10.5337,37.5116,76.66,58.8603,289.1414,119.0928,27.1641,111.7746,135.5514,5962.59,43.6422,398.73,86.386,107.6366,16.6234,102.3374,244.88,2570.27,102.5607,39.2762,63.8
2023-09-25,131.27,3053.071,13.8362,105.4614,104.4,39.9984,32.2176,371.0954,46.12,188.3468,99.6586,86.9709,85.4208,85.2667,31.1703,15.18,335.8254,62.6754,99.08,146.8604,86.78,62.2427,89.2157,202.3376,72.7056,107.1169,36.86,105.4298,254.4266,41.9689,384.33,130.1518,88.3413,46.5811,10.6608,37.1938,77.77,60.1506,289.8602,119.0642,26.8532,112.5174,136.1442,5965.09,43.2133,398.39,86.1483,108.6348,16.3855,102.0724,246.99,2580.3,102.2511,39.5253,64.72
2023-09-26,125.98,3016.2813,13.6968,104.7691,106.35,38.6225,31.438,367.3274,45.82,187.2046,98.3719,86.277,85.0434,83.7117,29.879,15.39,327.4711,61.0948,96.45,146.3934,84.85,60.9707,88.7155,198.567,72.0565,106.9997,36.85,104.3761,252.4838,41.6528,380.66,130.2347,88.3705,45.6941,10.5337,36.9524,78.25,58.8963,286.1245,118.1496,26.514,111.1172,132.4486,5890.56,43.1562,389.72,85.7394,108.8748,16.2523,100.1229,244.12,2553.37,99.7189,38.8893,61.87
2023-09-27,125.98,3038.0417,13.9158,104.3304,105.35,38.5643,31.5257,368.2863,45.98,189.2743,99.2231,85.4986,85.2756,83.595,30.3032,16.29,332.7179,61.4002,95.86,148.4005,83.92,60.9447,90.1866,197.0626,71.9877,106.3844,36.49,104.1523,248.636,41.0782,379.14,130.2992,89.8616,45.554,10.4998,36.1216,79.69,58.6437,285.4436,116.2155,26.3349,111.527,131.8095,5941.0,43.9949,392.44,85.0263,110.6313,16.0905,98.7413,240.5,2540.9,99.9557,38.8855,61.89
2023-09-28,125.98,3059.8908,14.3737,106.1926,106.84,39.4267,32.3151,370.3205,46.78,194.8096,101.5293,85.4142,86.6983,84.6117,31.3023,16.94,341.7208,61.8761,99.14,152.6828,85.42,61.1607,92.3148,197.8434,73.5317,109.2071,36.64,106.4834,250.4751,41.8061,379.0,131.8378,89.043,46.2543,10.6439,36.7746,69.01,59.1761,287.023,118.2163,26.5328,113.6785,132.6894,6061.92,43.4135,398.91,85.226,111.4815,15.7861,99.716,246.38,2559.48,99.7918,38.964,63.75
2023-09-29,127.12,3039.313,13.657,104.7789,106.45,39.1166,32.1299,366.9109,46.35,191.8906,102.0142,85.5924,86.0209,85.6817,31.8584,16.48,344.7217,62.388,98.59,149.2152,85.81,60.5907,90.3631,197.9005,72.8236,110.3206,36.76,104.6465,248.4474,42.2275,385.61,131.9483,90.0565,46.2263,10.5252,36.6366,70.73,59.6814,285.7651,119.0357,27.0887,114.1481,133.7268,5963.3,43.6899,399.45,90.9216,112.1578,16.8137,100.1229,250.22,2539.99,100.7117,38.8932,64.58
2023-10-02,129.46,3048.9811,13.5774,103.5212,104.66,38.6225,31.6426,368.606,46.86,189.1474,101.0047,85.4611,85.8273,86.2583,31.6416,16.44,337.8486,62.0468,97.25,148.2614,84.44,59.908,89.9316,195.9009,72.0073,111.8052,36.79,103.6395,243.0812,41.7103,382.86,131.2021,90.2709,45.8715,10.432,37.3426,69.74,58.003,283.5615,119.15,26.9285,112.7564,134.4677,5960.95,43.5565,402.95,89.9137,112.0128,15.7861,98.2113,251.6,2522.93,97.1777,38.9793,64.65
2023-10-03,124.72,2967.212,12.6815,100.2746,103.64,37.6632,30.5804,352.759,45.09,185.8672,97.7583,83.9137,85.024,84.6867,30.5765,15.85,328.0229,60.7176,94.57,145.8271,81.51,59.3067,85.1065,190.5878,69.5586,109.3048,35.72,100.9168,240.0068,40.7142,368.34,128.8251,87.932,45.3206,10.2286,36.7438,68.99,56.839,276.0996,117.1778,26.3349,109.3585,130.1979,5856.63,42.632,394.235,90.4177,108.5251,15.6053,99.9242,246.53,2472.04,97.6058,38.9851,62.29
2023-10-04,127.0,3002.3755,13.0299,101.7565,104.77,38.0023,30.2491,359.3652,44.34,190.1919,99.1538,85.4798,85.2079,85.1467,30.8027,16.46,327.7325,61.5708,96.46,150.0299,81.72,59.8133,87.6368,190.045,71.1616,109.3829,35.16,101.6068,241.2516,41.126,370.1,130.0873,85.9634,45.526,10.1608,37.1598,68.19,56.2073,276.5252,117.6923,26.2313,109.9219,132.4578,5939.54,42.1459,395.91,91.1784,109.8487,15.7861,101.2869,261.16,2497.6,97.1139,39.4601,63.74
2023-10-05,125.96,2975.0666,13.239,101.191,106.41,37.4597,29.5377,351.8388,43.68,190.1431,98.8767,86.6239,85.0046,82.7583,30.5011,16.44,323.1149,60.7356,94.06,148.8674,81.57,60.0533,87.0581,190.245,70.6797,109.1192,34.79,101.2991,237.8754,40.81,360.36,130.0044,87.2108,45.9182,10.0846,37.2316,66.1,54.0598,275.8727,116.0822,25.9863,107.3777,132.1614,5951.68,42.0315,388.82,91.0833,108.3899,15.767,100.6718,260.05,2521.68,95.775,39.2992,62.86
2023-10-06,127.96,3005.3025,13.1991,101.6883,105.35,38.6419,30.1127,330.8484,44.6,191.3244,99.4508,87.0741,85.7112,82.5133,30.2561,16.65,325.3801,61.7504,96.97,150.4174,81.5,60.1433,89.1274,189.9974,71.0042,109.7639,36.48,101.8399,234.0936,41.1931,367.22,127.3448,90.0565,46.2449,10.1693,36.4454,66.21,53.0221,276.9319,113.8146,26.5611,106.0886,133.4304,6049.21,43.3944,389.64,92.3384,109.8101,15.4625,98.6544,260.53,2549.04,95.6475,39.1651,62.72
2023-10-09,128.26,2966.1574,12.6318,103.4529,104.71,38.2446,30.2004,339.1593,44.72,189.8112,98.6491,86.9147,85.8563,83.255,29.257,16.65,330.627,63.0885,96.84,148.7184,81.67,60.978,86.5285,191.14,71.909,110.4378,37.18,103.7514,235.6968,41.5187,372.64,127.475,90.6997,46.9545,10.2286,36.6602,67.68,53.004,279.3341,113.2906,26.5611,107.429,135.8663,6164.97,43.5755,388.46,92.1197,110.3511,14.8916,97.0652,259.67,2564.93,96.3306,39.056,63.38
2023-10-10,129.48,3016.1039,12.8408,104.5156,108.12,38.5256,30.6779,344.4481,45.76,193.7455,100.4504,87.3836,85.7983,84.7583,29.6434,16.61,339.3491,63.2052,98.12,152.0866,83.03,61.2087,87.6073,193.0539,72.7056,110.4671,37.39,105.4298,237.2058,41.6815,373.03,128.5258,91.5962,47.8042,10.3388,36.6424,70.04,53.7439,282.9846,114.6816,26.0523,109.1877,136.7462,6112.83,44.1474,393.02,92.8234,108.4285,15.2246,100.2626,263.62,2577.58,99.8555,39.2724,63.71
2023-10-11,131.83,3027.4867,12.5919,105.9488,107.03,38.7291,30.1906,342.9467,47.01,193.56,102.5487,86.2301,86.379,84.845,29.3229,15.66,340.1429,63.7171,98.92,152.7026,84.37,61.094,87.4798,193.5681,74.3381,111.0238,38.01,106.908,236.6399,41.2314,373.36,127.8842,92.3174,47.5428,10.3812,36.4696,69.1,52.5528,281.8781,112.7857,26.4103,109.4182,135.9404,6178.66,44.338,391.3,93.8028,108.0324,15.3769,98.6448,262.99,2571.86,99.2726,39.1345,64.84
2023-10-12,132.33,3004.8689,12.5422,99.7871,107.47,38.0314,29.5474,339.1884,43.98,193.1011,101.5688,85.733,86.0596,82.8967,28.9836,15.49,335.0703,63.2052,97.0,152.0171,79.55,61.296,87.1562,187.4837,70.719,110.5648,37.16,101.4723,232.1791,40.8291,373.94,124.8433,91.1674,47.0572,10.1693,35.8736,68.35,50.2067,277.121,110.7563,25.8073,105.4653,136.4128,5896.22,43.7947,382.73,94.3733,106.0905,14.5586,96.9034,258.87,2561.65,100.9212,37.6864,64.76
2023-10-13,129.79,2907.3807,12.2037,101.0643,107.94,37.4985,28.9042,335.9338,42.38,188.3468,98.1443,85.7893,85.7499,82.0717,28.4652,14.86,333.2504,62.406,94.96,149.0165,81.17,61.764,84.4494,186.3887,71.6828,109.4318,36.44,102.2582,234.1785,40.0246,377.69,124.6108,87.9807,46.7118,10.0083,35.6296,68.23,50.5225,276.0807,111.3566,25.9957,105.2604,136.1905,5932.1,42.6891,379.43,95.0008,105.8586,14.7013,105.782,251.12,2552.7,101.996,38.4507,63.17
2023-10-16,132.55,2923.5334,12.3033,101.9028,110.1,38.2349,29.2941,340.651,43.61,192.3592,98.6491,87.8243,86.7951,83.54,29.5774,14.96,337.7131,63.5465,96.63,152.8119,82.83,63.02,85.028,188.7691,71.673,113.6805,36.95,102.5201,235.7157,40.6759,416.64,129.0838,88.0197,47.2907,10.11,36.209,68.27,51.2715,281.1972,112.8524,26.693,108.0607,138.6449,5916.22,43.261,387.26,97.0262,108.0421,15.4054,108.0754,253.92,2602.75,101.4586,39.395,66.47
2023-10-17,131.47,2935.2908,12.4426,102.3025,115.37,38.2446,29.5572,339.4984,43.87,192.818,100.5098,88.3213,87.6952,86.485,30.7273,15.14,340.9657,63.789,96.58,153.8353,82.85,63.0707,84.8319,188.6739,72.2434,115.253,36.84,102.5669,236.8474,40.7621,412.94,130.9436,88.0002,47.6735,10.2032,36.5902,68.47,52.7062,279.8826,113.7956,27.3808,111.7661,139.1266,5840.0,43.1943,383.66,97.9485,112.1384,17.5559,111.6535,254.85,2650.7,102.5243,39.7283,70.06
2023-10-18,128.13,2808.9858,11.6363,99.8748,113.75,37.3047,28.7288,334.2968,42.52,189.7819,97.8969,87.9181,87.5404,85.3267,30.1807,14.32,325.9803,63.0436,92.01,151.3017,81.13,62.0333,81.2327,184.2082,70.6109,114.5107,35.63,99.9005,241.4591,40.1204,405.61,130.8599,84.5114,47.0759,9.9575,36.8146,64.86,52.3453,274.4919,115.2723,26.9474,111.2453,137.7558,5746.59,42.508,372.5,98.6712,112.3703,17.7748,110.4069,242.68,2629.4,100.3838,39.7206,67.9
2023-10-19,128.4,2744.8871,11.3377,98.7049,113.11,36.9268,28.5827,333.5122,41.91,187.7416,94.6801,88.5464,86.9403,84.8133,28.9459,13.96,314.8091,62.415,90.25,149.3443,79.13,59.8927,80.4971,181.3516,68.9685,113.5535,35.99,97.8703,243.6754,39.4021,396.19,132.292,85.9732,45.5727,9.771,36.9526,63.42,51.091,271.2102,114.8627,26.7778,110.2635,120.5189,5563.55,43.728,372.86,97.9866,113.0852,17.6606,109.9215,220.11,2494.66,98.6988,38.7188,65.42
2023-10-20,125.17,2716.7405,10.9794,98.1394,110.53,37.4113,28.9042,336.7862,41.34,183.5047,92.6907,88.3307,86.2338,82.9317,29.3135,13.58,311.8759,61.6785,92.0,146.622,79.71,60.4707,78.4965,181.3897,68.4965,112.9675,35.25,97.1032,243.4207,39.0381,395.82,130.8134,85.369,45.3019,9.8642,36.625,62.84,50.5857,270.8697,114.2815,26.4951,110.1354,119.1389,5488.1,43.1943,371.85,97.6252,111.8679,17.1468,109.6456,211.99,2488.55,99.1269,37.4029,64.9
2023-10-23,126.56,2778.7301,11.3278,99.5629,108.97,37.0431,28.4755,337.377,41.36,184.1587,94.2545,88.3401,85.4886,82.4083,27.862,13.92,311.7404,61.2475,89.65,146.9101,79.31,58.578,79.7126,179.3711,69.4012,111.7466,36.64,98.5159,240.252,38.4731,402.46,131.8457,87.5519,44.6764,9.7286,36.3932,61.88,48.9073,269.6024,113.1477,26.2878,108.9401,118.7962,5505.69,44.2713,373.08,97.7583,112.1288,16.6329,111.0254,212.08,2432.82,97.8426,37.9584,64.15
2023-10-24,128.56,2794.331,11.3974,99.2119,108.03,37.2078,27.8323,342.5011,41.66,185.6231,96.2934,88.734,86.5822,82.6833,27.1833,13.95,311.5274,61.0589,90.79,148.6886,78.65,58.1333,80.8894,178.375,70.4633,113.114,36.66,98.1697,242.6286,39.2584,403.37,132.1339,89.0917,44.1348,9.6524,37.1018,62.0,49.6202,267.9379,114.2434,26.3067,108.4706,119.2871,5385.52,45.4055,379.11,100.0119,112.7278,17.0516,110.9017,216.52,2416.54,98.9902,37.968,64.59
2023-10-25,121.39,2772.2059,11.2183,98.1394,108.3,36.9462,28.2708,338.9366,38.54,183.9537,94.987,88.1525,86.0886,82.0667,26.5047,13.72,308.8749,60.6997,89.37,149.7815,78.21,58.328,80.6344,178.2314,69.8438,112.8503,34.63,96.4295,243.3453,37.6398,396.7,132.2362,86.6749,43.8081,9.7795,36.8374,60.53,49.4036,265.687,114.6245,26.2501,107.2411,118.9536,5377.29,44.9861,377.98,98.4525,110.2835,17.0801,113.6899,212.42,2436.12,100.5205,37.9393,62.96
2023-10-26,119.57,2702.9924,11.3178,99.1046,108.82,37.0722,27.8225,335.0911,38.76,182.0208,94.0665,86.9053,85.1014,80.7633,27.0419,13.54,305.7481,59.3705,89.39,147.5162,78.52,61.4427,81.2817,176.9288,71.1419,111.6294,34.84,97.2341,241.2705,36.7395,388.62,132.2269,85.3105,41.2124,9.6185,36.1294,60.39,43.6466,262.916,113.1382,26.382,90.2683,119.4167,5426.82,45.3006,379.96,95.1054,109.4333,16.966,115.0888,205.76,2450.73,100.985,36.1617,62.37
2023-10-27,127.74,2706.4122,11.0789,99.1534,108.24,35.5412,26.5264,329.9185,39.14,180.8639,92.1266,86.2957,84.3852,96.0617,26.6649,13.36,299.6107,57.8438,86.01,148.2117,76.56,61.6373,81.2131,175.8657,70.7289,110.1643,34.23,97.1032,241.2045,36.3852,386.82,132.5059,85.0571,40.6616,8.4405,37.7518,60.51,41.3637,261.4596,113.7956,26.0052,87.1692,117.7403,5382.22,44.8336,379.87,93.1657,106.1001,16.081,113.5472,207.3,2446.17,97.6695,35.974,62.46
2023-10-30,132.71,2747.893,11.3477,99.5726,109.85,35.5703,26.6629,328.0878,40.09,183.6218,93.9774,87.3554,85.4305,97.4267,27.5038,13.52,306.5226,57.9157,86.39,150.3081,79.47,62.0093,84.2042,179.7925,71.0337,112.0298,34.83,97.7861,245.3446,37.0077,391.75,133.3057,85.8368,40.5122,8.2795,38.186,60.67,40.6418,266.2072,114.2053,26.4386,87.5363,118.1108,5401.76,45.577,379.24,96.798,108.2643,16.2904,114.1277,197.36,2469.7,98.9811,36.6214,61.31
2023-10-31,133.09,2749.184,11.4074,101.7858,111.09,35.7544,27.4815,328.359,39.89,184.0806,94.3139,86.502,85.2369,99.51,27.9468,13.6,305.6804,60.0082,87.2,150.5565,80.38,62.0293,83.096,182.5222,72.3712,113.2703,34.92,99.807,247.2497,37.5728,393.48,135.3329,85.5444,41.007,8.3914,38.844,61.09,41.3843,269.243,115.1485,25.9675,89.2694,119.3519,5412.62,45.2339,381.31,97.7203,108.7184,14.0162,113.2807,200.84,2477.13,100.9121,36.8838,62.3
2023-11-01,137.0,2726.1917,11.2481,106.5631,111.49,35.9579,27.2865,333.3378,39.47,184.3149,92.3146,85.6674,85.2272,98.9967,28.0034,13.1,309.0782,59.2448,86.08,150.1591,81.41,63.044,83.6256,183.2118,75.9509,113.2801,34.97,104.0545,247.0611,37.0747,395.29,135.4538,84.7258,40.2601,8.5291,39.7328,61.49,42.1909,271.0778,115.5677,25.0535,89.2524,119.2778,5560.55,44.5381,375.46,95.9232,107.6749,12.4652,110.7304,205.66,2490.72,99.7736,36.5008,60.66
2023-11-02,138.07,2797.5339,11.8454,111.1746,114.01,31.2584,28.0662,337.4545,40.63,181.2886,93.8685,93.7887,87.0274,100.165,28.9082,13.07,315.8062,59.5861,77.2,151.6395,83.03,63.206,86.6168,186.1138,78.8422,115.5656,36.25,108.3955,251.6633,37.3429,403.5,136.5883,87.4642,40.5682,8.7271,40.7074,63.64,42.6308,278.5491,118.3973,25.7508,91.8563,121.0469,5698.91,46.4062,380.32,99.9168,108.7087,14.0923,111.7486,218.51,2546.02,101.1672,37.3819,61.63
2023-11-03,138.6,2817.3726,12.4924,115.8837,116.35,32.3243,29.0114,350.5893,44.4,186.7556,111.5555,96.2645,88.0727,99.5167,30.7179,13.81,325.9029,60.3404,77.5,155.8026,84.99,63.5227,90.5789,186.7076,81.9892,118.4274,38.16,112.1004,252.6253,38.8274,407.93,140.15,90.3976,41.9594,9.0885,40.8106,66.97,43.025,279.5705,120.3695,26.3255,95.1604,124.1312,5890.63,46.5492,385.88,101.7995,111.2689,14.7489,113.4711,219.96,2574.54,102.7885,38.171,65.25
2023-11-06,139.74,2928.4217,12.2037,114.7722,114.99,31.8107,28.3683,356.7014,43.9,186.6189,110.447,97.5586,87.9275,102.1483,29.6905,13.11,319.4654,60.1339,74.45,155.3157,82.68,63.74,88.6959,186.0276,80.5042,119.2967,38.28,111.0713,253.6061,38.655,407.95,138.8295,92.7169,41.6699,8.8734,41.381,66.05,42.0075,278.5869,120.4171,25.8732,95.0238,123.8163,5920.37,47.0755,385.98,101.9802,109.385,15.1771,113.7851,219.27,2605.82,101.1489,38.1653,63.08
2023-11-07,142.71,2968.3059,12.5024,118.1358,116.33,31.6169,27.6861,360.0432,43.64,189.8795,116.8408,97.2304,87.8501,104.8567,29.7282,13.39,324.6423,58.8856,75.72,157.0346,82.21,64.974,91.1673,186.3628,80.6714,120.2929,38.27,112.6524,253.3798,39.0477,413.69,138.132,90.8069,42.0061,8.7529,41.2956,64.33,41.6501,278.7761,119.5501,25.8827,94.742,125.539,6002.44,46.2238,395.58,103.9865,109.0372,15.2151,115.1174,222.18,2650.45,101.4222,38.1528,64.84
2023-11-08,142.08,2976.6237,12.7313,118.7598,114.77,31.3553,26.8578,360.1788,44.08,188.0051,115.3661,97.8118,87.8306,104.5367,29.7848,13.44,325.8564,57.4218,73.96,155.9019,82.37,64.9133,93.5799,186.4586,80.3371,119.9315,38.65,113.0921,252.2669,38.2624,409.64,137.323,90.534,41.2311,8.6496,41.68,64.08,40.3668,279.8637,119.674,25.8732,95.758,124.5387,5901.82,46.0611,392.78,104.015,112.5249,14.844,113.6804,222.11,2652.85,100.0559,38.2132,63.99
2023-11-09,140.6,2966.6896,12.2535,117.6581,113.61,31.0259,25.9709,358.0962,42.12,189.7722,112.5057,96.3974,88.4523,104.925,29.0025,12.76,319.5819,56.4698,72.81,157.2433,79.52,65.2093,90.8143,182.4456,79.57,119.5213,38.21,111.9226,251.7199,38.2432,406.58,137.7786,88.3413,41.4645,8.3484,41.9022,62.51,39.6519,272.2505,118.8165,26.6459,92.1466,125.0759,5836.52,45.8314,388.85,101.7425,112.6408,14.4158,112.2911,209.98,2678.96,97.2688,37.3665,62.02
2023-11-10,143.56,3029.7337,12.7014,119.6275,114.08,31.365,26.1658,366.6396,43.3,192.9059,117.4643,98.3776,88.5883,105.4567,29.257,13.18,321.0486,57.5834,75.93,160.7605,80.66,65.748,93.0797,186.382,81.0058,120.4589,38.74,114.3271,252.5499,38.1666,413.67,139.5827,83.3127,41.8567,8.4861,42.4116,63.37,39.5144,275.7686,119.9979,26.4951,93.7346,126.1133,6035.29,45.6974,389.71,100.8962,111.7037,14.178,112.234,214.65,2702.34,98.6715,38.0293,63.24
2023-11-13,142.59,3074.0627,12.7213,119.257,112.26,31.5104,26.2146,362.8038,42.05,193.0133,117.2664,97.6044,88.53,104.7367,28.0222,13.1,318.9117,57.332,75.43,161.6249,79.61,66.3947,95.9238,185.6541,80.6813,119.5115,37.94,114.3738,253.8796,37.0939,416.98,140.6521,82.3869,41.8193,8.4517,43.0086,63.59,39.3036,272.4396,119.3882,26.8626,91.5661,125.4001,6030.44,45.5634,390.5,99.08,111.4525,13.4643,111.7106,223.71,2707.12,97.7333,37.5619,63.21
2023-11-14,145.8,3127.5669,13.8262,125.6723,116.71,32.4793,27.4815,370.4173,45.5,197.5528,121.3739,99.5751,89.8511,105.0283,29.7,14.03,339.2796,59.7028,79.41,165.9569,86.73,65.5307,100.8274,193.6994,86.395,121.8947,40.26,119.9966,256.0393,38.6359,430.33,143.9441,84.9012,43.3225,8.9508,43.3204,68.23,41.3568,287.1554,121.5033,28.747,96.5008,128.0583,6290.72,47.3435,397.93,100.5539,116.3604,14.8155,115.46,237.41,2684.53,101.9573,39.598,68.38
2023-11-15,143.2,3075.6494,14.5031,124.6973,118.72,33.0704,27.423,369.4681,46.51,196.3911,128.995,99.9806,86.869,105.3883,30.6331,14.68,340.5228,61.8582,80.29,164.5063,86.33,64.889,100.1311,196.1991,85.5985,121.084,40.63,118.6775,255.0019,38.9041,432.19,144.9019,85.2325,42.9184,9.0111,43.1162,67.93,42.9241,291.4679,120.6363,29.0956,98.1486,127.6971,6292.17,47.1617,415.33,102.5222,119.7225,16.9089,117.0396,242.84,2686.42,120.0592,39.7455,71.74
2023-11-16,142.83,3083.5632,14.742,124.4341,113.7,32.77,26.7798,362.9879,45.64,198.8415,128.4902,101.0933,85.8393,102.5767,28.5466,14.63,337.3953,59.9453,79.15,166.2466,85.49,64.7993,101.6904,193.7377,85.5296,117.353,40.21,118.8927,260.4058,38.4826,420.28,144.7717,83.8682,42.3358,8.7443,43.462,64.15,41.3659,289.8129,121.7891,28.3607,97.3423,127.3266,6290.59,47.0085,405.55,102.3225,116.6116,16.357,112.1103,233.59,2658.23,119.5806,38.8951,70.15
2023-11-17,145.18,3089.8705,14.7221,124.8533,115.0,33.3514,27.3158,360.7406,45.91,200.8818,134.983,99.5468,86.2959,103.4183,27.8448,14.93,340.1635,61.2654,81.18,167.3605,84.3,64.57,103.5047,195.0977,86.8376,125.8211,39.8,119.2762,260.0568,38.4443,422.44,144.9391,84.9042,42.7869,8.8389,43.2444,63.97,41.3843,290.5979,121.6271,28.6339,97.5244,127.271,6298.0,46.9703,409.27,100.7536,117.626,16.376,115.2506,234.3,2627.05,119.5346,38.8089,72.53
2023-11-20,146.13,3112.2321,14.5031,125.4787,115.6,33.4483,27.7933,356.9436,46.27,202.0435,133.5182,98.3493,86.9758,104.9133,27.5603,14.62,339.0562,61.1667,81.46,168.2356,85.26,65.2407,103.7695,195.8064,86.7982,126.4169,40.31,120.0341,263.1502,37.7835,428.58,143.2373,85.1974,42.7117,8.8992,43.7338,65.04,40.9443,291.4679,122.0654,28.9826,96.562,127.2155,6307.12,47.1617,405.61,101.0959,118.4183,16.2904,115.8882,235.6,2649.25,119.3138,38.4449,72.07
2023-11-21,143.9,3099.5287,14.1348,123.8663,116.07,32.9638,27.1891,357.7282,45.55,202.7776,134.0824,97.7741,86.5193,105.6933,28.1388,14.33,342.2809,60.7266,80.83,168.9218,84.0,65.5727,102.8084,189.6959,85.8443,127.6769,39.86,118.612,264.5082,38.6838,430.37,143.9906,84.8944,42.7963,8.7701,43.9528,64.22,41.3201,288.7726,122.1797,28.6151,94.1692,127.3266,6244.22,47.3148,404.92,101.3146,117.6744,15.729,117.3251,241.2,2676.09,120.3721,37.8205,70.59
2023-11-22,146.71,3084.6965,14.4036,124.1301,115.57,33.5355,27.384,357.9025,46.19,205.4788,135.4878,97.5384,87.3741,105.4167,28.0819,14.39,346.03,61.0948,81.63,170.1052,83.62,66.0973,102.9359,190.0981,86.4835,127.9309,40.35,119.2201,265.8851,39.881,428.63,145.5064,85.5493,42.9842,8.8303,44.3786,63.86,41.8151,292.4231,122.8466,28.6339,94.4206,127.6045,6222.89,47.1617,409.49,102.6173,118.5149,15.8717,118.9238,234.21,2671.77,120.096,38.0101,71.48
2023-11-24,146.74,3070.4951,14.3439,124.5797,117.32,33.2739,27.462,358.7065,46.06,204.4805,135.0226,96.916,87.3935,106.1783,28.4802,14.37,344.5634,62.4239,83.11,168.882,84.02,65.8107,102.4358,190.6632,86.6409,128.0383,40.22,119.4072,266.4604,39.7277,431.76,145.0786,86.3116,43.0782,8.9508,44.3934,64.16,42.3009,293.8417,122.437,28.813,94.6547,127.2618,6195.06,46.8171,414.72,102.351,120.3215,15.7861,119.4092,235.45,2688.0,120.9794,38.1603,71.82
2023-11-27,147.73,3085.4849,14.5529,123.3972,116.35,33.1479,27.7738,374.9312,45.98,203.0908,134.508,96.52,86.5484,109.4367,28.7647,14.38,341.5038,62.2892,81.81,167.8378,84.28,65.542,104.3776,191.3816,86.454,128.0383,40.05,118.6681,265.8003,39.6032,435.67,145.7574,85.0899,42.4016,8.8992,44.1838,63.9,41.5767,294.0498,122.2359,29.1333,93.9698,125.0944,6146.9,46.4726,414.75,102.6553,121.4906,15.7765,119.5995,236.08,2613.15,120.8598,38.0814,73.95
2023-11-28,147.03,3096.4341,14.5628,123.0943,116.04,32.6343,28.1539,376.0936,45.23,200.3015,134.0329,95.4073,86.5873,108.6133,29.6562,14.48,340.2509,63.78,81.95,166.4455,85.83,65.162,103.6518,191.6018,86.1393,127.2667,39.73,117.9384,266.036,39.3925,427.73,144.5392,83.0179,42.2606,8.925,44.1334,63.68,41.8976,296.3385,120.9915,29.2275,93.9178,124.4461,6128.66,45.6113,417.96,103.4065,122.3408,16.0905,121.3314,246.72,2602.18,121.1727,38.4934,75.27
2023-11-29,146.32,3081.0402,14.8416,124.3647,121.12,33.0994,30.7948,376.6651,45.03,198.1679,134.3595,94.1532,85.5771,109.165,30.396,14.83,335.4042,63.5645,82.27,165.7395,87.8,64.9293,103.8676,191.4773,86.5524,126.1923,39.43,118.6681,264.4233,38.9232,438.35,144.8182,81.7766,41.7156,9.1144,43.7822,63.16,42.5575,296.1195,120.1586,29.84,95.0448,123.983,6107.11,43.391,420.01,104.9469,125.0652,16.2999,122.6447,244.14,2596.51,120.8506,38.5454,77.2
2023-11-30,146.09,3080.4588,14.9909,124.7654,123.59,32.7495,30.8828,380.5687,44.72,198.3832,134.7851,93.6346,85.5868,110.6617,30.9366,15.27,337.3467,63.7082,82.84,166.5947,88.31,65.492,105.3877,190.4334,86.9556,127.3448,39.44,119.6785,267.3929,39.5207,446.8,145.5064,82.5097,41.8471,8.8303,44.045,63.94,42.5392,298.4712,120.1873,29.84,94.412,123.8617,6155.39,44.1375,425.99,104.8518,124.9976,15.9193,124.7763,240.08,2609.93,123.1421,39.0884,75.81
2023-12-01,147.03,3113.8287,15.6877,127.8828,126.15,33.0022,31.6255,384.7241,46.75,204.8231,137.883,93.5403,86.4902,114.1767,32.141,16.42,347.3704,65.9353,84.01,169.8964,91.93,65.368,108.5946,195.3084,89.5125,129.0639,40.84,123.1027,271.3017,40.2145,466.61,148.7053,83.2231,42.7493,9.1058,44.6766,67.39,44.4182,304.3075,121.8913,30.8105,98.556,125.6528,6320.35,44.7883,472.03,108.2673,129.1036,17.2134,128.1736,238.83,2641.75,124.0348,40.4477,82.04
2023-12-04,144.84,3089.1117,16.275,127.5212,128.22,33.3619,32.3194,387.2813,46.24,205.146,138.3878,92.0316,86.0336,115.635,34.9957,17.5,343.4853,67.0759,82.83,170.6223,91.89,65.548,112.0075,198.7851,89.5125,129.8962,40.35,123.0372,271.463,40.1085,460.76,149.7189,81.9916,42.956,9.209,44.384,68.28,44.9406,308.4967,120.2831,31.112,97.0389,128.0968,6388.05,43.6686,486.76,109.8606,124.7947,17.8794,128.3068,235.58,2664.11,123.0501,40.8213,82.99
2023-12-05,146.88,3102.4458,16.4243,127.7557,127.76,32.0593,31.9383,381.6923,43.41,198.393,136.9823,90.0891,85.4799,115.0667,33.4308,17.59,343.4464,66.4562,80.85,166.5052,91.68,65.198,112.086,197.2239,89.4142,129.4947,39.13,123.4021,271.852,39.9736,456.93,148.8262,80.3497,41.9505,9.123,44.525,65.31,43.9691,308.0016,119.0673,30.5466,93.7097,125.0278,6359.08,42.9412,481.42,110.1087,124.7271,17.1943,126.9365,238.72,2671.13,122.2862,39.8932,81.66
2023-12-06,144.52,3104.407,17.3998,130.5702,126.03,31.8163,32.163,380.2296,43.41,200.4189,137.5762,91.4846,86.0239,114.6217,35.081,18.18,352.1006,67.4351,80.88,167.1317,93.4,65.68,115.8912,199.8865,90.9287,129.6808,39.37,126.6486,272.1556,39.964,460.67,149.9607,80.5354,42.5895,9.2004,44.201,65.93,43.8545,310.4866,119.4789,30.6314,94.6894,127.3319,6364.66,42.9029,494.51,110.7765,125.0942,17.3275,127.4408,239.37,2710.62,122.7464,40.3303,79.54
2023-12-07,146.88,3191.3994,17.8477,133.2381,126.74,32.1176,32.7494,389.393,42.95,203.5997,142.1786,90.9377,86.3445,115.7367,35.1,18.77,353.2952,66.9591,80.85,169.4886,92.58,63.5807,117.1857,199.5034,92.8956,128.9268,39.81,128.6133,272.0892,39.9736,464.67,149.8026,80.6624,42.4768,9.3123,44.525,66.88,44.6473,310.5437,118.962,31.5649,96.1719,125.261,6444.8,42.9221,489.85,109.5363,126.727,17.318,125.8992,242.64,2632.7,124.4121,40.2513,78.97
2023-12-08,147.42,3227.5978,18.0269,135.3099,124.41,31.9815,32.984,382.5156,44.19,204.9405,144.0096,91.098,86.5776,115.8967,35.6311,18.68,343.9515,66.4472,79.83,170.3837,92.3,63.0587,118.1468,199.0533,94.7149,129.338,41.42,130.5873,270.8938,39.7905,489.64,147.8126,82.2849,42.6647,9.4758,44.859,67.22,44.6382,310.8293,119.029,31.9363,96.5707,124.0483,6535.89,44.3959,482.16,110.5857,127.297,17.3467,121.065,243.84,2620.49,124.4121,40.8328,80.08
2023-12-11,145.89,3298.2699,17.5491,135.7399,126.67,32.3412,32.8178,385.0147,43.97,211.8697,146.8205,92.5219,88.1706,116.31,36.7882,18.42,345.6561,67.4202,80.61,176.0323,91.96,64.368,118.088,197.6262,94.4592,132.4814,43.54,130.6435,274.3282,40.2435,502.74,149.9049,84.0539,42.9842,9.5275,45.9096,67.02,44.8123,315.4565,121.2212,32.2125,95.2009,126.4923,6529.1,45.5634,482.64,113.1617,129.7026,17.4328,119.7232,239.74,2633.5,125.8569,41.603,84.69
2023-12-12,147.48,3353.2524,17.7382,136.6194,126.95,32.0204,32.6615,384.3657,43.44,212.2514,143.396,92.5502,88.5592,117.6267,36.7882,18.45,341.6884,66.5745,80.44,177.5936,91.08,64.8527,117.9801,199.8865,94.4002,132.6381,43.37,131.4761,276.4818,39.6171,503.65,149.7933,84.2787,42.7211,9.6049,46.4078,65.96,44.3357,317.2369,122.5997,31.9649,95.2356,126.5203,6538.24,45.774,493.03,114.1444,130.7557,16.9833,118.0293,237.01,2661.25,124.8446,41.4547,85.82
2023-12-13,148.84,3374.658,18.1861,140.89,130.48,32.5356,33.2185,390.1679,46.82,213.4259,143.4158,92.5125,89.2585,119.8783,38.0874,19.22,354.5579,65.8107,81.58,177.1063,97.58,65.5607,118.1468,206.3515,96.3376,134.9099,43.75,135.8078,280.7606,40.4362,504.5,151.0766,86.0282,43.238,9.6738,46.8,71.05,45.7014,326.9482,125.3375,32.8888,99.4837,128.3673,6684.86,46.5396,493.12,115.6041,133.7024,17.9874,124.034,239.29,2719.78,127.3478,42.4483,83.97
2023-12-14,147.42,3390.5053,18.6938,149.6461,129.84,34.8298,35.4272,391.392,48.63,215.4028,145.326,92.2579,87.3741,116.3067,39.5575,20.35,384.9203,70.4757,88.85,175.7837,105.75,63.408,119.0491,216.0154,103.143,131.7959,44.66,144.8361,275.1536,41.1011,489.3,151.6625,87.7679,43.83,10.3967,45.514,75.0,47.0122,334.9553,125.5098,34.7747,106.3067,130.4755,6934.4,46.5205,494.63,115.461,137.0452,19.4983,124.6811,251.05,2636.69,129.8877,43.1491,83.26
2023-12-15,149.97,3428.7634,18.5246,146.6948,130.81,33.8868,34.919,388.6717,47.95,216.4305,144.4946,91.23,86.733,117.135,39.1117,20.36,381.1323,70.312,87.2,176.2511,105.43,63.438,120.1573,216.0633,100.7926,131.1594,43.1,139.6624,272.5446,40.2338,491.46,151.1045,86.7514,43.7924,10.3451,45.4294,74.74,46.1781,337.0404,123.1453,34.3651,103.2116,129.0949,6880.73,45.8123,490.63,115.9667,136.2723,19.0393,123.6915,253.5,2628.05,127.3386,41.8398,80.68
2023-12-18,154.07,3420.2977,18.2757,145.2192,130.4,33.7605,34.6356,391.5766,47.27,217.3896,146.9492,91.0509,87.2478,117.7867,39.3109,20.32,378.6166,70.312,87.3,177.5041,103.07,64.0087,118.7647,214.5979,100.5068,132.2366,43.54,137.7912,275.3528,40.9759,501.63,155.4566,87.2597,44.2717,10.2676,45.9406,75.39,47.6354,334.0032,124.8972,34.1461,102.1973,130.233,6840.0,45.6783,488.48,115.5755,138.7263,17.5571,119.9801,252.08,2637.36,126.7404,41.5414,84.46
2023-12-19,153.79,3464.4099,18.6241,146.8219,133.6,34.3729,35.0559,394.9868,49.16,216.6752,149.968,92.1447,88.666,119.155,40.2972,20.69,380.2873,70.4212,88.84,178.7472,104.48,64.284,121.4911,215.9005,101.4331,133.0494,45.02,139.073,275.8272,42.0841,506.86,153.8664,89.6445,44.8731,10.3451,46.5406,76.64,47.0946,335.2029,124.677,35.1461,103.8965,129.6173,6936.65,47.1425,489.43,117.0066,141.4508,17.9205,123.7295,257.22,2649.32,128.4521,41.6165,87.03
2023-12-20,152.12,3418.9968,17.9871,145.9912,134.41,33.9354,34.6649,391.7807,46.36,212.1046,146.9393,89.3064,87.4809,116.7983,39.9368,19.87,379.4131,68.757,86.64,176.6887,102.15,63.35,118.4803,212.6345,100.5856,131.8155,43.49,137.3328,274.1764,41.4192,505.15,150.7791,86.5462,44.5912,10.1558,46.2774,74.68,45.8297,331.9563,123.5283,34.8318,101.1396,127.6583,6847.14,45.506,477.57,115.8522,140.6199,17.1555,122.6732,247.14,2607.34,125.9857,40.3919,83.59
2023-12-21,153.84,3468.6082,19.1019,146.9098,134.33,34.9075,35.4272,397.1728,47.67,217.1156,152.9372,89.8911,88.7631,117.355,41.4637,20.95,384.2695,68.948,89.07,180.5174,102.95,63.8367,124.6686,214.1094,100.9305,133.0592,44.49,138.3806,276.4534,42.1419,511.03,150.8442,88.6671,44.5724,10.6205,46.142,78.55,46.8197,332.2514,124.4281,35.7652,102.5961,129.1695,6939.98,46.6927,477.47,116.9016,142.9096,18.3699,123.7961,254.5,2612.67,128.2588,40.7616,85.24
2023-12-22,153.42,3484.5244,18.8431,146.5287,136.56,34.8298,35.2025,398.1832,46.82,217.879,153.7191,89.8439,89.2197,115.615,40.8662,20.95,384.7357,69.239,89.02,180.5074,103.11,63.4707,125.7376,213.5827,100.9305,133.5879,44.38,137.9222,276.7475,42.2286,510.0,150.5001,88.3739,44.9201,10.6291,46.087,76.52,46.7647,331.8896,124.4473,35.289,103.281,129.6453,6980.17,46.8171,471.36,103.0772,140.5426,17.777,125.8136,252.54,2608.69,129.0227,40.8039,84.95
2023-12-26,153.41,3515.0265,18.5246,147.2812,140.01,34.995,35.31,399.6406,47.55,218.6913,151.5714,90.2117,90.1328,114.6633,40.3162,20.35,389.3785,70.8213,89.44,180.2091,102.64,62.804,126.4927,213.4103,101.6695,134.1559,44.66,138.652,277.848,41.901,506.32,152.4994,88.9408,45.0329,10.7152,46.3904,76.18,47.113,332.5751,124.6962,35.8224,105.5784,129.3095,7008.2,46.932,477.38,103.0581,141.0063,17.9014,126.6224,256.61,2569.36,129.7865,40.5748,82.59
2023-12-27,153.34,3483.4798,18.4549,148.2975,141.84,34.8395,35.2611,402.0792,47.16,219.6602,151.6802,89.8533,90.1133,114.6267,40.5059,20.38,392.1466,70.8849,89.63,180.5174,103.62,62.8367,127.4146,213.4773,102.4086,134.5574,44.79,139.6811,279.4514,41.8046,508.81,152.0903,88.5791,45.1739,10.6635,46.1488,78.0,46.7463,331.8325,125.2514,35.6224,106.2026,129.4494,7024.82,46.4535,483.26,102.209,140.6972,18.0161,127.9357,261.44,2573.32,131.0289,40.9426,82.39
2023-12-28,153.38,3499.0807,18.5843,148.5223,142.29,34.9853,35.3784,399.5143,47.82,219.3079,151.7099,90.4568,90.5699,112.5867,40.9042,20.47,390.8354,71.3487,90.47,180.7362,104.87,62.7473,127.4636,213.4869,101.975,135.331,45.05,139.5688,280.6753,41.8914,509.22,152.7598,89.6836,45.0047,10.6205,45.5676,77.84,47.1771,330.7185,124.945,35.3176,106.6708,129.0949,6981.71,46.9798,486.84,103.8214,141.4935,18.2265,128.992,253.18,2567.65,131.1761,41.5703,81.92
2023-12-29,151.94,3495.8777,18.4549,148.5223,142.05,34.8492,35.1047,400.5053,46.88,220.7074,150.2352,90.5323,91.1236,111.405,40.9326,20.04,387.2611,71.185,89.72,181.0842,103.5,63.3387,126.9929,213.1517,101.709,135.517,44.68,139.4378,281.3109,42.0359,511.29,152.7877,89.0483,44.9107,10.4914,45.7392,76.74,46.8013,329.9473,125.0791,35.0604,105.5697,129.1975,7000.45,47.0947,489.99,103.5829,140.0368,17.9779,129.3726,248.48,2585.61,131.0657,41.4028,81.05
2024-01-02,149.93,3430.1825,17.2106,146.47,142.54,34.9367,35.2318,401.3894,47.78,217.1156,147.2362,88.3258,90.6087,112.33,42.4406,18.32,377.0043,70.2575,90.17,179.0754,105.28,62.9987,117.8232,209.4164,100.0634,134.8218,45.48,137.9596,281.8137,42.2768,505.38,150.9093,92.4593,44.4314,10.4656,44.895,76.2,45.7381,328.5478,123.5187,36.3558,106.5494,128.8151,6969.0,49.1235,486.61,101.6557,141.814,17.8344,133.6359,248.42,2568.5,131.6915,41.6983,81.08
2024-01-03,148.47,3359.9244,16.275,144.584,136.72,33.08,34.4695,389.07,45.0,214.3752,143.5048,87.9109,89.074,113.0567,41.3404,17.32,363.0469,68.5933,84.49,177.9317,100.93,62.914,115.1851,203.3058,98.9992,131.9722,44.25,136.2756,279.2996,41.9685,498.02,149.161,91.9022,43.8206,10.0783,44.673,72.53,44.0974,322.0545,123.5857,35.0985,102.1886,127.0054,6948.94,48.4919,473.82,99.261,138.4733,16.7443,124.9286,238.45,2567.59,127.6146,40.9445,79.13
2024-01-04,144.57,3370.4399,16.7727,144.3299,136.18,33.3522,34.6845,389.857,44.91,215.3343,143.3366,88.2126,90.1231,112.0367,41.1982,17.65,362.1631,68.4751,83.59,177.7627,100.71,62.3867,116.7052,202.3001,98.8416,132.4618,44.35,135.7236,276.7854,40.9855,496.0,149.7189,92.0781,43.7454,10.0525,44.4094,71.83,44.3265,322.3687,123.1932,35.1461,102.44,127.0147,6912.71,48.09,468.92,97.6009,138.5219,16.1992,128.2402,237.93,2557.41,129.0687,41.4047,76.29
2024-01-05,145.24,3358.8107,17.2505,145.2485,136.29,34.0132,35.1731,388.6523,44.91,217.6832,144.8212,87.6846,89.0837,108.715,42.4026,17.8,366.8835,68.9571,83.48,179.503,103.88,61.6933,120.2848,203.5357,99.9944,131.7078,44.83,136.8463,274.1764,41.2361,491.1,150.7233,93.4855,44.2811,10.1988,44.256,73.0,44.3449,326.5103,122.8582,35.5557,104.8588,127.4438,6937.75,48.6259,471.12,97.391,138.7938,16.1609,129.1918,237.49,2550.93,129.5288,42.1498,75.64
2024-01-08,149.1,3412.719,17.2704,148.8154,137.57,34.1104,35.867,391.2366,46.25,223.3695,148.1468,88.8161,90.1619,114.1233,43.2941,17.76,370.487,68.6934,84.56,181.1936,105.75,61.8627,121.7264,207.9701,102.2115,132.9906,45.91,139.6904,276.9372,41.2842,491.48,152.4622,94.8538,44.7698,10.3021,44.7278,73.01,45.7014,331.2612,123.1453,36.2796,105.7171,129.1602,7066.93,49.5542,482.96,98.8603,141.1051,16.5721,128.2838,240.45,2553.93,130.4307,43.0394,77.76
2024-01-09,151.37,3438.727,17.3002,148.3073,138.04,33.0217,35.7107,398.4747,45.76,221.6568,151.1656,87.7789,90.4145,116.1533,42.6777,17.38,370.5744,68.3478,82.26,180.6467,105.47,61.86,121.187,207.8456,101.7976,133.0787,44.61,138.6145,275.96,40.6097,485.71,151.4873,93.1044,44.0368,10.1902,44.64,72.53,45.9168,329.6046,122.7433,35.6795,104.7981,127.9848,7034.76,47.8603,485.06,98.0207,138.9783,16.4096,130.6446,234.96,2521.28,132.308,42.5176,76.81
2024-01-10,153.73,3470.185,17.6984,151.0045,137.62,32.9439,35.4859,402.3512,45.36,221.9406,150.2946,88.1655,91.4441,115.985,41.8526,17.59,378.6555,68.9025,82.92,181.5119,106.34,62.4367,121.2165,210.9105,103.6698,133.1375,43.49,143.4702,279.015,41.0144,484.1,150.9624,91.5112,44.1871,10.1816,44.9,72.58,46.5172,339.7063,123.6814,35.7081,104.5901,128.4233,7147.31,47.1712,480.91,99.0034,139.6095,16.5435,128.1309,233.94,2537.16,132.6025,42.3655,74.72
2024-01-11,155.18,3500.8645,17.4495,151.454,135.22,33.1189,35.0461,400.0875,45.14,222.1461,149.6512,87.6374,92.5223,117.2833,40.8757,17.51,373.8282,67.884,83.6,181.1439,104.46,62.974,121.0399,210.8626,104.2709,133.9307,43.41,145.201,279.0719,40.3495,485.48,149.9781,91.7751,44.22,10.0783,45.5314,71.88,45.3714,339.4492,123.49,35.8795,104.3473,129.1322,7242.24,47.6115,482.83,101.0355,138.415,16.2183,127.9398,227.22,2546.65,130.6976,42.6658,73.04
2024-01-12,154.62,3451.7064,16.8822,150.4181,135.76,31.8746,34.4597,399.6017,44.4,220.6976,147.0878,86.7322,92.3086,117.78,40.0317,16.75,370.8561,67.1656,80.88,181.1539,101.85,63.5373,118.8725,209.6654,103.3742,133.7446,42.37,141.9732,278.4267,39.7134,479.94,147.2971,91.9804,44.2059,9.8631,45.438,69.59,44.5557,338.6685,123.6144,34.6128,98.9722,129.4774,7208.9,47.4775,482.08,100.2341,134.0352,15.5011,128.6853,218.89,2569.1,129.6761,43.0471,70.34
2024-01-16,153.16,3452.9876,16.9518,149.5093,135.96,32.1857,34.5868,413.8253,44.75,221.5197,147.1274,87.4111,93.1246,120.2967,40.9137,17.25,370.6521,65.3469,80.79,181.3826,101.5,66.0167,120.4319,211.1212,102.5958,134.2342,42.27,140.8038,276.1687,39.222,470.73,147.3346,92.4202,44.563,9.8631,45.7994,69.62,43.1808,341.2582,124.2654,34.7366,97.6457,130.4102,7160.73,46.932,476.01,97.0475,133.6468,14.7552,131.7246,219.91,2669.56,129.8233,43.1819,67.86
2024-01-17,151.71,3439.3873,16.7826,148.5027,135.4,31.7969,34.2154,410.386,44.19,222.8508,145.7912,86.5342,91.687,120.7483,40.6007,17.08,366.2328,64.6922,78.86,182.5063,99.76,66.144,120.0592,208.8417,102.2312,132.785,41.63,139.9618,276.2352,39.193,468.4,147.8408,89.0971,44.2153,9.6996,46.2088,67.84,43.2999,338.659,123.5666,34.1365,97.1689,128.7125,7104.6,46.1568,472.76,96.1889,132.8893,14.5831,131.0938,215.55,2669.21,127.6791,43.8096,68.32
2024-01-18,153.5,3477.7342,17.2007,149.0598,132.51,31.8357,33.7951,413.8156,46.53,227.7247,147.4342,88.0146,92.0366,122.785,40.3541,17.51,375.8873,64.5103,79.01,184.6842,100.26,67.702,122.8641,209.0141,102.7042,134.6161,42.86,140.6354,279.2711,39.3087,477.45,149.9125,91.9706,44.4314,9.4586,46.4564,68.56,43.6849,340.7536,124.8876,34.127,97.4377,130.0837,7184.96,47.3913,475.5,96.3034,134.0158,14.65,129.9756,211.88,2722.98,126.4459,44.3333,69.22
2024-01-19,155.34,3564.1648,17.2505,151.7667,130.48,31.9524,34.704,414.6317,46.76,228.6936,147.0482,88.5049,92.7652,124.875,40.2403,17.76,375.7319,64.5648,79.0,186.345,99.93,68.54,124.5509,210.7189,104.5172,134.7728,43.0,142.0294,285.1249,39.6363,484.02,149.275,92.0977,44.5254,9.6394,46.692,69.15,44.2349,345.0475,126.649,34.8985,97.6371,132.5464,7207.99,46.7501,472.57,97.1048,134.1032,15.023,126.3723,212.19,2746.44,127.1269,44.4892,70.66
2024-01-22,154.78,3455.274,16.5636,154.1121,131.02,32.2926,34.5183,415.8364,45.81,232.3246,144.168,87.76,92.4058,127.95,39.8704,17.48,388.3101,66.8292,80.0,187.4091,100.95,69.0627,124.2959,210.5753,107.6408,135.3604,42.56,145.2665,283.1135,39.5689,481.89,151.478,89.9865,45.3806,9.6394,46.5,70.16,44.3449,339.6015,125.462,35.67,99.0502,133.927,7416.01,45.8697,476.9,95.9408,136.0455,15.7689,128.8573,208.8,2770.99,129.1699,44.7665,70.82
2024-01-23,156.02,3440.0969,16.1754,139.8736,131.4,32.5162,34.4304,413.6019,45.75,232.0506,146.9789,86.7228,92.3378,125.6917,39.3014,17.41,379.4422,66.4472,81.64,186.345,97.96,68.3547,122.7856,206.4458,102.0834,135.9969,43.05,138.5273,284.6695,39.9062,477.0,151.5436,91.003,45.0329,9.7857,46.4364,69.22,44.2807,333.9747,126.1225,35.87,96.7181,133.4139,6938.4,46.9128,479.9,97.2193,135.5114,15.9888,128.0927,209.14,2768.31,129.6484,43.9771,70.22
2024-01-24,156.87,3446.1382,16.0062,136.0428,130.16,32.3412,33.9124,409.7739,44.09,232.8042,147.0482,86.7888,92.2309,125.1033,39.0169,17.51,369.9625,66.6837,83.08,186.534,97.57,67.8967,123.07,202.6724,100.8615,135.85,42.86,136.209,285.0395,40.0989,474.84,151.5436,92.1563,44.6006,9.493,46.696,67.45,44.1065,330.6328,123.9112,35.7557,95.6777,132.1546,6857.43,47.5062,478.77,96.1316,135.0161,16.0749,124.8908,207.83,2751.62,128.1024,43.5207,68.32
2024-01-25,157.75,3452.5441,16.3944,138.3491,132.23,32.8467,34.362,406.1889,44.9,237.3552,150.74,87.3263,92.7749,126.835,39.51,17.75,367.6897,68.3933,84.52,190.7108,99.57,68.2693,125.2472,204.1452,103.591,137.8868,43.62,139.9634,281.975,40.6289,474.3,151.9748,94.2283,44.6476,9.7598,46.2354,69.08,45.9031,334.1556,124.6579,36.4415,99.0675,132.9475,7019.11,47.9943,493.22,96.1412,137.7547,16.3044,127.0031,182.63,2748.61,130.8448,43.5785,69.56
2024-01-26,159.12,3468.6575,15.7573,137.3035,132.73,33.1869,34.3815,407.1993,44.49,236.4548,150.3738,87.5054,93.62,127.965,40.2498,17.22,366.5533,68.0386,86.04,191.566,100.97,68.1673,121.0792,204.0489,103.5811,138.8171,43.65,139.2688,277.2788,41.1397,478.03,150.9155,94.5411,44.7792,9.8029,46.525,70.11,46.8472,338.2781,123.5761,37.1178,100.5327,133.0501,7035.81,47.8794,493.59,98.0302,139.9397,16.5913,127.5479,183.25,2780.24,131.1669,43.8269,69.53
2024-01-29,161.26,3502.4413,16.474,137.0103,133.79,33.3133,34.5868,421.112,45.43,236.9735,152.4028,88.4484,93.6491,129.1267,41.0844,17.76,372.4198,66.6928,87.44,192.103,103.44,68.6673,124.9334,203.9142,104.5074,139.9726,43.85,140.3858,277.3262,41.0722,481.99,153.3809,94.8636,44.8167,9.9406,48.0906,72.95,47.1221,338.659,124.9738,37.7654,102.1192,133.1527,7106.33,48.2335,507.99,99.1083,141.2507,16.7634,127.7773,190.93,2794.44,130.2374,43.5804,70.82
2024-01-30,159.0,3503.6929,16.3944,140.0007,131.3,33.4591,37.2841,422.375,44.27,238.0109,150.1659,88.7124,94.0474,128.9233,41.3973,17.66,368.7484,66.6746,86.72,193.1075,103.67,69.408,123.9232,206.4939,104.0048,139.5515,43.66,141.7937,279.5463,40.4266,481.4,153.5403,92.8405,44.6664,10.1385,48.3856,72.75,46.453,339.9919,125.0408,37.5845,95.3743,133.6285,7120.67,47.3818,508.74,99.3945,142.2316,16.467,126.0856,191.59,2838.66,129.3171,43.8596,69.72
2024-01-31,155.2,3456.703,16.5039,139.6586,130.62,32.9536,37.9194,414.0974,43.87,234.6246,146.8106,87.7223,92.1921,125.6217,40.4584,17.8,360.5896,65.9198,81.33,189.9052,104.25,68.2033,125.0412,204.8768,103.0293,137.3678,43.37,140.6486,277.7152,39.5785,453.82,152.406,92.2931,43.8582,10.0869,48.1754,71.18,45.4957,336.0502,123.959,36.9463,94.9495,130.8113,7075.29,46.8171,502.05,96.8663,139.5221,15.7402,126.2289,187.29,2762.13,127.992,43.2454,66.56
2024-02-01,159.28,3506.9452,16.7229,143.9781,135.63,33.5174,37.9878,421.1994,44.0,238.4807,149.968,88.0429,94.2805,128.8083,41.2646,17.79,366.2522,68.4205,83.5,192.65,110.02,69.45,124.5117,211.9903,105.1676,140.1391,44.71,144.478,282.8004,40.1856,461.94,156.765,95.0884,44.8637,10.4139,48.8404,72.84,46.4251,342.8196,124.878,38.1179,96.5794,133.0874,7211.31,48.6642,503.52,97.0857,142.1345,16.094,130.0042,188.86,2798.15,132.9062,45.2286,72.62
2024-02-02,171.81,3509.8426,16.3645,143.5481,138.71,33.1383,38.0269,410.0557,43.41,239.8998,149.5028,87.6846,94.7176,147.01,41.2077,17.74,363.1149,68.8298,83.5,193.9329,108.93,69.8207,121.0595,211.2779,104.4187,140.6972,44.88,144.5531,281.8232,40.4169,462.4,156.0994,94.7757,44.4502,10.4484,49.6456,72.79,46.5367,340.1157,123.2506,38.1083,95.7471,132.8169,7319.98,48.3101,505.33,96.0839,143.5037,15.941,130.138,187.91,2821.89,133.8909,44.8512,75.7
2024-02-05,170.31,3572.5319,15.7573,142.2163,137.16,32.5454,36.9323,406.1597,42.75,239.0287,150.156,87.232,93.8822,141.9017,40.5817,17.14,356.1508,67.4839,82.23,192.6003,106.35,70.3747,118.8725,209.8533,102.8224,139.7865,44.51,143.1359,271.3112,39.8291,456.73,154.2152,95.2839,43.5387,9.975,49.417,70.99,45.6723,338.1258,120.934,38.4512,93.8051,130.7274,7166.9,49.1076,502.38,95.1012,143.1736,15.8071,128.2743,181.06,2803.98,130.9828,44.47,74.82
2024-02-06,169.15,3592.1833,15.8967,140.0619,137.765,33.1189,37.1668,409.5893,43.38,239.5475,152.1256,90.2117,94.3193,137.5583,40.9137,17.44,362.843,68.0568,84.19,193.545,106.81,70.124,118.2449,209.9592,101.0685,139.2088,44.69,141.6716,270.0589,41.1108,456.54,155.537,97.7957,44.2811,10.3881,49.7548,71.83,45.7652,339.1826,121.8339,39.0513,94.6981,131.8281,7332.82,50.126,502.0,97.8967,143.0862,16.2088,128.3699,185.1,2811.86,132.9154,45.0149,74.85
2024-02-07,170.53,3655.2373,15.6478,141.6385,139.83,32.8856,37.8412,409.9488,43.07,242.6597,152.7987,89.8722,95.0284,138.8883,41.8146,17.39,369.9139,68.6388,82.02,194.9472,108.96,71.1347,117.1269,213.3956,101.502,140.2762,44.72,143.3142,272.6015,40.8024,457.75,155.6495,97.5709,44.704,11.0164,53.3398,72.3,46.3787,345.3141,124.1026,38.4322,94.542,133.1901,7420.71,50.6833,514.04,99.0225,142.8919,14.6405,129.3065,187.58,2842.54,135.0321,44.9494,73.26
2024-02-08,169.84,3784.6368,15.618,141.5798,140.9,30.6012,37.7728,414.4471,44.25,244.2648,157.8365,91.6272,95.5433,138.7367,42.0802,17.5,376.2176,68.6479,81.29,193.4754,109.61,68.0553,118.6372,212.1443,101.7484,143.0278,46.43,143.8773,276.9657,40.494,472.98,157.6556,103.7088,44.6758,11.0422,52.4096,73.3,47.1036,346.2947,124.8302,40.9467,95.5303,132.7516,7486.69,51.5096,519.12,99.0034,166.8885,14.6787,129.6506,189.56,2731.66,135.6486,44.6375,74.49
2024-02-09,174.45,3703.7843,15.2397,141.9029,139.5,30.9123,37.6848,412.9995,44.5,241.7593,129.767,92.3007,95.9221,140.87,42.4121,16.42,375.5474,68.7479,82.02,191.0986,110.01,68.388,114.7143,213.9443,101.5907,142.8418,46.74,143.6239,274.6318,40.8891,470.24,157.1681,103.2104,45.0517,10.9131,52.767,74.79,47.02,345.7521,124.7057,40.0037,94.5507,133.5632,7447.99,51.5192,522.63,99.6998,169.9573,14.6309,129.2301,193.57,2680.0,134.848,45.2633,78.09
2024-02-12,172.34,3735.3704,15.4189,145.203,142.83,31.4177,38.3885,415.1369,44.71,243.5406,132.2315,90.5647,95.2713,140.7783,42.4311,16.64,381.6179,69.0389,83.78,192.5008,117.24,68.426,114.7633,221.26,104.1329,142.3913,47.02,148.2137,274.6033,41.9106,466.08,155.0027,103.3277,46.2076,11.1713,52.1646,76.95,47.6706,347.9419,125.7492,41.3753,97.2036,135.3915,7617.24,52.3263,525.06,102.2567,172.6667,16.6773,130.1189,188.13,2703.88,137.4892,45.4808,78.85
2024-02-13,168.64,3693.3673,15.0506,139.4156,139.81,30.1832,37.4405,409.5116,42.45,229.9366,133.4588,89.0469,95.1547,139.445,41.037,16.29,365.0866,66.2926,79.09,189.0599,115.28,69.284,114.322,216.9957,100.5068,141.9311,45.66,142.3662,272.3928,39.6363,456.23,152.1341,101.8421,45.1926,10.9131,51.9828,72.54,47.0293,340.4584,125.6056,40.6609,92.7127,132.8449,7349.02,51.7498,531.06,100.1769,170.2875,15.7211,125.9422,184.02,2726.15,134.4615,44.9244,74.39
2024-02-14,170.98,3684.2019,15.1999,142.4807,139.88,30.2707,37.4991,412.4068,42.73,230.377,133.439,89.2366,94.7064,141.35,41.6155,16.55,371.7885,67.8386,79.14,191.6356,116.69,69.9533,114.3809,218.4396,102.3002,141.4904,42.8,144.4217,273.3984,40.6482,460.71,151.0655,102.8292,45.9069,10.8099,52.4038,72.76,48.9718,341.0678,128.286,42.1468,94.3339,134.3654,7501.73,52.3455,526.59,101.4458,172.5696,16.4478,126.162,188.71,2726.87,133.4676,45.3422,76.19
2024-02-15,169.8,3696.3731,15.1501,142.3632,142.15,30.6109,38.105,412.64,43.16,235.3684,137.111,88.4303,95.4569,145.1283,43.1519,16.51,377.9562,67.884,79.41,195.0765,116.45,69.86,115.5381,219.7872,102.9505,141.3925,43.1,144.7315,276.8993,41.0722,458.98,152.2185,103.3374,46.2076,11.0662,52.36,74.33,47.4475,343.7812,129.6166,43.2993,95.1922,134.0576,7534.72,52.8163,529.88,101.1786,175.9297,16.3044,129.0676,200.45,2724.88,134.6639,45.76,77.76
2024-02-16,169.51,3663.0426,14.7321,138.3385,143.37,29.7555,37.8216,409.8516,42.51,236.4841,133.8646,88.4303,95.5543,143.83,43.057,16.26,376.1787,67.0656,78.96,196.4787,115.42,70.07,113.8513,218.3626,99.9649,141.0889,42.54,140.9959,277.0511,41.8721,449.6,152.2935,102.9945,47.0252,10.8717,51.9686,71.88,47.1966,344.9904,128.8029,43.7279,93.7704,133.33,7390.65,53.0854,532.09,98.7553,175.6287,15.9219,135.2419,199.95,2727.83,137.6825,45.5348,76.57
2024-02-20,167.08,3647.2939,14.6923,140.4928,146.29,29.318,38.1246,405.2853,41.65,237.7662,134.597,88.658,94.8916,143.4467,44.9159,16.18,373.7214,66.6291,77.76,196.0014,114.07,69.042,112.9196,217.0727,101.5316,141.4512,42.36,141.7186,277.6488,42.007,444.6,154.9652,101.1331,46.856,10.8275,51.604,70.66,46.6482,345.1998,128.8703,44.528,94.8454,134.5893,7420.02,50.9812,541.29,98.555,178.0565,15.4916,136.1881,193.76,2696.15,138.9618,45.5213,75.87
2024-02-21,168.59,3686.9811,14.6425,141.002,145.43,29.425,38.5937,408.7926,42.24,238.6784,133.2609,90.1378,95.681,143.61,44.0244,16.1,377.927,67.4021,77.63,197.9406,113.74,69.318,112.6842,219.2674,102.1031,141.8136,42.3,142.6478,278.8442,42.2094,443.46,156.0244,100.3004,47.2883,10.7303,51.3896,70.62,46.5553,346.6851,130.1017,44.728,95.3743,134.7572,7397.52,51.3943,538.79,100.4345,178.7654,15.2716,135.4521,194.77,2729.69,137.942,45.321,77.13
2024-02-22,174.58,3845.5128,15.1402,142.1184,144.76,29.6583,38.4471,415.8364,41.47,244.524,137.6752,90.8588,96.5972,147.3433,44.4721,16.34,368.1948,68.3933,77.8,201.4836,113.93,70.3207,120.1965,221.8856,103.1476,143.8504,42.43,144.1308,280.7512,42.6719,455.26,157.9274,100.3396,48.7355,10.7126,52.5474,72.89,46.6203,353.5497,132.1221,45.5281,96.6401,136.3057,7533.29,51.548,544.06,100.2532,181.7274,15.2047,135.2132,197.41,2758.77,139.379,46.1547,70.62
2024-02-23,174.99,3455.2149,15.1601,143.0682,145.88,29.5611,38.7305,421.316,41.65,246.6523,134.9039,90.707,96.8603,146.7467,45.0055,16.17,376.4798,69.3663,77.23,203.5636,114.94,70.5347,119.559,223.8589,104.1921,144.9569,42.58,145.5574,282.4874,42.4117,457.89,158.9023,102.0442,49.0362,10.7303,52.9344,73.33,46.0906,354.14,133.0745,46.2424,95.8511,137.9475,7584.75,52.6049,549.78,100.7779,182.9996,15.2812,134.1905,191.97,2756.34,140.4359,47.0175,73.98
2024-02-26,174.73,3449.0948,14.7122,142.8332,145.77,29.3278,38.8869,445.945,40.83,244.4357,133.5677,89.4358,96.7142,144.9117,44.2911,15.93,375.3046,69.5209,77.52,202.0409,113.88,70.8047,117.2642,222.6653,104.6453,144.7709,41.75,144.6658,281.8896,42.2865,468.25,158.9305,101.1429,49.2806,10.5624,53.209,73.96,45.2355,353.7972,132.8244,45.3566,93.0682,138.4512,7569.56,51.8171,556.32,99.738,181.5914,14.8222,132.6517,199.4,2770.46,139.2029,46.9478,71.96
2024-02-27,173.54,3427.7778,15.837,142.4219,148.9,29.8235,39.268,433.5771,41.96,244.2493,134.8445,89.2935,97.9714,145.2333,45.1579,19.09,379.8307,71.8943,78.83,202.6182,115.05,72.1167,120.8732,226.5831,105.2957,146.5139,42.0,144.4217,278.7019,42.7779,467.84,158.9211,100.6041,49.741,10.6066,52.9048,76.66,46.7319,357.5675,131.8431,45.2709,93.4756,140.4568,7543.11,51.3078,561.41,100.32,177.3282,15.3672,137.918,199.73,2954.99,140.9087,48.5901,72.08
2024-02-28,173.16,3445.0344,15.399,142.9507,146.14,29.9207,39.7078,433.6742,41.44,244.2101,134.1417,88.2216,98.5367,147.07,46.0342,18.7,381.8025,72.4581,78.77,202.9864,116.11,72.864,119.7356,229.8655,104.872,147.3267,42.19,144.356,280.0586,46.1508,464.14,159.7835,100.7706,49.5907,10.8717,53.4344,76.71,46.862,359.5193,133.3439,45.4519,93.3109,141.5576,7584.99,51.5192,559.16,99.5567,178.3964,15.4629,136.9336,202.04,3011.62,140.3988,48.8609,71.0
2024-02-29,176.76,3418.6223,15.7872,146.3389,146.68,30.3695,40.1685,435.5979,43.47,245.0732,135.4185,90.024,96.6264,149.265,43.5291,19.39,386.688,73.5494,79.49,203.3447,118.62,72.4947,120.9713,231.6655,106.7934,145.8676,43.28,148.7768,278.8754,45.563,467.09,160.0272,103.0631,49.1396,10.9955,53.7754,79.0,46.7412,362.3756,133.1707,45.2709,94.6417,140.1584,7625.57,52.384,548.56,99.156,180.5523,15.6254,138.8834,201.88,3006.02,141.7709,49.1936,71.69
2024-03-01,178.22,3449.0751,15.9266,149.7957,148.44,30.389,40.1783,434.5098,42.96,245.2007,135.4383,88.3734,96.0124,150.5483,43.51,19.29,391.8261,70.8576,79.05,203.902,121.41,72.3633,121.8637,235.5351,109.582,146.5237,42.96,151.5644,277.3965,46.305,458.5,160.5709,99.1542,48.8483,11.0043,53.7756,79.3,46.704,366.0316,132.2087,44.9756,94.1305,140.1115,7687.1,49.2709,549.98,97.5475,179.6492,15.5298,142.6587,202.64,3035.99,143.9681,48.826,69.81
2024-03-04,177.58,3411.2999,15.9962,149.3061,146.42,30.0768,40.1195,437.1913,41.57,242.6702,134.1318,87.7094,95.4569,154.43,43.4815,19.42,390.5926,70.5121,78.49,201.4438,120.83,71.8653,122.8837,233.042,109.4046,146.8469,42.01,150.6728,277.5969,47.1338,450.79,163.1582,97.7042,48.9517,11.2606,54.406,79.58,46.8155,362.1471,133.2958,45.0328,93.9014,140.8251,7651.83,48.7136,546.54,95.307,173.0358,15.0421,141.8749,188.14,3079.94,139.5181,48.9885,67.71
2024-03-05,174.12,3380.6007,15.8171,147.9841,149.08,30.5549,39.845,436.8027,41.08,243.1214,132.6571,86.5331,94.9208,151.1433,42.9576,19.66,397.2556,69.0753,79.43,202.8371,118.91,71.978,123.6682,231.8099,108.8331,146.0733,41.99,149.7623,279.1235,48.2709,446.06,163.4957,97.7434,48.6979,11.1192,54.2266,80.12,47.1501,360.3191,133.4401,45.509,90.8874,140.797,7595.1,48.9154,549.46,94.1293,175.114,15.1282,148.0014,180.74,3102.86,156.2892,47.944,68.55
2024-03-06,173.51,3378.4128,15.9365,148.7283,149.14,31.1597,39.3549,434.5195,40.99,242.3564,131.1428,86.941,93.9559,151.9983,42.6528,20.03,394.8371,71.1214,78.13,202.6381,119.97,72.11,124.5509,232.0987,109.8086,145.0451,42.03,151.1515,279.4956,48.7046,448.54,164.8831,97.1262,48.4066,10.9424,53.8028,80.58,47.7171,361.5067,134.2579,44.7566,93.6634,140.6937,7709.27,48.5983,548.3,93.4782,174.0458,15.1282,149.1006,176.54,3104.2,160.8876,48.4856,68.61
2024-03-07,176.82,3436.1939,15.5881,152.0773,150.02,31.4914,38.5708,434.6458,41.69,242.17,132.0633,86.2769,93.3321,152.145,41.7098,19.63,402.2577,72.3126,78.77,203.9617,121.56,72.6287,121.952,232.6762,112.1341,142.9887,42.91,154.3239,277.7591,48.9359,457.28,162.352,99.0562,48.3784,10.9689,53.8044,80.66,47.7356,360.6543,135.0564,45.0349,95.3026,141.6233,7682.3,49.4727,548.32,94.0144,174.5216,15.3864,151.901,178.65,3124.01,159.0334,48.1819,68.4
2024-03-08,175.35,3444.039,16.2949,150.393,147.91,31.2573,38.7178,432.3529,42.13,245.4753,134.3892,86.3813,93.4783,152.0333,42.6337,19.99,403.1416,71.4578,78.19,204.7281,121.66,72.28,125.0118,232.8976,111.0305,142.7145,42.47,154.108,279.1331,48.8003,460.39,160.8334,98.39,48.322,10.7657,53.7224,81.77,48.0981,357.5894,134.2675,45.1788,96.3514,141.7548,7654.99,49.4919,540.22,94.9431,170.9479,15.4825,150.3526,175.34,3079.49,157.3461,48.4527,72.31
2024-03-11,171.96,3460.8753,16.1555,149.5411,149.0,31.3451,38.7472,431.2745,42.63,243.7001,135.5274,87.3394,94.0241,150.2767,43.1957,19.8,390.6509,69.4754,78.51,203.2153,120.34,72.4087,125.3355,231.9447,109.2273,142.8418,42.64,154.0423,281.299,49.9435,457.76,161.0584,101.1331,48.6227,10.7038,53.2518,81.13,48.8603,355.8366,134.7678,44.8333,95.7609,143.1539,7625.0,50.5488,548.56,96.7815,173.2397,15.3864,152.2833,177.77,3060.28,155.8164,48.1432,72.92
2024-03-12,175.39,3458.1681,16.1655,151.4114,149.69,31.745,38.4336,439.7076,42.24,245.8775,135.2206,87.6524,94.7551,152.5083,43.4243,19.56,393.4482,70.3302,78.71,206.0418,119.65,72.9733,127.2381,234.1586,110.5181,143.4489,42.8,155.7787,280.8123,49.3234,465.28,161.5365,100.947,48.7731,10.7038,54.3964,82.01,49.3436,358.7291,135.4028,45.3227,94.9854,144.6188,7723.0,50.8755,555.57,95.9198,175.2402,14.9825,154.0897,177.54,3059.51,155.3528,48.296,71.42
2024-03-13,176.555,3458.1681,16.5736,151.9794,128.42,31.6768,39.4628,439.6105,41.61,246.5836,133.9339,86.903,95.5738,154.61,43.5005,19.87,395.0065,70.4939,79.72,207.5346,121.56,73.4267,129.5623,238.1533,112.6071,144.0364,42.86,155.3376,269.8875,50.7767,465.55,163.6457,100.2514,48.9905,10.9336,54.4538,83.22,49.2971,362.9913,133.113,45.8697,95.7873,144.1305,7746.3,51.2598,567.18,97.0496,177.5321,14.9055,151.1746,169.48,3089.24,154.5184,49.0678,69.76
2024-03-14,178.75,3469.5899,16.1256,147.2007,125.23,31.2475,38.6002,432.4846,39.92,243.2391,134.3496,86.9505,96.1294,155.5083,43.7196,19.33,385.0334,70.4393,76.2,205.9323,116.95,74.46,126.2279,235.4774,108.3033,143.3492,42.77,143.4737,268.8093,50.6217,470.01,161.0209,98.9484,48.5652,10.6773,54.9704,80.94,49.232,359.4283,131.9585,45.4379,93.1347,142.6093,7559.53,50.3086,565.44,95.9964,176.998,14.0401,143.4233,162.5,3119.04,152.3305,49.1065,67.42
2024-03-15,174.42,3373.1762,16.1854,148.5422,127.42,31.3353,39.8843,430.1061,39.17,239.3845,132.1028,85.4896,95.0767,151.6333,43.4624,19.4,388.8999,70.9486,77.24,203.6831,117.83,74.212,126.4339,235.5736,109.4681,142.4657,42.88,146.9559,266.3381,50.5732,464.94,161.199,97.0772,48.688,10.6596,55.1278,80.74,49.548,357.4744,131.6507,44.9485,92.6411,144.2901,7565.87,49.0307,535.98,95.4027,176.357,14.2132,145.2297,163.57,3124.33,152.2471,49.741,66.26
2024-03-18,174.48,3409.6846,16.1157,148.366,127.25,31.2865,40.0117,431.6365,39.83,243.7491,131.8455,86.3339,93.7805,151.4767,44.1673,19.65,386.9423,70.1392,77.81,205.5143,119.24,74.2553,125.7866,234.3704,108.7574,141.6705,44.12,146.9935,265.8038,49.7497,459.57,162.0521,96.8323,48.4139,10.7657,55.4706,79.83,49.5294,356.2102,131.1023,44.8045,92.7028,144.1117,7630.84,48.6271,532.33,94.541,177.7069,13.8381,148.8616,173.8,3101.97,155.3714,49.4644,66.07
2024-03-19,175.9,3464.0766,16.0062,152.8509,128.19,31.0036,40.688,433.6934,40.3,245.0242,134.1714,86.8841,95.9247,151.4767,45.2245,19.44,394.5682,71.1395,77.92,207.1266,120.89,75.642,126.9144,238.7405,109.9715,143.7517,44.47,149.8374,269.897,50.2051,467.27,163.1957,97.7238,48.8487,10.8717,55.9512,80.85,50.5239,363.3936,132.0836,44.651,94.6505,145.6142,7791.54,48.7905,529.08,95.7091,178.9888,13.9439,147.2081,171.32,3153.81,155.9462,49.5901,66.84
2024-03-20,178.15,3535.72,16.7727,155.2893,128.1,31.9206,42.0015,440.3416,41.74,249.173,136.6854,87.8422,96.373,152.53,45.8151,20.18,398.7853,72.3361,79.01,209.5051,123.58,76.3527,132.9164,242.5331,112.5182,144.2917,44.61,153.5918,271.4045,50.3504,469.05,163.6551,98.0471,49.4347,11.4021,57.9,83.08,50.4496,368.1825,131.3332,45.4859,96.6422,145.8395,7958.45,48.5887,523.96,96.0059,184.8253,13.867,149.1579,175.66,3187.38,158.0321,49.7158,68.51
2024-03-21,178.15,3604.2115,16.9419,158.0507,127.21,32.584,42.5602,444.387,41.63,250.3695,134.9929,86.9505,96.6654,158.8233,45.977,20.54,408.0474,74.0389,80.56,209.545,126.18,77.5293,133.1714,251.2349,114.5615,144.4978,44.75,155.1874,270.5267,50.3795,478.84,153.0247,97.9296,50.0397,11.4197,58.0996,86.44,52.104,378.517,131.3909,46.148,98.4488,147.7833,8001.96,48.3773,523.55,96.5325,184.9224,13.9824,147.4375,172.82,3210.4,157.7633,51.4857,68.11
2024-03-22,178.87,3581.4073,17.0016,158.462,125.71,32.3889,42.2073,446.8728,41.31,250.2616,135.4383,86.0493,96.9578,153.74,44.5292,20.7,405.5249,75.1618,78.72,210.2914,125.12,77.8353,133.3969,248.8284,114.9465,142.7111,44.47,156.3513,269.668,49.8175,403.19,154.7777,97.861,49.8885,11.4109,57.6408,85.53,50.9701,373.8047,131.0638,45.054,97.6733,146.3748,7971.71,48.1371,520.37,89.8685,182.1838,13.5496,144.035,170.83,3239.32,156.3355,50.8667,67.82
2024-03-25,179.71,3583.5909,17.0315,156.4644,126.15,32.3597,42.6876,453.3943,41.72,247.2702,135.9035,86.0113,95.6908,155.4317,44.5768,20.54,397.5289,74.2966,79.09,209.117,125.65,75.8047,133.6421,244.4968,114.1963,141.9454,44.55,155.8444,265.8419,49.6335,388.9,152.5185,97.3907,49.3686,11.4021,58.0688,85.78,51.9739,367.3205,129.5148,43.7106,99.9647,144.2432,7907.05,48.3485,505.57,89.7632,177.6001,13.915,144.1114,172.63,3170.82,160.0717,50.0369,65.75
2024-03-26,178.3,3617.3229,16.9518,155.9649,127.53,32.8279,43.1287,470.8337,42.71,247.3389,135.2206,85.7173,96.7824,156.2417,45.7008,20.16,392.0652,73.6891,76.59,212.0231,125.1,75.652,134.2306,242.0133,114.4924,141.9258,46.46,155.3939,265.8419,49.4881,386.14,153.2684,98.537,49.2646,10.9955,59.1106,85.75,50.7563,363.8916,129.688,43.5762,98.9071,143.229,7865.0,48.8577,514.34,88.643,177.6098,13.7131,143.9967,177.67,3191.48,160.0532,49.917,65.8
2024-03-27,179.83,3629.5944,17.1111,158.6873,132.5,33.8523,43.707,479.7337,43.36,248.6924,137.5663,86.7987,98.5172,156.3167,47.101,21.34,403.8108,75.3551,78.64,213.3169,128.92,75.7013,137.0256,243.8518,116.4863,144.4978,46.6,158.1534,269.086,50.3019,389.46,156.5213,99.7224,50.2382,11.5435,58.4692,86.98,52.4943,369.6,132.1125,44.795,103.8952,145.7268,7980.74,49.4631,513.52,90.127,181.8614,14.5113,147.3897,179.83,3192.79,161.9352,50.3774,67.99
2024-03-28,180.38,3584.5197,16.265,161.1354,133.15,33.8913,44.452,484.364,43.74,247.4664,136.339,86.6943,98.8486,156.8767,47.6439,20.93,392.9807,75.5024,79.65,212.2918,130.89,75.2587,136.3293,245.1995,119.0626,144.0757,47.21,161.4197,269.0192,51.1351,390.65,156.69,100.1534,50.4839,11.7379,58.1354,87.11,52.5315,367.4067,133.392,45.5626,105.4287,145.4827,8099.96,49.6744,522.88,89.9834,183.09,14.7517,149.1579,175.79,3151.65,164.29,50.625,68.72
2024-04-01,180.97,3526.215,16.1854,158.5208,135.91,34.184,44.501,481.4786,43.17,246.5052,131.8554,86.8271,97.1722,155.0833,47.8248,20.94,390.838,75.1434,78.79,211.6847,128.47,75.352,137.8494,239.9534,116.9009,142.4363,47.78,157.5058,267.3685,50.641,385.2,156.7744,104.3955,50.2665,11.7468,57.54,85.94,52.2899,352.4939,135.143,46.1576,105.0497,144.8723,8026.27,51.0965,529.01,88.6238,180.0281,14.7132,150.3909,175.22,3168.6,164.8555,49.9518,65.9
2024-04-02,180.69,3523.4682,15.4089,152.4201,134.73,33.8913,44.0011,484.7345,41.84,242.9841,130.3411,84.7117,96.9481,150.55,45.958,19.26,381.4688,73.7904,77.16,209.3658,125.13,76.014,134.7994,235.3041,112.7255,141.052,46.42,152.4937,265.0023,50.2438,378.06,153.7184,103.1219,49.8601,11.7379,58.0388,83.81,51.8159,347.6763,135.3739,44.2384,101.2425,144.4122,7852.9,50.837,519.68,87.0823,171.8078,13.7323,148.0397,166.63,3170.04,163.3907,49.6907,65.18
2024-04-03,182.41,3588.9659,15.2696,154.545,134.19,33.9498,44.2755,493.1178,43.33,245.7794,129.2227,84.1425,94.8136,150.12,44.272,19.28,381.7902,72.9988,77.57,211.1572,126.42,75.53,135.8193,231.6944,114.1272,138.9315,46.75,155.8914,262.9032,50.2341,374.01,152.781,104.2583,49.3119,12.065,57.9116,83.62,51.5277,344.7071,133.7384,43.3459,102.0798,143.7831,7914.3,51.8459,439.98,86.4886,168.8336,13.3765,152.1399,168.38,3146.63,162.6954,48.7719,65.15
2024-04-04,180.0,3479.836,14.9909,152.8901,129.74,33.5889,42.815,470.6972,42.33,244.112,129.3612,83.118,93.3224,146.3033,43.0243,18.83,384.8776,72.7135,75.27,207.7934,122.11,73.3087,132.4358,229.105,112.3701,137.1547,45.86,153.5918,257.7031,49.7982,357.56,148.5907,103.9644,48.3194,11.6761,57.1206,80.67,51.9088,342.5809,131.1119,41.2923,101.0222,139.7734,7790.0,50.5296,448.64,85.2822,166.8834,13.2996,152.0061,171.11,3085.04,159.6638,48.8434,65.56
2024-04-05,185.07,3558.8502,15.0506,155.2305,130.71,33.7645,43.3542,480.7767,42.91,249.0553,130.4401,82.3876,94.3555,146.6483,43.3291,18.89,385.9197,73.2749,74.73,210.6795,122.36,74.504,133.3969,230.366,114.8477,136.9779,46.53,156.0134,254.4591,50.4376,356.87,146.5659,105.2772,48.6502,11.7379,58.1084,81.49,52.4386,342.7628,130.9387,41.1964,101.6479,140.8439,7907.89,51.0965,444.75,85.062,167.6732,13.2323,152.4936,164.9,3104.94,159.2466,48.8396,64.98
2024-04-08,185.19,3558.1289,15.5881,153.4874,128.22,34.2718,43.462,489.3356,43.08,249.7909,130.8063,82.7101,93.7902,148.14,44.5292,19.39,386.4846,73.7628,76.07,210.57,123.29,73.816,135.6232,233.5137,113.5645,137.7044,46.3,154.8777,255.2892,49.9725,360.46,148.0564,103.8371,48.6786,11.8528,58.6306,82.87,53.526,346.7664,130.0921,41.3979,102.2031,141.2383,7871.15,50.3855,452.78,86.1727,166.4153,13.0015,150.3659,172.98,3076.09,157.3275,48.2748,66.1
2024-04-09,185.67,3538.6742,15.4289,155.0836,127.33,34.74,43.8443,485.8945,43.98,250.0459,131.9049,82.6532,94.6382,144.635,43.9482,19.41,389.6498,75.981,78.93,208.908,125.15,73.0493,130.6117,235.2463,113.9001,137.3608,46.41,155.7975,257.0829,50.3407,358.8,149.6549,104.3269,49.0189,11.9677,58.5392,83.39,53.2844,346.163,131.8238,40.9661,102.9258,141.3134,7972.85,50.3951,454.8,87.1301,165.4597,13.415,147.1522,176.88,3043.62,159.1168,48.975,68.67
2024-04-10,185.95,3543.2687,14.8814,145.1736,128.73,33.9791,43.0699,494.0634,41.5,249.4672,130.0541,81.5338,93.8389,135.0217,43.2148,18.4,371.4081,73.5327,74.95,208.5895,119.67,72.8733,128.3757,228.2868,107.9875,135.7606,44.68,146.8245,256.3483,50.8251,350.25,147.3766,102.1226,47.7523,11.5435,59.3138,79.3,52.7732,335.7614,132.7186,39.7666,97.7702,139.2382,7658.13,49.8282,450.95,85.2152,162.3295,12.9823,148.3417,171.76,3025.75,159.1076,48.9963,67.69
2024-04-11,189.05,3594.3903,14.9013,147.563,130.25,33.6572,42.9719,491.8116,42.22,253.5866,131.8554,81.4864,93.4296,136.655,44.0244,18.63,369.2557,73.6431,75.77,209.754,117.68,72.2,131.1707,226.6312,109.1522,137.3804,44.72,149.6685,256.3005,50.2729,349.92,146.5353,102.73,47.2513,11.5258,59.8138,71.98,52.262,332.7061,133.0842,40.1312,98.1668,137.2005,7757.18,49.588,447.91,88.0876,160.9156,12.6264,148.0923,174.6,3006.76,158.8387,48.3947,68.41
2024-04-12,186.13,3489.588,14.2941,148.5618,125.19,32.6816,42.2269,482.8336,40.1,246.2404,129.1237,80.5568,92.0261,135.7283,43.0719,17.77,370.2881,71.793,74.19,204.121,113.17,71.766,125.208,223.368,109.4582,133.5027,42.48,150.0815,255.127,49.711,336.13,144.6824,99.1248,46.5518,11.1457,59.152,71.41,51.8623,328.3961,132.5743,39.4787,95.2321,136.515,7817.98,48.4542,442.32,88.0876,156.3033,11.6456,141.7703,171.05,2962.32,154.0085,47.3695,67.05
2024-04-15,183.62,3443.9698,13.9955,145.9766,125.36,32.3206,41.8447,475.7272,40.22,243.6412,127.3322,80.7939,90.6226,135.8967,42.4718,17.34,363.8602,70.2191,73.01,203.4542,111.72,71.2847,124.7176,221.4043,107.3854,131.2055,42.85,146.5336,254.0202,49.304,334.76,145.6372,97.4201,46.3439,10.8099,58.7326,69.46,51.6671,323.6646,132.4492,39.1812,93.8838,135.9234,7761.44,48.2813,433.24,89.1408,156.1765,11.684,138.806,161.48,2903.51,152.9795,46.8047,66.73
2024-04-16,183.32,3426.3233,13.8362,143.0193,124.06,31.6475,41.8152,474.3917,39.44,240.9048,127.6192,81.0311,91.0125,135.6483,41.6146,17.47,360.3346,69.1883,71.94,201.5334,109.49,72.634,124.1586,219.8065,105.4803,131.3822,42.7,143.2109,253.2568,48.684,338.98,145.7129,97.3319,45.7862,10.6861,58.8466,69.8,51.1467,320.6955,132.7667,39.21,93.0201,135.7356,7657.0,48.5311,424.17,89.4185,156.8883,12.0879,139.0938,157.11,2910.27,151.4127,47.3598,68.36
2024-04-17,181.28,3402.7485,14.0552,142.7157,123.75,31.0817,41.6192,469.9076,38.52,233.8822,127.4114,81.7805,90.7688,136.5333,41.1383,18.02,354.6565,70.1639,69.35,199.523,108.27,72.9867,125.5022,220.2974,104.7794,130.3612,42.03,142.5539,257.5695,47.9089,344.86,144.6068,95.4999,45.2853,10.6419,58.0592,68.53,50.9515,318.7799,132.6031,38.8549,91.5219,135.2849,7669.94,48.262,424.55,90.8068,155.2891,11.7802,138.6141,155.45,2938.26,152.4788,47.8531,67.49
2024-04-18,179.22,3389.143,14.1149,142.8528,122.23,31.3256,41.5996,469.5274,37.98,231.7637,126.9858,82.6722,90.3107,135.55,41.7765,18.17,353.4489,69.9522,69.32,197.8709,108.08,73.404,125.1785,220.23,104.5919,129.3893,42.04,143.1265,258.5523,48.3933,347.51,143.964,94.148,45.9185,10.6596,58.1594,67.91,51.063,318.8374,132.6416,38.8645,91.751,150.4595,7702.26,44.0825,425.11,91.6686,153.4169,12.1841,139.7557,149.93,2973.17,154.435,47.8453,67.34
2024-04-19,174.63,3374.0062,14.0552,139.2394,122.03,31.9987,41.531,461.6217,38.2,231.4695,127.6786,83.1085,90.993,133.3967,41.9003,18.29,351.7153,70.0903,69.63,193.5417,108.88,72.7293,126.7183,221.6257,104.0687,130.9012,42.42,140.9677,259.516,48.8196,352.47,144.1625,93.0605,46.429,10.7303,57.3822,68.34,51.3697,321.2031,133.2477,38.9797,92.2446,152.4878,7685.0,43.6789,413.5,90.51,154.5188,12.3379,138.9307,147.05,2985.54,156.0296,48.8976,66.76
2024-04-22,177.23,3421.6103,14.2145,140.1011,121.69,32.2816,42.3544,459.4089,38.42,232.8524,130.2421,83.6493,91.6947,135.0367,41.8527,18.54,356.3414,69.1422,70.1,194.2085,109.95,72.764,129.4447,222.5787,106.4377,131.3233,42.43,142.263,262.9413,49.3525,361.79,146.1004,95.4999,46.2494,11.3844,57.685,67.88,51.9553,321.9214,133.7865,38.6822,92.9232,153.1451,7806.79,44.7358,417.98,90.1845,157.9415,12.2995,137.0408,142.05,2961.66,154.9264,49.0117,66.45
2024-04-23,179.54,3491.7518,14.7221,144.9582,122.56,32.5255,44.2069,469.04,39.12,235.0886,133.637,83.3552,92.1041,138.2383,42.9862,19.54,365.2139,69.0686,70.25,196.0994,113.44,72.8233,134.0344,225.8962,111.3041,130.6557,42.85,146.623,264.1817,49.6528,364.68,147.3766,96.8127,39.3682,11.4374,58.3,69.69,54.0372,324.6894,134.787,37.8473,92.8791,153.4174,7835.11,44.2074,419.27,90.0217,163.8995,12.4533,136.9257,144.68,2961.04,154.3701,49.5108,68.35
2024-04-24,176.59,3475.4787,14.9411,143.0878,122.39,32.8279,44.1873,475.425,38.48,239.3747,134.409,84.19,92.8643,141.9517,43.4338,19.39,367.5514,68.5071,71.4,203.7229,111.4,72.8467,134.0933,222.7335,110.8105,130.1845,42.71,145.1352,264.0577,49.585,364.59,148.0478,95.0885,40.9089,11.4462,58.5352,70.27,60.441,318.9523,136.4322,38.4135,93.1347,151.9338,7798.28,44.044,410.55,90.6154,164.0263,12.4918,137.3382,162.13,2988.51,153.2854,49.9305,66.87
2024-04-25,173.67,3460.6184,15.1103,141.2077,121.69,32.0182,44.7166,482.3072,38.04,237.2954,134.8544,83.3267,93.9754,134.4167,43.4338,19.35,360.354,69.2527,70.13,202.9566,110.27,70.2753,134.819,222.4143,109.9222,129.7329,42.18,143.8827,262.9604,49.74,360.0,147.9816,94.6378,40.5686,11.5258,62.2394,69.22,60.3852,317.9658,136.1917,37.7993,83.6961,151.2483,7725.0,43.7654,408.01,89.9451,162.7781,12.136,136.8489,170.18,2945.25,152.451,51.3097,67.2
2024-04-26,179.62,3478.9961,15.0108,142.3142,121.74,32.3792,44.9323,486.4989,36.61,236.2166,134.31,83.7157,93.9169,138.91,43.8529,19.04,361.4935,69.0778,71.21,201.1552,115.45,69.5953,137.8788,222.3272,112.3307,131.1662,41.09,145.2952,260.5655,50.3988,364.7,147.5657,93.9324,41.2492,11.3048,63.7394,69.59,59.9205,320.9445,136.3937,38.4327,83.37,150.1778,7647.04,43.6693,406.39,90.1175,162.3393,12.1552,136.2925,168.29,2945.98,152.7292,52.981,67.43
2024-04-29,180.96,3472.7912,15.0606,142.9409,118.81,32.906,45.1283,513.8521,37.57,235.8733,135.2602,83.7916,92.4647,138.7383,44.1768,19.18,359.9742,69.0318,72.41,201.195,118.43,69.136,140.5954,223.3621,113.0809,128.6629,41.61,146.4064,261.0044,51.1061,363.96,146.989,95.0101,41.3626,11.2695,64.1894,69.35,59.7439,322.5823,137.7599,39.3251,85.3969,151.53,7540.0,43.9576,410.04,90.06,162.8756,12.3956,135.4099,194.05,2998.78,151.7928,53.7508,68.88
2024-04-30,175.0,3410.7714,14.752,139.5332,118.25,31.9694,43.6482,515.9382,35.82,231.597,133.251,83.9433,91.7045,136.4117,43.2624,18.92,353.0788,67.78,71.0,196.3383,115.32,67.5507,136.9373,220.5089,109.9814,127.1805,39.44,142.7809,260.5178,49.9338,360.6,145.0228,89.7884,40.7671,10.7391,63.192,67.97,57.6015,320.1112,135.8934,38.3079,83.5991,147.6237,7438.85,42.622,404.84,88.3366,159.5699,11.9821,133.5296,183.28,2956.4,149.2433,52.8223,68.67
2024-05-01,179.0,3374.8164,14.4036,139.8177,118.56,32.067,43.5894,503.4118,36.38,229.3705,131.7762,70.6152,91.4413,136.58,41.7479,16.08,350.1278,66.2981,69.75,196.7961,114.87,67.0073,134.868,220.0543,110.3762,125.4821,39.75,143.5813,261.8441,49.4687,354.4,142.8863,90.8464,40.7671,10.7833,62.7732,67.21,56.6994,317.9562,130.1979,37.8953,83.3435,147.2105,7457.0,42.795,402.11,86.4982,159.5504,11.7129,131.9851,179.99,2946.81,145.025,52.4529,69.74
2024-05-02,184.72,3431.4019,14.3936,142.7421,119.78,34.7596,43.7854,499.7855,35.14,231.0379,134.696,71.0801,92.5037,138.7717,41.7479,15.95,350.7219,66.6755,77.79,196.5871,115.62,67.082,134.7307,222.0468,112.38,125.3447,40.87,146.1616,260.7468,47.8508,350.8,139.7762,93.3348,40.9656,11.0397,62.8398,68.04,57.4887,321.3659,129.9478,37.2236,83.2907,146.7879,7479.01,44.8223,397.33,88.4802,160.8181,12.0783,131.5726,180.01,2962.09,146.5918,51.5882,59.24
2024-05-03,186.21,3534.6232,14.3737,145.7056,120.73,35.5498,43.9717,501.3745,35.33,230.0865,114.1487,69.3536,92.6986,140.39,43.7863,15.99,355.1435,68.544,80.82,196.5971,116.37,67.53,135.5447,224.5131,115.134,128.4469,41.04,148.8831,257.9226,48.1027,355.15,141.0902,94.7456,41.4477,10.9866,63.1076,68.71,57.7706,328.3769,129.2455,37.6554,84.216,147.8115,7586.55,45.0337,397.39,88.2312,162.4953,12.1264,131.8988,181.19,2952.2,146.5176,52.2672,59.97
2024-05-06,188.7,3555.4019,14.533,148.4337,120.18,36.0376,44.1677,509.2217,36.05,232.2737,114.8316,69.1544,94.9793,143.6417,45.1293,16.2,361.104,68.4795,84.4,199.1448,118.04,67.7393,140.4875,224.0972,116.131,130.0569,41.01,151.6423,256.9494,47.8411,350.24,139.417,95.882,42.2795,11.0485,63.982,69.59,57.235,327.8405,131.0157,37.8857,83.9076,147.1354,7624.83,45.3722,394.88,89.3898,162.5148,12.2802,130.6037,184.76,2967.7,146.805,52.1376,62.46
2024-05-07,188.76,3562.3182,14.0552,148.5711,121.67,35.901,44.3834,504.2014,36.35,231.4597,111.7534,68.7749,95.4374,143.73,44.9769,15.6,362.9642,67.2462,83.0,198.7567,118.11,68.0473,138.8595,223.8651,115.44,129.1734,40.64,151.7082,255.2319,48.5096,349.85,138.9916,95.255,42.0054,10.8875,63.8736,69.23,57.4699,326.3081,130.7559,37.4155,83.7401,145.4733,7754.42,45.0828,393.67,89.7919,162.5733,12.1841,134.2108,177.81,2990.65,148.7149,52.2517,62.77
2024-05-08,188.0,3616.2558,14.2344,144.9794,119.57,36.5936,44.1579,503.6555,36.22,230.8319,110.3975,69.7235,96.0027,142.2467,45.3579,16.09,356.283,67.4026,83.2,199.4335,118.22,68.0227,138.9478,224.455,114.295,130.3318,40.04,149.2316,256.1765,48.1414,345.61,139.8896,93.8051,41.5422,10.8696,63.665,70.34,57.6203,324.5266,131.7661,37.4059,83.6256,144.9381,7575.0,45.131,388.48,89.61,161.0521,12.1072,131.9276,174.72,2962.52,147.9546,51.5786,62.57
2024-05-09,189.5,3734.8512,14.4932,146.7066,120.15,36.7985,44.4618,504.2307,37.3,232.9799,111.3773,71.7915,96.4023,145.7583,46.2532,16.2,363.2758,68.2586,83.69,202.5087,119.72,68.7147,139.0066,228.3818,115.4795,132.4032,40.85,151.5105,255.6613,48.7712,352.95,138.8876,95.2158,41.8919,10.8517,64.6594,71.04,57.3384,332.7731,132.7186,38.7398,83.8547,145.8677,7670.9,45.5459,396.67,89.4185,163.8605,12.2418,135.1317,171.97,2987.05,152.3398,52.1685,63.45
2024-05-10,187.48,3760.2638,14.3638,147.1678,121.04,36.5839,44.3148,505.5857,36.18,235.8438,111.6842,72.1994,96.3048,143.665,45.2912,16.1,364.4543,68.2678,82.78,207.0867,119.81,67.9553,138.3201,227.3179,116.1606,131.0386,40.57,153.4315,262.3879,49.4106,352.96,140.1449,94.4321,41.788,10.7264,64.7846,71.71,56.4645,331.8058,132.4011,38.4519,83.7577,145.802,7655.39,44.9091,401.59,87.0727,162.9926,11.9533,135.2181,168.47,2979.32,151.2365,52.5032,61.92
2024-05-13,186.57,3700.2398,14.4932,144.1159,120.2,36.7009,44.2755,497.3875,36.27,232.9407,111.5159,72.2658,96.2463,141.7783,45.5484,15.84,363.3635,68.7557,82.74,205.1062,121.07,67.5167,138.124,225.3352,114.8774,131.1564,40.93,152.5652,258.8767,50.3698,347.16,140.9106,95.9996,42.1093,11.0306,63.908,74.9,57.2914,326.5667,131.2081,39.6802,84.1543,147.9241,7557.24,45.2757,403.96,88.777,161.4909,12.3283,132.3209,171.89,2937.92,149.1691,52.5496,62.51
2024-05-14,187.07,3727.757,14.4534,145.2346,118.88,36.6717,44.1383,497.8457,36.71,231.342,112.3176,71.7441,96.529,147.075,46.3675,15.62,367.6585,68.4335,82.84,204.32,123.02,67.118,138.0848,223.9811,114.6799,130.4299,41.29,152.8665,258.247,50.4763,352.35,140.7972,96.0486,41.8069,11.129,63.5334,75.76,58.4284,326.1261,132.276,40.4095,84.595,146.0931,7551.47,44.6968,401.68,88.844,162.1735,12.3668,134.6041,177.55,2921.43,148.385,53.097,63.57
2024-05-15,185.99,3747.2018,14.7918,154.6356,118.8,36.5839,44.5892,504.6401,36.27,231.4695,111.2982,71.8105,96.3529,150.6133,47.482,15.72,374.273,67.5039,81.73,203.5935,123.28,67.3587,137.9279,228.3335,120.4939,130.5674,41.55,160.8898,261.3098,50.7864,346.85,143.4819,95.6371,42.0448,11.0127,63.366,74.35,56.8591,333.9512,133.0938,40.9469,83.6696,145.5578,7818.73,44.4941,403.41,87.7717,162.8269,12.2995,135.3236,173.99,2930.17,147.0315,53.3794,64.57
2024-05-16,183.63,3690.3693,14.8316,148.1491,121.3,36.7107,44.9617,500.3704,35.31,234.3726,112.2879,71.958,96.7834,147.6033,46.6247,15.89,360.7509,67.78,82.29,204.958,120.87,67.0653,140.105,224.6388,117.1279,131.8829,41.65,155.5692,260.9663,51.0576,338.28,143.1416,95.1374,42.0162,11.0753,62.9176,72.98,55.8913,328.262,136.2879,40.8029,82.5832,144.7033,7702.96,44.9863,401.04,87.8674,161.959,12.5399,140.6287,174.84,2900.99,149.9626,53.4278,64.09
2024-05-17,184.7,3664.0279,14.9312,148.6692,117.31,36.1839,44.8539,500.1072,35.52,233.1663,112.8422,74.4146,98.1238,148.0933,47.7772,15.75,358.4744,67.5131,82.11,203.3644,120.36,67.4707,139.1832,223.5265,117.5326,129.9096,41.03,156.2096,259.8881,49.8757,334.95,145.5805,95.0687,42.5111,10.9859,64.2686,72.82,56.5021,329.6795,136.2879,40.611,82.0445,143.5671,7669.0,45.3819,399.56,88.26,163.7045,12.2706,136.3501,177.46,2917.5,149.4772,55.2576,63.97
2024-05-20,183.54,3723.5775,16.0161,146.9911,113.48,35.9693,44.2167,503.0804,34.94,235.7163,113.149,74.1183,95.6778,150.475,48.263,16.94,359.8324,68.0285,81.94,204.7389,118.92,66.3553,144.8517,221.6502,117.6609,129.1145,41.36,154.1284,255.5849,49.6431,327.07,143.6709,95.9232,42.5967,10.8696,63.5278,72.57,58.3344,323.5592,134.3733,40.7454,81.3622,142.6656,7677.76,45.1792,386.5,87.8674,162.7879,11.8475,132.2249,174.95,2924.04,146.2847,54.9424,64.13
2024-05-21,183.15,3776.6555,16.1256,146.5888,114.7,35.6083,44.0305,500.7798,35.59,233.7057,110.5657,74.2903,95.5897,149.9567,47.6343,16.93,362.617,66.8872,82.31,204.9679,119.56,66.3727,147.8429,217.4816,116.3777,129.8802,40.81,153.2244,253.6767,50.5442,322.98,141.5061,94.8722,42.3493,10.8696,63.456,71.97,58.7103,321.9597,134.0174,40.6398,80.3745,142.2712,7620.22,44.5906,381.83,88.8727,163.8215,11.9821,136.801,186.6,2820.83,145.4166,55.2596,64.18
2024-05-22,183.13,3779.3825,15.5782,141.8883,113.77,34.9742,43.0993,499.0252,34.72,231.6264,110.9221,77.1579,98.9358,148.8233,46.3866,16.26,359.1583,64.8899,81.71,203.6035,117.41,66.096,144.5281,213.874,112.7255,129.1046,40.2,146.7925,253.5813,51.1545,299.63,140.5797,93.782,41.7973,10.7622,63.0676,69.76,56.69,316.6344,133.8538,39.8049,79.6383,140.4683,7457.73,44.2625,378.33,88.5664,160.116,11.8571,135.7937,180.11,2772.64,133.7388,54.6948,64.04
2024-05-23,181.05,3707.8281,14.7122,140.1514,114.6,34.223,42.8641,489.4818,32.53,228.2155,109.3582,74.8495,97.9966,150.775,46.0151,15.57,356.7059,64.0891,80.28,199.2213,115.76,65.058,143.4885,210.3438,111.2844,129.4482,38.93,145.5118,246.1008,51.1642,299.735,139.5871,92.4167,40.3508,10.8338,62.7656,68.93,56.7088,313.0906,131.8142,39.6898,77.6272,136.7686,7392.14,43.23,376.14,87.5131,165.3524,11.5109,133.4625,173.74,2777.54,134.803,54.7915,62.08
2024-05-24,180.75,3749.9881,15.0606,141.9177,115.37,34.8181,43.2365,489.511,33.63,232.6705,109.1801,75.3896,99.9338,172.15,45.9865,16.0,354.1363,65.8103,82.55,202.4183,116.43,65.7973,145.5676,208.1483,112.8242,139.5304,39.72,147.2634,246.2726,52.7143,303.005,139.5304,92.9373,40.8457,10.8785,63.0326,69.88,57.0001,311.3762,133.0839,40.5918,77.681,136.3648,7416.32,43.3072,381.78,87.8483,169.1359,11.8667,139.324,179.24,2792.9,135.5684,54.7604,60.62
2024-05-28,182.15,3744.8206,15.5782,140.1808,113.02,35.062,42.2367,496.2567,33.26,230.2611,108.9821,74.0609,99.2294,179.8567,46.2532,16.56,349.4368,66.7767,83.13,199.1914,115.76,63.834,147.2348,208.303,111.7976,135.1225,38.98,145.9168,241.9121,51.2514,295.25,140.211,91.847,40.9028,10.4491,63.0768,69.15,58.0243,314.8242,131.3533,39.7378,77.8965,133.1252,7356.13,43.1625,381.13,88.0876,176.7419,11.8764,136.4844,176.75,2800.0,137.314,54.7332,61.07
2024-05-29,182.02,3689.6579,15.1501,138.7383,113.83,33.9401,41.7956,497.1633,32.15,224.6752,109.1504,73.4874,99.2489,177.4867,46.3771,16.49,343.0763,66.1785,81.52,195.6856,116.02,63.86,145.1067,207.2391,111.0869,136.5558,38.7,145.0786,237.9334,50.4666,298.54,137.999,90.8845,39.5895,10.3418,61.457,67.43,56.596,312.152,130.2028,39.8433,76.1188,130.7494,7335.26,42.3616,378.28,87.7717,178.858,11.5782,133.616,176.19,2739.1,137.9114,54.5701,60.8
2024-05-30,179.32,3709.7449,15.1302,142.7715,114.79,34.3596,42.5504,496.2762,31.85,225.1669,108.3586,75.2844,101.1372,180.43,48.3011,16.45,347.9517,75.0606,81.96,195.7354,118.61,64.2427,144.6458,208.3901,114.2752,137.2823,38.53,147.8755,240.5096,51.6874,302.9,139.9558,90.8943,39.894,10.5296,62.1168,69.65,56.6618,317.4757,130.3672,40.6398,80.8684,132.1016,7455.31,42.4581,385.58,89.476,180.8277,11.8571,122.7371,178.79,2772.56,139.8997,54.5274,61.43
2024-05-31,176.44,3731.2152,15.0108,145.0383,117.95,34.7888,44.0991,495.7693,35.56,227.3403,111.704,76.68,100.8731,182.32,49.4727,16.6,355.2013,78.0703,83.26,199.7889,121.93,64.2173,144.8321,214.0288,115.8052,137.2037,40.17,151.002,247.0168,52.7975,311.99,142.1679,93.1927,40.9504,10.8517,62.5904,70.26,56.1732,322.9634,132.8712,41.7338,83.526,135.3506,7680.73,43.452,395.09,91.0079,182.2319,12.7707,131.3424,178.08,2769.94,145.7713,55.3993,63.47
