Date,055018,0BC29E,0BF4BA,168A5D,1A3E1B,24CB56,25102A,2DBF98,2F94A5,3461CF,3CCC90,3D9999,3ED92D,4C37C5,4D371E,50070E,51E682,58CA9A,59B229,5B6C11,5BC2F4,5DD486,60DD84,6166D1,619882,61B81B,61BCA7,73C521,766047,810E30,8377DB,8CF6DD,8FF2EF,9196A2,94208D,968B00,990AD0,9A02C4,9B5968,9F71E5,A8CBDA,AADE0B,AD3C93,B3CB74,B8F71F,BFE02C,C08256,C598D7,C5EF8D,C9E107,CFF97C,D1AE3B,D33D8C,D5AF19,DD682D,DE27F9,E1C16B,E206B0,E8846E,E90C84,EF5BED,F1529C,F1FA25,FACTSET,FEC475
2023-03-16,89.2776,47.263,13.6758,302.01,28.0115,10.3625,51.0898,220.4319,95.0407,290.6964,77.8324,27.2423,527.0584,155.3522,28.544,294.1433,103.8971,41.0721,65.6414,23.6191,67.594,168.3273,371.4148,31.5056,121.7192,115.3906,62.6584,15.9807,64.8034,52.5424,23.4197,41.3292,130.4433,78.7912,69.44,55.3655,26.9437,277.009,151.4965,95.8588,91.09,178.4528,59.1254,85.6117,39.0243,28.6667,80.4003,54.1351,292.3887,9.6708,331.6756,114.8181,55.39,596.6566,105.9831,184.5582,105.69,163.5292,36.3883,106.197,41.037,119.8799,340.2182,391.4907,70.5812
2023-03-17,85.6039,44.4851,13.2583,293.51,25.9876,9.7297,50.7435,215.5012,95.0583,287.0865,74.2962,26.6164,517.9168,151.2831,26.615,283.3611,98.312,39.8387,63.3165,23.0146,64.8993,167.2214,372.7729,28.5509,117.1204,109.7151,59.8891,15.3625,62.0647,49.974,22.0832,37.8395,124.4631,76.2285,69.56,53.1061,25.8741,270.6146,148.7375,93.7046,87.999,174.9537,57.9993,84.2337,37.8395,27.145,78.2166,52.8483,290.0126,9.1113,326.3965,110.2636,53.9832,596.4037,100.205,179.6907,99.0997,156.7112,34.9624,102.5462,39.3548,121.398,320.9336,392.0801,67.0002
2023-03-20,86.1096,46.0012,13.1646,301.06,26.2852,9.8478,50.907,219.6117,94.531,284.3449,76.6233,26.579,524.8984,153.4288,26.8284,288.9529,103.466,39.6946,65.9852,23.0759,66.4095,166.1424,369.7315,29.8506,118.3585,112.9342,62.2221,15.5256,63.3113,51.8957,23.1984,38.6903,126.9739,77.5506,68.31,54.761,25.809,276.7494,151.0383,94.7093,89.5063,177.3448,59.9771,87.9276,38.2675,27.7519,76.0513,53.3886,293.8065,9.3756,326.4941,109.5525,53.6961,602.82,106.1932,182.3745,102.9558,160.2057,34.7032,104.9866,39.9926,121.4947,334.0909,397.6259,68.9668
2023-03-21,90.2319,48.2612,13.6503,303.85,28.6577,10.7676,51.9555,221.7152,97.0882,289.8573,79.3141,27.9336,534.5414,159.0541,28.704,296.1877,104.272,40.5769,67.9754,23.6016,69.3754,164.2812,367.7327,32.5107,121.533,116.7208,63.7395,16.2985,65.6911,53.3074,24.2428,42.2147,128.033,80.3759,70.68,55.5141,26.5903,290.3652,153.1481,96.3322,93.8185,178.7249,61.2262,91.0378,38.77,29.0449,80.0502,54.8031,298.0698,9.9043,333.3345,114.8091,56.9115,620.2332,111.2073,186.8957,106.1048,163.0924,35.6291,107.2708,41.7209,124.1344,339.738,405.0171,70.8045
2023-03-22,86.8444,45.907,13.1731,299.73,27.6288,10.1685,50.9262,217.981,95.0231,283.7497,76.1597,27.0368,527.6466,157.3047,26.775,292.8177,100.9546,39.3525,65.4695,23.0409,66.6898,161.377,360.9997,30.1452,118.3958,110.3181,62.4687,15.3023,63.4246,51.1034,22.9241,38.6469,124.8009,79.2802,67.75,53.9484,25.7067,284.8554,150.7519,94.091,90.4222,175.4786,59.7405,87.7937,37.8705,27.2329,77.3781,53.9092,294.8235,9.3932,327.5968,105.907,53.8396,607.2787,108.3994,182.8074,102.3241,158.2305,34.4439,104.4887,40.6211,122.8581,332.1702,401.5872,67.567
2023-03-23,85.7947,44.4097,12.8152,298.37,27.6968,9.5103,50.4933,218.2512,95.6558,283.3009,75.6506,26.1679,527.4345,157.3143,24.4015,293.9193,99.3147,39.1184,64.4654,22.9445,65.7312,161.8715,366.4989,30.3792,118.0792,108.3051,62.2126,15.0533,62.1308,49.4549,22.4284,35.3308,125.8417,77.7317,69.1,53.2944,25.0836,285.7401,151.4583,93.2506,89.2678,179.2692,59.1727,87.3822,37.2006,26.2917,77.8112,54.086,296.2706,9.4109,324.2107,101.1454,50.6146,610.5197,107.2534,178.9308,99.5428,155.6002,33.8976,103.8249,39.9648,122.9741,328.2518,379.3074,66.3218
2023-03-24,86.31,44.5793,12.8237,298.92,27.9689,10.0081,51.0513,218.2802,96.3589,285.6035,75.8415,26.196,523.7123,154.434,25.1127,291.7908,99.8957,38.8123,64.7639,23.0321,64.7908,165.0365,369.1577,30.2405,116.2825,110.0964,62.6394,15.3539,62.4424,49.5004,22.5523,35.0704,128.2156,76.0202,68.51,54.0673,25.2417,280.2399,153.2531,94.1779,88.5809,180.455,59.5039,85.2576,37.2378,27.3561,77.3413,54.3807,302.3038,9.499,326.4258,103.4497,50.9687,604.0565,107.7022,179.4502,99.5522,156.5972,33.5458,104.1471,39.512,125.0047,331.1714,385.3652,66.6224
2023-03-27,87.5505,44.6923,13.0708,302.14,28.1305,10.5398,51.2244,219.467,95.401,286.0425,77.1778,26.4576,521.0605,157.6623,26.0727,297.3546,101.5731,40.3158,65.4334,23.1636,66.3642,166.3582,364.4714,30.2145,119.6153,110.8679,62.9523,15.6802,63.0657,50.8666,23.2427,36.9628,128.8456,76.645,68.81,55.1178,26.4973,286.769,154.0359,94.7189,90.0501,180.9119,59.7216,88.6358,37.9449,26.8107,77.5716,54.8031,302.3038,9.7942,327.626,106.15,52.4999,607.2787,109.2208,181.73,100.8722,157.9646,34.6939,105.9237,40.3345,127.1126,335.8773,381.0658,68.1853
2023-03-28,86.9493,44.7299,13.3094,302.32,28.4196,10.4385,50.9262,221.3389,95.0143,286.8328,77.2324,26.3081,523.5194,153.8831,26.6239,297.2706,101.2357,40.712,65.4153,23.1022,66.5722,168.4262,365.8582,30.8124,119.9783,112.4996,63.3601,15.7231,63.2735,50.484,23.3135,37.119,130.4251,76.8624,68.26,55.3754,26.1532,287.8459,154.9429,95.7333,89.8307,181.2909,60.1474,87.7937,38.1062,27.0306,77.0833,54.7933,302.1473,9.7986,326.0452,107.3652,51.5333,605.3304,110.9303,182.3457,100.2593,157.5183,34.4254,106.1873,40.5841,127.4123,339.8629,387.8869,68.1853
2023-03-29,89.812,45.8599,13.6843,305.3,29.3125,10.6917,52.0325,222.3134,97.2376,292.2574,79.1414,26.7659,531.2628,158.1165,27.5928,299.399,103.7659,41.3692,66.3471,23.2424,68.227,168.1834,367.7518,31.3843,120.2204,114.3265,64.299,16.0237,65.71,51.4494,23.9242,38.8118,131.9133,78.0939,70.29,56.3862,26.6647,290.0479,157.024,98.2159,93.1888,183.7014,60.8382,89.3535,38.4536,27.3825,78.4838,55.4219,305.7555,9.9924,329.9485,110.1735,52.8348,615.6153,112.8882,185.9049,103.4272,161.2977,35.1569,106.6363,41.647,128.3019,344.7993,393.8385,69.7225
2023-03-30,89.8693,46.9146,13.7269,305.08,28.7853,10.4469,51.9748,221.7711,96.9916,293.6136,78.8596,26.6724,529.1317,156.976,26.935,299.7911,103.4192,41.4772,67.0708,23.269,67.8201,169.8738,370.9462,31.1296,119.8573,112.6504,64.3559,15.7403,65.0678,51.9595,23.5837,38.2475,131.2833,77.9762,70.15,56.7826,26.3206,289.0767,157.4059,99.2399,93.6086,184.3526,60.8382,88.2243,38.4598,27.0658,79.009,55.6184,306.0586,9.8162,333.0125,107.6442,50.2127,619.1935,113.318,186.0588,102.8521,162.2093,34.6106,106.9682,41.4991,127.9345,342.0046,396.7853,70.2034
2023-03-31,91.7586,47.4231,13.974,308.77,28.9979,10.5651,52.5904,225.0444,99.2149,298.5699,80.1141,27.1676,539.7101,159.431,26.6061,305.3642,105.031,42.2155,67.2336,23.8715,69.0239,172.2026,374.2266,31.6565,121.3096,112.7125,64.3654,15.9378,65.8139,52.7701,23.8705,37.692,130.6168,79.5066,73.22,57.4961,26.5996,294.7211,159.0002,100.7469,94.2955,185.9466,61.0559,89.6663,38.6211,26.7139,80.9347,56.4043,308.2979,9.8691,336.4278,107.6262,50.1266,626.762,114.6742,186.7899,104.4737,162.7696,34.6106,107.6187,41.9982,129.8006,343.8389,401.0461,71.0536
2023-04-03,91.9113,47.4796,13.8036,310.31,28.173,10.4385,52.3307,225.9838,98.7316,296.8918,79.7413,27.4478,537.4729,158.3002,25.8861,304.8135,105.359,42.0534,66.6185,23.8627,68.8141,171.1146,372.1895,31.2965,121.1699,110.8502,65.0672,15.955,66.22,52.7974,23.6554,36.6329,132.4794,78.927,73.22,57.07,26.5903,294.5,160.9859,101.8385,94.2764,187.842,61.1884,88.5415,38.9809,26.5644,78.2811,56.6302,310.0482,9.8426,337.8915,106.8791,49.3514,624.2235,113.4613,189.1947,107.717,163.6052,34.9254,107.0807,41.7302,130.1101,347.6132,401.9833,70.7873
2023-04-04,92.2071,46.9617,13.4628,309.07,27.1696,9.8984,52.6193,226.836,97.1937,296.5405,79.0868,27.0274,530.7324,157.121,24.6327,301.2007,103.8784,41.4952,65.4967,23.6323,68.0481,173.5693,375.183,30.7872,119.5501,108.9258,64.3844,15.7231,65.2189,52.3147,22.9475,34.7492,131.7307,76.808,72.51,55.7024,26.0229,288.6921,160.6793,102.4375,94.0474,188.4835,60.4786,86.6765,38.7141,25.6584,74.8167,56.7677,311.7789,9.6752,338.0281,105.475,47.849,617.3857,112.2579,188.0211,106.6988,160.1297,34.0828,105.0559,41.2958,130.7676,344.3575,395.9061,70.6242
2023-04-05,90.4991,47.3101,13.3861,310.39,27.2291,9.755,52.4846,228.6083,96.3061,295.4771,79.5777,26.6257,519.1511,156.2673,25.4505,300.1552,104.2813,41.2071,66.1028,23.5791,68.9327,175.5024,323.0118,30.8311,119.7284,107.6843,65.0482,15.7059,65.3983,53.4258,23.0909,34.6537,133.7864,75.9025,69.33,55.7123,25.7067,287.019,161.1392,102.6114,92.9217,189.8054,60.9991,86.3112,38.863,25.1746,75.0102,57.7991,314.4288,9.7281,336.2619,105.682,46.7676,614.51,113.4326,188.531,108.311,161.725,34.1569,105.8873,41.4806,131.135,348.6216,388.4376,71.1394
2023-04-06,90.5849,48.1011,13.4798,312.51,27.8414,10.0503,52.8117,229.2571,95.981,291.3501,78.8414,26.7378,514.5996,154.0845,26.1261,300.9674,104.8155,41.2882,66.4194,23.5703,69.4525,175.4215,328.3198,31.3931,119.597,108.0834,65.3802,15.7661,65.9744,53.7992,23.3687,35.8343,134.5722,76.2376,69.23,55.8709,25.8927,285.8939,162.2697,104.5724,92.5592,191.8368,61.0937,85.8978,39.1422,25.5704,75.7288,58.0938,314.9079,9.8603,332.6124,105.826,47.2269,614.8472,113.0124,189.3101,108.6316,162.6366,35.0921,105.3884,41.4529,131.5218,347.7573,391.0849,71.586
2023-04-10,90.8617,48.1294,13.6162,312.62,28.207,10.2275,52.3115,227.359,97.141,288.4621,79.7595,26.906,509.5756,156.3255,26.5528,303.3572,104.3094,41.8824,67.1974,23.5791,70.5194,173.2995,321.0608,31.2701,119.9911,108.3672,65.1051,15.809,66.2388,54.1726,23.5568,36.9454,136.1345,76.0655,69.16,55.9403,25.9857,290.4518,161.0721,102.7659,93.6563,190.1261,61.4817,87.734,39.0739,25.764,75.176,57.3866,312.8545,9.9572,330.6315,105.718,49.495,618.0507,114.0343,188.5695,109.4707,163.9471,35.768,105.7895,41.8041,128.7854,350.3023,390.0415,72.2644
2023-04-11,93.9247,48.2141,13.9059,313.7,28.6577,10.3372,52.2826,229.3636,99.2237,292.033,81.7594,27.8869,510.7617,156.9949,26.7661,305.607,104.0096,42.4946,68.3554,24.0665,71.6593,172.2565,323.6143,31.1999,120.5822,108.4647,65.4465,15.8863,66.6638,54.7555,23.7719,37.7093,135.7873,77.0525,68.18,56.3664,26.7019,294.1154,162.0972,102.5244,95.7838,191.273,62.182,89.0511,39.1422,25.8695,76.8437,57.8679,313.7834,10.0453,333.637,106.3841,49.4854,627.2865,114.168,190.5414,109.4612,164.8017,36.4531,105.0265,42.2755,129.5299,348.8906,392.312,73.3464
2023-04-12,91.3102,48.3271,13.744,314.55,28.2411,10.1685,52.8021,229.7123,97.0267,290.9208,80.8231,27.588,511.8803,154.5308,26.9261,308.2862,103.4848,42.2425,68.1473,23.4108,71.3219,172.4004,322.8683,31.0857,120.5634,106.1502,66.6035,15.7403,66.8999,54.6554,23.6464,37.4229,135.3579,77.3966,66.52,56.079,26.488,293.2403,162.9403,103.4518,94.5912,192.7115,62.4375,88.5223,38.9809,25.8431,76.1158,57.4455,314.6244,9.9748,334.4957,104.7189,49.6864,623.8114,111.9045,191.6477,109.4424,165.0771,36.2865,104.9874,42.3587,130.0714,351.1187,397.7901,72.8569
2023-04-13,91.4915,48.6097,14.17,318.05,28.7768,10.371,53.4466,229.4217,98.8458,296.5015,81.1049,27.8122,523.2398,157.4509,27.6906,310.0505,103.5972,42.5846,67.9121,23.8538,71.8691,170.7729,325.6514,31.0682,121.0231,107.6666,66.8596,15.7918,66.8905,54.4459,23.8077,38.6121,126.2762,77.5959,67.67,56.1979,26.5624,296.5097,165.1629,103.8575,95.8696,194.1014,62.7403,89.2722,38.8692,25.9927,77.6822,57.917,317.7827,9.9836,339.4528,104.9079,49.2749,628.2701,112.8596,192.5038,107.585,164.4693,36.7217,104.8113,42.7006,130.6999,348.3527,403.1427,72.8827
2023-04-14,92.1594,48.4402,14.3916,319.74,28.2751,10.2022,53.0618,229.9641,99.5401,294.96,79.9232,27.8402,520.7519,158.3434,26.6239,314.5221,100.0269,44.6193,68.6539,23.7032,72.9816,171.2675,321.3477,30.7081,130.1616,108.0568,66.6225,15.8949,64.2556,55.2109,23.6912,37.5878,124.12,78.5195,67.65,55.7322,27.4552,297.5385,165.9101,103.8575,96.5184,194.8304,62.6551,89.974,38.1372,25.5968,78.6128,57.7304,317.284,10.0541,339.443,104.9439,48.5858,647.566,110.8921,188.329,105.7182,159.8828,36.7031,104.9385,42.8485,132.2373,344.9818,399.964,73.4924
2023-04-17,93.3522,48.8922,14.6472,323.79,29.134,10.3879,53.6486,230.458,100.0058,295.9747,77.9233,27.9897,518.3797,158.8187,27.4951,317.0986,100.7578,44.7363,69.7214,23.7918,66.2789,172.7421,325.355,31.2526,131.1936,112.3126,67.2864,16.2641,65.5306,56.0488,24.4798,39.0896,126.4589,80.8558,68.75,56.6835,28.2458,299.6348,166.8586,104.3212,97.9399,197.513,62.9958,92.1659,38.77,26.67,80.3726,58.752,322.4958,10.3185,340.5652,113.1079,50.4998,654.151,113.6809,190.6665,108.3204,162.6461,38.2402,106.5622,40.8799,133.0012,349.39,402.3504,74.7806
2023-04-18,93.085,49.4007,14.8346,324.63,28.7853,10.2022,53.4947,230.8841,99.6719,297.8967,78.1687,28.2606,525.0237,159.4881,27.0773,311.7122,101.0577,45.0875,69.64,23.907,68.3034,172.0767,322.151,30.9013,132.6667,112.0163,68.5192,16.058,66.1161,55.8394,24.3454,38.751,126.6325,81.3629,68.7,56.9907,28.4225,303.5003,167.5484,103.8382,98.8653,200.8274,63.2986,93.0792,39.0429,26.7755,84.307,59.2824,324.5102,10.2215,343.6487,113.1709,51.6769,650.0951,111.9809,194.014,107.6133,163.3298,38.7679,107.2959,41.4899,132.6628,355.0082,402.8529,74.7119
2023-04-19,94.7549,50.0693,14.8858,323.09,29.5847,10.4469,55.1781,230.3417,99.1007,295.76,79.0777,28.7651,526.0073,160.0217,29.0863,314.4941,101.5075,45.3756,69.7576,24.0399,68.6591,172.8769,321.166,31.6214,132.4978,115.2576,68.4054,16.5046,66.7677,56.2947,25.107,40.8778,126.9157,81.9062,69.01,56.9709,27.9575,303.8272,166.2742,104.6593,100.8973,198.4267,63.346,93.1465,38.9747,26.8283,85.2744,59.3217,321.7723,10.433,343.5121,116.6633,53.1602,651.2285,113.5663,196.7171,109.8478,173.367,39.1105,107.335,41.8133,133.417,359.5125,402.4374,75.4418
2023-04-20,92.8178,49.2877,14.6557,323.82,28.4707,10.16,54.3412,233.8668,98.547,295.36,78.0505,27.8963,527.0681,158.4016,27.664,316.1931,100.1955,44.4752,68.7444,23.8272,68.3855,171.1506,318.1916,30.5237,132.1131,112.7705,68.4623,16.2212,66.5222,55.384,24.9457,39.758,126.4406,81.8881,66.74,56.6042,27.8087,303.6253,172.1564,104.099,100.344,202.0521,62.9106,92.4639,39.3034,25.5616,84.7124,59.7736,325.6835,10.248,344.3708,112.3428,51.6769,652.2963,111.6753,196.1976,110.668,170.2239,38.5827,107.3057,41.4436,134.1325,360.7226,402.6016,74.231
2023-04-21,92.169,48.5437,14.5449,324.33,26.7614,9.7803,54.8029,233.6441,98.3888,296.1991,77.5415,27.7655,525.1587,158.8866,26.0905,318.947,99.1272,44.1421,67.9845,23.65,67.1453,170.5931,312.7497,29.4349,131.8598,110.7773,67.9787,15.7661,65.6722,54.8011,24.6231,37.9611,125.1889,82.513,67.02,55.9304,27.7807,302.0291,172.4151,104.669,100.6684,201.9452,62.4375,92.0601,35.6808,25.3329,82.4181,60.3138,326.2018,10.0805,343.2096,111.6947,51.4855,637.8337,111.9809,193.5331,109.1595,170.4518,38.1846,105.2711,40.7135,134.8964,355.9398,407.2199,73.6041
2023-04-24,91.9304,48.798,14.3575,326.05,27.059,9.3921,54.4278,232.6757,98.8634,295.282,78.296,27.6347,525.1684,155.7919,25.1305,321.0941,98.9211,44.1421,68.5182,23.9158,66.9994,168.3363,306.208,28.7938,132.038,111.5764,68.7658,15.7145,65.9933,55.0197,24.2468,37.0149,123.7088,81.6799,65.82,56.1186,27.6784,300.8848,171.7445,104.2633,99.6857,201.605,62.5321,91.839,35.9041,25.157,81.6534,59.9799,324.2266,9.8691,339.2479,112.0638,50.8347,631.511,111.9332,192.9367,109.2727,170.1004,38.379,104.9678,40.5286,135.0994,356.5833,407.9156,73.7415
2023-04-25,90.604,47.9787,14.3149,324.34,25.877,8.8436,53.1676,232.0268,96.0952,298.9894,71.0509,27.2236,454.3308,151.4555,23.7615,316.9119,97.0375,43.1248,66.1842,23.2513,64.4004,168.8488,301.9903,27.8981,129.167,111.0646,68.8417,15.2938,65.2472,53.9267,22.9923,35.3395,123.2246,79.742,62.38,55.6033,26.8228,278.8649,170.3362,102.7273,97.1003,201.3815,62.2388,87.8398,35.749,25.3945,79.6355,61.8954,323.0532,9.64,336.8571,108.0223,48.8346,617.9477,111.341,193.5235,108.3393,168.3817,37.5457,103.9016,39.2716,134.4999,355.3444,398.1283,72.0325
2023-04-26,90.0983,47.8469,14.4342,320.53,26.0216,8.9111,52.071,230.2643,95.3043,297.4967,69.5237,27.2236,441.8624,151.0674,23.4593,314.186,95.3975,42.1885,66.0214,23.1892,63.6708,166.2773,296.9979,27.6786,126.8777,114.7907,68.5572,15.2165,64.6617,53.6626,22.9207,35.2613,122.2835,80.0861,63.22,55.197,26.4508,281.2688,168.8704,101.0561,96.5279,199.6805,61.8792,88.6377,35.5815,25.6496,78.6036,61.7087,320.1002,9.543,331.8415,108.5803,48.4231,609.4799,111.3124,190.8204,107.5379,167.7075,36.5365,103.0115,38.6247,133.1075,354.3264,387.8193,71.878
2023-04-27,91.5964,49.0993,14.6813,326.23,26.6849,9.2402,52.7347,218.6818,97.3958,303.8189,70.0237,27.4198,447.7157,153.7159,23.6282,318.891,97.0937,42.3415,67.5412,23.588,64.9019,165.8097,299.5037,28.6006,128.5853,114.9433,70.0651,15.4569,66.0216,54.9286,23.1536,35.8777,123.0784,81.7342,63.83,56.3466,26.8693,290.7883,171.9169,103.7706,97.3007,203.1893,65.7401,85.9363,35.8545,26.4677,80.2897,62.9071,325.4782,9.825,346.9762,111.6947,49.5045,620.7297,114.5691,191.4553,108.6598,171.164,36.7217,104.958,39.1748,133.6297,359.0611,396.2829,73.501
2023-04-28,92.8465,49.9468,14.5961,328.55,27.7053,9.5018,53.2638,224.289,98.714,305.4971,71.0509,27.5693,465.2274,156.5195,24.766,320.6087,99.7457,42.8421,67.5683,23.8184,65.8959,167.0325,304.4865,30.1022,129.7018,116.9455,71.1936,15.6802,67.0416,55.8576,23.4762,37.6486,124.6225,82.1772,63.48,57.0501,27.232,293.3942,172.6259,105.2293,98.7126,202.2271,66.0997,87.0322,36.5492,27.2153,83.0969,63.251,318.5571,9.8691,353.8069,113.2339,49.9926,628.7103,117.5967,193.889,109.1407,172.0091,36.805,106.1514,39.7157,135.0801,363.0275,397.7612,74.7119
2023-05-01,88.9055,49.9939,14.2978,330.17,26.8039,9.0461,52.956,225.8773,97.8176,305.6532,70.0237,27.1832,465.7867,154.5599,23.8415,317.9294,98.7055,43.0059,66.926,23.1538,65.2302,167.8058,303.4536,28.9255,132.479,109.5382,71.9808,15.3195,67.3154,55.7938,23.1357,36.8933,124.1565,80.3139,65.18,59.587,27.0088,290.9518,173.8905,104.9298,95.0301,204.6181,66.5823,86.292,37.0517,25.3505,82.5574,64.6655,316.8427,9.684,353.8752,109.5345,49.5811,621.0013,117.5203,194.4469,109.235,172.5979,37.3976,106.6307,39.2961,133.7457,365.2748,397.2201,74.1193
2023-05-02,85.4512,48.9016,13.9911,325.86,24.763,8.1938,52.2056,220.3088,93.1952,298.326,67.8238,25.931,451.7657,148.6712,21.2636,311.2081,97.1218,41.8682,64.4925,22.3474,64.0994,166.8167,305.156,26.8971,130.3398,106.9704,72.104,14.2977,66.5883,54.1271,21.9619,32.3099,117.231,78.8159,63.46,58.4871,26.1904,282.8938,171.9648,103.4711,90.8419,204.2099,64.9547,83.206,36.2267,24.0384,78.7528,63.7716,314.3741,9.076,347.4056,105.673,47.9447,610.2199,115.3905,192.8693,105.9634,171.4299,35.9624,105.1243,38.8018,134.1422,366.8691,384.6116,71.7406
2023-05-03,84.0008,48.3554,14.0252,323.22,23.9211,8.0419,51.5226,219.0111,92.9404,292.9209,66.542,26.091,449.1428,147.6623,20.1435,306.8019,97.8715,41.5679,63.3889,22.2766,62.8501,163.0404,285.5404,26.1682,127.5814,104.7347,71.7152,14.0057,65.4833,53.4714,21.4691,30.8862,114.2525,77.4093,62.61,57.8925,25.9113,277.7302,170.4128,101.2686,91.3762,203.2671,63.7434,81.0814,36.0406,23.4046,77.2365,63.5555,313.8157,8.8733,341.502,103.3417,45.9637,601.7428,126.0967,190.2528,105.1243,170.1194,35.7865,103.9016,38.0372,133.736,361.1451,380.3315,69.8685
2023-05-04,81.7106,46.9711,13.6673,320.0,22.2884,7.5356,51.7439,217.2098,92.8613,292.355,65.0876,25.1965,445.0735,144.3639,17.7167,299.9031,97.4686,40.867,62.6832,22.2411,60.9715,165.3781,284.1345,25.4482,125.8363,102.0322,69.1546,13.5248,64.4256,49.2818,20.8239,27.0927,115.2118,75.4547,57.2,57.5555,25.1022,271.1819,169.8763,103.1234,88.1898,204.9194,63.2324,80.2354,35.9537,22.1817,75.0784,62.9759,314.1683,8.3182,339.1015,102.3246,45.3321,591.6734,124.5018,188.0308,107.5002,170.1099,34.2654,103.5397,37.3751,132.5371,356.833,381.6455,67.9363
2023-05-05,83.9817,50.6531,14.1189,323.88,24.3973,8.2951,52.8309,220.6284,94.4431,297.2235,66.3875,25.7426,456.7415,148.0892,21.1213,305.2802,98.6212,42.1595,64.6915,22.631,62.4671,166.4571,287.2332,26.9937,128.2945,104.3127,70.947,14.2032,65.8517,49.7827,22.3293,31.6328,118.3365,77.5281,56.7,58.0907,25.7718,281.3366,171.8307,104.6304,91.5479,207.8256,63.9611,82.8695,36.3817,23.601,76.4272,64.275,321.7115,8.6795,345.6199,106.7351,47.1217,603.6818,125.0557,191.3591,109.1124,173.1106,35.4039,105.9264,38.3915,132.0633,360.5305,392.1187,70.461
2023-05-08,84.9932,50.6154,14.0499,326.14,24.4484,8.1685,52.8309,221.9648,93.4501,298.4919,66.3784,25.7991,455.999,148.4675,21.5658,304.8041,99.3334,42.1959,64.592,22.4715,62.9869,166.9606,286.4298,26.1155,128.6041,105.04,72.2084,14.083,66.5222,49.3689,21.8723,31.381,122.5119,77.117,58.63,58.2789,25.7532,283.7618,172.6355,103.5774,92.3874,209.2835,64.0084,82.8118,36.419,22.994,75.5063,64.708,325.7574,8.5914,346.5859,104.6199,45.5809,602.4266,125.7338,192.0613,109.4801,173.367,35.8145,105.9264,38.6993,131.9569,368.0407,389.0463,70.9076
2023-05-09,84.9359,50.0033,13.9637,324.87,24.3208,8.2023,52.4846,221.6452,92.4131,298.4821,65.5784,25.8556,455.9894,148.7974,21.708,303.1798,98.8836,42.3415,63.7869,22.2588,62.9048,166.0075,287.3885,26.2648,127.9849,103.8818,72.6541,13.9971,66.5316,48.5414,22.1053,31.5026,123.9829,77.0622,57.81,58.0907,25.7253,283.5685,171.8499,102.6017,92.2443,210.0222,63.8002,83.0137,36.5678,23.2529,75.9342,64.5309,328.0987,8.6354,346.6737,105.0699,45.8776,595.3358,124.7023,193.812,111.6486,174.4875,35.9638,106.2981,38.7366,131.5605,367.7046,388.4087,69.9887
2023-05-10,83.0561,49.5419,13.7394,322.99,23.7255,7.8647,53.1003,220.8705,93.0151,303.0189,64.9148,25.5355,459.0751,144.2378,21.1124,301.1074,97.9277,42.205,63.3798,22.1525,62.4671,166.6189,288.7403,25.8609,128.0505,102.3285,73.2326,13.8168,65.9933,47.6495,21.72,30.4175,122.7769,76.4685,58.52,57.9618,25.4091,281.0274,172.942,104.8042,90.966,211.2275,63.1378,82.2927,36.5926,22.6727,76.8179,64.5506,326.9624,8.4416,353.4165,103.3867,45.5044,589.3503,123.4034,192.8405,110.9415,173.9273,35.7212,105.4373,38.2517,133.8714,370.6914,390.7081,69.0011
2023-05-11,83.4187,49.7303,13.2823,322.64,23.249,7.6706,53.1195,221.132,93.1952,301.4286,64.1058,25.8085,454.9263,143.5684,20.1613,299.399,97.4123,41.8955,62.1676,21.7272,61.7649,164.9735,287.8487,25.3955,127.6471,101.1882,73.318,13.3273,65.9839,47.1069,21.2003,28.3601,122.3749,75.4729,57.54,57.8727,25.4742,280.7569,172.7983,104.5338,91.4239,210.7318,63.0904,81.7543,36.5244,22.1371,77.4691,64.6194,328.3926,8.1772,351.5723,101.9375,45.918,601.3775,123.5085,193.7255,111.5637,173.5949,35.7678,105.4765,37.9346,134.4419,371.7671,386.7275,69.1385
2023-05-12,82.9575,49.4289,13.127,322.49,23.6562,7.5863,53.0425,222.0616,92.5449,302.1701,63.5695,25.4978,454.1816,143.5102,19.939,298.2601,97.0562,41.3676,61.0549,21.7006,60.6797,166.2953,286.8708,25.5799,125.8175,100.1826,72.9291,13.5162,65.6533,46.1782,21.1644,27.7525,121.9089,75.2537,57.59,57.9817,25.1952,283.4139,173.6126,104.9008,90.8515,212.491,62.5605,81.1487,36.5492,22.1371,77.0784,64.6391,329.3233,8.1772,350.6453,100.2993,47.0821,604.2625,123.7568,192.6481,111.4977,172.9112,34.984,104.7624,37.4404,134.1905,370.5954,384.8822,67.7903
2023-05-15,85.6286,49.476,13.1184,323.53,24.1501,8.0926,53.0714,222.4974,93.4061,303.5067,64.3967,26.3358,448.3113,145.5183,21.628,300.6593,97.4686,41.9137,62.1947,21.7183,62.0111,165.7738,281.4446,26.0365,126.8777,102.0591,71.2221,13.8769,66.305,46.4173,21.702,29.7751,120.6024,75.7652,59.7,57.8528,25.716,288.7667,173.9671,106.1277,92.5783,211.7232,62.5416,83.2733,36.6112,23.0029,77.3295,64.8261,327.6285,8.424,352.7335,103.4137,49.0062,603.9347,124.7883,192.4365,111.1866,173.5949,36.1784,105.2319,37.9533,134.4226,368.0696,382.631,68.1853
2023-05-16,87.3869,49.2594,12.92,323.75,23.5436,7.9069,52.4654,220.2119,91.4816,299.9456,63.3149,26.2511,441.9477,143.9759,21.1213,299.4831,95.4163,41.2129,60.8468,21.2841,60.7891,163.2742,279.4217,25.1847,126.0239,100.1916,70.672,13.6364,65.6722,45.1668,21.3078,29.4365,118.5558,74.7696,58.49,57.3078,25.4463,284.4671,172.5205,105.2969,91.8818,210.9262,62.0559,82.4177,36.1398,22.3602,74.79,64.6687,324.1998,8.3535,349.9719,101.6675,48.1884,593.706,123.6518,192.0036,110.1306,172.3605,35.8238,103.9701,36.9928,133.4653,363.4117,375.3944,67.0174
2023-05-17,90.9804,50.606,13.1184,327.39,25.06,8.5905,52.8405,219.6793,92.6592,301.9457,65.5512,27.0797,446.0966,147.5459,23.6722,308.2302,96.2316,42.8512,62.7737,21.674,62.4306,164.1014,277.6961,26.739,129.8989,107.0691,69.2684,14.478,66.3805,47.5391,22.6429,33.0651,124.8052,76.6421,60.76,57.7141,26.5717,290.9599,170.6236,104.9105,94.057,209.0017,63.0368,83.9462,35.6249,23.5474,77.8784,64.3242,315.6672,8.8469,352.2065,107.9953,49.8528,609.4518,124.2343,191.3591,112.1954,172.5219,37.7554,105.5743,37.916,132.0536,354.384,380.9209,69.628
2023-05-18,95.3425,51.1428,13.2219,329.76,25.8572,8.4807,53.1195,220.3185,94.6364,307.2665,66.2602,28.2472,456.7154,148.8944,24.64,307.67,99.0804,42.2232,63.1989,21.8601,62.9778,163.472,276.1334,26.7741,130.884,107.8772,71.4117,14.5896,67.4099,47.7046,22.5533,33.6728,124.3575,77.1718,61.64,58.3384,26.4787,293.4334,171.8403,104.8622,95.9841,208.4865,63.7225,85.6382,35.6932,23.5117,77.404,65.2198,317.6264,9.0143,354.9973,110.3086,49.7854,626.9587,125.8675,193.004,112.0917,174.0982,37.5222,106.5133,38.3076,132.7111,362.5473,380.2349,70.753
2023-05-19,94.0934,50.7096,13.1443,330.39,25.7359,8.2867,53.2157,222.42,93.6873,308.1272,65.633,28.2661,454.3847,148.3802,24.2149,304.4681,98.3588,41.6043,62.8008,21.7006,62.0111,163.481,272.8355,26.4404,130.5838,106.3778,72.0946,14.478,67.2682,47.4288,22.4906,33.2821,123.3982,75.1167,61.55,58.269,26.1439,293.5976,172.9612,104.3599,96.1081,210.0125,63.6939,86.7438,35.7614,23.3689,77.283,65.3084,320.4576,8.9615,356.5781,109.4625,49.7085,624.4952,123.1838,193.5235,111.0452,174.4591,37.3542,105.9167,38.1304,134.3742,361.5581,382.7856,70.4524
2023-05-22,95.5539,50.8132,13.1012,329.13,26.4984,8.6748,53.3504,222.6911,93.8895,314.3381,66.3875,28.5768,456.8798,150.8637,25.4089,303.3198,97.8621,41.6771,63.4884,21.8069,62.4671,163.5799,274.7625,27.1429,129.5048,108.1196,69.7047,15.0361,66.9755,48.1552,22.8042,34.4367,123.919,75.1441,63.4,58.1501,26.3578,293.7329,172.1756,105.4708,96.4134,208.574,63.4082,87.1283,36.208,24.2705,79.0784,64.6687,319.0371,9.2787,363.3405,110.9566,49.9971,628.8883,123.3652,190.6569,111.3374,171.9711,38.2407,106.0145,38.4661,134.674,347.1715,384.7759,71.5076
2023-05-23,98.1673,52.5176,12.989,323.11,26.6457,8.8267,52.3307,214.4207,93.1689,305.9363,66.3148,28.8781,444.9651,148.0019,26.5848,302.0596,96.2503,41.7863,63.7688,21.5943,62.3485,161.0173,266.9874,27.3449,128.1537,109.0803,69.3917,15.1735,67.1171,47.6678,23.2253,35.1398,121.8358,75.4821,62.88,57.4458,26.581,290.2449,167.0789,104.2246,97.2148,200.8177,62.894,86.8303,35.8296,24.8774,77.8877,62.1984,307.9967,9.2787,353.4263,111.6047,50.7859,619.6525,123.5467,188.9638,109.6121,170.2714,38.4553,105.1048,38.3636,131.0673,350.552,375.8775,71.3245
2023-05-24,95.5923,51.3876,12.7475,320.2,26.3425,8.6073,51.8112,213.6557,91.218,302.2587,64.8603,28.3037,442.1508,146.2168,26.2049,298.5495,94.1137,40.4939,61.9776,21.3373,61.1266,161.9075,264.7441,27.0551,126.981,107.967,68.064,14.9674,65.8611,46.2058,22.7146,34.4367,120.1456,74.1851,61.49,56.7117,26.1346,283.1241,165.7856,102.9591,95.5049,199.3306,61.4845,86.0228,35.2403,24.0384,77.3575,62.0902,305.6553,9.1289,347.5812,109.3544,50.1029,613.5358,120.3472,186.684,106.9156,167.1187,38.138,103.6473,37.6922,131.048,347.1138,371.5684,69.3449
2023-05-25,96.0055,50.5495,12.6785,319.02,26.4551,8.5314,51.1571,212.6582,91.4728,302.8846,65.2512,28.2472,451.1642,146.5661,25.617,302.349,92.2957,40.2572,61.5253,21.4968,61.7831,159.1651,263.2965,26.7917,127.2906,106.8357,68.6425,14.9245,64.8317,48.523,22.4458,34.02,117.7975,75.8109,61.64,56.5233,26.1997,295.3561,165.9485,101.5391,95.9468,198.5919,61.5321,88.8972,34.7999,23.967,77.7016,62.0902,304.852,9.1818,350.5356,108.9944,52.1809,618.7064,119.5259,183.3365,104.6906,164.9157,38.166,103.1484,37.6549,129.4235,345.6925,372.0418,69.8246
2023-05-26,98.8207,50.9168,12.8424,320.6,26.6024,8.5228,52.1575,214.043,93.7049,306.1417,66.0148,29.0946,460.1776,152.542,25.9245,309.9385,92.1364,40.594,61.67,21.8069,62.4397,158.8504,267.7448,26.9322,128.4821,106.6471,67.3338,15.268,64.8601,47.6403,22.6339,33.8464,117.3955,76.6329,62.5,56.6522,26.3299,298.6798,165.958,101.5874,98.3291,198.0962,61.4178,89.5606,34.8309,24.1098,79.7202,61.8737,304.3426,9.2699,352.9422,111.2537,51.6325,629.7407,119.8428,182.8555,103.2669,163.6052,38.474,102.943,38.0279,129.3462,336.1942,375.2978,69.8856
2023-05-30,100.6078,51.5289,12.782,322.19,26.9404,8.5572,52.8598,214.3045,95.5504,306.6698,66.5238,29.4054,455.903,153.289,26.1506,307.3807,92.6612,40.685,61.9052,21.8955,63.224,160.2261,267.3997,26.9234,128.97,106.71,67.5235,15.3625,64.9923,47.4931,22.8042,32.6311,117.0117,76.1945,61.7,56.9399,26.2834,298.989,167.0023,100.8532,99.2513,197.8143,62.1321,90.4258,35.2527,24.2526,80.3714,61.9819,305.5084,9.3668,356.4151,112.7209,51.7961,630.9396,119.3626,182.8651,104.3323,164.5548,38.2407,102.8452,37.9439,128.4145,337.4907,377.6224,70.7925
2023-05-31,100.1274,49.7491,12.4026,321.08,26.4031,8.0488,53.2446,211.9415,94.1707,309.9367,65.3784,29.1511,455.052,153.8226,24.6853,304.67,90.4309,40.3391,59.7775,21.2753,62.0294,160.7206,261.1586,26.256,127.3281,103.9985,66.1009,14.8301,65.116,45.5621,21.7468,31.3376,116.8655,74.6783,61.85,55.5511,25.8462,288.3802,165.9101,102.3505,98.6942,194.7138,61.1511,86.8592,34.5394,23.0119,79.6644,61.3422,302.0111,9.0848,359.4477,108.3823,50.6897,615.9244,115.2424,178.7288,102.2487,160.709,37.1489,100.928,37.487,128.5212,326.5519,372.8084,68.6211
2023-06-01,102.0779,50.606,12.713,323.12,26.8277,8.2901,52.9367,213.2683,95.2428,316.5779,66.3966,29.7067,451.6091,157.8583,25.029,297.6152,91.04,40.8124,61.1655,21.6386,63.4064,161.8625,265.8754,26.8005,129.0826,107.5091,66.0725,15.082,65.4676,46.3253,22.2128,33.1432,117.2493,74.9614,62.42,55.938,26.0431,293.4624,167.0981,102.7563,101.1822,197.0042,61.6083,87.6186,35.3024,23.5564,81.0597,61.7556,305.6749,9.217,360.9738,110.3287,50.6994,626.4997,116.1164,180.5565,103.8077,162.6651,37.3822,101.5149,38.4661,129.6665,325.9853,378.0389,69.8769
2023-06-02,106.1614,51.9809,13.1615,329.48,27.7982,8.8588,54.1873,217.4422,97.4749,319.8251,68.3419,31.1096,463.0113,163.5238,26.2954,304.4348,94.2543,42.1595,63.4394,22.1702,65.2485,166.6099,269.8827,27.8718,131.7941,110.9568,67.2389,15.6901,67.0451,48.7069,23.2522,35.5305,118.3183,77.044,64.91,57.5549,26.915,302.6122,168.995,104.3116,104.7941,200.4642,63.4273,90.7046,35.7614,24.806,82.79,62.7791,307.4089,9.5959,367.8609,114.2307,52.306,638.6955,118.5462,185.0391,104.6442,166.3021,38.4833,104.7037,39.8556,131.2,329.5387,386.2915,72.4145
2023-06-05,104.7297,51.0674,13.2737,328.58,27.5036,8.7296,53.8891,216.6094,96.9213,321.5955,67.5874,30.7989,464.9938,162.4276,25.9788,302.704,94.2449,42.0867,62.4531,22.1879,65.4947,167.4821,262.5774,27.4152,130.4993,110.6875,67.6183,15.4643,66.4654,48.4127,22.84,35.0183,117.8888,76.4868,66.23,58.0013,26.7556,301.1919,169.7231,104.64,104.7461,201.0392,63.932,90.272,35.6187,24.5383,79.5528,62.6708,306.008,9.4902,369.8859,111.0473,52.3444,633.6654,118.2485,184.0387,104.0739,165.5804,37.7461,103.6571,39.6504,131.0835,328.9625,385.691,72.432
2023-06-06,107.6314,52.6683,13.6187,333.41,28.6388,9.1518,54.9568,217.1517,98.4416,323.4441,68.6874,31.8158,461.5413,166.6864,27.2452,307.3978,94.7978,42.9786,63.9508,22.8082,67.7107,165.7558,255.3297,28.6533,130.7339,113.4708,67.5235,15.9073,67.0832,49.1023,23.9959,37.5184,118.5924,78.4232,66.25,58.16,27.4024,302.39,169.0525,104.7559,107.9065,200.1328,64.4463,91.2237,35.6994,25.5291,81.3016,62.7791,306.0178,9.9307,370.9424,115.6041,52.5368,641.5618,119.9965,184.3273,104.5587,166.1311,38.502,104.4103,40.4804,127.8418,335.666,385.1195,73.1906
2023-06-07,109.0919,53.4217,13.748,335.42,29.0114,9.4965,54.8799,217.4229,99.3555,320.3044,68.8874,32.2018,456.9475,166.4245,28.4844,315.8164,96.3534,43.6977,65.0831,23.269,68.0572,164.1373,260.3437,29.2065,132.0005,114.5303,67.5709,16.2288,68.2045,50.4356,24.3005,38.0566,119.5426,79.0077,64.29,59.2413,27.6368,306.419,167.5484,104.64,108.6462,198.973,65.1415,93.1272,35.7924,25.895,81.2086,62.4346,305.91,10.0629,366.0609,118.2146,53.5181,639.9671,121.3123,185.2604,106.6786,166.9193,39.2578,105.8188,40.7601,129.1133,335.1282,385.0614,74.7865
2023-06-08,107.2567,53.3275,13.8602,335.95,28.7254,9.4621,55.4763,218.9917,100.0673,325.9382,68.364,31.797,465.0519,166.0267,28.9502,315.553,95.2851,43.7796,64.6813,23.1715,67.0541,167.7557,265.0125,29.0309,132.038,115.6975,67.3243,16.1245,67.4728,49.4333,24.1661,37.718,119.7618,78.8342,64.25,58.8445,27.4024,303.878,168.9087,106.8426,109.1169,199.6455,64.9606,91.7813,35.5443,25.7344,82.4737,62.848,306.5174,9.8691,373.8577,116.9776,52.9409,642.1845,120.7552,184.308,106.3839,167.0434,39.5378,105.2515,40.8907,131.6464,328.1173,390.7859,73.9842
2023-06-09,107.1222,53.5629,13.9205,335.29,28.2748,9.2036,55.6302,218.5753,100.5946,328.1291,68.7037,31.7216,458.2628,166.5894,27.9236,316.0704,95.5194,43.9616,65.1927,23.3665,67.4006,167.2039,265.2234,28.8553,132.3008,115.7604,67.7511,16.0463,67.7769,49.5345,23.6644,36.5287,119.5974,78.7429,63.44,58.8644,27.4399,303.7234,170.7673,106.2243,109.6452,201.624,65.6844,91.9832,35.4761,25.297,82.0365,63.0153,307.9183,9.6488,375.6577,115.4404,52.912,645.789,120.5536,183.8752,106.4314,167.7024,39.3138,105.5743,41.4315,134.3543,330.9409,385.1001,73.7313
2023-06-12,107.4489,52.9414,13.7653,333.6,27.6856,8.8071,49.06,218.0427,97.2464,328.2367,67.5653,31.7687,458.5819,168.452,27.3537,319.3344,96.5689,44.0982,65.2475,23.393,66.6346,162.2377,259.1453,28.2406,132.2914,114.3956,66.8122,15.8378,67.8909,49.6632,23.2253,35.6173,119.4055,79.8663,65.47,58.408,27.3087,302.0712,171.1122,104.8139,110.2985,202.9592,65.4653,91.1084,35.4513,24.4668,83.6179,63.2908,311.5821,9.6576,376.8904,114.0124,51.9211,643.883,120.6592,183.298,106.8021,166.9097,39.0339,105.8971,40.7694,131.4814,325.265,387.7154,73.7836
2023-06-13,109.1976,53.3275,14.231,336.39,28.0755,9.0312,49.1177,219.0498,98.2834,331.3764,68.6303,32.1453,464.2008,169.9072,26.9286,322.1657,96.4471,44.3166,66.9917,23.9158,67.5465,160.7813,256.9115,28.7148,133.2484,115.6975,66.926,16.029,68.1095,50.7298,23.8705,37.8916,120.31,80.6336,67.34,58.7751,27.5618,306.8732,169.9243,105.2873,113.0842,203.4661,66.0939,93.5599,35.4513,25.1542,84.3434,63.4778,312.4246,9.9043,382.0752,115.2403,52.6715,650.2144,125.1636,184.587,107.8478,168.199,39.7991,107.247,41.1611,131.7726,332.708,393.6917,75.4231
2023-06-14,107.9293,52.5836,14.2828,335.9,27.4863,8.54,49.2139,221.1901,98.7454,333.2445,68.1712,31.5804,470.2065,169.2572,25.3818,318.3279,93.6826,43.907,66.0694,23.8538,66.7532,164.1916,264.7441,28.1879,132.7511,113.5965,66.4613,15.6467,67.1307,49.5988,23.2522,36.5592,115.9702,80.3595,66.06,57.6541,27.2993,308.1485,170.6236,107.3238,112.5271,204.4699,65.4844,94.4635,35.0729,24.1901,83.99,63.5762,316.3921,9.543,384.5503,110.8745,52.2867,653.3849,124.0015,181.6531,105.8991,165.7446,39.2672,104.6646,41.1891,134.7231,327.5987,398.0892,74.5946
2023-06-15,107.2759,53.664,14.576,339.82,27.9195,8.6865,50.4989,225.3253,101.8995,340.678,69.4474,31.4862,471.5121,168.617,26.214,319.5695,94.7968,44.1983,67.6675,24.1905,68.0754,164.8339,268.6364,29.2329,134.2523,115.6347,66.5277,15.916,67.5298,50.7206,23.978,37.8387,117.2767,81.3369,67.8,58.3684,27.5337,314.5834,172.9516,108.9821,112.6424,208.2126,66.4367,96.2997,36.2267,24.7168,86.1853,65.0033,324.3173,9.7398,391.2906,113.4849,53.4027,671.0677,123.6558,184.8227,105.0815,168.0558,39.5284,105.9558,41.8418,134.0146,330.6143,409.0635,75.6585
2023-06-16,105.7578,54.3085,14.4725,338.31,27.6423,8.5572,49.4845,227.5817,101.4464,334.3595,68.5936,30.9778,462.0151,167.0648,25.8974,318.2244,95.2689,43.8615,68.2884,23.8981,67.273,166.5435,265.7028,29.3734,134.4118,115.3474,67.4855,15.7423,68.3091,51.0333,23.7808,37.4328,118.7659,80.46,67.08,58.1005,27.3649,314.0133,173.5456,108.3032,110.7788,208.3587,66.1225,96.2228,36.7725,24.3329,84.7713,65.2001,322.6716,9.7666,386.6242,112.0205,52.3348,663.1321,126.2393,188.3788,105.6804,168.8007,39.3605,105.6525,41.6367,133.3158,338.3935,407.6978,75.894
2023-06-20,104.845,53.1522,14.2655,338.67,27.1657,8.4883,49.8709,225.2962,99.9093,332.7359,67.4,30.7989,458.1951,164.3484,25.1918,311.0851,93.4088,43.3336,66.6629,23.393,66.7167,165.259,263.1335,29.4875,133.7269,113.5427,67.1346,15.5251,67.0927,50.1322,23.9153,37.3357,118.3,79.2178,67.36,57.6244,27.065,311.2404,173.4498,108.7784,110.9805,206.273,64.5701,95.0596,36.2577,24.2794,84.2969,65.0033,322.2503,9.5878,383.3274,111.1473,51.8827,651.9695,124.2896,186.765,103.2468,167.6642,39.0899,104.4103,41.3663,132.8499,338.768,408.3177,74.1673
2023-06-21,104.038,53.5124,14.2397,338.61,27.2956,8.4797,48.8468,225.3737,97.9458,331.1221,66.9776,30.893,459.0365,162.9029,25.2823,305.7705,92.5213,43.1516,66.7908,23.1538,66.5981,164.273,255.8761,29.3558,133.5298,113.7222,68.064,15.3687,67.2637,50.1597,23.745,37.1504,119.3233,78.8616,65.71,57.7632,26.7837,310.4384,173.5743,107.8377,111.7202,207.5693,64.313,95.9921,36.5306,24.0473,82.9109,65.3477,323.132,9.5162,380.6567,111.1019,51.9211,650.1673,126.1433,187.3932,102.4103,167.4064,38.8659,104.5081,41.0305,132.4908,337.9133,410.0515,74.4638
2023-06-22,102.7216,53.048,13.955,336.96,26.5244,8.2384,47.871,227.9691,94.6762,328.4812,65.8759,30.7706,451.8315,163.2328,24.3958,300.6064,91.9925,42.4416,66.2246,22.5601,65.8503,164.7253,254.4764,28.3021,130.9591,110.8311,68.8606,14.8996,66.6175,49.5253,22.9744,36.0473,120.3831,77.181,64.61,57.7533,26.2118,309.7911,174.9539,107.3335,110.9325,207.4231,64.3225,94.4924,36.2701,23.2707,82.9202,64.9639,326.5999,9.2211,379.8056,106.9543,51.19,641.0522,126.0856,188.5721,102.6669,167.1389,38.3153,104.0777,40.3312,133.3643,339.4307,391.4639,73.8272
2023-06-23,102.4238,52.3371,13.8084,335.25,25.9959,8.0574,47.958,225.18,94.4718,329.8897,65.4444,30.7895,449.849,163.0485,24.0611,296.0256,90.3685,41.8864,66.115,22.6221,64.8107,164.3363,252.1372,27.9947,130.2742,110.463,68.671,14.7258,66.9691,49.0379,22.8848,35.8267,121.3059,76.3407,63.46,57.4359,26.015,306.3031,176.0173,107.7311,110.8748,207.0722,63.9416,93.4349,36.1769,22.7351,81.7109,65.3772,324.6798,9.1316,381.8796,105.3899,51.1515,642.0619,118.9112,186.7361,102.2202,165.907,37.8954,103.9603,39.9488,131.3455,331.9685,381.6809,73.1558
2023-06-26,102.0587,52.7636,13.9119,334.12,26.0738,8.0574,47.929,224.473,95.0849,327.4249,65.9034,30.6765,448.0115,162.1171,24.4953,293.8151,91.3316,42.0867,66.7177,22.8968,64.674,161.8216,251.9071,28.3811,130.5932,111.0915,67.5424,15.0472,66.8266,49.7092,23.2611,36.4886,120.5567,76.3498,64.27,57.8525,26.3337,309.1051,175.2988,106.8001,110.9036,205.2886,64.3606,94.1367,36.4565,22.8155,82.5853,65.3576,323.661,9.2568,378.6023,108.3914,51.3824,641.7977,121.3603,184.3588,103.5795,164.6368,37.8768,104.6842,40.126,129.8121,326.5039,383.2404,74.3243
2023-06-27,104.4415,53.5029,14.231,335.34,26.4205,8.1781,48.1319,225.732,97.0484,331.4057,66.4268,31.4203,449.7813,163.1649,24.6943,294.8404,91.7565,42.2323,68.0236,23.6146,66.1969,161.8759,248.6572,28.5831,130.6025,111.3429,67.4666,15.221,67.8339,50.5551,23.4583,37.1592,121.1963,77.117,65.8,58.4775,26.4743,315.0858,175.864,107.5177,112.7,206.7701,65.2368,96.6747,36.5,23.2796,84.9574,65.7611,326.8448,9.4268,382.5154,110.8017,53.1237,646.0155,120.0349,183.3635,103.2753,164.8278,38.1754,105.8775,40.8813,130.142,324.5159,387.7735,75.5713
2023-06-28,104.9796,53.5124,14.2828,334.15,26.4031,8.0229,47.9,225.364,98.1324,334.1052,66.1238,31.8723,448.0792,164.7074,24.5044,295.0379,90.2175,42.0776,67.6675,23.6412,65.7865,165.6661,247.2383,28.3811,130.0302,110.9389,67.9787,15.0907,66.7886,50.454,23.5927,37.1592,120.3192,76.7151,64.73,57.7533,26.315,314.3902,175.6341,108.342,112.7865,205.542,65.1225,98.0398,36.1209,22.9047,84.9202,65.7414,326.7958,9.4357,383.0144,110.6016,53.6624,646.5628,119.2378,178.6961,103.4845,160.7976,37.9048,105.1048,40.6202,130.5594,319.6851,383.066,75.2487
2023-06-29,104.9796,54.2138,14.4466,336.91,26.5504,8.0402,48.1609,226.0249,98.7809,336.9026,67.3449,32.0794,446.8703,166.9386,24.6762,303.908,91.2466,42.1322,69.0464,24.0175,66.6984,165.8651,251.1594,29.2012,134.5713,112.8423,69.259,15.3687,67.7864,51.6586,23.8195,37.8122,120.6663,77.8569,65.84,58.6362,26.8681,320.3806,178.1249,108.8851,113.2572,209.2262,65.8272,99.6549,36.7424,23.1458,86.3341,66.6173,335.1521,9.6504,387.2405,112.9755,54.9708,649.3841,119.5931,182.7354,103.7031,163.2997,39.6124,106.572,41.217,131.7629,326.2061,383.1338,76.6003
2023-06-30,105.0853,54.536,14.4984,341.0,26.2991,7.9626,48.1609,228.8922,99.5273,340.1009,68.0702,31.9382,453.8528,168.9953,24.2963,303.3907,91.8887,41.9046,69.2564,23.9369,67.3147,167.6109,250.6225,29.4507,136.4571,113.0848,70.985,15.4816,68.4421,51.9804,23.7832,37.3798,120.9404,78.003,66.97,58.904,26.8962,320.9313,180.1847,109.6609,112.2485,214.0019,66.4748,100.1665,37.0159,23.2796,86.483,67.749,338.1694,9.6414,392.1808,112.5662,54.5283,652.1488,120.7456,186.0789,103.6556,165.8497,39.8271,107.2274,41.5155,133.9466,328.319,388.0737,76.9317
2023-07-03,106.6994,54.9151,14.7744,342.0,27.2003,8.247,48.016,226.9288,100.629,338.8,69.1903,32.3713,457.2667,170.1983,25.4541,307.2191,92.8329,42.5418,69.9413,24.0982,68.3818,168.3979,251.3223,29.9321,137.5549,114.5034,70.1694,15.89,68.7082,52.67,24.2823,38.827,121.1414,78.9255,65.69,59.2413,27.3743,323.7526,177.6363,109.5154,113.4397,210.6979,66.8463,100.3499,37.0904,23.6724,88.1481,66.3516,331.7919,9.7845,388.2971,115.9225,55.5288,654.4511,120.8609,185.8277,105.053,165.3053,40.4989,108.0802,42.0283,133.3546,328.3286,381.1869,77.7427
2023-07-05,104.845,54.6971,14.5588,341.56,26.8537,8.2039,48.2285,225.4904,99.4295,339.3576,68.1253,31.7687,457.7502,170.3244,25.2913,301.0485,91.5771,42.5964,69.1742,23.7756,67.6367,166.3083,247.7081,29.8875,136.6385,113.4349,69.8185,15.751,68.4611,52.2103,24.0827,38.3858,120.0816,78.478,65.27,59.1917,27.2618,320.7767,178.2207,108.9142,111.7202,210.4737,66.5796,99.5584,37.0904,23.4314,86.4271,66.3516,331.5666,9.6504,390.9188,114.167,54.5379,653.7434,119.305,184.6874,104.6062,164.8278,40.5736,107.4725,41.4782,134.0049,326.1773,383.037,77.4201
2023-07-06,103.0579,54.5929,14.3431,341.46,26.7064,8.1264,47.33,224.7614,97.5637,334.7214,67.2439,31.4862,454.0172,166.4014,25.1285,294.4171,91.8131,41.3039,68.672,23.3185,67.0112,165.7656,240.2494,29.4062,135.2876,111.2262,70.0556,15.499,68.8032,52.1459,23.8831,37.7769,120.3925,76.1123,65.03,59.4794,26.5118,317.5303,177.8758,108.6135,111.0862,210.8343,66.3225,99.3846,37.0159,23.2707,85.5992,66.2827,330.2637,9.543,386.7709,113.976,53.8356,642.2317,119.7372,185.7407,103.3894,163.2233,40.023,108.7566,40.8627,132.8693,327.762,378.9204,77.3154
2023-07-07,103.8074,55.1616,14.5933,340.9,27.6249,8.2642,47.3107,224.3629,97.9369,332.1295,68.2355,31.6463,456.2319,165.2916,26.214,296.4583,92.6912,41.6316,69.9687,23.435,67.9586,164.5896,237.8526,29.8964,136.3551,112.7795,70.9281,15.9247,69.1168,52.9735,24.1825,39.0653,120.0176,76.1397,65.6,59.9655,26.7462,321.3757,176.2664,108.8948,112.335,208.6219,66.7034,100.7071,37.2023,24.0384,85.4969,66.7255,328.5787,9.7398,384.7068,116.9321,54.6341,645.506,120.8801,185.0836,102.9236,163.9301,39.911,109.4525,41.3849,131.8405,337.3659,375.4043,78.3531
2023-07-10,105.1621,55.0478,14.9814,341.13,27.8935,8.1867,47.4363,226.4137,100.4335,334.604,67.6938,31.9664,464.8198,167.1509,26.7386,297.6811,91.9642,41.5679,70.0235,24.3312,68.5289,164.0016,236.9898,30.0747,137.1203,112.555,70.8522,16.0377,68.8983,52.7896,24.2006,39.6653,119.853,76.1762,66.69,59.0627,26.8681,323.0183,177.1477,109.7385,113.8239,210.1228,66.2558,100.3789,36.9724,23.8331,86.855,67.5817,330.6458,9.6951,389.7742,117.7598,55.6346,656.895,121.053,181.7594,101.4787,161.4661,39.4911,109.5505,41.1331,131.9958,333.313,383.0176,77.9782
2023-07-11,107.8044,55.6828,15.1453,343.37,28.1448,8.5486,48.0256,228.4839,102.0861,331.8263,68.667,32.6915,470.6417,170.0031,27.521,301.8293,94.0414,42.3506,71.512,24.8689,69.596,164.9334,236.7597,31.1265,139.2647,113.5696,71.9997,16.2549,69.516,54.4723,24.5545,40.7066,120.8497,77.6011,68.35,60.0547,27.2056,325.8782,179.0542,110.9507,114.7845,210.8636,67.1415,101.5082,37.221,24.6186,91.5992,68.3395,332.3111,9.865,387.8079,119.5607,55.3941,670.1335,121.5236,185.6441,103.6841,164.6081,39.883,110.0897,41.6367,133.5487,337.8845,388.1222,80.1234
2023-07-12,108.3232,55.5881,15.8697,345.35,28.6128,8.8158,48.3058,225.2474,103.4899,339.6021,68.5201,32.8327,481.3766,169.7014,28.2944,307.0215,94.2492,43.1243,71.7768,25.4783,69.7615,164.0107,240.422,31.2959,139.9544,114.234,72.436,16.4112,68.9933,53.9757,24.6725,41.9773,120.7948,78.341,67.98,59.9655,27.5243,326.6415,178.8147,111.8913,114.4291,209.4406,66.9034,101.1897,37.0531,25.0917,91.3294,67.5719,328.9902,9.9723,397.7276,119.5971,56.1926,685.0421,122.0038,183.8757,102.2867,163.4239,40.3683,109.3055,42.1682,132.4423,338.672,386.9792,80.1496
2023-07-13,109.7068,55.8155,15.8094,343.54,29.1327,9.1432,49.4361,225.1599,105.4534,342.8298,69.9432,33.586,481.4056,169.6138,28.9457,309.1662,94.117,43.3973,72.964,26.1773,71.2517,165.7384,241.7162,31.9198,140.6345,116.5325,72.9102,16.7153,68.8888,54.4079,24.8812,42.7185,104.9491,78.7429,69.21,60.0051,27.8149,330.342,178.7285,113.5012,114.9671,208.4075,66.6177,102.2418,36.643,25.3327,95.5712,67.444,329.9894,10.1423,403.0788,121.2343,57.6549,698.0636,122.5513,183.6051,99.6535,160.6543,40.7882,108.09,42.4853,136.3439,339.7284,400.8497,80.9344
2023-07-14,107.1798,54.6403,15.2919,341.09,28.6821,8.7554,48.8951,223.4201,103.4899,345.4119,65.3617,32.8609,480.8253,168.7863,27.7698,306.824,92.4269,41.6407,72.2699,25.4873,62.6419,168.3708,240.1919,31.492,141.4847,114.3062,73.024,16.4634,66.9976,53.4792,24.4819,41.7126,106.787,78.3501,67.9,58.9636,27.2899,327.8396,178.8818,113.9569,113.8912,208.4562,66.2653,101.4696,36.6243,24.7971,96.7712,67.631,329.6563,10.0618,406.9821,118.9604,56.2984,686.9576,120.9761,181.9913,96.1837,158.4864,40.6482,107.6881,39.6598,137.46,338.6912,397.8373,79.8356
2023-07-17,108.9862,56.0146,15.1798,344.25,28.968,8.8675,49.1753,223.1966,104.7249,348.6005,64.7007,33.4353,482.8272,170.7332,28.3668,307.774,92.8706,42.1049,73.5758,25.8995,61.1793,167.5748,244.7553,31.4296,144.895,115.5511,76.4476,16.6806,68.6322,54.2516,24.7814,42.4097,111.505,78.889,70.64,59.6282,27.5618,331.4048,180.4721,113.1132,115.6299,211.692,67.0272,102.9175,37.6187,25.0649,97.1061,68.7824,330.6164,10.1959,408.3223,119.4697,56.4139,686.8066,119.718,185.2189,97.353,161.0077,41.7494,108.7272,40.6016,136.8777,344.7993,406.9132,80.6641
2023-07-18,111.5228,56.2705,15.4299,345.34,29.9039,9.2294,49.639,221.9428,106.3597,351.5641,65.83,34.0567,486.2895,173.3129,29.3347,317.2462,94.1642,42.7966,74.3977,26.4193,62.8167,169.203,246.3371,32.5794,145.1596,118.4499,76.6657,17.0628,69.0313,54.5918,25.344,44.1304,109.5483,83.9766,71.9,59.8563,28.7805,340.5451,180.223,112.5605,116.9075,209.616,67.5605,105.9871,37.6373,25.9843,99.4224,68.6249,327.844,10.4195,412.6855,122.5713,63.5041,697.2427,121.4756,186.5041,98.3131,163.3284,42.5519,110.0897,42.2708,136.0624,343.8581,411.0395,81.7018
2023-07-19,113.3387,56.0335,15.5593,342.43,30.8397,9.8326,48.7212,220.3585,107.7457,351.6619,74.6257,34.0002,491.2314,172.4173,31.1709,320.3314,94.4097,43.2517,75.3474,26.8853,63.8193,168.5969,250.3541,34.6831,145.7169,120.2855,76.1061,17.393,68.8317,55.4102,25.8612,45.6659,108.0945,85.0909,71.58,60.1539,29.5586,340.5547,179.4949,112.1629,117.0516,207.3256,67.9224,105.7844,37.6809,27.6446,100.6224,68.5265,325.8162,10.6252,413.3507,125.6092,63.5329,705.1405,122.945,186.6877,100.5661,162.8891,43.1677,110.2171,42.5226,136.0624,343.0802,411.8338,82.2337
2023-07-20,110.4851,57.095,15.4471,346.61,28.6474,10.2377,47.929,225.5973,106.8394,350.987,73.0649,32.8515,492.8948,172.4076,34.2826,330.0293,96.8362,43.1516,76.2789,26.5358,64.7024,169.5287,255.8761,34.8881,147.5118,121.7576,77.2916,17.6796,70.9319,56.0355,26.5508,46.7071,113.3428,85.6754,69.3,61.3245,29.7086,344.835,181.2576,112.1338,98.4156,212.6959,68.9415,107.0875,38.3086,27.8677,100.0084,69.9043,332.6932,10.6073,414.5833,126.0094,65.3608,708.5185,124.3473,192.6791,106.4504,165.821,43.9796,112.403,42.5505,138.0327,350.6001,416.115,82.8616
2023-07-21,111.0424,56.8202,15.3868,345.76,28.6388,9.8499,48.9917,227.0357,106.3508,349.9405,72.3028,32.6444,494.5969,165.7005,32.6634,331.064,96.8362,42.8239,76.3976,26.2759,64.638,171.2021,259.4329,34.2463,146.3782,122.0029,78.0218,17.1323,70.4758,56.2745,25.6162,44.7834,113.736,85.8673,68.66,61.007,29.9805,341.9074,183.394,112.7059,100.9708,213.0663,68.9605,105.6686,38.2651,27.716,97.5712,70.0716,333.9569,10.5358,414.0942,125.3909,63.9562,708.8299,124.4145,193.0849,105.3477,165.0474,42.8878,112.4226,41.9631,139.2653,352.4248,418.3816,82.6436
2023-07-24,112.6277,57.114,15.4903,349.63,29.0287,10.2463,49.3202,225.7333,107.2304,349.0602,73.0649,33.746,486.2121,163.335,33.5137,337.6202,97.0062,43.3791,76.4432,26.4641,65.5302,172.8123,260.104,34.995,149.2595,123.2206,76.9976,17.3756,71.122,56.9918,26.0064,45.7364,114.5132,86.4701,68.42,60.9872,30.6086,342.9799,184.3904,112.7641,104.5539,214.0701,69.0081,105.8423,38.1097,28.689,97.7945,69.5107,335.5929,10.8309,413.6148,127.1464,64.0332,713.8969,125.3461,193.7904,106.574,166.9766,43.3171,112.2462,42.4386,138.12,355.45,423.0309,84.1697
2023-07-25,110.0239,56.7633,14.3345,347.58,28.2315,10.0136,49.3395,226.4623,106.0576,353.7746,71.9356,33.1057,530.167,162.0793,32.3649,333.6414,96.0242,42.8603,75.667,26.2401,65.0611,172.9751,258.3112,33.7471,148.1447,121.3487,77.1588,17.3235,70.8084,56.7527,25.4347,44.3334,112.968,86.2417,68.48,60.511,30.1399,342.69,185.2813,113.0163,103.7086,214.7329,69.0462,106.267,37.7492,27.8231,97.1154,71.3215,336.2199,10.7057,418.2421,125.4,62.9557,703.9327,124.4913,188.9393,105.015,164.3789,42.4399,111.8247,41.7766,138.7703,352.0502,425.4524,83.1843
2023-07-26,109.5723,57.6637,14.1793,349.8,28.9074,10.703,49.1946,226.3943,105.5511,351.3783,73.3128,32.8233,538.9193,163.2961,34.7801,336.3316,97.8371,43.2244,76.7994,25.9891,65.7418,179.7867,263.0472,34.6652,149.0327,123.5932,77.8416,17.5754,71.9013,57.7917,25.8884,47.1836,115.4184,85.438,69.24,61.136,30.3836,342.4968,184.6179,113.2005,102.2965,214.1774,69.3034,106.9041,38.3893,28.9567,97.4038,70.5145,334.2998,10.8846,419.1029,127.7376,64.0909,701.234,127.3246,198.9603,107.382,166.3272,43.3357,111.7463,42.5412,139.4885,350.3023,426.5954,84.44
2023-07-27,109.5531,57.4742,13.9292,349.31,27.7202,10.5651,48.5666,206.2945,104.0496,343.6905,72.6884,32.7009,535.3894,159.2563,34.0203,333.4626,96.8929,43.5794,75.9775,25.4604,64.8311,179.7053,258.3688,34.6028,147.389,120.967,75.5561,17.3408,72.2909,57.3044,25.9247,46.213,114.5772,84.7164,70.01,61.5427,29.9524,336.7189,182.2236,111.455,100.0774,211.6433,68.6272,104.7129,38.843,28.5015,96.0736,69.4418,330.1951,10.7326,387.084,125.7184,63.3213,687.9389,129.4087,204.0916,107.2109,167.0052,42.7105,108.933,42.4847,137.4309,343.666,421.7717,84.0476
2023-07-28,110.3506,57.0192,14.3173,349.81,28.6041,10.8323,48.7792,203.2329,112.6501,345.7151,73.5056,32.8052,532.1786,161.0377,34.9972,332.2586,103.5306,43.1516,72.5987,26.4462,65.4658,180.3928,259.778,35.2446,148.2298,123.1297,73.2611,17.5928,68.6512,57.5251,26.1788,47.5631,114.3212,84.4122,71.9,61.6915,29.9055,333.5401,181.5986,111.6489,100.5482,210.7369,68.9415,105.3886,38.7685,28.8228,98.4733,69.4713,313.3063,10.8846,383.6405,127.3828,63.456,696.686,127.9969,199.0473,106.9067,165.4677,43.0558,109.972,42.3342,136.2274,344.9241,422.8081,83.9604
2023-07-31,112.4356,57.133,14.4898,351.96,28.7861,10.6082,48.7792,205.4003,109.5138,345.0207,73.5606,32.7578,530.051,164.3961,34.5992,334.7419,101.5761,43.3791,72.9366,26.2042,66.634,179.9766,258.1003,35.3694,149.2217,124.3928,73.6783,17.697,68.3091,57.9021,26.4057,47.616,115.1898,84.403,70.81,62.1478,29.9993,336.6706,181.1755,111.3289,101.3935,209.3529,68.8938,106.2477,38.3396,28.7961,98.2296,69.3335,312.6192,10.9472,385.9394,127.21,63.5907,697.1672,129.1878,197.5301,107.1158,164.8469,43.0744,109.9524,42.6918,135.5675,346.2303,421.3843,84.1435
2023-08-01,111.9167,57.2277,14.5156,352.26,28.4221,10.3325,48.5377,206.6347,107.5858,344.6392,73.6525,32.9285,527.9814,165.1456,33.5589,336.4821,102.3598,42.8421,72.2243,25.8009,66.3489,180.7591,252.4288,34.5048,148.4848,123.0661,73.1188,17.6796,68.4136,57.7642,26.1425,46.3894,116.5065,83.8314,70.46,62.4553,29.643,337.2117,182.4063,111.5616,100.6922,213.6803,68.6748,105.6879,38.3396,28.1268,99.4388,68.8907,313.5909,10.9472,389.6569,126.1549,63.2251,690.949,129.6969,196.3802,107.4486,164.5604,42.6545,110.3445,42.5036,135.7325,345.001,419.9798,84.0127
2023-08-02,108.8132,58.0713,14.1103,351.19,27.9975,10.2549,47.987,207.179,105.3113,336.1396,73.5698,32.3784,527.3141,162.3226,33.1338,330.2551,103.2851,42.1504,71.6307,25.4066,66.8824,180.6189,251.1792,34.2552,146.8033,121.8757,73.3654,17.6015,68.6037,57.6998,25.7432,45.8159,114.6229,82.3381,67.0,62.3661,29.2399,336.0039,183.6563,111.5228,99.088,215.9317,72.6081,104.7902,38.9363,28.0816,96.4485,69.5993,317.4189,10.7862,385.6851,125.9094,62.8595,676.9651,137.1114,198.6317,101.2505,163.4048,42.0853,111.1875,42.5695,135.6936,345.3083,420.4738,83.1145
2023-08-03,108.4962,57.9481,14.3604,353.81,27.9715,10.3755,47.7068,207.7913,103.9697,330.6428,74.1942,32.5302,525.8924,161.9917,33.8394,332.1928,103.2851,42.0594,72.4708,25.4335,67.1492,183.4864,239.0576,35.1644,147.7007,120.8761,73.3938,17.81,68.9933,59.2354,25.8431,46.7159,117.814,82.1721,71.54,62.8124,29.4461,340.574,183.6948,108.6814,98.5501,216.5652,73.3795,105.8423,38.7436,28.4705,96.1861,69.5008,311.461,10.9204,375.3838,127.1736,63.3694,670.1052,136.0838,196.0709,105.861,161.7813,42.4615,111.7463,42.88,135.8877,347.9494,417.5098,84.4051
2023-08-04,109.5201,57.5216,14.3604,349.99,27.7896,10.2721,47.7744,206.7902,102.6725,332.599,73.68,32.5871,524.4224,161.0182,34.3007,332.2492,102.9168,42.087,71.7494,25.3977,67.2779,185.5037,233.4438,35.5299,147.389,119.4586,72.7584,17.9055,68.9173,58.417,25.834,46.7954,115.7019,81.8495,71.52,62.4157,29.343,334.483,182.3005,110.5531,98.3291,215.2105,73.189,104.0952,38.4701,28.2625,96.2985,68.8907,309.2427,10.9025,378.436,127.2191,62.4555,670.209,136.1702,194.1576,104.4446,161.065,42.1793,111.3346,42.72,141.284,341.2266,408.8408,84.161
2023-08-07,111.3457,58.6779,14.645,362.58,28.2488,10.3842,48.3058,205.6628,103.6143,334.9073,74.2309,32.9569,533.3585,162.527,34.4997,334.4503,103.5966,42.1975,72.8635,25.5769,67.977,188.4798,234.9146,35.7616,148.0881,120.3127,74.1904,18.227,69.9816,59.5017,25.9338,47.0689,116.7259,82.1168,73.27,62.991,29.8868,339.0125,184.6659,112.5605,98.8863,218.3781,74.2366,105.157,39.16,28.4976,97.4234,70.0126,312.4033,10.974,381.8991,128.7472,63.4656,672.3509,136.4775,196.1869,105.2716,162.4689,42.3768,113.0794,43.6047,141.9828,344.4632,411.456,85.5737
2023-08-08,110.6889,58.2893,14.4466,363.73,28.0842,10.2894,48.3444,197.7317,102.0061,330.4178,73.074,33.0423,530.0413,161.466,34.5359,327.5837,102.4259,41.5806,72.1512,25.2274,66.9008,185.5218,227.8492,35.8597,147.2567,118.1773,72.4075,18.1575,69.4494,58.8713,25.4529,46.7248,115.6653,81.5545,74.47,63.1001,29.3149,336.6168,182.1274,111.3968,100.5193,214.9376,73.389,104.5488,38.9549,28.0364,97.2734,69.2437,308.3397,10.7326,378.1132,126.8735,63.0327,657.6593,137.4284,194.3122,104.9865,160.3296,41.8314,111.8639,43.0306,141.6626,332.3526,407.1457,84.8586
2023-08-09,108.0035,57.1898,14.4121,358.02,27.2696,9.9188,48.7502,196.614,100.4069,330.3787,72.5323,32.625,528.2328,159.4704,33.8303,322.3444,102.5486,40.9176,71.1558,25.0571,66.4409,186.8153,229.3392,35.3427,145.2824,115.7238,73.0714,17.9055,69.2214,58.0647,24.9538,45.6217,115.6653,80.7156,72.74,62.6637,28.9305,332.9215,183.3967,110.747,100.2504,218.0174,72.0652,102.7052,39.0046,27.6746,93.8238,69.638,310.9997,10.6431,379.2382,122.8806,62.8114,653.0452,135.2098,194.2349,104.1879,159.7662,41.1166,111.0601,42.6071,141.8761,344.7801,408.7342,82.9052
2023-08-10,106.7768,57.2657,14.1677,356.98,27.7278,9.9619,49.7646,195.5157,101.0554,331.8556,73.2485,32.625,530.2107,159.1979,33.9479,320.1903,101.5383,40.8256,70.6262,25.0392,67.2687,185.2594,227.4647,35.2001,145.0651,116.3962,72.6256,17.975,69.516,58.0925,25.1444,45.9571,115.3361,80.7894,73.76,62.4355,29.0055,332.4753,183.4544,111.3289,99.5203,217.0038,72.1033,102.8403,39.3527,27.7922,93.9269,69.4408,311.1567,10.6968,379.385,122.8806,62.3285,657.6876,135.5075,194.8243,105.2241,159.4319,41.0696,111.2856,43.1906,143.9919,344.3959,409.1313,82.5128
2023-08-11,106.6222,57.3699,14.3074,358.35,27.9569,9.9619,49.2333,198.1497,99.8027,329.3224,73.3678,32.9759,532.2759,160.8819,34.6444,320.5008,101.5572,41.0373,71.2015,25.0123,67.7747,186.1369,225.1769,35.1733,145.9059,118.0773,72.6446,17.9142,69.9436,59.0104,25.2169,45.9924,116.8905,80.8447,73.03,62.9116,29.3336,334.0659,184.4736,110.5434,99.4819,218.6802,72.808,103.7284,39.738,27.7741,92.2115,69.776,314.8767,10.7326,379.2676,123.6082,61.8843,656.3666,137.486,194.979,103.6556,159.3555,41.126,112.207,43.3036,145.8263,341.9181,410.6714,83.0273
2023-08-14,105.4438,56.697,14.1415,358.48,26.9348,9.4965,49.3492,196.2446,99.8116,331.3568,72.2753,32.4638,530.6179,161.6704,33.8394,317.6883,100.8963,40.6046,70.9641,24.9316,65.6222,186.752,227.8108,34.5137,146.2081,115.6602,73.3559,17.6275,69.63,58.9362,24.3095,44.201,115.135,80.5036,73.87,62.4355,28.9962,333.7168,184.8102,111.4453,98.6077,219.8595,72.989,103.4002,39.651,26.7521,91.9022,70.2393,316.3098,10.4642,380.2458,120.8523,59.6631,653.8378,137.5724,194.8823,101.6213,158.792,41.1354,112.501,42.5224,144.1569,341.6684,412.0662,82.9663
2023-08-15,103.2704,55.7113,13.6003,354.5,26.0802,9.1691,48.8565,190.9864,97.5371,325.4491,70.6502,31.7525,517.5677,157.6111,32.3197,312.4866,99.7349,39.7851,69.8409,24.143,63.9849,185.5941,223.562,33.551,142.4861,112.3161,73.3654,17.1497,68.5942,57.3508,23.4656,42.2155,114.3395,79.4251,73.32,61.9092,28.0681,326.5006,182.8294,110.6597,89.2993,218.1831,72.1223,101.4117,38.9922,25.5855,91.3678,69.5887,311.6867,10.1065,378.6415,115.686,58.8809,634.8623,135.3826,192.6597,99.8816,156.1275,40.1856,110.7856,41.7883,144.943,340.8233,410.3712,81.353
2023-08-16,101.3481,55.5501,13.3734,354.11,25.6396,9.0743,49.127,190.9281,96.924,324.295,70.2554,31.1739,513.5053,156.4917,31.8805,309.5706,99.7727,39.2603,70.3705,23.7487,63.3134,186.3449,235.8278,33.0251,141.8815,111.5255,72.9765,16.9325,68.7462,57.1654,23.3568,41.5625,124.4796,79.2684,72.48,61.9986,27.4587,323.717,182.9351,110.524,86.7056,219.343,72.2176,100.736,38.9176,25.4136,90.8335,71.304,315.3479,10.1333,378.348,116.6774,58.3787,634.315,136.1606,195.2302,104.321,157.9325,39.7059,111.2463,41.5247,145.5739,340.8521,411.7563,81.2571
2023-08-17,101.493,55.0289,13.4345,353.19,25.5251,9.2897,49.9192,190.8893,96.5509,322.05,70.6502,31.3541,504.8957,156.3164,31.9903,308.075,99.2628,39.0946,69.9687,23.5336,62.8259,184.5629,239.5286,32.8112,140.4078,112.2253,70.4539,17.0281,67.9099,57.3323,23.384,42.0744,123.6293,79.084,68.29,61.1745,27.4493,320.5648,181.4832,110.1749,88.7421,214.8888,72.0081,100.765,38.4329,25.5764,90.7398,70.2492,313.11,10.0528,376.0295,117.0958,57.722,635.9758,136.3719,193.3072,102.5814,156.0607,39.9411,109.7368,41.5059,145.3701,333.4379,416.8802,81.0303
2023-08-18,101.464,54.9246,13.3035,352.56,25.3577,9.3328,50.0448,193.358,95.6091,320.599,70.4574,31.4585,504.3333,155.9757,31.7798,305.6388,98.0731,38.9012,69.8317,23.5336,62.5039,184.2915,238.5866,32.8379,140.729,111.9526,71.3548,16.9759,68.252,57.7217,23.2206,41.7126,122.4589,78.2543,69.86,61.1546,27.2899,322.3688,181.5794,110.3106,89.6643,214.9571,71.2843,101.4503,38.495,25.0609,92.5396,70.3774,318.0765,9.9634,373.7012,116.1317,57.4805,632.4373,135.1425,193.1719,100.9463,155.1629,39.9693,110.2171,41.4306,145.7001,334.6,415.9213,80.9257
2023-08-21,100.8361,54.773,13.0853,352.09,25.2079,9.3845,50.0351,195.2824,95.4936,318.403,69.9524,31.2119,508.7642,156.6085,31.5968,302.9392,98.0259,38.7355,69.3112,23.1214,62.0164,183.2693,240.6437,32.7666,141.2108,111.7073,71.0798,16.8456,67.8624,57.4343,23.3023,41.7655,120.8588,77.6644,69.83,61.2638,27.3274,323.0284,181.9159,110.4173,88.4059,215.8245,70.9033,101.1993,38.0972,24.8167,92.6052,70.6238,317.7723,9.9634,370.2577,116.7775,57.3647,633.7017,135.9301,193.3168,100.0908,154.3321,39.9599,110.521,41.1859,146.1562,334.792,416.5025,80.6251
2023-08-22,96.8854,54.3464,13.0504,350.57,24.7145,8.9967,50.1994,194.8645,95.4314,320.5892,68.1804,30.1497,511.8377,154.8563,30.2791,299.8633,97.4594,37.7687,68.2062,22.745,60.5722,180.4561,239.6632,31.9466,138.2823,108.1542,70.7194,16.0029,67.5013,56.8502,22.5764,40.0448,119.3501,76.4936,69.91,60.9461,26.6618,318.7608,182.2332,109.8258,85.5048,216.4873,70.2904,98.873,37.7368,24.1927,92.1084,70.6928,317.4876,9.5251,375.2077,114.3308,54.5254,628.2761,133.4522,192.3988,99.9292,152.7467,39.0288,108.8938,40.2918,145.3798,333.0633,416.5218,79.75
2023-08-23,98.1604,54.6118,13.3821,354.26,25.0934,9.2639,50.866,197.0805,98.0613,328.0988,69.2087,30.3773,519.5359,155.2067,31.0935,303.1932,98.5263,37.824,69.3112,23.2916,62.136,181.5959,240.7302,32.312,139.2175,108.5086,71.5066,16.333,67.7769,57.2303,23.0755,40.6536,119.2221,76.8716,70.63,61.522,26.6712,323.3969,184.6948,111.358,85.7759,219.6159,70.0796,99.153,37.8984,24.3464,93.4582,71.8758,319.8433,9.7398,383.2198,115.0857,56.0319,640.4767,133.6635,194.5054,100.4045,153.6922,39.1323,108.9526,40.9695,145.7001,338.6432,423.8155,80.8196
2023-08-24,98.0252,55.0573,13.2075,354.3,25.4282,9.3673,50.5568,199.3937,97.2972,324.5401,69.2087,30.3014,516.2491,153.6005,31.5419,300.9639,98.2148,37.824,69.6308,22.9511,62.3199,181.0169,235.7989,32.2051,139.0853,106.9275,71.5161,16.307,68.043,57.731,23.3386,40.9537,120.6028,76.9177,70.14,61.6511,26.8306,322.9605,184.4159,111.775,86.3085,219.1578,71.1715,98.4194,37.7927,24.4911,92.8208,71.2744,320.9917,9.7935,378.6121,114.8856,55.8581,635.1831,134.8256,194.3991,100.1383,154.5613,38.963,109.2369,41.0071,144.4869,343.8965,426.6438,82.5787
2023-08-25,97.4167,54.8298,13.2599,355.93,25.3841,9.3759,50.9433,199.8311,97.466,327.8635,68.5568,30.2066,514.979,154.1164,31.2308,301.1426,98.4036,37.9713,69.7039,23.1124,62.136,183.8302,235.078,31.6524,138.9152,106.9911,70.7669,16.1072,68.2235,57.8607,23.0664,40.5213,121.2245,76.7149,71.38,61.6213,26.7181,324.0759,186.7429,112.2986,85.9212,221.8283,71.114,98.7186,37.8673,24.2741,93.4207,72.0335,325.9386,9.704,380.7203,114.2216,56.1575,637.8252,133.9086,194.8437,99.9482,154.3703,38.7749,109.2565,41.1577,146.7774,338.9025,416.086,82.8615
2023-08-28,98.1315,54.8488,13.4345,355.55,25.8775,9.578,51.3684,200.7059,98.079,328.1576,69.3464,30.3299,515.9486,154.9633,31.9354,306.6171,98.5924,38.0449,69.6856,23.2558,62.9178,183.9206,236.3565,32.107,139.397,107.5999,70.3591,16.307,68.3566,57.972,23.4112,41.4919,120.3102,77.7842,71.26,61.7901,26.9618,326.1612,187.2814,113.9472,86.6861,223.0758,71.4301,99.6453,38.0848,24.7534,94.5644,72.1913,325.389,9.8561,382.8383,115.6041,57.0267,640.6937,133.648,194.0126,100.2143,153.5967,39.3862,109.4329,41.6471,147.2142,337.8173,415.5823,82.7908
2023-08-29,99.9958,55.3037,13.7225,358.29,26.7234,9.8504,51.5326,201.8042,99.2785,331.1576,69.8239,30.861,522.2119,155.9855,32.4295,312.8064,99.0079,38.4132,70.818,23.7666,63.0282,183.3688,236.8082,32.517,140.5306,109.5809,71.8385,16.3939,68.6987,58.2687,24.001,42.6038,120.9228,78.8628,72.24,61.8298,27.3462,330.1863,189.0506,114.9849,87.48,224.9374,71.5067,100.7167,38.3769,25.5945,97.7702,72.6743,327.0478,9.9634,384.8681,116.5956,57.4129,652.045,134.5457,195.1336,101.2981,154.0265,39.499,109.5309,41.7318,145.8457,345.5964,417.287,83.4715
2023-08-30,99.0684,55.2942,13.7313,361.06,26.6529,9.7801,50.8757,202.6983,99.1808,332.1771,69.8789,30.6903,527.5638,155.9173,32.0177,311.6493,100.2637,38.091,71.028,23.8473,62.9638,183.1337,233.8475,32.4279,139.9638,109.481,73.1093,16.1419,68.5752,58.3521,23.9466,42.3479,122.5504,78.5954,72.06,61.6213,27.2243,329.905,188.6083,114.3352,86.87,224.9764,71.5259,101.3441,38.321,25.3141,98.3233,73.0686,328.4514,9.8382,384.7504,114.9947,57.7316,656.5553,134.1596,194.9693,104.7395,154.0647,39.0664,110.0897,41.873,146.0113,348.3335,422.2576,83.4803
2023-08-31,98.9042,55.4648,13.8971,360.2,26.9172,9.9559,50.7018,200.9586,99.7138,330.187,69.8422,30.6144,527.0694,153.7952,32.4844,310.8241,99.886,38.0173,70.9641,23.9638,63.2306,183.3417,231.5982,32.5616,138.235,109.7081,72.8912,16.1419,68.6612,58.723,24.0918,42.4538,122.0383,78.494,72.52,61.6511,27.1014,327.4221,187.4929,114.4224,87.2089,225.1718,71.4205,100.958,38.4453,25.4407,99.7107,73.0489,327.2343,9.9187,383.26,114.9212,57.1232,661.0185,134.4878,194.1092,103.3495,153.9787,38.8313,109.3643,42.2306,145.8359,346.3935,423.675,83.6836
2023-09-01,99.9764,56.1473,13.9931,362.46,27.2256,10.158,50.1801,202.0374,100.3091,332.6575,70.9623,30.9748,524.9073,155.3819,33.3446,310.5301,100.5375,38.2935,71.6216,24.0803,64.2516,183.5317,229.5891,33.0429,138.6979,111.0621,73.0334,16.3355,69.2444,59.613,24.5455,42.9744,123.8762,79.0471,73.11,61.8596,27.3945,332.0097,188.2429,113.4721,89.1357,225.7482,71.6121,102.7148,38.7995,25.8929,97.9484,73.1475,328.1667,10.0349,386.5742,115.5737,58.427,666.3497,135.1538,196.4478,105.9857,155.0006,39.1699,109.2467,42.7483,146.4691,350.3504,422.7722,84.9388
2023-09-05,98.2764,55.5407,13.6963,360.47,26.8203,10.0789,48.9917,198.3926,99.3407,331.6575,70.1727,30.1592,524.6843,155.7518,33.0609,307.0681,99.1967,38.0818,70.3796,23.4171,64.4632,183.206,232.646,32.5527,137.1676,109.49,71.9428,16.2123,68.6612,59.1216,24.5636,42.8156,122.084,78.2083,72.76,61.2936,27.0825,330.0893,185.541,111.1737,88.8937,221.5765,71.0661,102.5893,38.3769,25.6668,101.4636,71.4716,323.367,9.9813,385.8977,113.7817,57.6351,656.6686,133.5129,193.3265,102.7839,153.1765,39.0664,106.7471,42.5412,145.1443,347.3347,419.8985,83.4891
2023-09-06,98.0059,56.0999,13.5741,361.67,26.1859,9.745,49.8323,198.8009,99.0653,333.9908,70.0809,30.0928,525.3436,153.8049,31.8622,304.5831,98.6869,38.091,70.1678,23.3992,64.2608,184.2282,219.9957,32.1962,136.9408,107.5545,72.4929,15.9395,68.6899,58.5932,24.1371,41.086,123.291,77.5814,73.76,61.2837,26.8368,329.488,186.4737,110.1749,88.6032,222.4949,71.0949,101.4889,38.2402,25.0338,101.1449,71.6983,325.5166,9.7666,386.486,111.9253,56.2734,655.0173,133.1847,195.1432,103.4645,153.3866,38.5774,106.4824,42.0518,146.0989,351.8005,417.9472,83.3742
2023-09-07,96.5183,56.5359,13.3908,361.8,25.7894,9.5692,49.9095,198.1399,97.7592,335.4025,70.0531,29.3246,529.852,152.6173,30.9837,305.3704,98.9135,37.5017,68.7772,23.2379,63.9389,186.7111,218.4865,31.7594,135.7694,105.2009,73.849,15.6578,68.6325,58.1945,23.6743,40.1595,125.6409,77.2864,73.63,61.6114,26.591,330.2154,188.1756,111.7459,86.5505,225.3281,71.4971,100.3499,38.3956,24.3645,102.5416,72.9405,328.2158,9.5609,385.9271,109.6645,55.8388,656.8041,132.8082,197.1532,103.2728,154.4053,38.0225,106.4922,42.2118,149.5863,352.6745,418.3452,83.3389
2023-09-08,96.5183,56.5453,13.4868,363.15,26.2388,9.8856,49.6873,197.1291,97.0573,333.0987,70.832,29.666,517.5386,153.2501,31.9537,308.7469,99.1401,37.3728,69.4218,23.2379,64.5368,186.4383,217.8521,32.1872,135.8733,106.255,73.2658,15.7722,68.3457,58.6951,23.9647,41.236,124.1322,78.282,73.11,61.9887,26.8084,334.6673,187.2717,111.484,86.7248,222.9345,71.6695,102.6376,38.4888,24.7534,105.6162,72.0828,327.2932,9.7219,383.1129,111.9161,57.2971,656.3859,133.5515,197.7813,101.8061,153.6557,38.5586,107.0019,42.1459,149.0992,356.0167,416.4813,84.0549
2023-09-11,96.6246,56.5738,13.4519,365.52,26.5295,9.8504,49.6294,196.8861,97.8214,333.0889,71.4718,30.0643,519.8365,153.6395,31.7798,307.9218,99.9993,37.3728,69.3205,23.2648,65.6682,187.2841,216.0641,32.2675,136.4685,107.2455,74.731,15.8163,68.0398,58.7786,24.0464,40.8742,125.5037,76.9822,74.31,62.4454,26.9218,333.1833,188.166,111.5519,86.7829,223.2862,72.3974,103.1202,38.669,24.9795,106.3943,72.3588,326.9987,9.6146,381.7891,115.9413,57.7703,661.4327,134.6422,199.4048,103.3208,154.8473,38.8689,106.9431,42.2777,150.6189,362.8834,413.996,84.2051
2023-09-12,97.6099,57.4078,13.5829,367.78,26.4414,10.3425,49.726,197.8678,97.9813,332.5497,66.6223,30.6144,509.9567,154.2917,33.9393,313.8497,101.2078,38.3764,70.0205,23.3992,65.7602,187.4933,213.4591,32.9806,138.2445,113.452,74.731,16.0099,69.1105,59.3256,24.9266,40.1242,126.7747,78.8628,74.46,63.5575,27.385,336.7526,189.2718,112.4829,86.3085,224.9861,73.0487,104.1434,39.3216,25.6578,105.4944,72.5067,328.8047,9.7935,379.7594,119.1119,58.4463,662.7728,136.1383,201.2795,104.96,156.4234,40.0069,107.9528,42.7106,149.1966,361.3852,411.1612,85.3896
2023-09-13,96.924,57.4836,13.3646,367.82,25.2167,10.0437,49.3685,197.4985,96.8974,336.4613,66.678,30.1592,518.9542,154.9147,33.0609,317.7195,100.4903,39.0117,69.5968,23.2199,65.5394,188.6484,211.921,31.3315,138.3106,112.3252,74.2853,15.7194,69.0149,59.1402,24.7269,39.0035,127.2501,80.4299,74.01,63.3589,27.2999,334.7352,189.2141,113.2393,85.8534,223.7259,73.1636,102.5121,39.2532,24.8167,105.6912,72.1025,329.1483,9.5341,382.2696,115.9505,56.7176,662.6682,134.0148,202.8063,104.3944,156.7693,39.7342,107.6391,42.6071,147.6965,360.3,416.6172,85.3719
2023-09-14,98.7787,58.3513,13.5392,369.5,25.9216,10.237,49.941,199.4715,98.8831,342.0102,68.1152,30.6239,522.2895,157.4846,33.9302,326.8154,102.3881,39.7207,70.8217,23.4978,66.5881,189.0031,220.1687,31.8396,140.9935,115.3785,74.9776,15.8251,70.1143,61.1242,24.9719,39.3084,127.6159,82.1076,74.01,64.0838,27.6024,339.2744,190.916,113.7746,87.2186,226.1194,74.0448,104.8867,40.1482,25.5674,105.6537,72.2405,332.4953,9.713,388.4863,118.4961,57.7123,671.7734,135.8874,205.6882,105.9762,159.489,40.4865,108.6487,43.1247,146.7419,365.1115,419.0636,87.6349
2023-09-15,100.9038,58.3322,13.5916,367.86,25.5515,10.2986,49.2618,199.316,98.5057,334.4908,67.429,30.842,513.9416,159.4023,33.7838,324.8899,101.9127,39.3248,70.8677,23.5246,66.0913,188.1027,215.9295,31.3315,140.5779,114.8151,74.9207,15.8075,69.7797,60.8646,24.8994,39.0752,126.8569,81.4992,73.14,63.7958,27.2621,336.675,188.6468,112.6262,86.8894,224.8396,73.2786,103.9311,39.8498,25.287,106.6661,71.5998,329.9531,9.713,380.7105,118.827,56.2251,662.8393,133.8314,205.9016,104.2794,158.3742,40.3925,107.7273,42.5506,145.3976,364.1896,415.1901,87.2371
2023-09-18,99.0878,58.8089,13.2948,370.43,25.2608,9.991,49.5044,202.5039,97.9846,336.6574,66.5389,30.4816,516.86,155.3917,33.1066,325.6298,103.1012,39.2603,70.8585,23.4171,65.5486,187.8571,218.3231,30.975,140.8707,113.2975,76.4096,15.6666,70.0474,61.4672,24.6181,38.7972,128.5211,81.7757,72.34,64.1036,27.1865,336.6362,190.1276,112.7916,85.6598,227.7412,73.6713,103.4388,40.403,24.7805,107.2098,72.2898,333.0548,9.6131,381.946,116.4284,55.8774,660.4442,135.4047,207.755,106.4459,160.3443,40.8439,108.2664,42.1647,147.7744,370.8566,416.656,87.4316
2023-09-19,98.2281,59.4573,13.3384,370.48,25.1991,9.868,49.417,207.3734,99.3773,334.0006,65.3242,30.6997,521.6689,155.1191,32.8413,324.2734,103.6906,39.2971,71.1717,23.5067,64.8955,187.7934,215.4681,30.8324,140.6912,112.8523,77.0071,15.7899,70.5254,61.5228,24.4184,38.7255,130.2675,81.5914,70.4,64.6199,27.0825,336.7332,190.5314,112.3828,85.989,230.3497,74.1023,102.7631,40.6578,24.8348,107.9129,72.7827,335.0669,9.595,381.7401,116.1619,55.7519,654.8082,135.8391,207.9102,108.6891,160.671,40.6464,109.0408,41.5247,151.8365,374.9669,413.8698,87.4404
2023-09-20,97.1365,59.4192,13.1377,366.82,24.9964,9.701,49.0677,208.7535,97.6521,329.2556,64.7864,30.5006,518.7506,153.0554,32.3014,319.3509,104.128,38.9473,70.9414,23.2199,64.1045,187.275,214.6222,30.6719,140.0961,112.6342,77.1209,15.6754,70.6975,61.2725,24.3277,37.5506,130.4686,80.3285,68.28,64.5107,26.988,334.6091,189.8775,112.2661,85.8437,229.7733,73.8915,102.8113,40.8007,24.8891,107.0692,72.7926,335.7049,9.5314,378.7298,116.3641,54.7282,649.5998,136.7754,207.4153,109.4272,162.3528,40.3172,108.6977,41.1295,151.1157,378.2087,411.4039,87.4492
2023-09-21,95.562,58.4752,12.771,363.28,24.8114,9.4198,47.3891,206.3626,95.3968,317.903,64.4804,30.1686,499.7279,150.6023,31.2582,313.2237,102.1504,38.404,69.3574,22.5657,63.3042,183.9099,206.6917,29.8162,139.0002,111.0167,76.1441,15.3322,69.7702,59.9746,23.9375,36.9587,130.2035,78.2451,65.99,63.7362,26.5154,327.0826,187.7044,109.4144,84.769,227.5751,72.9434,98.8441,40.4776,24.3916,104.1727,71.3435,331.9653,9.4316,365.0707,116.0424,54.0908,635.676,138.0688,206.183,109.1396,162.0357,39.8,107.8842,40.6212,151.3008,378.6719,414.3066,85.7167
2023-09-22,94.9245,58.7136,12.6488,360.16,24.7321,9.3232,47.2242,206.9749,94.7409,317.854,64.3784,29.7608,497.5367,149.0156,31.2033,310.9948,101.7416,37.6766,68.6206,22.4223,62.3751,183.4642,207.6049,29.7538,137.6682,109.8172,76.7795,15.0153,69.7702,59.7242,23.3205,36.9677,130.9898,76.7794,65.16,64.044,26.1278,323.4551,187.9929,107.2245,84.4204,227.7119,73.087,97.6954,40.7222,24.0208,104.2195,71.2449,329.8157,9.3589,364.4627,114.2044,53.2603,627.3788,139.98,206.7555,109.3697,161.2957,38.7749,108.041,40.1883,153.0347,378.0254,423.1022,85.2305
2023-09-25,94.5478,59.238,12.5353,361.71,25.4106,9.3408,47.1951,207.8982,95.1991,316.4717,64.1837,29.8082,501.1629,149.1616,31.6426,311.8959,101.3898,37.7687,68.9982,22.3417,62.1912,182.673,203.1062,29.941,138.3484,111.4256,76.9597,15.2266,69.7415,60.3083,23.511,37.1739,130.2218,76.5397,64.98,64.2327,26.09,325.5695,187.8871,106.261,84.7883,227.878,73.5468,98.3325,40.7222,24.0842,103.3946,71.0773,329.3347,9.4497,364.2372,115.4175,53.4534,624.9552,142.5476,205.9308,110.4721,161.2957,39.0852,108.9232,40.3671,151.3495,375.0248,424.2187,85.7962
2023-09-26,93.7943,58.4085,12.2996,359.42,24.8907,9.165,46.5547,207.2567,92.818,309.2366,63.9426,29.4858,500.5424,147.1076,31.1027,307.1345,100.0207,37.0321,66.9997,21.8309,61.4737,181.7453,197.7327,29.4329,136.9125,110.4896,77.064,14.8481,68.9098,58.4634,22.9393,35.8646,128.6948,75.747,66.22,63.4681,25.6835,318.0624,186.0602,104.3631,84.1009,225.6114,73.2115,96.2861,40.4211,23.5053,99.3076,70.0717,325.2123,9.2772,356.9909,113.2854,52.3428,614.662,141.1576,205.6785,108.5836,161.411,38.2294,107.5999,39.7647,151.895,372.4969,419.4811,84.0991
2023-09-27,92.2391,58.1701,12.2996,357.78,24.644,9.0508,46.8943,205.6725,93.0337,308.3347,63.4697,28.6227,496.3539,145.92,30.3523,305.3609,99.5453,37.2531,66.309,21.7502,61.4277,182.2273,193.9646,28.9872,137.7155,110.6895,76.8933,14.9097,68.556,58.2223,22.5582,35.8287,128.5759,75.2676,67.03,63.349,25.778,317.1119,185.5602,105.3753,82.5517,225.0252,73.7766,96.093,40.3709,23.2973,99.8794,69.9535,323.8283,9.1865,356.0005,114.4525,52.5167,611.4971,140.6943,205.3486,108.344,161.3726,38.4269,107.2666,39.6895,150.765,368.2998,422.4906,83.551
2023-09-28,93.7074,58.4276,12.6314,357.06,24.8731,9.2441,47.4667,206.7556,93.5728,312.2071,64.1744,29.2771,505.6228,146.2412,31.0661,308.4434,98.5945,37.9344,66.9168,22.1948,62.1452,183.4097,201.3183,29.3763,139.4253,111.6164,77.4244,14.9977,68.948,58.315,23.0368,36.6,128.3839,75.7654,67.68,63.4384,26.0522,320.4096,185.964,107.8572,83.5877,225.4551,74.3896,97.3382,40.8163,23.8309,101.4542,69.8647,323.2983,9.2682,361.3642,116.217,52.6808,613.2554,139.2754,205.9696,107.8359,161.0843,38.4739,108.1586,40.1695,152.3528,368.0779,428.966,83.8516
2023-09-29,93.746,57.7792,12.675,350.3,25.2079,9.455,47.1465,203.9063,94.2287,309.9621,64.4248,28.9926,497.4592,145.2289,31.9262,306.8974,97.2539,37.87,66.3735,22.3037,62.2288,182.1,205.3652,29.91,136.9975,111.5619,75.594,15.1385,67.7912,58.3243,23.3129,37.2636,127.369,75.286,67.85,62.8625,25.882,319.7598,182.9832,107.0786,83.8782,222.6805,73.5084,97.3479,39.8314,24.2379,100.4324,68.8493,318.2336,9.4406,358.3048,116.2078,53.0189,614.4434,138.59,202.001,106.8006,156.9423,38.4269,106.5805,40.1412,152.1677,358.6031,424.5002,83.8781
2023-10-02,91.8817,57.2548,12.4044,348.08,24.3444,9.1826,46.9816,203.1061,93.9771,310.0111,62.9041,28.8029,491.5546,145.5112,30.6452,302.0887,95.1337,37.2899,64.6605,21.968,61.5132,182.0363,201.8181,29.0777,135.8167,109.063,75.2716,14.54,67.7147,57.1932,22.549,36.0977,127.0672,74.1245,67.93,61.8596,25.2392,316.0547,181.5121,106.2999,87.9448,219.7301,73.2403,95.0798,39.4738,23.433,100.4512,68.5339,315.4264,9.1048,359.5893,112.2102,51.7151,611.1645,139.3912,200.2738,106.3213,155.9429,37.2514,106.3648,39.5953,152.7425,362.4143,423.3449,82.5433
2023-10-03,89.8822,55.9104,11.8719,343.04,23.9568,8.8487,45.8464,201.5545,89.9428,301.7564,61.9583,27.5985,480.3756,141.1988,30.1236,290.3466,94.8675,36.7007,62.6712,21.1876,60.2121,183.4097,196.8291,28.3539,134.8153,108.8449,73.9344,14.4168,66.644,55.8675,22.0336,35.5238,127.4604,71.9214,67.38,61.383,24.4924,307.5195,181.4736,104.7135,84.4882,220.0329,72.2442,93.2381,39.1726,23.017,96.7579,68.2973,313.1198,8.9414,349.4896,110.8776,49.5422,594.4654,138.2522,198.828,105.3626,154.6455,36.3673,106.1688,38.8894,153.1711,359.1049,423.0149,80.74
2023-10-04,89.4572,56.5969,11.9243,343.69,23.9391,9.0068,47.3309,203.555,91.4792,308.315,61.6523,27.5416,486.319,142.7368,30.4987,292.6988,95.9134,36.6546,62.9659,21.5324,59.9055,184.8467,205.0191,28.2635,135.4199,109.1356,76.3053,14.452,67.0742,55.6264,22.1073,35.5148,130.0773,72.9077,69.05,62.1178,24.5208,308.5379,183.7717,106.115,84.5753,223.9799,72.8572,94.4012,39.8063,23.1888,97.714,69.3817,318.9599,8.9777,355.2357,112.4951,49.6484,604.9772,139.4395,201.5061,106.8389,156.1639,36.6495,107.1882,38.8142,155.8207,371.7443,434.2472,80.6075
2023-10-05,88.9742,57.3502,11.9156,345.06,24.0361,9.0508,47.5638,203.5354,91.596,307.8249,61.8192,27.2286,482.9643,143.7729,30.5628,294.5009,96.3507,36.7191,63.6014,21.6867,59.7289,188.6302,216.8716,28.8334,135.9909,109.3901,77.4244,14.5752,67.5331,55.8953,22.3742,36.035,130.3884,72.963,70.66,62.3759,24.6342,312.6115,185.2291,106.7574,84.3817,224.273,73.2115,95.2639,40.2956,23.3245,97.6671,69.7563,319.8335,9.1048,354.2551,113.3681,49.3104,608.5603,140.9163,204.5044,107.7209,157.4901,36.9598,108.1312,39.2377,156.0642,373.4714,436.0821,81.182
2023-10-06,90.3555,58.0366,11.837,346.34,24.0713,8.9717,48.1362,204.1209,91.7937,310.8836,62.5517,27.8071,497.7113,145.9526,30.8282,296.3789,95.3239,37.3544,64.3658,21.7684,60.5653,192.7502,229.4834,28.8244,138.0845,109.3356,77.9365,14.54,67.8486,56.8502,22.2453,35.9542,130.7178,74.0508,71.33,62.8227,24.6437,316.6173,186.6092,107.9156,85.8728,226.6665,74.3225,96.2235,40.0949,23.6772,98.5483,70.0126,321.0015,9.1865,356.9811,114.7098,49.7547,616.1257,140.4819,203.3303,108.4686,156.5964,37.3266,110.862,39.6706,157.4669,378.0061,439.111,82.1102
2023-10-09,91.1186,58.2464,11.8981,345.45,24.1682,8.9717,48.2527,203.9843,93.474,312.1189,62.2828,27.8451,499.6794,145.4639,31.0844,296.5022,97.2635,37.5109,64.2276,21.6776,60.1657,196.2336,228.0223,28.9601,137.7705,109.8263,77.8322,14.4432,67.8964,57.3879,22.4018,36.3309,131.0838,73.6636,73.06,63.2199,24.8706,316.433,186.3486,109.1321,87.1315,227.7412,74.8876,96.4368,40.0133,23.8128,98.2483,70.6238,321.4923,9.1411,359.3442,115.151,49.9768,611.7157,140.5302,204.2424,109.4464,156.8943,37.336,110.803,39.4636,158.6554,376.3659,438.247,82.5698
2023-10-10,93.6784,58.3227,12.1163,348.56,25.7718,9.1914,48.3885,203.4183,94.2287,315.5501,62.8021,28.3003,504.9247,147.5263,32.1367,298.5509,96.3983,38.1554,64.8447,21.8591,60.8162,196.5337,224.6194,29.4848,138.6079,111.0712,77.633,14.584,67.8773,57.6475,23.0,37.1112,130.1597,73.8664,74.35,63.071,25.5323,319.0129,185.9046,108.772,88.4386,228.1124,75.491,97.251,39.6432,24.2469,98.6983,69.9337,319.4801,9.2954,362.3937,116.6489,50.0058,610.1285,140.868,203.4467,109.9736,155.9044,37.4489,110.8816,39.8118,157.3695,371.7636,440.111,83.0825
2023-10-11,93.8136,58.6659,12.0552,348.43,26.089,9.2792,48.1848,205.5066,93.5818,319.1285,63.377,28.1296,507.242,148.0932,32.6217,296.891,97.2349,38.2383,65.0657,21.5052,60.6861,197.4523,227.4263,29.4125,139.0838,111.5346,78.7331,14.5136,67.8199,58.2687,23.0,37.7569,131.6328,72.7326,75.11,63.8355,25.5417,319.43,186.1749,108.4703,87.877,229.49,76.4296,97.0765,40.2392,24.1927,100.5543,70.4464,321.2763,9.2228,364.6686,115.5278,50.1313,610.8128,141.6981,203.9416,110.0216,156.0774,37.3266,111.2942,39.6706,157.3988,378.7008,443.538,83.8516
2023-10-12,93.6108,58.2941,11.6275,345.66,25.4458,9.2441,47.8549,205.2626,92.1352,313.6482,62.2179,27.9114,504.2557,147.8684,32.2099,293.8844,96.3602,38.2383,64.3842,20.7612,59.5616,200.1444,231.1368,29.1863,138.7602,110.2443,78.7616,14.3376,67.0838,57.9256,22.549,37.3981,131.1204,71.7278,73.04,63.1504,25.4283,315.5795,184.2736,107.8085,87.848,228.0636,76.4871,95.642,39.8063,23.84,98.2952,69.2042,318.4691,9.1048,358.7068,113.6622,49.745,604.635,141.9395,203.1265,109.2642,154.4629,37.3736,111.363,38.8236,156.6877,380.0323,434.2667,83.1356
2023-10-13,91.959,58.2464,11.4965,345.09,25.0317,9.1914,47.9034,208.0827,90.4369,311.1679,62.5146,27.3803,495.0159,147.6925,31.6334,293.3627,96.7881,38.1462,64.2461,20.5525,59.7382,199.526,229.5315,29.1048,140.8443,107.3546,79.8142,14.1088,67.839,57.5363,22.3373,36.5731,141.7803,71.7093,72.64,63.3589,25.2959,315.1333,184.2832,107.4776,86.5602,228.4935,76.8606,95.9521,40.0509,23.2521,97.3016,68.7212,320.0789,9.0322,356.6379,110.4549,49.5712,596.5468,142.9819,204.679,115.3419,157.8072,38.521,111.3138,38.7577,157.8858,384.3741,433.5968,82.9764
2023-10-16,93.8426,59.6957,11.6449,346.23,25.5515,9.4198,48.8057,209.8685,90.0955,315.109,63.8406,28.1201,499.7667,149.3444,32.8687,298.1904,98.0241,37.7043,65.5722,20.8247,60.9649,199.0167,232.6652,29.512,140.7016,108.7726,81.2747,14.5576,69.1966,58.7322,22.7239,37.443,143.7018,72.5759,74.24,64.2128,25.5134,320.7491,185.7888,108.9278,87.9351,231.1411,77.6651,98.356,40.785,23.9756,97.9952,68.8198,321.6886,9.2409,360.3934,112.7248,51.8793,603.9507,144.6421,207.6676,119.7516,161.1131,39.1699,113.0132,39.3789,158.9768,391.0315,434.8394,84.5941
2023-10-17,94.7023,60.2391,11.7322,345.39,26.274,9.7362,48.4467,210.1417,90.5268,315.0894,65.4725,28.9262,500.0964,150.9083,33.6191,293.4196,98.9273,37.9344,66.7234,21.1695,62.5076,196.9066,231.3771,31.5657,140.397,109.6934,82.1472,14.7777,69.7893,59.2792,23.2945,38.573,145.4311,74.0508,74.76,65.037,26.1089,324.9779,184.2446,108.772,90.0652,230.5939,77.962,100.411,41.4625,24.5092,98.7358,68.0311,321.4923,9.4225,360.1679,114.3147,51.8503,604.5685,148.3487,209.715,122.6275,162.7564,39.4802,114.0348,40.8847,159.3373,393.6945,436.9364,85.6813
2023-10-18,92.6642,59.6861,11.3918,340.89,25.3224,9.3847,50.3776,206.3068,88.1008,307.8543,61.1423,28.3572,490.585,148.1128,32.6583,286.4009,97.4916,37.2623,65.0289,20.7702,63.7808,196.4428,227.2821,30.1905,138.8554,106.5259,81.0376,14.5576,69.7511,58.4819,22.6779,37.6941,145.6507,69.0268,72.52,64.4909,25.8158,313.8239,183.0382,106.7087,88.9324,228.9429,76.9564,95.7777,40.9293,23.1436,95.8955,67.8734,318.9992,9.1774,352.902,111.5025,50.0637,586.1206,146.9298,208.7738,122.1386,161.5552,39.057,112.7382,40.6118,159.4639,391.9674,430.8494,83.8074
2023-10-19,89.5441,58.3227,11.1736,338.66,24.7233,9.2792,49.7663,202.3449,87.4898,305.4622,60.7343,27.276,482.1305,146.2459,29.5013,283.7736,95.9514,36.8848,64.0158,20.5343,61.6712,194.742,225.7344,29.6296,138.2653,106.4983,79.4539,14.5048,68.8237,57.4065,22.9356,37.2098,144.388,67.22,71.3,63.627,25.485,307.0637,184.3411,106.6406,81.903,225.7091,76.1902,93.8778,40.3019,22.5015,88.3213,67.3016,313.1885,9.1048,350.6075,109.9218,50.1216,591.6521,143.8892,204.3006,119.5791,157.5478,38.7279,111.5791,39.7083,158.519,387.7221,424.1216,82.4637
2023-10-20,87.1582,56.7495,11.0863,335.86,23.9303,8.6905,49.0968,200.8715,86.5553,303.5211,59.6031,26.9061,474.8298,138.3774,27.415,284.5893,93.7741,36.5349,62.6896,20.4708,60.2772,193.5506,226.2631,27.983,136.0385,102.9624,78.4865,12.7093,67.2941,55.7377,21.4354,34.035,141.6796,67.4136,69.73,62.505,24.8706,302.7961,181.1272,105.132,79.5792,222.3288,74.3034,92.6274,39.6996,21.4885,88.5088,66.2172,308.3201,8.7507,343.2239,104.5549,49.1269,584.3528,140.9066,201.8166,118.0932,155.2894,37.8721,108.2982,39.2094,157.7787,382.0971,417.5686,79.9887
2023-10-23,87.3031,56.2346,10.9291,336.84,23.8158,8.6993,48.34,198.6076,85.7826,302.9819,59.5104,27.1432,472.7452,141.3293,27.4974,283.8021,93.3653,35.8075,62.1186,20.1804,59.7103,194.2782,226.1766,28.2816,134.1828,101.0196,77.633,12.4893,66.4528,54.2265,21.1869,34.313,140.4352,66.0954,68.99,61.8795,24.171,301.9813,179.9208,104.8303,79.7535,222.4558,73.9011,91.3188,39.4549,21.3257,86.934,65.8327,307.6919,8.6872,343.3906,102.4871,47.6397,584.2578,140.3661,200.3902,116.7895,152.983,37.1291,109.2412,39.0494,157.0578,375.3528,419.0831,78.9633
2023-10-24,86.1633,57.0832,11.3743,338.63,24.2828,8.6202,47.9907,202.8621,86.1869,299.6094,58.9262,25.9577,473.1912,141.1631,27.3235,283.7642,94.9055,35.8444,61.7595,20.4708,60.1657,194.8603,226.7822,28.3992,134.3445,102.4652,79.1125,12.4717,67.2941,54.894,21.1501,34.6449,142.9606,65.9663,69.44,62.8426,24.0765,304.0569,182.3916,104.0712,78.4948,225.885,74.4758,91.7647,41.8828,21.3257,89.2118,68.7113,313.8657,8.6509,341.1745,102.1195,48.1226,582.0338,141.7464,205.1642,119.1477,151.7625,36.941,109.31,39.313,158.0709,383.1391,417.3647,79.4937
2023-10-25,85.9411,58.1225,10.9902,336.9,24.6352,8.6202,48.0198,202.7158,83.9855,308.0896,58.4719,26.2707,465.0276,140.2834,27.113,281.4689,93.546,35.5497,61.5937,20.1986,59.4965,194.7056,205.7881,28.3087,133.6118,102.4744,79.1788,12.3749,68.7281,54.6622,21.1961,34.3399,143.1345,65.8188,65.16,63.349,24.1521,297.898,182.295,103.8765,78.0397,225.7775,74.9547,89.0119,42.0711,21.2262,86.1559,68.041,313.748,8.5964,342.3414,102.6158,47.6783,578.5077,143.8217,209.2492,120.0104,158.307,36.7059,110.0467,39.3883,158.217,382.7435,411.8019,78.9456
2023-10-26,86.4627,58.0176,11.2609,336.16,25.1198,8.9365,48.2236,223.5396,83.3565,304.0014,60.2244,26.5552,466.8891,140.1075,27.8634,281.687,94.7724,36.2219,62.9475,20.6432,60.0913,195.9335,204.3655,28.743,133.9544,105.3012,78.1925,12.7005,68.7377,55.2556,21.7115,35.4161,140.7829,66.4365,64.6,63.5277,24.6909,306.8212,180.5964,104.4215,78.2528,224.5954,74.2459,93.4416,42.0648,21.4704,86.5215,67.4791,313.8068,8.8143,341.4883,103.9024,49.6678,576.9775,143.5418,206.7652,120.4227,158.0475,37.289,111.4808,40.0443,159.649,369.7471,416.5395,79.8296
2023-10-27,94.4125,56.759,11.1386,331.71,24.3356,8.7169,46.1763,223.3835,79.421,296.0409,58.9169,26.6406,461.6923,138.1233,26.9483,274.9718,92.7758,35.2091,62.3213,20.371,58.4836,190.1127,198.0307,27.7206,129.1295,102.4284,77.1588,12.3309,67.3132,54.0411,21.0672,34.2502,140.0509,64.897,63.39,62.3759,23.7929,301.2151,178.4538,101.9203,77.9332,222.9834,73.2594,91.629,40.9794,20.6836,84.7343,66.6707,301.2137,8.5692,335.8207,100.1161,48.4026,568.4331,140.9646,202.36,118.1986,154.4149,36.452,110.0467,39.5784,157.087,372.0241,408.1516,78.3269
2023-10-30,97.1172,58.1606,11.3045,337.41,24.829,8.8575,47.457,227.1599,80.8856,300.3055,60.382,26.8682,467.3157,140.0391,27.4333,285.3291,95.3619,35.8444,62.3949,20.4254,59.3664,192.2045,205.8554,28.3268,130.7758,103.9477,78.6003,12.5157,69.4451,55.0887,21.5182,34.7076,141.9999,65.8674,63.14,62.4851,24.2845,306.3362,181.7063,103.1952,78.5626,228.3469,74.131,92.5595,41.8515,21.1539,87.3536,67.8931,303.0885,8.6781,338.3603,102.965,49.0111,577.025,141.341,207.3571,120.2789,159.0565,37.0821,111.3531,40.2534,159.2691,378.8359,414.7823,80.1566
2023-10-31,97.8417,58.4562,11.322,341.33,24.9876,8.9805,48.1265,230.1849,81.3169,301.9525,61.1145,26.8395,457.1936,142.7368,28.2294,287.9659,94.7629,36.36,62.3305,20.6795,60.0634,194.1417,205.4709,28.8425,132.3366,105.4025,82.2041,12.7885,70.2195,55.6357,21.8219,35.3354,144.6534,66.082,64.01,63.5575,24.8989,305.1044,183.0382,104.5675,79.4727,230.0664,74.811,92.5111,42.2969,21.5775,87.3253,68.5647,304.2982,8.7598,342.5179,103.6175,50.2568,581.9292,143.7252,208.2498,122.8288,160.9113,37.4018,114.3,40.4055,159.649,381.7111,419.2869,80.8284
2023-11-01,96.8564,59.1617,11.4093,343.75,25.1022,8.919,47.263,229.7263,81.7392,306.7367,62.0139,26.763,457.4844,143.1474,28.385,291.333,96.9117,36.4613,61.9437,20.4617,60.1657,191.8316,208.8258,28.8244,132.2224,104.4725,85.3527,12.7973,70.6115,55.6079,21.7667,35.3892,146.0442,66.2033,61.69,64.6894,24.9556,307.9754,183.4242,105.3559,79.9665,231.8445,75.7113,93.0636,42.6169,21.3381,89.5947,68.4462,306.6094,8.7417,344.5672,103.0477,51.0101,585.6644,160.6942,213.7709,124.3818,162.6795,37.2514,114.3098,41.0425,161.3927,388.2431,423.8304,80.7224
2023-11-02,101.0873,61.3642,11.8195,349.02,26.4062,9.6571,48.3788,229.3262,84.7223,320.4128,64.9996,27.825,472.1926,147.4481,30.4072,297.5929,94.9721,38.0726,64.9552,21.351,61.9686,193.3323,212.8246,31.0681,134.5824,110.3563,81.5023,13.5807,70.382,55.6357,23.0552,37.8286,145.2756,68.5454,67.08,64.6795,26.1089,321.3989,186.7057,103.4191,82.4936,236.6218,78.2781,96.3592,42.5416,22.9313,92.857,70.0364,315.9528,9.3862,368.6105,108.8558,53.0478,612.5426,158.0977,212.1117,125.9252,162.3624,38.4374,113.8187,42.0598,158.5872,368.6086,429.3543,81.0317
2023-11-03,102.7004,60.7731,12.1163,351.81,27.4811,10.0086,48.7281,230.546,85.9623,324.9126,66.1587,28.8489,482.6056,149.3151,31.8073,310.7387,95.9134,39.4156,66.0235,22.0043,62.9723,189.7398,211.5461,32.1085,136.0861,113.4502,81.1325,13.8535,70.8696,57.2581,24.3529,39.5326,142.9332,71.1581,65.2,65.3249,26.8651,326.9695,187.169,105.025,84.4107,236.7489,78.757,98.1525,42.5855,24.1009,95.4101,69.661,317.9493,9.6403,375.4547,112.6237,53.917,625.3544,157.8178,212.296,126.2799,161.8435,39.4906,115.0859,43.02,165.1138,371.8601,430.8397,83.2239
2023-11-06,101.8601,60.9637,11.7846,346.63,27.0846,9.9031,49.223,230.2045,85.0817,326.893,65.2036,28.2365,481.4421,149.5399,31.2765,307.2199,95.1813,39.2104,64.8999,21.6232,62.4704,193.7598,211.575,31.9095,137.1138,111.9217,80.7626,13.6247,70.7166,56.0251,24.04,38.5371,144.7815,70.8408,65.36,64.9377,26.78,324.4666,187.8156,104.9082,83.7717,237.3741,77.962,97.2122,42.78,23.797,92.9799,70.0364,320.1524,9.5314,377.1707,111.4842,53.7142,620.8398,155.9838,213.0335,125.1199,162.939,39.2249,113.9955,42.7728,169.5753,369.3129,433.5385,81.1555
2023-11-07,101.435,60.1628,11.61,346.17,26.8908,9.9295,49.6693,230.7607,84.5606,329.2753,64.4618,28.0834,482.1596,149.5301,31.2033,307.2578,95.6757,39.1358,63.9513,21.3691,61.8385,193.1413,208.8264,31.4933,137.0472,111.2127,80.9997,13.5191,70.6115,55.6728,24.0768,38.0708,145.1292,70.4583,66.05,64.9575,26.6193,324.2524,187.8446,105.3267,82.1644,238.3804,77.5598,96.7954,42.849,23.7694,93.5473,70.2635,320.9589,9.477,377.0923,111.2728,53.3375,616.4393,153.6382,212.4416,124.2955,163.3619,38.9403,113.1704,42.3925,168.4161,370.49,435.7714,80.1832
2023-11-08,101.5027,59.667,11.5926,346.3,26.7851,9.9119,50.203,228.409,85.2345,332.0791,64.3042,28.0547,490.9682,149.5594,31.2682,307.8364,94.9246,39.0053,63.6014,21.4054,61.8571,193.3141,215.0758,31.2219,137.7229,110.7339,79.7763,13.4223,69.8275,55.5044,23.4602,37.8914,145.1292,70.8875,67.11,64.4809,26.3641,323.6583,189.8521,106.2513,81.6609,239.9142,76.9277,96.3302,42.598,23.6773,93.7647,70.7277,322.1391,9.4043,378.8671,109.6737,53.0189,622.4841,153.9857,212.5095,123.9312,161.9876,38.8834,112.7185,42.7538,169.4876,367.8656,432.7231,80.1655
2023-11-09,100.9327,59.9245,11.3267,348.18,26.1307,9.6219,49.8925,232.4,84.3809,333.2065,64.3506,27.892,492.1738,148.9339,30.1475,304.2512,94.2115,38.7068,63.454,20.87,61.8199,196.7975,218.7889,30.6791,137.3137,109.9052,80.2979,13.2198,70.1048,55.467,22.8435,36.9139,146.7213,69.2266,64.97,64.7887,26.0238,323.1714,190.9909,105.6479,80.2376,241.0866,77.4832,96.0588,42.2906,23.0418,91.5804,70.945,326.3092,9.25,380.1418,107.8449,52.5435,619.5092,155.6266,212.3349,123.6532,162.0164,38.333,112.856,42.8204,171.7866,366.8043,435.4608,80.3423
2023-11-10,101.6031,60.8493,11.5926,350.56,26.3458,9.6219,50.562,234.4005,83.2218,337.8044,65.556,28.2939,499.9907,150.8985,30.4902,308.7375,94.82,39.2478,64.0711,20.7975,62.8236,197.4614,215.0083,30.9414,139.3502,110.8904,81.5118,13.3078,70.7166,56.5706,23.0644,37.0843,146.7579,70.2903,65.45,65.4242,26.1656,327.5733,193.4617,106.845,80.8573,242.552,78.0387,97.4158,42.7549,23.18,93.273,71.9525,328.5319,9.3226,386.3095,108.7639,52.786,632.0359,157.393,215.8377,124.9282,163.333,38.798,114.5751,43.4098,170.4423,371.1557,439.8003,81.35
2023-11-13,101.3991,60.7635,11.4862,350.01,26.3099,9.5341,50.5426,237.6402,82.9702,336.7652,65.8156,28.1887,489.8112,150.8594,30.2957,310.0653,94.2971,39.826,63.7672,20.4163,62.3125,197.4341,213.6196,30.7605,138.7316,110.1262,82.0998,13.1934,70.9748,56.5425,23.1105,36.7524,148.1579,70.0197,64.84,65.5037,26.1845,326.3754,193.1914,105.7549,81.1478,242.044,77.9908,97.4739,43.1501,22.9773,92.4125,72.6142,328.109,9.2863,387.1332,107.3946,52.3494,628.6619,156.6498,215.4108,124.4776,164.3325,38.6841,114.801,43.1626,173.8614,372.2846,440.2275,80.8815
2023-11-14,103.9639,61.2212,12.1421,354.25,27.7711,10.4743,51.5323,236.4789,87.1753,344.2748,68.4675,28.9924,503.6755,153.3715,32.7593,321.2668,97.1684,41.3743,65.959,21.723,64.0689,192.5956,220.0522,32.7056,141.263,116.6269,81.085,14.012,71.577,58.3662,24.5554,39.6223,145.971,73.0709,68.43,65.9703,27.6213,333.4945,191.1839,107.4971,82.9487,238.5172,78.7706,100.0523,42.9556,24.4785,97.0081,72.2981,327.8238,9.8219,396.0562,113.313,53.1547,662.7823,157.4027,213.0335,126.2032,162.1222,39.9271,116.1664,44.1609,172.7996,379.3376,446.0233,83.3389
2023-11-15,102.9827,60.5252,12.1775,356.79,28.6048,10.7115,51.736,235.6007,88.3793,343.8141,69.4319,28.4757,507.2729,155.8346,33.4169,320.2045,96.3887,41.8593,66.0051,22.2856,64.8031,191.9589,219.4543,33.6375,142.5002,118.7447,78.3917,14.2584,72.0359,57.8144,25.1353,40.4026,144.2691,74.3493,69.26,66.0597,27.9995,334.4976,188.6649,108.081,82.939,235.1662,77.4228,100.8181,42.9996,25.16,98.6062,71.4191,324.2635,9.9853,394.2422,115.1418,54.4062,673.7027,154.2656,211.743,126.1265,162.9294,40.6482,114.5456,44.275,172.4003,376.308,445.1592,83.6306
2023-11-16,102.0209,61.1354,12.1509,359.86,28.1924,10.6149,51.9495,236.7619,87.5796,346.6277,69.2093,27.6624,509.723,155.4632,33.0742,319.3224,96.1035,41.6634,65.8301,22.2765,64.3942,192.9867,218.6345,33.7642,144.1275,119.0946,79.3875,14.1528,72.992,58.0108,24.9696,39.7658,146.3461,74.3306,67.24,66.5859,27.9238,335.2085,191.4059,109.2684,81.5254,239.8556,78.0871,100.0426,43.7712,24.9389,98.0577,72.2981,328.1582,9.9036,396.1248,113.4692,54.0084,679.4623,154.3815,215.4108,129.1749,164.9956,40.3541,115.3314,44.1894,173.1893,385.2714,450.7317,83.6482
2023-11-17,104.6149,61.4786,12.2661,358.93,28.6586,10.8258,51.8913,236.1764,87.8672,349.6668,69.8955,28.5905,506.952,158.8941,33.4077,321.7126,95.9229,42.307,66.8063,22.0224,65.2306,194.1054,220.0619,34.0537,145.4313,119.9417,79.2832,14.4432,73.1736,58.4971,25.3654,40.564,144.1776,74.9091,69.29,66.5264,28.3398,338.7437,190.962,108.4217,83.6361,239.797,78.7225,101.1186,44.0473,25.5744,99.2492,72.1105,324.3028,10.0579,400.1843,116.4651,55.0853,681.3252,155.6749,216.0221,128.6381,165.1205,40.7621,116.2057,44.8739,172.0885,382.3672,443.9943,84.6383
2023-11-20,104.0999,61.3642,12.3725,361.33,28.7213,10.7643,52.5317,236.0496,88.8016,354.0197,70.3313,28.5331,507.7201,160.155,33.1391,321.9592,95.8183,42.2137,66.8524,21.9589,65.0075,192.8139,220.4187,34.0446,145.8785,120.0154,80.0987,14.3464,72.9824,58.4597,25.4666,40.1514,145.8063,74.3679,69.83,67.0129,28.3681,340.3506,191.7437,109.1516,84.188,240.8814,78.1448,100.7114,43.6959,25.3994,100.6581,72.5352,325.7387,10.0488,403.5378,116.6581,54.8718,685.1839,156.3988,216.5363,129.0695,165.3896,40.6008,115.911,44.7979,172.2249,385.6477,442.6934,84.4412
2023-11-21,102.7689,61.9458,12.1864,361.0,28.309,10.5534,52.9974,237.0937,87.1573,356.6569,70.0624,28.1982,510.3258,158.6301,31.7776,317.71,96.5694,42.0552,66.5024,21.4871,64.1711,196.0517,225.4241,33.4837,145.574,117.8331,81.6825,14.0472,73.9193,58.2165,25.1813,39.2456,148.0572,73.2202,68.44,67.6688,28.0373,338.8703,192.1105,110.4169,83.8854,243.1675,78.8476,101.0701,44.6307,24.7548,100.0245,73.1969,320.5556,9.8945,405.7147,115.2888,54.3189,688.7195,159.0629,218.6031,129.3762,168.2342,40.4205,117.4827,44.6172,172.371,392.6814,444.0622,84.3875
2023-11-22,103.7308,61.9458,12.275,361.8,28.2283,10.571,53.4923,238.5574,87.8402,358.1502,70.6095,28.3992,509.4313,160.0963,31.8702,321.1909,97.0163,41.9899,66.5392,21.6686,64.9425,196.7702,225.887,33.3208,145.9166,117.8147,81.5118,14.1176,74.3304,58.8899,25.0248,39.129,148.7892,73.2389,67.81,68.0763,28.0089,341.3634,193.1914,111.2636,84.4028,245.2094,79.3579,101.6808,44.5868,24.6442,100.9701,73.6216,323.5553,9.8673,407.0286,114.9396,54.2606,691.0956,158.2425,219.9422,130.4595,169.2144,40.5913,118.239,44.8929,175.4006,393.6655,444.402,85.1936
2023-11-24,103.5365,62.1746,12.2396,362.68,28.4882,10.5797,53.6572,238.372,88.3074,356.0183,70.8042,28.5427,513.6897,160.7121,31.8146,321.6746,97.6247,42.1857,66.9076,21.6141,65.4072,197.5342,223.1673,33.6556,146.1165,118.5053,82.1282,14.1264,74.7128,59.4323,25.08,39.2456,149.8049,73.3882,67.22,68.8713,28.1034,342.2399,193.9249,111.3317,84.6956,247.095,79.8489,102.2333,45.0636,24.7455,101.1782,73.6118,324.5782,9.8764,407.0286,115.445,54.7457,693.9089,160.7438,220.3012,130.958,170.6175,40.7241,119.182,45.0165,175.4006,399.6861,446.6834,85.7489
2023-11-27,103.1576,62.2128,12.2041,361.34,28.1835,10.5171,53.502,239.1136,87.3101,354.9572,70.6836,28.1217,510.773,160.3407,31.8609,320.3088,97.4536,42.0458,66.4011,21.5143,64.8124,197.1158,222.0872,33.2847,145.7834,118.6434,82.5076,14.056,74.9805,59.1237,25.0248,38.8152,150.4362,72.735,67.33,68.7521,27.9427,340.3408,193.259,110.1151,83.3974,246.4892,79.8777,102.0685,45.0448,24.3127,100.9418,74.0463,322.1391,9.8037,405.1124,114.6271,54.3286,694.4601,163.2451,221.5723,131.7824,171.6458,40.819,118.9659,44.6838,175.7318,400.0142,446.8485,85.8205
2023-11-28,105.4892,61.6312,12.2041,360.05,28.291,10.6692,53.9289,235.8252,88.4063,354.8393,71.1194,29.5569,509.3049,161.9241,31.9999,320.2519,95.7327,41.8406,66.5853,21.7502,65.1562,196.3973,222.7719,33.5108,146.1165,119.3248,80.0893,14.0824,73.795,59.0956,25.2457,39.0842,149.384,71.7366,67.75,68.2154,27.9144,336.5135,190.3829,109.7648,85.1348,241.0573,79.1172,99.5774,44.637,24.4785,101.7833,72.5154,317.8215,9.9036,405.8297,115.105,54.1442,700.2387,159.0084,218.312,130.7854,169.9448,41.1511,118.1506,44.7788,176.2091,393.6289,443.2176,85.8832
2023-11-29,106.9951,61.8123,12.6561,358.69,28.802,11.1253,54.0453,234.9469,89.0981,355.5369,72.5845,29.8727,511.9591,163.6542,32.8242,325.3775,95.7042,42.6707,68.3075,22.3128,66.6711,195.3969,228.6549,34.1894,146.8587,121.8938,78.1262,14.496,73.5942,59.0676,26.1477,40.4295,149.1461,73.2949,69.13,68.0862,28.6517,339.2501,189.4853,109.6772,86.7649,239.3769,78.5877,100.5661,44.2731,25.0863,105.3104,72.071,316.7888,10.1033,407.461,117.3841,57.8308,710.2563,158.8048,218.3994,130.7372,170.5214,41.5401,118.131,45.2067,175.3883,389.8404,442.0793,86.5191
2023-11-30,108.4816,62.7467,12.6472,360.0,28.811,11.0806,54.1812,240.3432,89.9697,358.553,73.4839,30.9635,506.3979,166.9189,33.0001,326.6015,97.7293,42.9972,68.6142,22.5034,67.6748,198.5983,231.5771,34.4879,148.5336,123.3487,79.3685,14.6809,75.1814,59.5071,26.6447,40.555,150.0885,74.032,68.9,69.8552,29.0519,344.2753,192.4676,110.7964,90.7767,243.8125,79.6274,101.9231,45.5153,25.1139,106.256,73.8192,323.0734,10.2213,408.6304,118.9997,59.4898,713.9915,162.8961,222.6202,133.0337,173.5774,42.3087,120.9502,45.9387,178.0167,397.7953,441.1745,87.576
2023-12-01,110.6869,62.8993,13.1702,357.07,29.8239,11.8228,54.2394,239.4747,92.0543,364.5361,74.439,32.3701,513.0578,169.8415,35.4916,333.1901,97.5962,44.0511,69.2647,23.2565,68.697,199.6715,231.6253,35.6279,149.2569,127.9894,78.3632,15.4642,74.8543,59.6287,28.1449,43.2276,148.652,75.4783,70.27,69.5769,29.4997,346.9827,190.518,111.1857,93.334,242.8334,79.5312,104.6081,45.9607,26.2651,108.0621,73.2266,321.3818,10.657,414.6936,123.2148,61.2749,718.8577,163.1675,221.8731,132.8503,174.8843,42.7167,121.1564,46.3095,176.1309,394.966,442.8382,87.5402
2023-12-04,111.6682,62.9279,13.3208,356.66,29.8329,12.0196,54.5596,238.0988,91.6589,367.3753,74.8933,32.504,510.9091,169.343,35.825,334.1081,98.6611,44.1817,69.7944,23.2928,68.8643,199.8898,230.0726,35.7274,150.3513,129.6376,77.7563,15.5258,75.6335,60.3675,28.2185,44.3486,149.5212,75.7769,69.52,70.2826,29.3663,344.4993,190.4697,111.9546,92.4751,242.3927,79.6467,103.6291,46.2054,26.3848,109.2535,73.5821,320.7327,10.6933,416.8457,124.7746,60.7704,718.9337,166.2021,221.3491,133.7767,176.0472,42.8115,122.3647,46.281,177.6161,386.6623,441.9917,88.0954
2023-12-05,112.0374,62.8325,13.2942,355.03,29.7163,11.5724,54.0647,237.0937,90.3471,369.0651,74.884,32.5136,508.9063,166.8309,34.6302,326.8023,98.0906,43.5568,69.3019,22.957,68.0465,198.5801,242.3304,35.646,150.3323,127.6764,77.6235,14.9625,75.9605,59.8251,27.7123,42.8958,149.631,74.8065,67.2,69.9049,29.1377,343.3501,189.5046,111.03,96.7113,239.6902,79.5312,101.9522,45.9293,26.7624,109.0077,73.1377,316.9363,10.5663,415.8237,122.6577,60.3726,716.9093,166.1439,220.1459,133.8153,176.4988,42.2138,121.736,46.0433,177.792,384.8504,434.4031,87.8088
2023-12-06,110.5315,62.3272,13.2942,352.38,29.6177,11.5903,54.1812,235.6593,89.7361,366.8743,74.8006,32.8198,500.8171,163.7324,34.408,327.0127,96.5409,44.6387,69.3298,23.1113,66.3923,194.8603,252.7269,35.3565,148.7525,128.3209,75.8406,15.0505,75.4026,59.4229,27.8503,42.7074,147.7644,74.0973,66.36,69.0502,29.09,340.9933,188.6167,110.0567,98.2926,237.4479,78.6839,101.8552,45.2142,26.4861,106.0101,73.0093,314.3103,10.6207,411.4114,121.4693,60.3047,710.9486,164.6994,217.6328,133.6319,175.9895,42.2233,120.9403,45.1781,173.6882,378.2423,431.5233,87.7103
2023-12-07,112.0957,62.3653,13.4094,352.7,30.4424,11.7245,52.7297,236.8498,89.799,366.0883,74.7444,33.3939,494.3322,164.8174,35.5472,329.5468,97.5582,45.2356,69.3762,23.3019,68.0093,192.6479,251.5985,35.9445,149.2093,128.6984,74.2948,15.3987,75.3064,59.3481,28.3566,44.1603,147.9657,74.9745,66.41,68.3943,29.2139,343.5157,188.636,109.5214,99.8836,236.0281,78.9439,102.1363,44.4801,26.8545,107.6649,72.871,316.3855,10.766,410.1536,123.2798,61.0808,713.2161,162.5664,216.5072,134.1433,175.7769,43.0772,120.0857,46.0433,173.1996,371.4501,430.1612,89.2598
2023-12-08,114.7285,62.4797,13.4804,353.08,30.7741,11.8586,52.5739,236.7912,88.4512,368.0336,75.2405,33.7671,492.621,164.6317,36.0566,335.4852,97.7388,45.5994,69.8409,23.202,68.7435,193.4615,252.37,36.5778,150.8557,129.5271,75.2052,15.5683,75.2968,59.9373,28.7615,44.815,147.4716,76.7753,67.17,68.4142,29.4997,348.239,188.8483,110.3098,100.8304,235.94,79.4734,103.7648,44.7499,27.2689,106.4451,73.2364,318.7558,10.884,408.1882,123.1591,62.1577,712.5368,162.5664,216.2938,134.4328,175.1488,43.7414,120.1938,46.6423,174.6262,372.8259,431.8638,90.3435
2023-12-11,115.428,63.0995,13.5069,357.06,30.8638,11.7781,52.8174,238.8697,88.8286,370.9612,75.6523,33.9202,502.2755,164.5926,35.7787,336.3745,98.7942,44.9092,70.6123,23.1295,69.329,196.9446,253.9035,36.6683,151.4076,129.831,75.4992,15.5951,75.797,60.7322,28.4302,44.7343,149.5304,77.2792,68.0,69.2887,29.3949,355.8839,191.7244,113.0349,100.8304,239.8959,80.0125,104.7244,45.5843,27.2505,106.8423,74.0661,324.0274,10.8477,416.4133,123.874,62.1092,719.8848,163.313,217.8075,138.0513,176.2021,43.6465,121.2154,47.1081,173.9227,378.5911,436.9715,90.8451
2023-12-12,116.8659,63.8336,13.7551,360.02,30.5679,11.644,52.7687,240.5286,89.2778,373.8889,75.306,34.0637,511.4244,167.1828,35.3156,337.1873,99.4787,44.8253,70.919,24.0822,69.8123,195.7562,254.3857,36.5959,152.759,129.6929,76.1346,15.4076,76.7685,60.9754,28.0988,44.4025,151.095,78.007,67.15,69.5074,29.2901,360.5585,194.1373,114.7771,100.2838,242.4319,81.2063,106.2559,45.9795,26.9926,107.0503,74.8167,326.9681,10.7569,419.4203,122.3328,62.6428,726.4674,164.8836,220.3303,139.296,177.4679,44.0925,122.3745,47.4504,174.3331,383.8233,440.9215,91.5168
2023-12-13,121.5293,64.4471,14.4818,362.03,31.814,12.4846,54.9313,241.6117,92.7372,383.959,77.5429,35.2406,531.2097,170.6234,38.7333,346.8647,100.7623,46.0191,72.5639,25.0713,71.197,194.8694,261.4838,38.4416,153.2729,134.7296,74.3327,16.1574,77.5861,61.9387,29.7739,47.5773,146.9043,79.9012,69.39,69.895,30.5288,362.068,194.8225,118.7134,103.2804,240.1015,80.8982,104.4433,45.6659,29.0463,113.2344,74.8365,329.7908,11.1926,427.724,128.5998,64.3211,739.9962,164.234,219.3988,139.2864,178.9753,45.3165,121.6574,48.4391,174.3819,374.8122,446.545,93.2723
2023-12-14,125.5223,63.7378,15.5808,358.12,33.7413,13.209,54.6585,232.1756,97.5836,384.7449,80.4256,36.1113,527.0679,174.8265,42.2991,366.6975,99.7735,46.8585,73.958,26.6501,72.9999,192.1268,274.0503,41.011,156.0612,141.1659,70.8143,17.4965,77.2687,62.5652,32.3417,51.6405,140.4993,84.9493,69.42,68.2651,32.3392,370.0538,184.6017,120.4617,105.1448,222.31,78.2507,107.4772,44.6495,30.9711,121.48,71.0734,312.7859,11.9642,430.2004,134.6812,68.8226,772.2394,159.2895,214.7819,134.3556,176.6079,47.9258,120.4688,49.0761,168.3337,349.5716,441.6999,94.2306
2023-12-15,125.9886,63.2776,15.5454,356.5,32.8986,12.8066,53.3239,231.0046,96.638,382.2299,79.9764,35.5181,516.8301,176.4393,40.6042,363.867,97.4346,46.4761,72.9078,26.6683,72.1449,188.9911,269.2667,40.7215,157.2413,140.2635,69.6288,17.434,76.7973,62.0602,32.2405,50.3497,140.3712,85.4532,68.41,67.5794,32.0152,367.9795,180.5964,120.2371,103.4952,218.1681,77.5672,106.6436,44.4344,30.9066,122.331,68.6141,305.3112,11.8172,428.235,132.5458,68.8614,783.5963,158.3103,214.3533,134.1819,176.6466,47.736,119.7812,49.0856,171.0305,345.0176,444.5797,93.0215
2023-12-18,126.2801,63.709,15.6446,359.65,32.5759,12.6188,53.9474,232.9465,97.0835,384.126,80.1074,35.9295,518.0746,178.6385,39.8632,359.9368,97.6357,46.3176,72.2944,26.514,71.736,193.0684,271.9189,39.8529,158.1929,139.4164,70.7953,17.0769,77.3937,60.9941,32.2589,49.6862,142.741,84.688,68.64,68.0763,31.8532,366.2947,183.1444,120.6864,104.2956,222.8192,78.2603,107.9813,44.7508,30.354,119.1066,70.1549,308.8715,11.661,428.8541,127.3186,67.2413,762.0115,160.5887,214.5871,133.8828,177.2264,47.1193,120.9207,48.8955,170.9816,352.4977,446.0585,92.4035
2023-12-19,127.7762,64.6485,15.8792,361.8,32.9166,12.8424,54.3175,232.7025,98.402,383.6741,80.3601,36.5802,527.4763,181.5611,40.6875,365.7221,98.0093,47.5021,73.865,26.9677,72.1914,194.6774,271.8707,39.9977,160.3056,142.3537,70.966,17.2822,77.9516,62.0976,32.3233,50.6588,144.2782,85.7704,67.63,68.4738,31.9295,371.651,181.2141,120.8915,106.3551,219.9111,79.0402,110.1816,44.3901,30.8974,121.3098,70.0561,307.8487,11.7437,429.0998,129.389,67.6585,766.738,162.295,216.0481,133.4003,179.903,47.5273,121.3136,49.1617,172.9358,353.6508,436.4948,93.4514
2023-12-20,124.0941,63.8624,15.4101,355.35,32.0829,12.592,53.7233,229.8239,96.3652,375.7359,77.7675,35.719,525.1915,176.5761,39.4001,361.0078,96.7163,46.7,72.8241,26.514,70.6765,192.9404,268.5338,38.4144,158.4974,137.8142,69.809,16.9341,76.4799,60.9941,31.3017,48.9408,142.3384,85.0426,66.58,67.6887,31.4245,363.0419,178.9267,119.5143,105.0471,215.5244,77.7116,108.6598,43.8585,29.8199,119.2389,68.8116,289.2702,11.4588,420.4226,124.3754,65.1167,755.1132,159.0665,213.1261,130.8626,177.6419,46.8156,118.9954,48.3916,170.112,345.7055,440.0654,91.8124
2023-12-21,125.9498,63.8145,15.7709,356.14,32.7104,12.7708,54.639,232.5854,97.1926,379.3513,78.4321,36.4079,537.6752,180.6227,40.4004,363.9244,97.5495,47.1943,73.1494,26.8135,71.5687,195.4271,275.5162,39.1834,159.4015,139.7479,70.3306,17.0858,76.0567,61.3401,31.6607,50.0588,143.1802,86.4329,67.29,68.0962,31.6341,366.207,180.3069,121.3408,108.5025,218.2171,78.1833,107.6033,44.1433,30.308,122.1135,69.5425,283.4379,11.615,425.1985,126.4644,66.145,764.5565,160.1427,214.3046,130.6503,179.3135,46.92,119.516,48.8669,172.076,346.5194,457.4415,92.4572
2023-12-22,126.0469,64.1596,15.9694,356.47,32.9524,12.7798,55.5644,234.2834,98.1019,380.7759,78.4695,36.3027,546.6783,181.3851,40.7524,364.0009,97.5495,47.4368,73.326,26.9496,71.736,195.9207,277.9369,39.3644,159.3063,140.3924,70.0271,17.2019,76.5376,61.5926,31.7251,50.1407,144.3514,86.2276,66.96,68.3744,31.8532,366.2265,181.3492,122.7961,108.3366,218.2367,78.4144,108.2818,44.428,30.4461,123.5792,69.6117,286.8606,11.6334,427.3113,126.7522,66.5331,767.733,160.8795,215.0352,132.5802,179.5358,46.6638,119.4374,48.9335,171.5093,342.6534,456.42,92.7349
2023-12-26,127.0087,64.3513,16.204,356.83,33.2662,12.9228,56.1392,233.3076,98.8293,381.5029,78.8532,36.6185,545.6963,181.7664,41.5674,364.9189,98.22,47.8845,73.6791,27.2944,72.2285,196.3687,281.2256,39.871,160.2485,141.8933,69.7142,17.4697,76.7589,61.948,32.1761,51.1587,144.0037,86.6289,67.42,68.5633,32.263,368.369,180.9631,123.7045,108.9808,217.7275,78.6743,109.1542,44.3584,30.879,124.2222,69.4931,284.8148,11.7896,428.6772,128.9248,66.892,771.7419,161.2382,216.3014,133.2363,180.7823,47.1003,119.4178,49.4088,169.7114,340.3667,459.5138,92.9051
2023-12-27,127.4168,64.3705,16.2762,356.95,33.3827,12.9854,56.4899,233.5125,98.8293,383.3597,79.1527,36.695,549.9256,182.8415,41.2247,367.6634,98.4115,47.9964,73.6048,27.3851,72.4609,197.2964,285.3051,39.7534,161.2096,142.722,69.7426,17.4429,76.9224,61.7423,32.2773,51.1678,144.2599,87.394,67.24,68.7521,32.2439,370.1025,181.9379,124.818,109.5567,218.364,78.8572,109.697,44.3268,30.9803,125.3947,69.7302,285.0902,11.762,432.3819,128.0149,67.2025,778.0949,161.2964,216.9053,133.5354,182.2607,46.8062,119.2017,49.5039,171.5874,339.795,461.3623,92.9857
2023-12-28,128.262,65.0607,16.3033,357.57,33.4275,13.0033,56.7334,234.3546,99.1203,383.7723,79.5177,36.7141,554.7674,183.5649,41.3636,369.5089,99.0245,48.0524,73.6513,27.2762,72.8791,197.7462,285.8741,39.9181,162.0661,143.3021,70.2358,17.4518,77.3552,61.9948,32.3517,51.4223,144.8821,87.3753,67.99,69.0403,32.282,371.1933,182.2082,125.6092,109.8788,218.8046,79.0498,109.2705,44.5609,30.9158,125.8864,70.0462,284.5395,11.7712,434.1901,128.4884,67.4741,779.2047,162.9349,218.6001,134.9153,182.9468,46.9485,119.5553,49.6465,173.7663,341.6554,463.8724,93.3529
2023-12-29,127.3876,64.9456,16.0957,356.66,33.0959,12.8781,56.636,236.1956,97.9201,383.7036,78.9749,36.5419,549.9548,183.1152,40.6319,368.8969,99.0915,47.9778,73.1122,27.0312,72.6259,197.3526,282.4311,39.5979,161.8758,142.5839,70.4349,17.3001,77.3168,61.8451,32.0635,50.7315,145.7422,87.0114,67.12,69.1595,32.0819,369.9077,182.8645,125.4431,109.7129,220.195,79.4253,108.5114,44.7508,30.5198,123.7967,70.2339,286.2213,11.6885,432.8929,127.2722,66.7465,776.7075,163.3517,220.1293,135.0697,184.0677,46.7018,119.5651,49.4849,174.4698,342.5952,464.1254,92.8871
2024-01-02,128.3494,65.9905,16.0145,362.46,33.6247,13.0659,55.4281,234.9716,98.1201,375.1072,79.4335,36.3218,540.3781,184.0634,40.882,371.3163,101.4094,49.4701,73.5212,26.857,72.8978,196.0688,276.2588,40.1743,163.7601,144.1032,71.6488,17.4072,78.2979,62.9861,32.3331,51.3587,147.8925,87.6179,66.02,70.0242,32.3011,369.1286,183.5401,123.5092,109.6543,220.3125,80.1762,109.2899,45.6557,30.8606,121.2909,69.8783,283.2707,11.8172,428.8344,129.0826,67.0376,765.7047,164.68,221.4442,138.7653,184.9663,46.8062,119.8991,49.7986,174.1181,350.4145,450.2031,93.6574
2024-01-03,126.999,65.77,15.5815,366.75,32.7283,12.6814,54.5416,235.6374,96.6471,368.6427,77.2902,35.8338,534.6126,182.1182,38.9,365.091,100.7964,50.0297,73.1122,25.9218,72.4759,188.7407,269.0449,39.113,163.0463,139.6466,72.9671,16.7823,78.2883,62.771,31.5894,49.7043,149.3016,85.7611,63.66,69.8353,31.9485,370.5992,184.65,121.9073,108.0926,220.3321,80.0895,106.5261,45.9151,29.5989,115.693,68.5943,286.0934,11.5047,422.4175,124.9603,65.0487,750.2528,164.806,220.5286,139.9136,184.8503,46.1894,119.5258,49.2472,170.8741,352.6431,442.4004,92.0631
2024-01-04,126.0761,65.7892,15.789,363.68,33.1407,12.8155,54.5806,234.5211,96.4379,367.9157,77.0843,35.8243,544.1893,183.5107,39.4927,366.2003,102.099,50.1509,73.7814,26.1051,72.5509,189.987,265.5923,39.5338,164.1283,140.4477,73.4697,16.9341,78.875,63.117,31.9984,50.0588,149.1461,85.985,63.78,70.2627,32.2058,369.1384,184.814,122.6985,107.6924,221.1938,79.2327,107.217,46.3011,29.7646,116.2131,69.6117,285.9459,11.6977,422.2308,126.5387,64.8935,751.975,163.9238,221.3955,143.2908,186.0485,46.7587,120.2836,49.4469,169.5746,356.2669,445.7472,92.1438
2024-01-05,128.6506,66.1535,16.1499,365.59,33.7054,13.0928,54.2299,233.914,96.538,365.1648,78.1232,37.1447,523.1206,185.3935,40.7987,369.5376,102.8269,50.6733,75.1103,26.4811,73.3291,186.6603,266.3445,40.0828,164.9518,143.8546,72.8438,17.309,79.6638,64.4544,32.9095,51.3678,148.8807,87.0021,63.15,70.7496,32.8061,372.1184,184.1867,122.8645,109.176,220.5867,79.6371,109.0369,47.0541,30.7316,115.5606,68.7425,284.8148,11.9458,420.5209,128.3027,65.2234,748.9898,162.9543,221.7851,144.7189,186.5607,47.366,120.3427,49.8081,169.1642,359.8713,444.21,93.4245
2024-01-08,129.9039,65.3962,16.4386,368.18,34.064,13.1464,55.243,237.1455,97.229,369.1044,78.7877,37.5083,528.0791,185.5406,41.2525,371.8518,102.9514,50.3748,74.7944,26.8937,73.5354,187.5225,267.6079,40.22,164.7124,145.0424,73.1378,17.4161,78.8846,65.0155,33.1326,51.6314,151.3146,87.254,65.59,70.8192,32.5488,374.3973,184.9202,125.4236,110.1424,224.0725,79.7815,109.4456,45.9467,30.9434,115.6835,71.3006,290.6667,12.0285,424.6875,128.1913,65.7764,762.7291,160.9377,220.3241,144.1399,185.8263,47.366,119.2798,50.1029,172.3593,360.9274,446.3309,93.6126
2024-01-09,129.1461,65.0223,16.0236,366.9,33.7771,13.0481,54.9118,234.8932,96.5925,366.5206,78.9281,36.8385,524.7734,183.1479,40.7894,366.9557,102.0128,49.8805,73.0565,26.7011,72.4947,184.6924,262.6894,39.7626,163.4102,142.2708,72.2179,17.068,78.75,64.7349,32.8258,51.0497,152.5041,85.901,65.87,70.5509,32.0438,366.0901,184.428,124.0854,108.7563,221.4288,77.5479,107.762,45.7063,30.6948,114.4164,70.9845,289.1325,11.8539,422.7221,126.7337,64.7577,760.1745,159.1344,219.4572,145.6838,185.72,46.7682,117.2524,50.3406,171.4799,357.0614,442.1961,92.502
2024-01-10,125.2697,64.7922,16.1138,367.92,33.822,12.9318,55.4183,240.3477,97.6473,369.9788,78.7596,36.3027,531.4917,181.3828,40.6875,365.2536,102.8843,49.4514,73.4189,26.6645,71.8196,185.3859,262.3229,39.7077,163.7549,142.8878,72.986,16.8894,79.2886,64.8097,32.8723,50.4952,151.4427,85.3598,65.34,70.531,32.0152,368.1158,185.7309,124.6813,108.3756,225.3552,79.56,107.9664,45.5607,30.7316,114.9176,72.0414,294.3647,11.8815,425.6309,127.0493,63.8555,758.1079,158.32,219.3988,145.0373,186.58,46.5689,118.5909,50.1314,171.5874,358.9896,450.2323,92.8961
2024-01-11,124.6868,64.5047,15.9153,363.34,33.4723,12.8692,55.0774,241.9438,99.3476,370.1851,78.0951,36.3314,535.0113,181.4416,40.1411,363.1402,103.6984,48.5747,73.391,26.4077,71.5008,184.0458,260.6062,39.177,163.0655,140.4569,73.6119,16.577,79.6349,64.8097,32.3982,50.177,153.7394,84.4547,64.88,70.5608,31.5864,368.3885,186.1363,123.8217,108.5708,227.1667,79.6082,107.5674,46.1176,30.0317,113.3952,71.9525,293.6861,11.6885,426.6725,125.6102,63.3122,758.3471,161.5194,221.7949,145.0952,188.3,46.531,117.9906,50.1314,173.7273,362.7393,452.3629,92.5737
2024-01-12,124.065,64.706,15.5905,363.62,32.9345,12.6993,55.4573,243.2462,100.466,373.1226,78.4414,35.1449,530.325,178.5096,39.0019,361.2277,102.8364,49.0783,73.1866,26.041,71.7352,185.1141,259.4103,38.564,161.8686,138.5313,73.6783,16.3181,79.0289,64.3702,31.9426,49.1862,154.5446,83.6989,65.31,70.6403,31.2529,366.5673,189.1089,124.0073,106.9115,229.9084,79.6563,106.2049,46.0733,29.1384,112.8467,73.5624,295.2892,11.5047,429.4339,123.5583,63.2831,765.0349,159.6192,221.639,145.732,188.9667,44.9749,118.2956,52.1469,176.5413,358.9218,453.9196,92.4572
2024-01-16,123.8901,64.4376,15.2747,361.1,32.4325,12.4489,54.9994,240.6904,96.8926,375.0286,77.936,35.365,527.418,177.4604,38.122,363.8096,102.7598,48.3788,72.6197,25.5275,71.1352,186.1075,259.4296,37.8595,160.8536,138.6243,74.1335,16.0235,79.3656,63.7997,31.2454,48.4045,154.2427,80.2185,65.49,70.6602,30.605,363.7139,188.829,123.0989,107.0384,228.6061,79.4541,106.3801,46.3834,28.7332,111.8161,73.6315,295.3679,11.2566,428.9917,121.9893,62.3905,757.1703,159.4737,221.8144,146.1855,190.0779,44.4246,118.0988,52.6603,179.4726,357.759,449.7069,91.8303
2024-01-17,122.4911,63.987,15.0221,359.29,32.0739,12.3773,54.6585,241.9438,96.147,374.5865,77.6271,34.8961,523.2275,177.4898,37.9182,360.6826,102.7694,47.9032,71.7461,25.0965,70.0288,190.2026,255.1862,37.3472,159.9918,138.4383,74.6077,16.0146,79.2405,63.0422,31.4128,47.8863,155.4505,78.7628,64.96,70.5012,30.3001,362.3407,189.495,122.9036,106.1404,229.1152,79.743,106.273,46.6555,29.2213,110.6152,73.5525,298.2594,11.2474,430.1512,121.59,61.5562,753.391,161.0637,222.3209,147.1987,190.8413,44.2822,118.0791,52.1564,182.8435,353.8542,446.0001,91.2212
2024-01-18,121.3641,64.4567,14.9319,362.38,32.2532,11.805,55.3599,242.6293,96.638,376.4728,75.7272,34.2263,531.2972,176.3032,37.5292,360.4245,103.6984,47.67,71.7647,25.179,69.6725,190.137,255.3019,36.7342,160.3078,136.0848,74.8828,16.0235,79.8273,63.3321,30.9014,47.5318,156.2505,78.287,65.63,71.0478,30.2334,365.0871,191.5604,123.685,94.681,232.0136,80.4939,106.7985,47.0668,29.1016,110.7192,73.2364,302.2132,11.2474,431.9889,123.3727,60.848,760.8825,161.5,224.0546,147.5557,191.6627,44.064,118.8172,51.9473,182.6481,357.4587,448.6853,91.2123
2024-01-19,124.337,65.9809,15.4191,366.99,33.5889,12.4667,56.3535,245.5573,99.5659,380.0489,75.9424,35.3171,538.56,179.6177,38.548,365.4831,106.5909,48.0524,72.787,25.61,71.1258,189.3404,256.4688,38.4359,163.075,140.2708,76.7036,16.6216,81.7799,64.4263,31.8032,47.8136,156.462,79.6306,66.26,71.7534,30.7003,371.6997,192.1587,123.5092,95.0031,233.8152,81.2256,108.5308,47.6616,30.0133,112.6009,73.9081,306.4422,11.6885,434.2982,129.4169,61.8763,770.6225,162.7022,231.1552,149.447,204.5336,45.6581,119.8801,52.7329,181.1336,362.2258,450.8938,92.6453
2024-01-22,125.9886,66.3931,15.6897,368.06,33.1765,12.6993,56.6555,243.9317,100.6024,381.9646,76.1951,36.14,550.509,181.422,40.1133,369.0786,107.2231,49.2835,73.6606,25.9768,69.6725,190.4837,256.8932,38.2255,162.8835,139.0057,76.3148,17.0233,82.3955,64.9968,32.1286,48.7862,156.5908,79.9945,67.82,72.5981,31.0147,376.9976,191.5217,124.3394,97.2677,232.5717,81.3507,110.4772,48.7753,30.5474,114.3881,74.3624,301.3772,11.8815,436.7647,131.8123,61.7308,759.6961,163.6523,232.7916,149.9391,206.6497,46.0471,120.756,52.5317,181.6026,363.0591,455.0968,93.523
2024-01-23,126.0663,66.1439,14.3905,372.14,33.0062,12.8871,56.8698,245.7825,99.8023,382.9765,76.0454,35.8243,548.1561,181.8731,39.6131,364.1156,107.0315,49.7126,73.8371,24.9865,69.335,191.1397,262.7279,38.3993,161.8111,139.4522,76.1915,16.9341,82.5014,64.9594,31.7009,49.0498,156.6276,80.937,69.68,72.3,31.2244,377.6695,192.178,124.1831,98.0388,234.6867,81.4855,110.3799,48.5855,30.4646,112.5063,77.9378,299.4397,11.7253,438.7596,131.6637,62.0122,758.2992,163.9916,234.1065,148.704,203.8668,46.6069,120.3525,52.5125,184.5437,363.3401,458.1517,93.4335
2024-01-24,127.3585,66.2973,14.2732,376.59,33.6606,12.9139,56.6944,245.7825,99.7932,383.0944,75.6991,36.3314,542.9643,182.2163,40.882,362.8055,108.1808,49.6753,74.2553,24.6472,69.2318,191.4208,265.1101,38.8659,163.257,139.7499,75.9923,17.184,83.1266,65.1651,32.2587,50.0225,164.0212,81.7114,68.67,72.6379,31.4245,379.2862,192.4492,124.0854,98.8001,234.0894,81.8321,109.5138,49.1613,31.0171,114.0666,76.6439,299.0462,12.0193,438.1798,132.4715,61.5853,751.7836,164.4182,235.3046,151.8979,203.8668,46.958,120.1065,52.6083,184.4753,363.3595,458.0934,93.8544
2024-01-25,128.7769,66.1247,14.6161,380.85,33.6247,13.0033,56.86,245.5181,101.2753,385.7077,76.5508,36.8003,539.3767,184.4227,41.0209,365.9612,107.5583,50.1136,74.497,25.1974,70.0194,192.6765,263.6441,39.1679,165.5933,140.6987,75.4897,17.0769,83.7999,65.8291,32.4447,49.9679,163.6993,82.1313,68.6,72.5286,31.8151,381.156,185.088,124.3296,101.2599,232.7969,81.7262,110.7984,52.6923,30.9434,116.7709,76.239,294.768,11.8907,441.5602,131.8773,61.8084,756.29,166.1051,234.9442,153.4803,204.3886,47.328,121.5434,53.0203,184.3678,364.8613,458.3171,94.7322
2024-01-26,134.7713,66.6519,14.6251,385.4,33.9206,13.1196,57.1036,244.3038,100.1023,382.4558,76.373,37.8336,534.0487,197.5236,40.7709,361.266,107.4721,50.0577,74.8222,25.2982,70.4226,193.7729,266.6628,39.0123,164.9614,141.0243,75.7742,17.0948,83.5017,66.2874,32.4075,49.9225,164.996,81.8607,68.2,72.3298,31.8532,381.1755,186.9283,124.3003,104.3639,228.1752,82.1305,110.1853,51.5532,30.9342,117.7922,75.9328,296.9219,11.9918,438.8677,131.3945,62.1286,753.2666,165.475,234.9734,152.8146,204.3017,47.7455,121.7992,53.0107,182.1596,367.9522,457.9182,95.1352
2024-01-29,134.5381,66.4986,14.8056,383.18,34.1447,13.2985,56.7431,241.3269,101.5208,384.4011,76.0922,37.5275,535.6627,196.9646,41.6137,363.9148,107.2039,50.4681,74.7386,25.2249,70.1694,191.8987,268.4566,39.2959,165.3922,142.7732,75.613,17.3179,83.5113,65.801,33.0303,50.7679,163.4694,81.7581,69.62,72.8168,32.0247,382.8408,184.9911,125.1989,103.5342,224.0138,81.4374,109.2607,51.3761,31.5513,120.8748,76.1303,293.4697,12.0653,442.0221,132.5458,62.0316,754.6061,164.1661,236.4637,150.5856,204.0021,47.774,121.0414,53.5568,179.2967,365.7818,459.8932,94.562
2024-01-30,134.6644,67.4668,14.6792,387.15,34.2164,13.4147,56.938,242.6391,101.5754,389.5491,75.6804,37.9867,585.5295,200.1908,41.1599,369.9488,107.2997,53.2475,75.0453,24.8764,70.1788,193.1451,264.57,39.6528,168.7819,143.4895,76.4191,17.3893,84.2905,66.2219,32.8816,50.5315,165.2627,82.559,69.45,73.3236,33.1491,383.2693,186.967,126.0194,105.6523,225.7665,82.5349,110.448,51.6545,31.9895,120.2791,77.3353,293.873,12.0561,446.6898,133.4464,62.4584,747.9374,164.903,236.8533,151.0005,206.3405,48.571,122.3897,53.691,179.0622,367.9328,466.2561,95.5024
2024-01-31,131.4681,66.6328,14.2823,383.74,33.2214,12.9944,56.2756,241.1898,98.6111,385.1576,74.5385,37.1926,582.01,196.8469,38.8074,367.2139,106.1216,52.3894,73.5119,24.418,69.26,192.892,217.4869,38.0059,166.953,140.6615,78.1736,16.6663,83.646,64.8284,31.8311,47.7954,163.92,82.2009,69.52,72.4093,32.4059,376.7249,187.7516,124.3687,102.9973,227.3234,81.1967,107.2268,51.8127,30.4884,117.6787,76.6044,294.1194,11.6977,440.5874,128.2192,61.042,740.8382,162.8282,238.6357,149.804,204.234,47.6127,120.8741,53.1353,179.6387,373.01,463.026,93.9798
2024-02-01,130.7297,65.9713,14.5078,386.44,32.7194,12.6724,55.6131,242.1495,99.9023,395.4732,74.2203,36.9438,587.5323,199.2789,36.353,367.0609,105.9013,52.2868,72.2386,24.8031,68.6787,192.8452,211.1699,37.4112,166.3498,135.2941,77.8511,16.2646,83.7518,61.1157,31.4035,46.4137,164.3431,81.8052,69.94,71.8528,31.9676,375.936,187.6547,126.7129,104.0125,227.2842,73.36,107.5284,50.8002,29.0712,117.5369,76.9606,295.6667,11.4496,449.3038,122.3049,60.4114,750.9991,164.137,238.587,150.711,204.8718,46.5616,118.148,53.1736,180.4985,366.6538,471.4416,91.9736
2024-02-02,132.5951,66.7478,14.2823,390.75,32.9793,12.8513,55.1845,245.2537,99.7841,392.5848,75.2311,37.512,576.6042,202.407,36.7234,370.8955,107.4817,52.2962,72.5082,24.6747,68.8474,193.5574,216.7153,37.3655,167.3073,137.7964,78.9986,16.336,86.878,61.6768,31.4685,46.7955,166.1639,82.2292,71.42,72.5882,31.8913,380.4841,187.2867,125.7068,104.442,227.8913,73.9569,109.4164,51.1736,29.8917,118.4897,76.8617,288.1765,11.5691,446.1887,123.939,61.0614,753.9364,162.4624,240.2818,151.8496,207.5774,46.9725,118.9452,53.2982,178.5932,369.4928,473.582,92.4393
2024-02-05,131.3904,66.0768,14.1469,390.76,32.4952,12.7172,54.5319,245.2635,98.4202,390.0207,73.6962,37.329,567.2025,201.9461,36.001,366.2672,107.0507,51.317,72.0435,24.1429,68.0411,191.9362,213.417,36.6884,167.0871,135.6568,79.3401,16.0325,86.6182,62.035,30.9665,45.7774,167.5341,80.9289,69.36,72.3398,31.434,379.8802,186.2018,123.8022,104.0808,231.3379,73.4852,109.4067,51.4963,29.4161,115.5265,76.7627,292.3257,11.3945,443.7221,123.4655,60.5084,749.3152,163.9715,242.7753,151.3286,205.896,46.5329,118.3645,52.7042,177.5868,369.9482,464.4659,92.0094
2024-02-06,130.5257,65.9234,14.3274,393.74,32.4952,12.431,54.8631,262.8802,99.093,391.0621,73.1908,37.3579,565.8511,201.6617,36.0288,368.151,107.3667,51.1757,72.8613,24.418,67.9286,190.0245,213.3881,36.6884,167.6616,138.8755,78.9986,15.9432,86.2816,62.1764,31.1153,44.7684,165.7777,81.1268,71.25,72.3596,31.4816,377.913,188.3908,123.392,103.134,229.174,74.0532,108.3654,50.9331,29.4068,117.7274,77.574,296.4847,11.3669,445.4418,122.8063,60.0428,753.9172,164.4389,241.2364,151.8303,205.8284,46.1412,119.27,52.7521,176.2775,368.8049,464.4756,92.6005
2024-02-07,130.1565,66.9204,14.3635,397.66,32.2801,12.431,55.4378,266.1509,99.775,397.7427,74.0518,37.1075,574.2417,205.0252,36.2974,369.748,102.5108,51.3546,72.5918,24.5005,68.4724,192.5359,218.3549,36.5146,167.9775,137.8336,80.0608,15.9254,86.4259,63.1567,31.013,45.632,167.5249,81.0326,69.31,72.2106,31.615,381.1365,189.5822,125.1013,103.7392,231.2792,75.892,108.0637,50.8382,29.1924,120.138,78.0884,297.5195,11.3485,451.7605,121.1351,60.5666,760.3467,170.7286,240.4766,153.0365,206.9976,46.3227,120.5297,52.9533,180.2347,372.012,469.9726,97.7415
2024-02-08,131.5264,65.5783,14.3544,397.49,32.2983,12.4041,55.2917,264.5058,99.0294,391.0129,73.4435,37.4446,569.254,207.1139,36.9457,368.1989,103.0567,51.1192,72.2665,24.6014,67.8723,191.1678,216.2138,36.9354,167.3743,137.6104,78.4865,15.97,86.3104,62.9211,31.0409,46.4228,168.2514,80.7028,69.98,71.5745,31.5579,385.8469,190.6186,131.0008,106.238,232.0919,75.1989,109.0953,50.5471,29.2483,121.8054,79.0976,302.743,11.321,429.0703,122.2028,60.8491,758.9116,169.9692,237.9929,156.076,206.6014,46.1985,122.9704,52.8,179.9416,343.5448,457.3248,97.2758
2024-02-09,131.907,66.2589,14.3454,398.36,32.5985,12.422,55.769,266.2195,96.6834,398.0571,74.5385,37.3001,575.982,208.3495,37.131,367.453,104.2923,50.8368,72.6754,24.8489,68.2943,192.1892,215.3748,36.7616,167.5754,137.4615,79.1504,16.0682,87.3493,63.6281,31.2826,46.6773,168.0307,80.9289,70.69,72.3,31.5102,387.9089,191.6937,132.3389,106.5699,233.8642,75.3144,111.8008,50.9268,29.3695,121.653,80.1364,308.0453,11.4037,430.3085,123.7905,61.7258,762.7482,169.8913,240.7883,154.4163,207.2682,45.9214,123.9447,52.9053,179.2967,342.7696,464.6508,94.562
2024-02-12,134.1612,66.8437,14.7695,397.71,32.7531,12.6367,55.3599,266.5524,100.0114,394.0487,76.139,38.0706,573.8139,208.1435,38.1961,375.4664,105.863,50.7708,73.3632,25.775,69.0068,193.8104,218.6249,37.5759,168.3223,138.7359,78.809,16.4788,87.5513,64.6178,31.7102,47.8227,167.6996,81.8523,72.74,72.6478,32.0343,388.3291,190.0278,132.3096,107.8583,230.7113,75.584,113.8932,51.0723,30.0408,123.9397,80.077,305.5518,11.6334,422.0932,126.9472,62.8264,767.1015,167.3598,241.5676,153.7312,207.4518,46.7432,124.3285,53.2886,180.2152,349.7169,458.4533,96.0398
2024-02-13,130.3065,67.1888,13.75,394.8,31.7799,12.1001,54.2591,265.2402,95.2377,362.748,72.5075,37.2231,559.6384,205.6038,36.4363,362.184,104.9914,49.6786,73.6606,24.1246,66.6722,194.382,212.2389,36.5329,166.8572,135.1266,79.7194,15.97,87.1088,63.9486,30.511,45.2684,167.4421,79.1198,70.21,72.5683,31.2053,381.0193,190.299,131.284,105.7987,231.3967,75.1507,111.83,51.2179,28.6703,119.0518,80.0869,308.0256,11.3393,415.1653,123.2334,61.0829,744.4356,166.7075,240.4085,153.0172,208.6693,46.0934,123.4821,51.6311,180.9577,356.7223,450.7771,94.2575
2024-02-14,131.8484,66.3068,13.9484,398.68,32.2073,12.3952,54.3663,269.451,96.7107,360.0463,73.977,37.878,556.9064,206.8099,37.8309,361.505,106.2557,50.8273,73.1308,24.5464,67.0379,201.6445,209.2007,37.0544,168.5521,137.5545,80.4876,16.3271,87.9745,64.4293,31.1524,45.832,172.8402,79.1481,72.3,73.0652,31.5674,382.4558,191.5097,133.4817,106.5015,233.7075,75.9787,113.5623,51.838,29.1924,121.9102,81.3236,304.0143,11.6885,413.9173,126.418,61.3946,751.4488,167.2527,241.6747,155.7286,209.3167,46.3705,123.364,52.1964,180.5278,359.5128,449.2691,95.2964
2024-02-15,133.0682,67.3901,14.3415,403.45,33.0441,12.6993,54.0545,271.6837,98.4383,366.6876,75.6242,38.3788,561.3133,208.4083,38.8604,368.5622,107.6636,51.9855,75.2219,25.0965,68.4724,197.7462,213.3516,38.015,172.2289,139.1918,82.8869,16.5592,89.5328,65.551,31.515,46.7137,174.0265,80.7216,73.69,74.7547,32.463,388.7786,194.677,133.7064,108.073,235.5386,77.1821,115.2654,52.0595,29.5933,124.1016,81.8479,309.8291,11.7988,417.1405,127.8571,62.9531,763.5519,167.9635,244.5383,156.2111,211.6358,49.7243,123.8168,52.9724,181.798,362.749,451.4484,97.8848
2024-02-16,133.9172,67.1408,14.113,405.99,32.8349,12.583,53.9863,271.5564,98.9839,364.2511,74.8287,38.0995,554.5177,208.4377,38.0368,367.6251,107.1369,51.6465,74.3855,25.0048,67.9661,198.9082,211.9389,37.9602,171.4246,138.4662,81.6635,16.4967,89.5135,64.8252,31.5429,45.7593,173.8886,81.5037,73.26,73.8802,32.4821,388.7493,194.0087,133.931,107.8485,234.2363,76.4215,115.314,52.2746,29.4255,121.853,81.8083,306.7443,11.8264,416.2364,128.4142,62.729,759.677,169.1416,244.3825,156.1049,210.196,49.6001,123.5412,52.8383,182.4136,356.4413,446.0001,97.2413
2024-02-20,134.0734,65.3099,14.1952,407.15,32.3438,12.6903,54.1032,269.9211,99.484,368.7311,74.5104,38.9855,542.6327,208.3691,37.522,367.7016,106.2557,52.1832,74.6271,24.8489,67.0848,197.7181,207.043,37.6399,172.0949,136.4662,80.9618,16.4431,89.8694,64.6838,31.422,45.832,174.2472,80.4201,71.54,73.4724,32.3582,387.7525,194.5801,133.2571,121.4455,236.7038,76.3246,113.3287,51.876,29.2483,120.3667,81.8182,310.9428,11.7253,418.6341,127.5321,61.9303,763.6093,170.0276,244.0026,154.1172,212.6794,49.4663,123.8561,52.57,187.3284,356.6738,444.4824,97.2685
2024-02-21,131.7508,65.8371,14.2409,409.25,32.5348,12.7529,54.5903,269.2943,99.4113,369.2616,74.7725,38.1958,541.7455,206.8001,37.0634,371.2876,106.5526,52.0985,74.023,24.8123,67.6473,201.4758,208.0299,37.3472,173.2152,136.3452,80.3358,16.3628,90.3408,64.9855,31.1339,45.2957,174.9553,80.5238,69.91,73.9199,32.1105,386.3648,193.5534,133.511,118.4908,235.0979,76.7897,113.6985,52.8251,29.0805,120.2333,81.9567,306.7838,11.8264,416.9832,127.3093,62.466,770.632,169.6089,245.4149,153.5865,212.0803,50.3167,124.5844,52.8095,185.5599,350.6568,441.0675,97.5857
2024-02-22,131.3117,67.9461,14.2775,415.16,32.4165,12.8334,55.0969,271.625,100.8388,376.046,74.8567,38.2343,551.3198,209.84,37.1102,373.3914,107.3763,52.6352,74.6643,24.8673,67.9005,204.2871,206.6269,37.8321,175.293,135.2475,81.3885,16.2735,90.9179,64.91,31.0502,45.4138,176.2796,80.8912,71.79,74.5068,32.0247,394.1535,197.8443,136.0505,117.8528,239.5727,77.1675,115.2848,54.2363,28.9779,121.2814,83.2231,310.8048,11.8172,427.6847,128.1078,62.9531,778.2766,172.783,248.8045,154.5707,214.8052,50.9951,125.3422,53.0395,191.0414,358.9411,446.4379,98.1839
2024-02-23,132.2485,68.3678,14.0216,417.22,32.0527,12.7529,55.1845,271.811,100.9207,379.6007,76.2607,38.6388,554.7322,210.3989,36.5299,373.946,108.0468,52.6635,74.5713,24.7664,68.9881,204.2497,207.9525,37.8412,176.1739,135.9266,82.7826,16.3181,92.2261,65.3531,31.1617,45.0321,175.9209,81.5508,71.42,74.7853,32.3201,397.8573,197.2535,135.1617,119.4725,239.8959,77.9038,115.4016,53.9831,29.0432,119.2043,83.3418,310.7654,11.8172,430.6819,128.2192,62.768,778.4202,173.669,249.3597,153.5479,213.5104,51.4633,124.8895,53.3077,192.634,359.3578,450.9133,97.9573
2024-02-26,131.2434,68.3678,13.7931,409.14,31.4069,12.4198,54.7364,269.3139,100.4388,374.2933,75.9986,38.4462,553.7182,212.7524,35.959,373.1523,107.5008,52.1267,74.4505,24.5097,68.3224,205.6366,206.9849,37.3655,175.5707,134.7452,82.7731,16.2735,91.7451,64.6367,30.9293,44.5139,178.0176,80.7216,71.26,74.1388,32.0247,398.6488,197.1082,134.7026,119.7179,238.9559,77.216,115.4697,53.8946,28.3719,119.3662,83.1538,309.8883,11.7437,426.7922,125.9723,62.729,771.187,174.224,248.2201,154.1944,212.66,51.7213,125.0765,52.9628,192.0673,355.5983,446.6325,97.0328
2024-02-27,133.5171,68.9718,14.0764,408.91,31.7253,12.8374,54.9118,269.3531,100.8025,371.8808,76.5414,39.4959,543.8807,213.7526,36.2023,373.7165,108.5352,52.4563,74.9802,24.8398,68.8943,205.6459,207.0333,37.8504,175.6568,135.7685,82.7162,16.5859,92.0914,65.1928,31.5801,44.8139,176.7302,80.552,71.91,74.5863,32.6631,399.4111,196.8466,135.4059,120.3952,238.4761,77.7101,116.5013,53.711,28.866,120.7669,83.2132,310.8344,11.9642,421.3072,128.8041,63.6544,765.9343,176.9599,248.2494,153.9435,214.3993,52.3711,126.1689,53.2215,190.3965,356.2863,449.0356,97.5948
2024-02-28,134.2978,69.4319,13.9759,412.14,31.6616,12.6377,54.8631,269.4706,102.1573,374.0373,76.2232,39.3611,553.6987,213.8016,35.6408,378.6472,108.8992,51.8348,74.8687,24.7664,68.7912,206.9485,205.698,37.7131,176.5473,135.5266,83.7215,16.577,91.9664,65.3625,31.2175,44.1049,176.5922,81.0797,71.05,74.656,32.6917,401.2972,199.6071,135.611,120.9842,240.3561,78.0492,117.202,53.5086,28.6609,120.3572,83.8761,313.0716,11.8539,422.8336,128.247,63.9466,774.66,177.4468,246.9929,154.9567,212.9886,52.2851,126.3657,53.3077,191.8369,358.8442,454.3297,97.903
2024-02-29,134.288,69.8729,14.0856,409.4,31.8162,12.9554,54.7462,266.9539,103.0666,373.604,76.869,39.7752,546.9324,215.1647,36.9043,374.6699,109.1865,52.2491,75.1475,25.1699,69.1287,206.4893,206.4914,38.3902,178.156,136.9313,83.0671,16.8483,92.1876,65.7396,31.9241,44.8866,174.3208,81.0703,69.76,74.7256,33.1235,398.0918,195.9168,135.2008,118.481,239.4334,78.2236,117.095,52.9011,29.267,121.7863,83.3121,311.4257,11.9826,421.839,129.7418,65.0473,776.2674,176.6679,245.1325,153.9242,213.5104,53.1164,124.919,53.7389,188.133,357.4199,451.005,98.7913
2024-03-01,133.4683,69.8249,14.1952,407.11,32.0709,12.8828,55.0676,265.5536,103.1848,376.1839,77.3651,39.5345,551.3295,215.4,36.2866,373.755,108.7459,52.3527,74.3947,25.1424,69.2412,205.421,211.0681,37.8961,177.4187,137.4987,82.6688,16.8121,91.2983,65.7301,31.9519,45.0775,172.7299,81.4848,68.25,74.0294,32.9604,401.2483,195.6553,135.3473,118.589,239.0506,77.9232,116.8517,52.3942,29.4907,122.0436,82.8472,309.6911,11.8999,422.4594,128.308,64.7453,779.6066,175.7039,244.1098,150.5759,211.4425,52.6099,124.1711,53.164,183.2533,358.4276,449.7766,97.903
2024-03-04,132.7072,70.1413,14.2866,403.39,32.8986,13.2369,55.4962,266.4447,105.9763,376.6368,79.134,39.13,544.3974,214.6646,36.6609,377.7516,107.6732,52.8612,74.9802,25.4266,69.3819,207.4264,207.8073,39.0672,178.7496,143.015,82.6404,17.201,91.6463,65.8998,32.9839,45.3229,174.0265,84.8392,66.61,73.9498,33.728,402.9976,195.539,134.8589,117.8626,238.0494,77.2547,117.6302,52.9771,29.7704,120.6239,83.0549,311.4454,12.2766,418.9439,131.157,65.885,798.3976,173.338,241.8111,151.7697,211.6841,53.3266,124.299,53.164,185.5462,356.0828,453.345,97.069
2024-03-05,134.2393,70.8602,14.3323,400.74,33.7172,13.6364,55.4573,266.0922,105.7126,376.6368,79.7049,39.3419,536.5781,212.9877,38.3269,376.4611,107.2326,52.9742,75.2683,25.3533,68.7349,206.0676,204.4402,39.5704,180.5402,144.2988,82.8775,17.6261,92.6419,66.4277,33.7926,47.0319,174.5507,83.9818,64.33,74.1785,33.9583,403.2028,195.5584,136.1775,119.0406,240.8272,78.3108,118.2336,53.2559,31.3275,118.928,83.2033,310.6471,12.5523,415.8617,134.8213,66.333,791.1931,173.9027,242.8825,152.1482,211.7421,54.0814,124.3088,53.5473,186.4182,355.5305,452.7113,98.7369
2024-03-06,132.4632,71.7517,14.3872,403.96,33.8991,13.6091,56.3924,269.167,106.3854,383.0667,76.0735,39.7367,535.7787,214.2135,38.6545,375.1707,112.8165,53.944,75.0267,25.5366,67.3567,205.8708,201.0343,39.424,181.4786,139.8894,84.2336,17.4723,94.2175,66.965,33.5045,46.541,180.2523,80.7122,64.36,75.0638,33.9871,406.0173,197.2438,136.1873,117.2049,244.0369,79.5993,117.9319,53.6931,31.2902,117.4797,84.2025,312.5098,12.4512,419.6332,132.7408,66.333,799.4339,175.1003,244.0416,152.4102,213.1818,54.5687,126.0705,53.4419,183.8412,358.6795,453.3157,99.3532
2024-03-07,134.3271,71.6271,14.3141,402.39,33.5808,13.591,57.6004,268.6676,106.2854,385.5776,77.3866,40.0353,536.4026,219.0871,38.8604,374.0728,112.2801,54.3489,74.3204,25.6467,67.7411,201.1513,202.3018,39.6528,179.8891,139.9453,83.162,17.6803,93.8212,67.2761,33.8205,47.3318,180.3534,81.1645,66.35,74.6958,34.1886,403.3885,197.8734,135.6208,119.286,245.3032,79.7253,117.6886,53.3446,31.5979,118.9089,84.9347,312.1156,12.4328,420.1551,134.3621,66.4207,800.6854,174.1948,242.3565,152.022,212.9683,54.4636,125.1749,53.394,180.1079,356.0828,455.5679,100.3594
2024-03-08,133.9172,71.3299,14.5152,403.15,34.0537,13.5456,58.4576,268.0311,107.2492,381.0777,77.2826,40.5842,537.6994,219.0381,39.5343,372.686,112.3376,54.1512,74.3204,25.72,67.9098,200.6332,208.146,39.5796,180.2242,139.8429,83.0861,17.8069,93.6279,66.8519,33.8112,47.8954,182.4593,82.0125,66.92,74.4372,34.1598,402.636,198.7063,135.4352,119.0307,247.0503,79.5509,116.9782,53.4777,31.9988,120.0427,84.2817,312.1747,12.4053,421.6913,133.7717,65.4272,804.9406,173.8053,242.3468,152.2937,212.0461,54.5305,121.6615,53.1449,182.9299,356.2766,454.4565,100.7038
2024-03-11,135.1175,71.8092,14.442,404.76,33.8627,13.5456,58.4771,266.3272,106.9674,378.9508,77.4149,40.9695,550.179,215.9197,38.9446,371.8867,112.4238,54.057,75.0516,26.041,68.8568,204.2034,215.9447,39.8174,180.2912,142.1778,85.6467,17.6984,94.8265,67.5966,34.1366,47.6227,180.9236,81.9183,67.63,75.5909,34.4381,402.3233,199.4909,133.7845,119.6786,248.0515,80.5778,115.6352,53.8198,31.9242,118.6898,83.975,313.3771,12.3685,420.165,133.856,65.2129,794.3893,173.6496,248.376,155.2247,212.5994,54.5496,121.9272,53.279,180.1275,367.8747,464.918,101.0845
2024-03-12,136.8838,72.7487,14.2409,404.98,33.5899,13.4457,58.1946,269.2748,107.1583,382.9682,76.4419,41.5377,551.6415,218.332,38.2801,373.8321,113.3433,54.0947,74.8172,25.5366,67.9848,205.1266,215.4609,39.5338,181.7754,140.4476,86.2252,17.4995,95.6385,67.5777,34.1087,47.0228,182.9467,82.0219,68.21,75.7998,34.5053,403.5937,200.8372,133.804,122.4566,250.1226,80.355,115.752,54.257,31.7191,117.8418,84.9841,315.9593,12.3501,422.0655,134.2403,64.7746,798.6541,176.3466,251.0545,154.8947,213.9972,55.0465,122.3799,52.8095,178.0404,371.6535,468.1841,101.2839
2024-03-13,137.2156,72.7102,14.3872,408.13,33.1533,13.5546,58.2141,269.1964,106.931,383.0569,77.2071,41.8748,543.5687,218.4889,38.4392,377.8094,113.8892,54.3866,75.8297,25.5091,68.3036,206.6433,217.6476,39.7717,183.25,142.0662,86.301,17.5447,96.1411,68.5015,33.6811,46.9864,183.6824,84.1891,67.67,75.7401,34.6204,407.2682,201.37,134.2729,123.6443,250.6723,81.1882,116.7835,54.1683,31.9802,120.1475,84.5983,315.6538,12.3501,421.4943,134.1934,65.3882,795.1883,176.7263,253.4506,155.3606,216.9384,55.2471,117.1934,52.9628,179.8042,374.0468,469.5686,102.2719
2024-03-14,136.0641,73.0569,14.0673,406.73,31.8526,13.0916,57.3831,268.3151,105.5985,377.5329,75.809,41.6532,539.2301,216.1943,37.2506,374.2462,114.7512,53.7557,75.4735,24.7939,67.3754,206.6904,209.607,38.747,179.9848,138.1313,86.3295,17.0834,95.6675,67.7757,32.9281,45.4196,185.6412,83.9535,67.64,75.6009,34.2462,404.5319,201.215,132.7343,121.5633,250.211,80.9654,116.7835,54.0036,30.9173,118.9089,84.0838,315.8509,12.001,417.004,131.5225,64.872,778.6393,175.0808,251.7698,154.6812,214.9291,54.8171,114.1523,52.1676,177.4819,376.2463,466.8972,101.2839
2024-03-15,132.2778,73.4614,14.1038,408.13,31.7071,13.1461,58.351,266.3076,105.5525,378.2714,76.952,40.2375,531.1085,214.2233,37.2412,372.8979,114.8374,54.2453,77.3858,24.6656,67.9755,204.8911,211.368,38.5,182.2159,138.4011,87.1356,17.2281,95.7641,68.2376,32.7607,45.6131,188.4092,83.2751,66.09,76.5557,33.9775,409.9458,199.859,131.9406,118.0295,248.5031,81.7404,117.5232,54.181,31.2249,119.0709,84.0344,314.3824,12.1405,416.354,131.7005,65.3005,772.5935,176.3855,250.4602,157.4181,214.4534,54.9509,114.1917,52.1293,179.8238,380.6646,464.0502,102.281
2024-03-18,132.9804,72.5657,13.9576,408.41,31.7708,13.1098,58.9474,268.1388,105.7088,378.1926,77.4149,40.2086,536.6171,216.6846,37.1851,370.1629,114.0037,55.2058,77.1046,24.6289,67.9661,206.2005,212.355,38.8568,184.4756,139.1639,86.6804,17.3457,96.3248,68.3884,33.2535,45.7053,189.8162,82.8794,67.58,76.5557,34.5532,414.705,200.4014,131.7054,118.1669,249.0135,81.8567,117.7178,53.8515,31.4021,117.6036,84.1036,315.161,12.1126,415.3102,132.0754,65.6512,770.4082,173.6885,251.7795,158.2042,215.4144,55.1993,114.7724,52.6371,180.0002,377.7351,465.7077,102.4985
2024-03-19,133.5464,72.7102,14.0856,411.76,32.4711,13.1552,61.0691,267.2771,105.525,381.2648,77.6888,40.565,550.2083,217.3907,37.2319,374.2943,113.6662,55.4223,77.7889,24.8123,68.088,203.8172,211.4358,38.628,185.5576,139.6383,86.9364,17.4723,97.0497,68.247,32.9374,45.9634,188.9702,83.3128,67.86,76.9933,34.5724,419.2297,200.1883,132.7833,119.0111,249.1803,81.7114,118.9148,54.4915,31.2529,118.1276,84.5686,318.1078,12.094,417.4963,130.8383,66.5765,772.3817,174.5356,252.6004,157.5734,217.0743,54.4732,116.0813,52.9245,179.8336,377.044,469.8124,103.1512
2024-03-20,138.3476,73.9141,14.4695,416.11,33.4898,13.6545,59.5243,269.0104,108.4381,384.2286,79.4459,41.7881,545.1482,223.49,38.6732,381.8156,114.3702,56.6182,78.7545,25.0782,69.2131,201.2361,209.6845,39.7626,187.9897,143.0802,87.4675,17.8793,97.7457,69.1519,34.0344,47.7053,189.1817,86.0735,69.08,77.3414,35.2633,421.321,199.9655,133.3713,123.4578,251.1533,82.3314,119.4112,54.7196,32.4836,121.7292,85.7756,321.3601,12.3917,419.5249,134.1934,67.8623,787.3904,175.85,252.6297,156.4184,218.3944,54.7503,116.0222,53.7964,179.5102,380.2753,475.6915,104.538
2024-03-21,139.7236,74.5595,14.6248,413.78,34.6086,13.945,60.4629,268.8145,110.7723,389.5557,81.7131,41.0754,549.6721,224.6766,38.9446,398.4184,114.6016,57.7481,79.2045,25.5366,71.1914,203.5629,216.5543,40.6683,190.6037,146.8011,86.0071,18.2229,97.1947,69.0671,34.4062,48.756,189.0437,88.0051,70.89,76.9933,35.9926,425.8163,198.9775,135.3312,124.8419,245.686,82.3702,122.72,54.3774,33.2948,125.4451,85.1226,321.8036,12.6615,422.0064,136.6863,69.9857,810.659,174.8082,250.4798,157.389,219.501,55.2758,114.0047,54.879,180.4901,374.1534,439.3833,104.8643
2024-03-22,137.7524,73.5674,14.3598,411.6,34.2811,13.6454,60.2576,267.5415,109.0079,381.698,80.8062,40.016,539.2691,221.5778,38.0461,391.7831,113.2323,57.2679,78.3045,25.0965,71.107,202.065,214.5127,39.8815,188.2674,144.6616,85.9976,17.9607,96.8178,68.4638,33.8112,47.6039,189.1633,86.6389,69.17,76.0385,35.5512,420.3731,197.9993,133.4987,123.448,241.9855,81.537,122.2237,54.6372,32.7727,121.8245,85.0831,322.0697,12.3824,412.7302,133.2187,69.7422,794.0716,174.9445,249.698,160.3782,217.8702,54.5878,113.6406,54.103,177.2762,373.9004,436.2634,103.8763
2024-03-25,137.1571,73.7696,14.6248,409.92,34.1993,13.7907,59.7003,268.0409,108.7414,380.6444,81.0991,39.7945,537.5434,221.6465,38.3924,389.9726,116.4531,57.3903,79.1951,25.0415,70.9289,202.715,212.5001,39.8449,186.5438,144.2244,86.2916,18.0421,97.3107,68.9068,33.6997,47.9818,189.4576,85.8757,66.72,76.5756,35.3689,421.6923,196.7014,133.0871,122.9572,241.053,82.1667,123.0704,54.9477,32.9032,122.7582,84.9841,322.8483,12.4382,412.0902,133.3593,69.4792,785.773,176.7068,249.7957,163.9885,218.9186,54.2056,114.5755,54.17,175.9827,381.4238,433.6017,104.8099
2024-03-26,137.4303,74.5402,14.6705,411.57,34.1993,13.6727,60.8442,268.4522,108.337,384.9277,81.8265,40.0449,537.8748,220.1069,38.5515,391.1667,115.9903,58.0588,79.2045,24.7848,71.4258,200.539,207.5655,39.8266,187.4152,144.2151,85.9122,18.0059,97.5331,68.8691,33.4952,47.9265,188.1977,86.0076,65.6,76.4761,35.5896,421.4089,196.9822,134.3709,123.1143,241.691,82.3023,122.0388,54.8336,32.465,121.8435,85.4986,325.1545,12.4103,413.0847,132.3565,69.1578,789.6142,178.4399,250.255,165.7742,218.7244,54.1579,114.6346,54.2371,174.5228,377.9297,432.7535,104.9821
2024-03-27,141.0215,75.4552,15.0362,416.93,35.0997,14.1992,61.5971,271.0654,111.0663,384.2582,82.8939,40.7191,543.0617,223.3331,40.386,399.9015,118.8929,59.0851,80.6856,25.6288,72.0821,203.1013,210.6907,40.7149,191.0442,148.8104,86.7563,18.7023,98.8863,69.6798,34.4902,49.9818,189.5771,88.0994,66.05,77.6796,36.2804,426.0606,199.1519,134.2337,125.6468,243.2222,82.9515,123.9852,55.8664,33.3973,124.7114,86.3296,328.9686,12.8289,416.354,135.7022,70.502,803.9778,182.4708,252.62,164.8328,222.1218,55.0465,114.7527,54.5437,176.5413,385.2098,436.1854,106.0698
2024-03-28,145.2957,75.2915,15.1641,420.52,35.4545,14.3536,61.6949,270.1616,112.0405,387.0054,83.9992,41.528,546.4254,223.2743,40.62,402.2513,119.7415,59.5465,80.9106,26.0741,73.1512,202.8092,212.1421,41.3627,191.791,150.3267,87.6667,19.0278,99.6113,69.8589,34.9315,50.6823,190.1932,88.7212,66.21,77.8686,36.386,428.4647,199.5103,134.6746,128.68,245.4308,83.184,125.4209,56.0375,33.8356,125.1688,86.6066,328.8996,12.9778,418.9537,136.302,70.463,802.6108,183.2789,253.2356,167.9094,223.3934,55.3809,114.5263,55.2047,180.0296,386.8741,443.02,106.4143
2024-04-01,141.7924,74.781,15.0727,420.2,34.8996,14.0631,60.9029,268.629,110.5517,387.8522,83.5457,40.2086,540.946,223.1958,40.2269,398.2258,117.8129,59.7537,80.6294,25.6196,73.085,199.7288,209.5393,40.6687,190.4888,148.7825,87.5434,18.5937,99.07,69.463,34.4527,49.8712,193.0716,88.1276,64.99,77.0629,36.0022,424.9368,197.4859,134.2827,127.0015,242.6235,82.5349,125.5185,55.4356,33.2295,124.8448,85.3996,324.8293,12.7731,420.5687,134.2215,70.4922,795.9392,182.2858,251.545,167.4824,221.4715,55.0465,112.3218,54.5724,178.207,387.3996,431.798,105.4082
2024-04-02,140.9239,75.147,15.0544,418.92,34.463,13.8542,59.9643,263.0981,108.9435,385.2034,82.7239,39.4863,528.7198,221.1562,39.7028,394.99,117.3114,59.1699,80.0013,25.3042,72.8485,202.3476,207.4106,40.0024,190.4122,146.55,86.7657,18.4129,98.461,69.0294,33.7768,49.4012,193.1452,87.355,64.68,76.6551,35.7911,423.3439,196.7014,134.7432,125.4603,240.837,82.283,125.7041,55.2898,32.6701,120.3476,84.5983,324.8786,12.6522,419.6037,131.813,69.6059,786.1388,181.7016,250.5091,167.4532,221.1706,54.798,109.8713,54.6586,178.9713,381.3946,428.6001,105.4172
2024-04-03,139.8114,74.9351,15.2464,420.24,34.5176,13.8361,60.2087,264.5619,108.8884,386.4244,83.064,39.6886,526.4871,222.2348,39.7963,398.6977,116.9642,58.087,80.4044,25.5083,73.1512,199.7382,207.9718,39.8914,189.876,146.1779,87.4675,18.2953,98.7124,69.3499,33.6454,49.5579,193.918,87.6282,64.55,76.7944,35.9254,426.2952,197.7997,134.6354,124.5572,240.8468,82.5252,126.5831,55.1504,32.5582,120.5954,84.5785,319.7832,12.6615,419.9483,130.3135,69.5669,784.4156,180.0951,248.9944,168.3073,222.3451,54.5878,109.143,55.2431,175.2282,377.2582,424.9537,105.9339
2024-04-04,138.6989,73.7985,15.1093,415.32,34.5085,13.6908,59.7003,261.6343,106.8391,385.5678,81.7792,39.6693,520.2278,215.9985,39.0476,391.2341,115.9903,57.3526,79.3076,25.23,71.8551,199.9078,217.5025,39.7156,188.4313,145.936,86.3864,18.1416,98.4224,68.9351,33.1197,48.627,192.5103,86.9498,64.21,75.949,35.4264,419.132,195.1267,133.9593,122.702,235.8703,81.7307,124.4345,54.878,31.7937,120.0618,83.045,310.2233,12.5777,421.8784,129.4326,69.4987,762.5525,174.6135,246.4926,166.1819,221.8015,54.1579,108.6005,54.3904,177.9131,369.3163,422.448,105.0456
2024-04-05,140.0554,74.8484,15.219,418.62,34.645,13.6727,60.6585,266.173,107.1883,386.454,81.9776,39.756,528.8173,218.8216,39.3845,392.9869,117.186,58.0023,79.2232,25.0909,71.7132,198.8433,218.0831,39.8173,190.1649,146.3918,89.9997,18.2229,99.795,69.3781,33.1384,48.5164,194.1296,87.1288,61.04,76.2474,35.6087,424.9173,199.8214,135.1058,123.5462,239.4923,82.7577,125.2939,55.2898,31.6818,121.5577,84.2421,314.3824,12.6522,425.0,129.9949,70.0247,767.8185,175.11,247.1474,167.725,224.1214,54.8458,106.9633,54.3616,177.286,369.7056,422.331,104.8824
2024-04-08,140.4457,74.9832,15.4658,415.97,35.3362,14.0267,60.7562,262.6855,108.0246,389.9988,83.1395,40.9406,535.3204,220.4446,40.2362,395.3656,117.5525,58.1247,79.3263,25.2856,72.2713,200.4165,217.0477,40.4558,191.1569,149.7314,89.6677,18.449,99.331,69.5478,33.9552,49.7606,193.5684,87.8261,62.55,75.6506,35.983,425.8554,198.5579,134.1357,123.3989,239.6592,82.4864,126.9542,55.0237,32.5769,123.2155,84.5983,315.2201,13.0336,427.4815,131.738,70.4922,773.3637,176.4731,247.4014,167.2785,223.8302,55.2185,106.3715,54.6299,178.697,370.9222,429.2533,104.674
2024-04-09,140.0554,72.739,15.4841,414.69,35.4454,14.0994,62.1446,260.4358,109.9544,391.7909,83.2434,40.7672,540.8388,216.2445,40.7229,395.5293,115.6045,58.0588,77.6296,25.5454,72.5079,197.6187,219.1571,40.6594,189.876,150.1407,86.5097,18.7113,95.5708,68.6994,34.1617,50.1938,188.4345,88.6459,64.1,74.7853,36.2037,419.816,198.6065,132.3522,123.0357,239.6297,80.5778,125.079,53.0595,32.6235,125.769,83.6584,314.7865,13.0615,428.3579,131.9161,70.4046,773.9221,174.0877,242.3881,163.3674,217.2781,55.0178,106.1348,54.8024,175.5222,361.5691,428.6781,103.6044
2024-04-10,136.5618,72.5464,14.506,409.11,34.1083,13.4729,61.6069,259.1881,107.1332,378.5668,80.6834,39.9101,519.711,214.0903,38.4579,385.9471,116.5303,56.6652,76.1859,24.3952,70.3603,199.71,214.9868,38.892,188.258,144.2151,87.4296,17.7979,95.9961,67.7851,32.6597,47.3643,189.6674,86.3562,62.24,74.4173,35.1674,416.2882,195.5447,130.2747,121.0234,235.5955,80.3356,124.161,53.1799,31.5233,120.1285,82.7086,311.4356,12.6336,417.5653,126.3868,69.2552,754.4272,172.8122,242.3588,164.7455,217.8023,54.4063,103.4915,53.3461,176.3747,361.7053,417.9436,102.1722
2024-04-11,136.9521,71.4388,14.3598,407.61,33.9264,13.364,61.6558,255.73,108.1808,377.6707,80.23,39.7656,521.115,214.6313,38.6171,382.7883,114.9198,57.1643,75.2297,24.3766,69.9251,200.4353,210.7198,38.7902,188.2195,143.3313,86.595,17.5537,94.0919,66.9084,32.7254,47.6316,186.0884,81.824,62.77,73.4127,34.8795,412.8678,193.6104,130.8038,120.6798,233.7796,77.1578,121.5924,52.0774,31.2995,120.8812,81.7688,306.5078,12.5498,416.4624,126.6867,68.7877,756.6511,169.0442,238.9677,160.7275,213.939,54.1674,48.4959,53.0491,173.925,356.3621,416.5786,100.9123
2024-04-12,136.2495,70.9668,14.0216,403.26,33.4443,13.2641,60.1501,255.73,105.8558,371.3787,79.1909,38.9181,513.4419,214.6313,38.0649,375.0936,114.3895,56.1944,74.8266,23.5696,71.6942,197.3549,206.0947,38.4756,176.0458,141.5459,85.3337,17.3548,94.5172,66.1166,32.4156,47.226,187.5973,81.2116,60.64,73.5022,34.3421,404.2876,192.5218,130.8724,118.6872,230.2558,77.7779,119.688,52.052,30.8986,117.6417,81.0268,303.5511,12.3824,411.4304,126.1056,68.213,734.9323,169.5992,240.2186,161.8922,214.6184,53.9572,58.2799,52.7425,174.9147,352.1381,415.5744,99.4257
2024-04-15,135.8201,70.36,13.8845,400.26,33.3807,13.1007,58.8497,253.9421,104.992,367.8141,79.0775,38.9759,500.2213,214.828,37.8215,386.0626,112.6344,55.1398,73.9923,23.1337,70.8901,194.2745,198.296,38.3461,176.1421,140.5404,85.1251,17.3819,94.0532,65.4568,32.5001,46.8666,190.0722,81.9654,59.67,73.0447,34.4957,401.8249,191.7928,127.9228,119.0798,227.8117,77.7682,119.6587,51.957,30.7681,115.4503,80.166,300.7719,12.3359,403.3064,132.0848,69.3818,734.5376,168.0414,238.8798,160.8731,214.5796,54.4349,55.0449,52.7808,173.7977,349.9191,413.4782,98.2202
2024-04-16,133.117,71.092,13.8845,396.92,32.4165,12.91,58.6932,252.6649,103.0254,365.0472,75.1572,38.4462,500.582,214.769,36.9698,382.1912,112.8947,53.6898,73.3548,22.9203,69.083,194.51,196.1964,37.9389,174.1292,137.7026,86.1683,17.0111,94.4688,64.976,32.0025,46.1108,191.6915,83.9912,58.6,72.9253,33.277,401.5024,190.7917,127.2956,117.3718,227.1638,77.9232,119.0238,52.033,30.218,116.1267,80.0572,299.6582,12.1312,402.3216,128.7578,71.1741,721.7143,166.5906,239.6323,159.3688,216.5792,53.8999,59.1479,51.7365,173.1509,350.2986,416.3738,97.5223
2024-04-17,133.4683,69.9073,13.9302,397.74,32.4347,13.1007,58.6737,254.7083,102.3637,369.6555,76.7347,38.215,499.022,214.1099,36.8388,388.9806,111.1879,54.7726,73.5704,23.0131,68.8844,196.3375,195.3836,36.5694,173.4358,138.3697,85.9501,17.0563,92.5839,64.9666,32.0119,45.9173,192.3999,84.8769,61.34,72.7463,33.8048,402.4015,192.0844,128.1188,117.6859,226.2706,77.7585,119.0922,51.1396,30.7867,117.3749,79.7604,300.3875,12.2335,405.8174,130.3041,70.6189,725.6807,165.5975,237.9905,158.1168,200.5241,54.6356,62.3632,52.1772,173.3959,347.593,418.5091,97.3047
2024-04-18,138.211,70.3022,13.9576,399.89,32.4802,13.0553,58.7323,258.3629,99.9101,368.8579,76.9048,39.2937,493.1039,213.9427,36.7265,388.2102,113.3287,54.9139,74.0204,23.2079,69.102,197.4962,196.5641,36.4954,174.5626,138.9712,86.6709,17.1829,93.7149,65.9375,32.1246,46.6915,192.9796,85.0465,60.95,73.4425,34.323,403.2419,196.0793,128.354,121.9854,229.6766,78.4561,119.1117,51.3107,30.6748,114.6404,80.265,304.241,12.2614,407.0582,130.5478,71.0377,719.4327,166.3862,239.8082,164.1244,204.2515,56.1262,64.1089,52.9341,173.9348,350.5809,418.7138,98.5284
2024-04-19,139.4601,71.4966,14.049,405.08,33.4716,13.2823,59.0061,259.866,99.9193,368.9268,76.9426,40.0353,497.3061,227.2613,37.3629,389.0673,115.672,55.686,75.4078,23.3285,69.4142,200.6897,197.3962,37.43,178.9448,143.1152,88.1314,17.0925,95.6481,67.031,34.0303,47.521,197.5246,85.4234,58.75,75.2328,35.4744,407.5222,196.7402,128.5794,123.0455,232.2091,80.636,120.7134,52.2104,31.6911,112.811,81.2939,305.7095,12.3545,406.2606,134.3715,71.515,722.0128,169.2487,244.5185,167.8609,207.7945,57.6645,65.8251,53.9305,177.2076,360.3622,423.1597,100.2597
2024-04-22,143.6953,72.1997,14.2409,408.78,34.6177,13.2914,59.8372,260.5045,102.4648,373.4465,78.9169,40.5939,502.2785,229.1892,38.6732,401.9239,116.646,57.3903,76.2609,23.7273,70.4927,202.9882,197.8026,37.9852,182.4216,146.5263,89.0039,17.3457,96.4891,67.8322,34.3119,48.4887,195.9697,86.7708,58.95,76.0683,36.2037,411.7928,195.7877,129.0105,124.3511,233.1416,80.9169,122.5495,52.8631,32.2132,116.3268,81.6204,306.5275,12.587,410.5638,136.5269,72.3332,731.765,169.9984,245.7792,170.2386,207.9887,58.3812,65.4799,54.764,176.3649,362.8733,427.4593,101.0392
2024-04-23,144.3296,72.1708,13.3269,408.74,35.3271,13.364,59.7296,259.0407,102.8692,376.3119,79.5215,41.2776,434.8394,235.0517,39.0757,408.3281,116.5206,59.0098,76.4109,23.4954,70.3792,204.2034,198.1315,37.9111,185.0508,148.105,88.9375,17.4995,96.6921,68.0773,34.7907,48.5164,196.9082,88.3443,59.28,76.307,36.8178,398.4143,196.0598,129.6769,126.864,233.4851,81.1397,124.1708,50.1068,32.6048,118.442,82.0458,307.3554,12.6801,406.9499,137.6328,73.278,738.0323,171.6633,244.1961,170.1125,208.0372,58.2283,74.7214,55.0323,175.2185,358.8147,409.432,101.5649
2024-04-24,145.2762,72.2093,13.272,405.95,35.2816,13.5546,60.1305,259.8267,102.0605,375.3666,79.6348,43.3579,453.0227,235.2091,39.4688,407.4036,115.6431,58.8215,77.0202,23.514,70.2846,200.2658,197.5994,38.5034,185.9562,148.5278,88.378,17.8793,96.5278,68.5486,34.9502,48.8021,195.2337,88.4291,59.7,76.3965,36.7698,403.4667,195.3211,129.9121,126.6481,232.4446,81.6532,124.5614,49.3275,33.1176,117.9371,81.2543,304.3691,12.801,406.9696,138.6637,73.2391,734.3547,172.3838,237.4823,167.1912,207.1733,57.9034,77.5225,55.5209,175.777,355.9631,412.2497,102.2085
2024-04-25,142.4462,71.8818,13.2629,404.91,34.5358,13.2641,58.9474,252.3997,100.0112,369.429,78.8224,43.0112,452.8667,233.2222,38.6264,404.5241,114.2159,58.1812,75.989,23.2728,69.3385,200.2187,195.045,37.9297,186.2355,146.874,88.2452,17.7346,95.7835,67.7757,34.5654,48.0648,193.274,87.2137,59.58,75.9987,36.3764,401.561,195.8266,129.1771,123.3597,232.5821,81.1204,119.102,49.3655,32.6328,117.5369,81.4027,301.58,12.6336,409.1557,137.6703,72.9469,729.3967,169.0637,240.3652,167.2591,207.7169,57.2632,74.5044,55.1831,178.0306,355.9825,408.2328,100.7763
2024-04-26,142.6804,71.7855,13.4092,402.1,34.7177,13.3458,58.7812,246.5347,104.7806,370.3644,78.7658,43.0208,465.8241,231.786,39.085,411.7661,106.9255,59.0004,74.1704,23.1801,69.4331,198.7114,195.2481,38.0499,186.351,146.6954,86.2062,17.7436,92.1199,66.3806,34.6405,47.991,191.3971,87.4681,60.98,75.0538,36.2996,400.6815,192.4052,129.0595,125.3523,229.7944,81.0041,119.0141,48.5671,32.7727,117.4985,80.5915,280.9129,12.6057,409.4314,137.183,73.0443,734.4317,168.3237,239.8668,165.0561,207.1927,57.2441,74.7116,55.3183,174.8069,354.9509,410.9237,100.16
2024-04-29,141.9876,72.9509,13.2172,400.96,34.8451,13.3731,58.7421,247.9887,102.9978,368.8776,78.9358,43.0497,465.0441,235.0124,38.6732,414.8864,109.5003,58.6238,75.3985,21.6867,70.0007,197.4679,197.4833,38.2073,186.1488,146.3853,86.5381,17.7889,93.8309,67.5871,34.7343,47.3919,190.1458,87.5992,61.98,75.4119,36.0309,406.8773,192.9203,128.158,125.6468,229.2447,81.9051,120.313,49.0297,32.6142,115.7047,80.6706,276.9806,12.6243,408.9686,136.377,72.6254,732.8914,170.6994,243.5511,164.5805,206.6588,57.139,77.0195,55.3279,176.7666,359.243,412.3569,101.4561
2024-04-30,139.9676,72.5368,12.9521,396.73,34.1538,13.1552,58.5172,246.7214,100.6912,364.6534,77.8305,42.3563,454.1341,230.2024,38.1678,410.9379,111.564,57.7481,74.1892,21.1858,68.5816,197.4868,193.6033,37.5965,184.6656,144.0173,88.7099,17.4271,93.6569,67.0027,34.2274,46.2399,191.5995,86.3914,61.37,74.7455,35.5128,402.421,193.8437,126.1785,124.4002,230.3637,81.0429,119.1508,48.7699,32.1895,111.8581,80.6706,278.6107,12.5312,409.4806,135.318,72.0312,726.499,169.8037,242.9843,165.0464,205.9405,56.6804,75.1258,54.5172,177.5015,356.6151,406.4583,100.1418
2024-05-01,138.2208,73.0184,13.1075,398.58,34.6086,13.3549,58.5466,250.2187,101.3621,367.1741,78.454,42.337,458.268,227.6744,39.1505,411.169,113.1165,57.7669,74.8547,21.1208,69.1682,196.0078,199.5539,37.9852,184.7812,144.6939,90.8532,17.6984,93.9759,67.7568,34.8282,47.1984,194.8657,87.0571,57.69,75.8694,35.4552,404.0335,194.1742,126.1001,121.3081,234.398,81.9342,119.688,49.2831,32.7463,112.7023,81.8182,280.389,12.6987,409.845,136.9487,72.6352,723.5531,170.0471,244.2449,166.5021,206.9015,56.8715,78.3904,54.4883,176.2767,360.0119,409.0713,101.7915
2024-05-02,138.3867,75.224,13.2812,400.6,34.8814,13.5002,58.7323,248.0476,102.1524,370.6303,78.8791,43.5794,455.9964,228.6974,39.9835,416.5813,112.0172,57.9458,75.4453,21.3064,69.2533,195.452,202.3405,37.9111,184.5886,146.2914,90.2557,17.7617,94.2368,66.2109,34.6311,47.8067,192.3171,88.1127,57.73,76.1181,35.388,407.0043,193.7757,124.003,122.221,234.1428,81.4207,121.0748,50.0625,33.0199,114.1411,81.9666,276.7138,12.7173,410.5934,137.0799,73.3754,728.771,170.0179,244.5576,164.1923,208.0857,57.1677,78.1932,54.6234,170.6131,362.1238,412.7664,100.876
2024-05-03,138.9722,75.59,13.5645,400.87,35.3362,13.5546,59.5145,247.5564,102.4648,374.7265,79.9371,44.1605,455.3529,226.9957,40.8259,421.9839,112.7694,58.4302,76.1297,21.6867,70.3792,195.6121,197.2123,38.3183,183.481,146.7988,89.535,17.9064,94.6332,66.4748,35.26,48.9127,192.0319,89.0542,57.29,75.9888,35.7431,410.8782,193.6882,127.8836,122.7412,234.3194,80.6166,121.5143,49.7773,33.3974,113.1819,82.7395,276.5953,12.8382,418.6879,137.3704,74.067,735.4233,171.4394,242.8865,163.2218,207.581,57.2728,76.4869,55.0094,176.0513,359.7685,417.5341,101.7553
2024-05-06,139.87,77.0252,13.6651,404.92,35.8547,13.7362,60.2283,248.6174,102.9335,381.7571,80.315,44.7803,463.5914,230.4975,40.9008,427.271,113.1937,59.6554,77.4796,21.7238,71.0604,195.9419,199.1281,38.6977,184.916,146.9961,92.124,17.9336,95.8221,67.638,35.6731,49.6685,198.279,90.1479,58.17,77.3215,36.1653,416.7724,195.8752,128.6479,123.0554,238.5304,82.0892,122.6472,49.8724,33.7466,116.2707,83.4431,282.029,12.9499,419.259,139.8633,74.8657,745.7532,175.7332,246.3167,165.0658,209.5806,57.5117,79.7318,55.4727,179.1869,368.8686,425.1681,104.4745
2024-05-07,139.1186,77.3238,13.6011,406.14,35.5727,13.5546,59.5439,250.3759,102.2351,387.931,79.9749,43.8409,459.6038,230.8221,41.0037,427.3962,113.0201,58.8861,77.3015,21.6125,71.2874,196.2621,194.3773,38.4756,184.6752,146.733,93.1387,17.7708,96.0251,67.7045,35.7013,49.0417,198.233,91.0989,59.18,77.3912,36.3092,416.6841,198.0038,131.039,121.3375,240.5033,82.0408,122.3444,49.771,33.5673,116.5489,84.4637,284.8742,12.8847,422.0163,138.9917,73.58,751.799,173.8735,246.219,163.2315,210.6095,57.5785,83.9926,55.3955,180.5342,368.5182,424.5637,105.3538
2024-05-08,139.382,76.9481,13.7016,406.37,35.8274,13.6364,58.5759,248.5094,102.4556,389.8708,80.8818,44.1702,458.97,232.3762,41.3032,430.4298,113.2515,59.5984,77.7889,21.7794,71.259,199.5592,195.6545,38.5774,188.4313,147.7291,93.8216,17.8522,96.3538,68.0846,36.1237,49.6592,198.6378,90.9563,58.96,76.8939,36.1845,417.7335,197.8872,130.7156,121.2983,240.4935,82.1861,122.4714,49.7773,33.9259,114.9181,84.0376,280.389,13.0708,422.6563,141.7564,74.4177,749.3056,171.8873,245.9062,165.2599,210.9687,58.5054,88.2632,55.5016,181.7639,370.7859,423.0427,105.7707
2024-05-09,139.0502,76.9385,13.9027,408.82,36.0394,13.6908,58.8399,251.1127,102.281,395.3751,81.9776,44.6447,470.426,235.2288,41.453,438.7215,114.0905,60.1398,78.267,22.3916,72.1484,201.2266,198.1799,38.4386,190.2131,147.6445,94.4854,17.8883,97.9487,68.9207,36.2833,49.1708,196.6322,93.3053,59.15,77.2818,36.7314,421.7447,199.1022,132.2444,121.7596,242.9965,82.7189,122.237,49.9231,33.992,118.0165,84.8303,284.1135,13.0429,425.6893,143.0684,73.7238,759.7028,174.5648,248.2614,166.4051,212.9877,58.8898,85.689,56.3123,179.2359,370.3577,425.0706,106.9128
2024-05-10,139.7068,77.16,14.2501,412.05,36.3804,13.6908,59.3092,252.4095,102.5567,394.2132,81.902,44.2864,473.0194,238.3371,41.481,437.9222,114.6305,60.3392,78.7076,22.0206,72.4511,196.3752,199.4281,38.7254,191.4362,148.0768,94.8837,17.9336,98.49,69.1012,36.4053,49.3735,198.509,93.467,60.7,77.5602,36.8945,425.1969,199.7923,131.3036,121.1314,246.1964,83.3971,122.7644,50.525,34.0297,118.9853,86.277,289.567,13.0801,424.9803,144.0056,74.3786,766.9617,171.8483,249.0432,167.6182,212.0947,59.476,85.3142,56.3991,177.4133,372.6935,428.1711,107.7105
2024-05-13,139.354,76.0813,14.63,411.22,36.1131,13.5092,59.2701,249.2167,103.54,391.3872,81.1369,43.4923,473.4192,234.7468,41.1254,436.7955,114.1098,60.2158,78.6701,22.2154,72.0537,197.7505,199.2539,38.3923,191.3977,148.5184,92.8542,18.024,97.1851,68.7971,35.8608,49.0233,195.4269,93.7333,61.85,76.9237,36.6642,423.6179,199.7923,131.0586,121.8872,244.9007,83.1937,122.7644,49.809,33.9165,117.1532,86.6734,285.1015,12.9871,421.4746,144.1274,73.0007,760.8581,171.7023,248.7501,164.8717,210.2309,58.8706,83.9728,55.8297,178.4765,370.9903,429.0193,106.7769
2024-05-14,140.2164,76.5147,14.8338,410.24,36.3067,13.7181,59.0648,249.423,105.0931,395.9364,81.5053,43.7537,475.8956,237.5797,41.6963,441.524,113.9941,60.3962,78.9232,22.6513,72.4322,198.5795,197.7929,38.818,194.0751,149.787,92.8447,18.1777,97.9487,69.6522,36.1143,49.7698,196.5861,94.5131,62.1,76.9237,36.9329,426.9426,199.3257,131.6956,122.113,246.0982,83.6103,123.995,49.9484,34.3789,120.8367,87.6445,284.4494,13.0987,421.4943,145.3176,75.3168,773.0171,172.6564,247.4014,164.0952,211.2113,59.476,87.3459,56.3123,176.9724,368.635,430.4623,107.7558
2024-05-15,141.461,75.9946,15.1118,412.76,37.0348,14.1357,59.9838,251.1324,105.7547,403.6168,81.6659,42.7466,477.7968,237.7469,42.6032,448.8623,113.1069,61.0136,79.4763,22.7348,73.3877,196.1868,209.878,39.0678,194.653,151.61,92.8163,18.3224,97.2527,69.4812,36.5931,50.8574,192.5195,95.5973,62.6,76.2076,37.3359,430.9244,200.5504,135.1058,124.4002,247.1387,84.7535,124.327,49.6569,34.7658,125.9591,87.8922,284.321,13.2662,429.0472,144.8771,76.8901,785.282,170.8455,247.2158,161.3681,208.0663,59.9084,86.5766,56.7466,174.2043,365.0826,434.2257,108.4084
2024-05-16,138.2271,75.8405,14.9079,413.12,37.0072,13.9178,60.8442,251.8692,106.6461,406.5474,80.8912,42.1074,486.6493,237.3731,42.2631,447.3504,114.293,60.9186,79.0076,22.4102,73.4445,200.3976,209.578,38.5404,194.9997,151.1872,93.7172,18.1777,98.7607,69.8043,36.2364,50.2399,190.4586,94.7033,62.5,76.7844,37.6334,427.5801,203.2817,134.3611,122.5155,250.8097,84.4241,122.6667,49.7963,34.4638,122.6689,88.5858,288.5,13.1824,431.3318,143.8275,76.2647,777.59,170.8552,258.8549,164.0952,212.7936,58.6784,82.7893,56.7176,177.9425,377.8908,434.3719,108.7075
2024-05-17,138.9718,77.5742,14.8245,416.94,36.8413,13.9813,61.3624,252.8712,107.2986,408.4221,80.7779,42.5529,494.2985,238.8486,42.4709,450.4321,115.7781,60.8521,79.8044,22.5215,73.804,200.7839,207.7493,38.3368,197.2341,150.6797,95.7752,18.2501,99.7273,70.5168,36.1988,50.5348,192.4919,95.312,63.33,77.3215,37.7006,425.7559,204.0885,135.6252,123.1143,252.9201,85.6158,123.4676,50.2525,35.0678,120.5489,89.0119,288.9248,13.2197,435.1329,144.1274,76.9879,781.9318,170.972,268.041,164.5126,213.2692,58.6976,84.8901,57.4221,179.814,382.4165,437.6479,109.9584
2024-05-20,137.8057,75.8886,14.8431,413.0,35.9748,13.827,61.0593,248.6469,107.6386,407.09,79.786,42.7756,501.0773,238.3371,41.3751,445.8288,113.7434,59.9878,78.3139,22.2061,72.9904,199.0223,208.7169,37.8371,188.3639,147.6633,94.9975,17.9788,98.6737,69.2532,35.4478,49.2629,190.431,95.4166,62.3,75.7202,37.2496,424.7556,203.3012,134.2043,122.3191,251.6637,84.9569,122.2077,49.847,34.4355,120.5489,89.0416,289.4287,13.0336,431.0561,142.6935,76.8706,775.164,167.6519,258.1317,162.9112,209.2797,58.3324,84.8309,56.8913,179.0203,379.3799,441.1578,107.8419
2024-05-21,137.6097,75.7827,14.7875,414.37,36.4449,13.9087,61.0496,249.423,108.0981,407.465,79.9182,43.3857,494.4942,239.1044,41.6019,453.0227,114.3605,61.4885,78.267,22.1412,72.9241,198.1556,211.2315,38.1055,192.1586,148.9883,96.4011,17.9878,98.7124,68.9682,35.7106,49.4012,192.6392,96.5578,61.05,75.7998,38.046,425.7167,204.0496,134.5179,122.8787,253.087,85.3467,121.8756,50.2019,34.511,122.5058,89.0317,286.4846,13.1638,433.1536,143.7432,77.1051,774.9136,166.8633,258.9721,163.2315,209.9106,59.0628,82.1876,57.0168,180.0394,383.6233,438.6716,107.9702
2024-05-22,136.6395,76.0042,14.63,413.99,35.8458,13.6454,61.0593,251.8495,108.144,409.5766,79.257,42.1655,492.8313,236.1633,41.3657,445.2895,114.5823,60.6147,78.0702,22.0391,72.366,199.2201,213.0277,37.7261,190.9932,147.0619,97.3969,17.617,98.9637,69.2342,35.2882,49.0878,189.8422,95.8065,63.04,75.4815,38.1515,429.5514,204.9147,134.1455,122.7109,252.9005,85.4149,120.7134,50.7468,33.8882,121.5178,90.3298,281.2188,12.9499,435.5465,143.4151,73.5577,769.792,165.0425,261.3566,161.271,210.1921,58.5534,84.4265,56.9106,180.2941,388.8498,436.5851,109.482
2024-05-23,134.7383,74.7232,14.3242,405.88,35.2467,13.1279,60.1501,248.0574,107.4364,401.6138,78.2745,41.507,479.6945,231.609,40.2038,441.2158,112.9333,59.8549,76.3265,21.4548,70.7765,199.7759,208.2508,37.0321,189.6545,143.5569,96.6667,17.1106,97.2914,68.0751,34.5654,46.3044,186.9349,94.0757,60.8,73.7608,37.5854,425.7853,202.1639,132.6853,121.2302,246.3338,84.5574,120.5083,49.9611,33.1426,118.0932,88.2984,275.9333,12.6336,429.6184,140.1163,70.6944,755.2936,162.3163,257.0958,159.165,206.0182,57.3522,79.4458,56.293,176.7764,377.0246,425.4411,107.9793
2024-05-24,134.8657,75.1566,14.4817,407.41,35.3942,13.3398,60.8442,248.7451,108.6219,405.1462,78.6996,41.9621,482.2377,234.2845,40.7044,444.1338,113.483,60.3867,77.0765,21.6403,71.3253,202.4607,210.581,37.504,193.3047,144.957,98.0228,17.2915,97.9004,68.9207,34.969,46.7929,187.6065,94.1232,56.16,74.3476,38.094,432.4739,202.0667,133.6065,121.6349,247.4135,85.4441,122.9207,50.2399,33.3597,118.6016,88.5462,277.3659,12.7824,431.5484,141.1941,70.6259,752.7425,164.5362,258.7376,159.9802,207.0762,57.8615,80.6194,57.0264,178.9027,381.307,425.1291,109.3628
2024-05-28,133.8857,74.5113,14.3149,403.9,34.795,13.0727,58.8594,246.2203,106.9034,400.41,77.5377,41.8556,484.8788,233.3697,40.166,442.8145,111.6122,59.3135,76.0453,21.3991,69.9251,196.4129,200.3476,36.8007,192.1393,143.1528,96.9701,17.2372,96.9821,67.4385,34.4339,46.5164,188.775,93.8379,54.18,73.6216,37.7293,426.5895,198.2565,130.9998,120.2529,243.7523,85.0252,120.6548,49.7837,32.7085,116.2707,86.7824,275.8938,12.708,424.419,139.4697,69.1796,742.6436,164.1273,256.6658,159.8153,204.203,57.16,82.809,56.2061,175.2478,378.0757,416.3641,107.8694
2024-05-29,132.9351,74.7136,14.0277,404.09,34.5277,12.8239,58.5172,245.2871,105.9201,394.5686,77.2071,41.0421,479.0489,232.0811,39.382,440.272,110.5707,58.8956,75.3422,21.093,69.8494,193.9542,194.5804,36.1252,190.8006,142.0439,96.3063,16.8574,96.4214,66.9254,34.0396,45.5855,186.9073,92.5065,53.14,73.7709,37.1536,419.7342,196.3028,129.3045,120.1147,240.7978,84.9472,118.8676,49.3908,32.2744,111.3977,85.5339,272.4953,12.5312,419.3566,136.5082,68.9255,728.3667,164.5947,255.5811,158.6798,203.9118,56.4585,81.2408,55.7429,173.0432,374.3875,407.2286,107.6495
2024-05-30,133.4545,75.3685,14.2316,408.61,34.2144,12.8884,57.7351,246.9375,106.1866,390.2468,78.3123,41.6329,478.8337,233.3402,39.9204,436.2125,112.0558,58.8196,76.1578,21.3898,70.2467,193.0216,191.9298,36.4399,191.9756,144.6375,96.1735,17.1829,97.8617,67.562,34.4996,46.1385,190.385,92.4684,50.39,74.9753,37.0673,422.2155,198.6745,130.5687,119.552,244.4983,85.7267,119.0434,50.3729,32.4726,114.4673,86.9508,273.5721,12.708,416.0311,138.57,70.2448,733.4498,166.0746,259.1187,160.1161,206.2608,56.9005,81.1422,56.3798,171.201,380.1008,396.3186,108.6115
2024-05-31,134.8755,75.9175,14.5558,414.4,34.795,13.2385,57.7155,250.7984,108.2819,391.717,79.5782,42.4173,484.3701,236.0747,40.7989,442.3067,113.3866,59.1805,76.9077,21.8907,71.5145,191.2129,193.1435,37.5225,195.1538,147.8982,97.3305,17.4995,99.998,68.7591,35.1286,47.226,194.2952,93.0485,49.46,76.4486,38.3722,428.198,201.7654,131.2154,121.0821,248.6601,87.5683,119.8833,51.3424,33.3031,115.5896,88.6948,278.2451,12.9499,421.873,142.075,71.613,743.2405,168.8982,264.6597,163.4929,209.3767,57.5828,81.6255,57.5283,170.0411,382.4487,395.1554,110.2699
