Date,00067A,17F16B,18EC17,1EBF8D,1F9D90,1FAF22,205AD5,221AD7,267718,2BF36E,34B97A,3587B4,434F38,44A4FC,4A5C8D,508CFD,520632,56277A,57CAAB,589803,5F9CE3,6137BF,665D7D,69CE71,6B0784,6CC55E,7448A3,76F067,7AB859,7D85A9,7E3F8F,8665BA,86A1B9,873DB9,8EA478,94637C,9C5174,9D5FA4,9F6B1A,A6828A,A7102F,B13B68,B7EB38,B840EF,BF23B0,BF79F5,BIOTECHNE,C03C8B,C062D4,C81E00,C951A2,C97B2D,CD2DA4,CEDFD5,E124EB,E68733,E6D89E,ED79D9,EFD406,F30508,F5D410,F6E248,FD6926,LJPA1L,SOLVEN,VUA3RK
2023-03-16,478.373,263.78,240.5,98.6436,307.28,35.8384,444.9067,326.4,33.6826,34.2439,248.877,66.9823,205.3983,71.2,335.205,8.2996,93.8507,122.1948,300.64,744.7536,126.6823,81.91,139.2376,68.0535,1469.86,73.97,119.372,215.0311,453.9923,148.0967,196.43,552.5088,259.5174,226.5209,151.78,59.1862,312.36,488.28,182.0646,141.7485,78.15,193.56,474.11,114.56,173.5481,333.6674,72.3326,160.7449,125.1624,267.3236,78.35,48.3,86.3158,265.25,217.646,71.8853,224.95,134.062,78.03,322.3,63.19,72.5325,226.4882,76.2316,,19.0404
2023-03-17,479.5052,263.71,237.8,95.6661,298.97,35.1005,442.5315,320.87,33.4573,33.7317,245.2374,66.1369,201.3347,67.11,334.6429,8.2385,91.9364,121.1037,295.77,742.6676,124.3472,80.74,138.2693,66.7432,1455.11,73.62,117.6557,210.6493,448.8274,148.0675,190.89,542.839,254.8081,224.2176,150.02,58.6835,309.09,469.87,177.2616,140.2301,77.27,192.92,471.36,113.93,171.4506,327.032,71.1712,158.9664,121.6681,266.5756,77.07,47.95,85.3684,263.16,212.077,70.9966,224.55,130.4954,76.77,321.9576,62.55,70.2252,230.0188,75.4555,,18.9966
2023-03-20,478.3827,265.1,240.5,97.2743,300.51,35.6703,449.563,316.36,34.0497,33.8323,250.8924,67.5808,204.8053,66.98,340.461,8.2472,92.7514,123.0716,298.95,754.1903,125.6518,81.08,139.9728,67.2907,1474.72,74.22,121.6111,215.1686,452.5291,149.8597,191.81,546.0425,258.0706,226.9873,154.52,59.3097,318.3,467.52,180.6436,141.6197,78.82,192.59,483.26,117.21,176.0146,329.2537,71.4173,160.2713,122.8693,268.8971,78.31,48.83,86.1208,267.91,213.6831,72.1936,219.77,131.828,77.99,326.2807,64.15,72.1782,231.4623,74.8188,,19.6278
2023-03-21,484.6529,266.24,246.68,96.9894,308.63,36.9966,452.5226,327.64,33.9246,34.4908,253.0937,68.6448,207.9162,66.78,342.6502,8.4307,93.1873,124.4939,302.66,754.6969,128.488,81.73,140.5556,67.8112,1500.22,73.49,124.1659,213.5461,455.1552,151.983,196.76,552.122,261.5884,228.6624,152.1,59.5479,326.03,480.29,183.901,141.6197,80.24,198.67,495.4,118.98,179.1511,332.2987,72.687,160.6772,124.6363,270.1502,79.77,48.84,87.7007,266.15,216.8081,73.6627,221.61,134.2482,78.2,323.816,65.29,71.8875,238.826,76.1321,,19.619
2023-03-22,482.1951,265.09,240.81,95.9418,302.26,36.5763,448.2057,312.31,33.3822,33.2743,248.877,66.4408,204.9122,64.65,337.0786,8.2123,91.7942,122.1558,297.87,746.2933,126.9848,79.41,137.7762,66.7791,1452.26,72.26,120.5754,210.6859,450.9786,149.4506,190.01,549.7616,255.7443,227.3965,148.18,59.3097,315.16,466.21,180.3112,139.0061,78.45,196.29,475.03,115.0,176.1894,326.2583,71.309,155.9798,124.1796,264.5358,78.63,48.07,86.1258,261.22,215.0012,72.4929,217.18,131.0343,76.75,323.7084,63.6,70.6794,234.8564,74.391,,19.1544
2023-03-23,475.4411,263.68,244.47,95.7856,298.17,35.6049,442.9179,311.48,33.5241,33.6219,247.3018,65.5574,204.7275,62.64,331.1717,8.0376,91.9648,121.7369,304.75,796.8144,127.9964,79.55,139.2376,64.9483,1451.1,72.26,120.1414,213.6836,432.4798,147.0059,188.0,550.6245,242.6374,224.979,149.42,59.0804,311.49,456.32,178.3668,139.0797,78.13,193.71,478.74,114.5,176.1699,329.1446,70.7874,155.8445,124.1896,266.4202,78.53,47.94,86.2333,265.17,215.5424,70.9472,216.95,128.4867,75.24,325.3417,62.58,71.5424,235.3831,75.3262,,18.7775
2023-03-24,486.1624,267.72,256.42,96.3094,299.96,36.6416,448.6487,306.7,33.6993,34.0701,248.7204,66.8493,206.6621,64.27,341.7529,8.1511,92.922,122.7891,314.39,814.5355,132.4114,80.76,141.6763,65.7471,1459.75,70.23,120.9601,218.2029,442.548,152.3434,188.35,553.6692,246.0702,228.9003,150.88,59.6978,310.17,460.78,181.4912,140.4785,79.17,193.79,485.51,114.09,179.8405,331.5746,71.3976,158.6861,126.6515,268.7612,79.2,48.22,88.7481,270.03,216.6248,72.5935,220.0,129.3,76.12,328.7552,64.05,72.6687,242.7857,76.0724,,19.1632
2023-03-27,490.5748,269.64,252.57,98.2668,302.74,37.4262,454.2192,305.95,33.5574,34.3262,248.9063,67.6758,209.8119,67.51,344.5535,8.2734,93.3105,122.7501,308.47,814.9427,131.8158,80.92,141.2459,66.0253,1481.53,70.81,121.9564,217.0387,449.6026,152.6161,190.91,557.071,247.5549,230.4993,148.35,60.0418,314.93,470.55,182.6296,141.0767,79.64,197.46,489.05,116.07,180.9281,333.0922,72.2539,160.1649,127.0685,270.1405,79.61,48.33,89.1406,269.98,216.4502,72.8404,217.82,130.3876,77.15,327.2587,64.75,72.2872,240.9229,75.9928,,19.356
2023-03-28,467.7582,265.79,249.49,96.9802,299.53,37.2207,445.4346,305.29,33.3655,34.5274,248.9748,68.8443,207.1579,65.92,349.563,8.3259,92.0311,123.121,313.25,821.459,131.2107,80.49,141.8825,65.6214,1473.64,70.31,122.0057,218.6154,444.3311,153.892,189.87,549.6724,242.5618,229.5951,146.92,60.1565,311.29,471.0,183.3775,139.7147,79.65,191.89,488.14,113.815,179.9474,337.0397,70.4921,159.5174,127.3564,269.4605,78.835,48.6,88.6931,270.25,215.4725,72.7215,213.84,129.9565,77.35,330.2418,63.12,73.5498,240.2792,76.5102,,19.4963
2023-03-29,470.0225,265.46,250.76,96.4197,300.47,37.8652,439.7886,306.21,33.5825,34.4999,251.7925,70.8677,207.576,66.91,352.2058,8.3259,93.4622,123.7066,314.24,813.8898,130.9177,81.64,141.6583,66.492,1496.31,71.14,122.4298,220.953,442.0441,154.8368,192.91,550.5848,240.226,231.2131,148.8,60.1389,312.9,471.97,184.3248,141.0859,79.75,197.58,487.62,113.96,182.0351,335.2246,70.9252,157.217,128.4583,271.0341,79.2,49.08,90.448,274.01,216.0225,72.3191,222.03,131.1519,78.47,328.5009,63.65,73.8405,240.2499,78.8383,,19.882
2023-03-30,473.4105,266.03,251.3,97.3386,304.67,37.6504,443.0593,311.85,33.6909,35.3996,253.8275,71.5802,209.9383,64.67,352.8172,8.3521,93.8981,123.7262,312.16,806.0921,131.6834,81.57,141.5866,67.0394,1499.74,71.04,123.2979,221.3839,444.709,155.1972,194.95,558.3405,240.2827,233.3451,147.44,60.1565,316.88,471.78,186.718,141.1964,80.12,198.03,493.55,114.4,183.3364,338.0911,71.2893,158.6571,130.0466,273.4008,80.5,49.6,91.8604,275.13,218.2857,72.4197,225.26,131.779,79.38,333.2151,64.13,73.9858,242.8052,81.7236,,20.2414
2023-03-31,470.5992,267.49,255.47,97.7706,309.63,37.8839,445.444,334.14,34.0414,36.0606,257.9758,72.1976,212.8937,65.71,351.1112,8.4045,95.9641,126.1078,315.07,816.1943,133.7538,82.73,142.8867,66.6894,1530.21,72.27,125.3693,221.613,445.5714,155.9472,198.89,571.6303,241.6445,235.6008,153.58,61.1356,318.96,479.02,190.6401,142.6412,81.54,201.82,500.08,116.18,185.7446,343.6454,73.0216,160.8705,132.2902,278.0369,80.7,50.03,93.3328,278.03,220.2431,73.7367,232.55,135.5514,81.11,335.8852,63.21,75.3666,247.0576,81.6142,,20.6184
2023-04-03,494.6304,272.0,253.53,100.0496,307.46,37.3421,465.8033,327.35,34.5003,35.9046,258.4454,73.3547,213.0687,62.92,358.7241,8.3957,96.2768,124.9755,316.33,820.6842,134.8788,82.17,143.8281,68.2869,1530.55,72.66,125.9512,224.079,461.7349,158.0608,199.93,565.3821,247.7629,235.0392,159.48,61.4708,318.84,464.82,191.5293,144.3437,81.83,200.26,489.27,115.24,185.0066,344.2108,72.5984,162.0497,130.4139,280.0725,80.58,49.72,92.0878,277.34,218.5391,72.8679,230.02,135.3011,81.69,343.0446,64.67,75.6118,245.6239,81.3953,,20.6272
2023-04-04,487.9028,272.89,254.71,100.0129,302.73,37.8278,464.9173,326.85,34.1248,35.776,261.449,73.3069,214.1089,62.25,357.955,8.3259,97.4235,124.8584,314.42,816.6115,133.4891,83.2,143.2542,68.4304,1529.54,72.65,126.6121,226.9116,460.7077,158.7328,196.7,571.4419,242.5996,236.2765,156.52,60.7828,319.91,462.32,191.6373,145.8529,82.49,197.89,484.01,115.64,185.7349,345.2621,72.6378,161.4794,130.9302,279.6244,80.79,50.07,92.5078,275.25,217.5692,72.6849,230.22,135.6446,81.58,346.8395,63.98,74.5945,249.769,81.1764,,20.2327
2023-04-05,500.4273,283.91,257.99,102.8433,302.66,39.4717,479.9794,317.02,34.6671,36.0147,265.4407,75.9462,214.9936,61.62,367.9938,8.5617,98.7598,125.5124,321.94,819.7207,135.4839,83.45,144.1688,69.7766,1529.87,73.78,126.9475,232.2651,469.681,163.0087,197.09,575.0916,251.4321,239.5316,154.61,61.5854,315.89,463.8,194.4543,152.4052,83.98,195.74,476.69,112.82,186.6865,343.9331,72.874,162.04,132.3895,280.5302,82.09,50.74,93.3927,283.99,216.4506,73.4166,230.92,135.5269,82.94,354.2923,65.79,75.9842,255.6989,80.7088,,20.7236
2023-04-06,504.0528,285.57,256.9,103.2293,300.0,39.5091,483.3537,323.14,34.6254,36.2993,264.7363,75.7645,215.6741,64.95,364.9565,8.6666,99.4421,126.0785,321.66,823.2073,135.7499,83.88,144.8412,69.5882,1500.92,75.51,126.3359,232.2193,468.5666,162.0249,195.83,570.6187,250.8741,242.4059,158.27,62.9105,317.72,466.24,192.9336,151.9819,84.73,196.59,472.52,112.47,187.5119,341.9097,74.4586,163.2869,132.5979,280.1893,82.86,50.08,93.0678,286.8,215.804,73.4441,229.99,135.468,82.47,360.2096,66.02,75.7299,256.011,79.7536,,20.9953
2023-04-10,508.5023,289.83,258.94,103.4866,299.42,39.3877,485.5876,330.66,34.8173,36.5196,265.1276,76.1374,215.956,67.26,365.6271,8.6054,98.2765,125.0829,323.24,818.2704,136.225,82.75,144.5991,68.242,1521.63,73.93,127.5886,230.0009,469.9136,162.0542,196.89,569.6368,248.8031,241.3019,160.15,62.5014,314.92,469.95,192.9336,151.218,83.89,199.74,477.22,112.53,186.6768,346.9384,74.0059,165.1523,131.903,280.7348,83.07,50.34,92.5228,282.86,218.0585,73.3892,229.71,135.4582,82.7,358.9479,66.32,75.0305,255.143,80.1815,,20.9077
2023-04-11,517.4207,294.23,262.77,103.3764,302.18,40.0601,491.045,339.0,34.8674,37.4285,265.7147,76.453,216.9573,65.44,361.0909,8.6578,97.8879,128.2356,324.83,814.1779,136.7,82.2,144.6888,68.4663,1527.37,74.17,130.745,230.4867,474.5165,162.2197,199.69,571.6402,251.9995,240.7784,155.25,62.2791,314.0,472.01,193.4155,151.172,85.22,202.42,478.13,115.04,189.7065,351.9174,76.5748,165.4809,133.2134,282.9651,83.54,50.73,92.9778,283.69,218.3556,74.0843,227.76,135.9489,84.72,356.0528,67.36,74.976,259.9221,80.1815,,20.82
2023-04-12,515.763,296.05,261.77,104.5343,303.27,39.8547,491.2524,332.25,34.5169,37.1898,266.4876,75.688,215.9949,64.25,357.5309,8.5792,97.1961,128.4406,326.37,814.9626,135.3604,82.92,145.5674,67.2368,1533.44,73.94,132.2542,228.7175,477.724,161.1191,197.99,574.5858,246.5997,241.6064,155.56,62.4392,316.29,476.83,191.3714,150.8499,82.17,201.47,470.9,114.82,187.9101,355.8452,79.9409,165.7129,133.3623,282.5463,83.73,51.11,93.2128,285.79,218.4343,73.9105,226.88,135.7919,83.29,360.9529,67.18,74.6308,255.0942,81.3356,,20.6973
2023-04-13,518.8748,302.47,266.56,106.216,312.38,40.331,496.0029,341.35,34.6004,37.8049,267.4953,77.1893,220.2432,63.31,359.2665,8.6666,98.6819,129.3483,333.35,824.8165,135.5504,84.66,147.2051,67.6856,1581.71,75.33,134.3651,230.4959,480.8346,163.0282,202.75,586.2689,249.4745,243.9383,160.53,62.8661,317.13,485.71,192.5929,152.8653,82.57,205.6,480.01,116.28,189.4735,363.7502,82.2342,167.7329,135.9732,284.017,84.92,51.5,94.3777,289.7,222.3141,74.6239,232.67,138.6577,84.4,366.919,69.36,75.6391,256.2159,82.5195,,21.0216
2023-04-14,507.7947,293.7,267.02,105.9679,307.17,40.2096,482.3923,342.27,34.3668,37.7774,267.4366,77.1033,218.3086,46.32,356.9787,8.6229,99.0152,129.2019,333.52,823.8033,135.2369,84.36,146.2098,67.0394,1576.95,74.5,134.1283,229.1758,469.4581,162.7847,200.35,583.9977,245.0205,243.1768,157.1,62.6526,318.82,479.25,190.582,152.6169,82.43,203.69,482.49,115.7,181.1321,360.9631,83.8976,168.7575,136.1122,284.1631,84.14,51.77,93.4202,288.13,219.9198,73.8191,228.01,136.6163,83.96,366.5083,68.07,75.3938,257.318,81.9524,,20.8638
2023-04-17,502.938,295.13,268.89,105.6922,309.6,40.1349,476.3222,347.69,34.3584,37.5616,265.2353,76.5582,219.1739,45.43,358.2409,8.6578,99.5486,130.2658,327.74,814.2772,135.9494,84.05,145.8388,68.0266,1595.92,75.0,134.3848,227.4066,469.274,163.0282,202.62,583.7597,244.6138,243.9192,143.97,62.786,321.27,481.51,192.3519,152.4604,82.85,208.55,481.52,118.65,182.6955,359.515,83.8878,168.7768,134.9606,285.1565,83.64,51.74,92.8628,292.2,223.4851,75.1087,229.97,137.5879,83.86,364.1805,68.7,75.9661,254.2165,82.3007,,21.0742
2023-04-18,496.986,290.72,269.28,105.5268,308.39,39.9948,475.5022,348.05,33.8328,37.2357,265.5777,75.9749,216.6851,42.08,355.2628,8.6316,99.1962,131.1052,325.15,802.6254,135.0089,84.35,144.4002,68.3317,1589.22,73.8,134.9372,225.5915,468.1208,163.0574,202.73,580.0505,245.5784,241.359,142.63,62.457,321.3,479.16,191.3298,148.172,82.7,206.02,482.12,118.93,178.4519,359.1083,83.0019,168.6125,133.1539,283.345,82.51,51.61,94.5052,293.83,223.8259,74.6788,228.28,136.42,83.49,361.794,68.93,76.1023,253.2802,83.2359,,20.6797
2023-04-19,477.8115,277.47,298.57,104.8835,308.45,40.742,458.2722,356.37,33.5741,37.2633,267.0844,75.535,216.1796,43.07,350.6182,8.5879,106.949,134.8143,328.45,803.4697,136.3865,86.5,145.866,66.5997,1598.99,73.81,135.2923,225.7015,443.1682,160.2036,201.86,575.1511,242.1835,246.3653,142.82,62.1279,326.14,486.4,192.194,149.5708,82.95,202.87,487.7,124.12,181.3457,364.6428,83.6417,169.1247,134.5635,291.5165,83.99,52.89,96.3775,292.27,222.62,77.6239,231.61,136.3513,83.6,362.3417,66.78,76.4021,261.8629,85.3153,,20.9427
2023-04-20,475.3008,276.04,297.41,104.9202,299.61,40.3964,459.4598,352.39,33.2487,37.5019,264.9222,76.5869,218.5906,44.4,354.2866,8.4569,105.1013,135.0388,329.15,792.7814,136.6715,85.73,146.3455,66.2784,1539.56,73.85,134.227,223.1806,440.8425,161.6451,198.59,561.2761,241.8809,249.2777,141.14,61.8344,321.14,459.07,192.4018,150.5371,83.01,197.94,490.61,122.19,180.0736,358.4636,80.748,168.9262,131.4861,294.2339,84.05,52.62,96.3125,290.27,217.0099,76.3617,225.55,133.0144,83.12,366.5865,65.86,76.9289,260.9266,84.5691,,20.7674
2023-04-21,476.1732,275.54,300.22,106.023,306.9,42.3018,456.0289,355.14,33.5491,37.7223,275.1265,76.5773,221.7209,45.03,354.8684,8.4307,106.349,134.6191,331.09,795.3939,137.9352,86.54,146.9518,65.9075,1559.39,74.59,138.064,223.5473,436.7823,162.3951,202.31,566.9789,238.4198,248.6114,140.85,62.6882,319.3,467.25,193.615,149.718,84.65,200.9,495.65,123.73,181.6564,362.8972,82.1555,171.3283,131.9725,295.6364,84.06,51.11,96.3425,293.99,220.916,78.4105,227.68,135.9293,86.02,376.7877,65.99,78.6366,262.5652,86.0416,,21.1356
2023-04-24,486.3712,283.66,300.46,106.5468,310.13,42.4045,460.8548,363.06,33.2988,38.0436,280.0575,77.4571,223.1014,44.94,356.8998,8.1511,105.1489,134.8338,332.84,791.7285,139.2368,88.79,148.4628,66.4504,1574.22,75.25,138.7841,224.0881,448.5851,163.3496,202.99,569.5773,242.1835,249.3824,138.14,62.7327,318.77,461.8,193.2078,150.6291,85.07,203.83,503.61,123.83,182.074,368.9375,82.7756,170.815,133.8785,294.1754,85.62,51.34,96.365,293.03,222.2617,82.0324,229.07,135.9096,88.14,374.9391,67.66,78.7547,262.6725,87.345,,21.0655
2023-04-25,486.3324,279.28,294.97,107.089,292.71,42.4419,463.6637,351.52,32.8149,37.6121,275.8897,77.3423,220.3016,42.36,358.2508,8.0201,104.7394,135.7318,331.93,784.3182,139.1893,87.77,149.2048,65.9346,1470.33,73.55,138.8038,224.4732,446.5986,163.7197,191.71,543.8705,239.9234,248.3449,134.9,62.4659,321.33,437.27,183.9758,152.0095,83.63,187.6,483.23,123.96,176.5778,354.2705,77.4901,167.5895,126.592,291.6918,84.91,51.11,94.7451,282.41,202.7226,82.0324,218.69,127.9502,87.3,376.3964,69.29,77.7465,261.7166,79.9825,,20.6797
2023-04-26,489.9967,275.57,294.96,104.2402,296.72,43.0397,455.2089,354.55,32.2308,37.5754,272.0545,76.8737,217.6865,43.73,354.257,7.9502,103.5774,135.7513,323.3,772.8154,139.5123,87.41,146.3998,65.3827,1461.66,73.53,140.8456,218.9088,438.3715,161.1873,189.98,528.7459,234.6844,246.0417,130.72,60.4916,316.67,436.0,184.2666,149.6536,81.21,187.01,481.44,124.93,177.5585,354.4988,77.1752,167.512,128.6965,291.0198,83.59,51.1,93.9802,288.04,203.142,82.2885,210.96,130.6491,86.27,368.0145,66.63,76.066,259.1223,79.7138,,20.7762
2023-04-27,509.2003,296.92,295.92,105.83,298.34,43.7122,462.2969,317.73,32.3226,37.9701,276.3299,78.4898,219.028,46.95,358.7636,8.09,104.2917,135.0388,339.37,787.0101,133.9732,86.72,134.7005,66.1065,1456.58,73.65,143.8343,220.3205,450.9883,163.0574,183.66,538.5545,236.727,250.6006,130.07,60.1269,316.23,436.45,186.7097,150.0033,81.19,183.71,484.62,123.58,180.4717,352.5042,76.4763,168.4903,127.6244,290.4549,84.65,52.03,94.5327,293.72,202.2245,83.5781,204.39,130.7767,88.01,381.7855,68.5,75.8934,262.0288,81.1067,,21.3285
2023-04-28,514.2508,297.89,301.22,106.1149,300.36,44.5341,463.8239,325.3,32.4478,38.4934,281.1141,78.509,234.2521,50.12,359.1876,8.1511,105.2156,135.1266,340.73,796.4468,131.883,87.98,136.7364,66.3327,1491.5,74.41,148.3027,219.7705,454.1377,162.5119,188.23,550.3368,239.5262,251.5619,132.89,59.3799,318.04,450.79,188.3882,150.6475,80.81,190.12,492.16,121.34,183.0936,358.4781,78.622,170.2629,129.5403,291.8477,86.01,52.12,95.3551,304.23,207.0219,83.1848,205.56,132.9162,90.36,387.1747,68.93,74.6762,265.7935,80.9277,,21.5914
2023-05-01,518.7488,305.5,303.02,106.9144,298.22,44.2539,467.2265,317.33,32.7148,38.9157,277.866,78.6524,227.9039,50.12,349.0995,8.1773,105.8252,135.5073,345.0,801.344,132.5196,87.55,139.0798,66.8575,1519.3,75.34,146.1721,219.0004,457.6553,162.4535,190.0,543.9895,241.0487,252.5232,133.4,60.8295,318.87,453.91,190.8396,150.5555,82.4,190.1,489.6,118.44,186.5506,363.3307,77.9822,173.9242,129.312,292.0814,87.67,52.8,95.935,311.11,211.2338,82.9378,202.31,133.5542,90.39,396.9063,68.61,73.9586,267.3442,80.3705,,21.4775
2023-05-02,516.7421,297.57,301.22,108.3389,298.01,43.9083,465.0492,306.84,32.5896,38.6495,274.471,78.7576,229.3718,48.72,355.9926,7.9677,106.1966,139.5872,346.03,793.1291,131.218,87.81,137.1888,65.8351,1502.49,69.96,141.9799,216.3145,451.8798,164.7619,185.6,539.348,236.8122,251.067,131.4,60.5627,314.84,451.48,187.7567,151.8714,80.48,189.0,467.38,118.12,184.5502,366.7941,78.937,171.3477,127.7932,286.2376,83.97,52.9,95.5551,309.28,212.1601,82.5263,195.16,132.0231,88.34,395.3317,68.48,73.0684,262.0678,78.0623,,21.0918
2023-05-03,513.5722,295.82,305.06,108.6421,296.5,43.432,461.3261,303.11,32.0806,37.1623,272.1914,78.0691,230.2079,48.84,349.5038,7.9851,106.4442,136.2784,346.36,797.8176,129.7548,88.1,135.0443,63.4101,1492.1,68.04,140.6089,210.2093,443.9919,162.5509,187.02,545.8937,232.6323,250.8957,130.14,59.2643,320.99,463.86,187.7899,149.8837,80.01,191.46,478.83,117.32,182.2488,365.6132,84.6259,172.1517,129.2822,279.6634,84.09,52.69,95.2251,311.0,214.5894,82.947,196.54,132.2685,88.16,421.7295,68.72,72.1691,265.4033,79.3059,,21.2496
2023-05-04,512.3217,291.36,303.21,107.861,296.0,42.3018,459.2902,304.11,31.8971,37.5019,271.624,77.2945,225.629,49.23,350.1152,7.8803,105.5871,133.3599,346.59,748.8561,128.6527,87.9,133.3342,62.2429,1475.2,66.19,139.1688,212.5743,442.548,162.2587,184.4,541.153,230.4479,240.2835,134.33,59.4244,322.23,462.61,184.2583,149.2027,79.13,189.48,469.51,117.42,183.414,366.3475,82.7067,172.8684,130.1757,277.2188,82.45,51.94,94.8101,313.57,211.7581,81.6482,196.3,131.395,87.21,419.0398,67.22,71.3244,242.7565,77.8633,,19.2947
2023-05-05,518.6421,299.53,304.88,108.1459,296.79,43.0117,465.8881,313.64,32.114,37.9151,272.0447,79.5608,225.2013,47.75,360.795,8.1074,105.968,134.6093,348.09,757.0213,129.6978,88.74,133.9405,63.953,1424.99,66.56,140.8555,216.8278,450.0871,163.6223,188.52,541.8869,246.5714,241.4256,137.04,60.5983,328.76,385.24,186.02,149.7088,79.75,191.25,488.49,120.82,183.7054,365.6429,81.8208,180.3849,128.9249,277.2967,83.74,51.54,96.4775,318.06,211.8542,82.3708,199.66,130.8258,88.47,418.4237,68.39,72.4416,251.5831,78.5896,,19.7418
2023-05-08,519.5534,294.98,303.09,108.7892,296.5,42.6007,464.3234,306.07,32.2642,37.9334,271.7707,80.4693,226.222,35.46,363.4477,8.5792,105.6251,134.1506,344.09,747.1078,128.0066,89.02,133.4157,63.0482,1393.92,65.79,141.2402,215.0769,450.7848,163.8366,189.82,538.1182,250.3067,239.3698,131.75,60.8384,318.98,378.39,184.948,149.3683,79.8,189.88,485.53,120.18,183.5112,364.2735,80.9744,179.0676,127.0685,280.764,83.1,53.12,96.52,314.37,209.0579,82.4897,195.7,129.9916,89.21,423.2259,68.28,71.3879,252.7827,79.0174,,19.1281
2023-05-09,513.9697,292.8,301.55,107.9161,276.76,40.2376,462.2121,302.74,32.1057,37.5662,268.1214,80.6605,224.6957,35.04,383.3281,8.5093,105.0061,132.7938,344.83,749.8494,126.9805,88.7,132.8547,63.3106,1376.2,64.77,141.1908,214.9028,446.2207,163.8755,186.01,530.2633,248.51,237.609,133.77,60.4738,319.72,366.86,185.1225,148.2088,74.83,187.48,479.37,119.65,181.705,358.9644,79.8031,178.5833,123.9116,276.2643,83.67,53.09,96.315,314.0,205.4927,81.95,194.26,124.9862,100.72,418.9812,67.62,71.5787,245.7702,75.9829,,18.6197
2023-05-10,513.4171,292.12,302.59,108.3481,272.43,40.9475,461.9199,305.26,31.9555,37.6672,272.5143,81.4542,227.4327,33.59,388.9884,8.3783,105.4251,134.131,350.04,744.5947,125.8214,88.85,132.4837,63.0754,1372.15,63.92,139.6028,214.6094,445.1257,165.093,188.08,529.1128,249.1341,238.9415,130.83,60.9096,322.85,365.69,185.7291,148.7609,76.22,186.3,485.11,122.57,183.9093,359.9468,79.9212,179.3291,123.6436,278.1635,82.07,53.22,97.7174,313.26,203.9809,81.7763,209.49,125.683,99.27,426.3557,66.86,70.9519,243.3514,75.5152,,18.8476
2023-05-11,512.7967,297.4,303.47,108.0264,268.97,40.5178,460.6852,296.08,31.6941,37.6305,272.0838,81.1291,229.9846,34.19,386.6119,8.1773,104.8156,133.4185,350.4,740.6015,124.3488,88.78,132.6375,62.4058,1348.08,64.17,138.1232,212.941,442.6353,167.4667,189.87,525.4333,245.8716,239.2746,128.41,61.4342,321.27,364.34,182.8789,148.1536,76.93,195.75,486.73,121.07,201.9807,357.3468,80.6397,179.3097,117.5086,277.696,81.85,53.39,98.0149,310.56,201.6915,81.4196,208.21,125.2905,95.59,425.9938,67.37,71.4879,243.527,74.6098,,18.5408
2023-05-12,511.2069,298.71,305.27,107.6496,271.0,39.6679,463.0133,293.71,31.5001,37.5295,269.9021,81.0622,227.4327,32.86,384.5607,8.1074,105.2346,133.4771,347.41,739.3896,124.2062,89.18,133.1442,62.0529,1383.55,65.28,137.63,213.5461,443.2942,167.0272,188.18,520.3356,242.628,240.3311,129.3,60.5271,330.23,372.51,183.4523,147.9603,76.43,191.24,487.47,121.7,204.7483,357.2675,80.0979,177.8568,115.4536,278.0369,82.77,53.34,97.5324,309.6,198.6592,81.2915,208.6,125.1236,93.72,426.0036,67.17,71.0064,243.7614,74.5402,,18.5408
2023-05-15,506.5054,292.95,308.05,106.942,273.3,39.9948,458.8943,297.28,31.3398,37.5846,271.5164,81.5881,226.449,33.19,385.7244,8.1861,104.6156,133.5454,348.65,745.9556,125.7929,88.92,132.6375,62.2972,1386.0,66.2,136.18,214.0777,438.5362,169.3227,191.47,519.3736,243.9803,238.97,130.26,60.625,320.79,381.75,185.2222,146.8284,78.21,192.36,489.88,119.61,204.7288,352.4645,79.8811,178.0796,114.4013,281.397,82.37,53.68,97.3299,311.87,198.3097,81.6848,204.85,125.6143,96.86,426.0821,67.21,71.1972,242.5113,74.5502,,18.5141
2023-05-16,502.4824,288.29,306.61,106.6755,266.2,40.1722,452.1644,292.3,31.2133,37.1072,269.6086,82.0471,222.7867,31.86,390.5465,7.9939,104.187,131.6128,345.15,737.3334,124.0447,88.66,129.6516,60.7138,1372.89,64.7,132.5797,208.8984,432.0728,170.5535,191.21,515.4759,241.5972,238.2943,125.11,59.6022,319.87,384.67,180.8098,146.6351,77.09,188.18,491.93,118.61,201.9128,351.8492,80.7284,175.7549,113.3788,278.4946,81.34,53.77,96.92,307.61,196.6057,81.3098,201.92,123.9459,98.52,428.1806,65.45,71.1427,240.9486,77.3857,,18.1321
2023-05-17,504.363,295.46,308.22,105.4624,263.93,39.9574,456.9621,291.36,30.994,36.8501,269.5009,82.7739,218.1504,32.12,395.3983,8.1249,103.6441,131.115,341.2,744.6344,125.5554,87.66,129.7059,62.822,1369.17,64.55,132.5699,208.2229,445.5036,170.7391,193.05,517.3801,248.9166,239.1604,125.57,59.1665,313.16,380.43,180.9849,146.313,76.53,196.78,487.12,118.59,199.8638,345.3989,80.8269,173.3237,114.441,276.5857,81.03,53.41,96.4225,306.25,196.8329,81.0171,197.48,125.3984,98.61,428.9847,67.2,71.5878,239.7474,79.8929,,18.2831
2023-05-18,498.1396,284.83,312.23,104.764,268.05,40.1909,451.7026,293.42,30.7663,37.1806,273.3557,81.8176,218.3841,32.14,392.3413,8.1861,103.3107,131.7885,339.46,742.4987,124.3868,87.41,129.7873,62.7134,1384.43,63.63,133.9902,207.4918,440.9201,170.7684,195.45,519.2347,242.5523,239.4364,125.33,58.4283,302.87,380.3,180.1512,145.8437,76.55,199.26,492.06,119.03,200.7863,348.0584,82.0387,174.0792,115.9897,277.8323,81.06,53.44,96.9675,305.45,197.864,81.4196,201.29,126.743,100.93,429.3965,65.8,71.0428,239.4641,79.286,,18.1854
2023-05-19,497.8003,285.17,313.61,106.1333,267.48,40.1535,451.3161,290.99,31.0109,36.896,276.3593,82.1714,218.6763,37.17,392.1539,8.1511,103.7488,131.769,341.7,753.9916,124.9283,87.93,131.2984,62.7768,1386.47,63.57,132.7967,206.7423,443.6527,169.3715,199.44,523.0432,241.2662,239.7314,126.24,58.5529,301.03,382.14,180.7681,146.2394,76.92,198.33,488.1,117.13,199.7473,348.7034,82.6397,173.9145,118.2233,277.9395,81.43,53.64,96.5175,308.48,199.5243,81.7031,204.86,126.478,100.33,433.7994,65.4,71.6196,238.0871,78.9378,,18.1499
2023-05-22,498.2462,287.99,313.62,105.2143,267.81,39.7706,453.0127,300.83,32.6808,36.18,271.0468,82.2192,219.6016,37.51,390.9311,8.2734,103.1012,132.0325,339.97,746.492,125.0518,89.16,131.1084,62.813,1398.7,64.39,133.3984,207.2697,442.8872,168.2579,201.77,524.6697,241.635,238.932,126.74,58.5262,306.55,387.15,182.2688,145.4513,77.46,201.34,486.25,119.29,200.932,348.237,82.9648,173.8855,119.3649,278.7187,81.63,53.68,97.5274,306.87,202.1022,81.8586,208.85,126.6939,99.8,425.5722,65.2,71.4152,239.6106,78.7089,,18.4253
2023-05-23,491.412,284.85,301.44,104.0932,265.92,39.6959,451.9005,282.55,33.4314,34.9314,261.9675,81.0813,216.7673,38.13,387.6868,8.1761,100.7106,127.201,333.51,743.5715,124.5483,84.74,128.9549,63.0392,1355.61,65.08,125.2016,207.6862,443.3426,167.2909,201.78,520.7819,238.2306,234.5919,137.75,59.1665,296.43,382.56,182.4939,145.3957,76.85,202.3,461.08,115.69,196.0378,340.189,81.9796,167.2505,119.4245,267.0214,80.42,51.5,95.0026,303.15,200.9924,79.6909,204.37,126.2523,96.94,415.0013,65.03,71.3789,231.7291,76.8277,,18.3276
2023-05-24,491.1212,281.74,302.48,104.3964,256.99,39.341,453.2107,281.23,32.5796,34.0868,259.1694,81.2439,214.6731,37.44,390.9311,7.9903,99.0914,125.5417,333.85,732.4859,125.4509,83.84,127.7153,62.2701,1313.32,64.28,125.6849,204.7991,442.4511,167.0955,198.03,506.5202,236.188,233.4212,131.59,58.2238,293.75,373.76,179.8093,145.2566,75.56,199.38,463.51,116.73,195.0279,338.0456,80.5215,163.8313,116.3074,265.463,79.62,51.93,94.4852,301.56,198.9825,80.0202,212.65,118.7443,96.27,417.5116,64.64,71.8058,227.6467,76.1708,,17.8745
2023-05-25,484.762,273.41,303.77,103.2018,259.56,38.6124,450.2605,280.08,31.9049,33.8849,258.3769,80.9952,211.3322,36.88,389.9055,7.9903,97.2818,124.7413,332.63,720.1685,126.0684,81.65,125.4261,61.2295,1316.95,62.87,125.8624,201.2272,436.1427,166.2262,197.47,516.3586,233.6442,230.1091,126.47,57.4145,277.05,372.96,177.8918,143.1703,75.08,194.89,458.06,114.61,195.3872,337.599,81.0929,160.0537,115.6025,265.3072,78.51,51.54,92.8528,297.13,201.3769,76.4074,193.53,117.2721,95.06,419.0217,63.43,70.5341,227.7248,79.4852,,17.6435
2023-05-26,481.3982,273.03,306.9,102.0714,260.61,38.5657,453.861,285.39,31.7109,33.9308,258.69,79.207,209.842,37.12,382.5687,8.0611,97.9771,124.5949,329.99,720.2182,127.0945,82.01,124.467,61.2024,1348.19,62.58,126.2373,200.7368,432.0825,164.5069,199.45,517.7272,230.8356,229.4904,126.24,56.7564,272.63,379.0,179.751,143.1147,74.92,194.12,468.94,115.05,194.6395,340.8738,82.2653,159.5694,115.8209,265.4825,79.03,51.06,92.3403,298.66,202.9148,74.505,195.89,118.1848,94.28,417.5312,62.72,70.0254,226.924,78.0619,,17.3592
2023-05-30,479.9441,269.86,307.07,101.1708,255.57,37.6691,452.287,284.95,31.2133,33.7655,258.465,77.7726,204.5239,36.42,378.9398,8.123,96.8723,123.4041,325.3,723.7446,127.199,81.41,123.4536,60.759,1314.72,61.87,130.5527,202.2173,428.0513,162.1626,201.65,509.9914,229.4549,226.8921,125.82,56.6586,272.58,379.76,176.6912,143.1333,74.12,196.05,466.22,113.56,193.7753,333.7784,81.9501,155.8886,116.9923,267.8639,78.66,50.49,92.0429,297.49,198.5194,75.4562,196.855,115.5448,93.98,418.9531,61.98,69.3351,227.2023,77.5941,,17.1193
2023-05-31,486.5069,273.9,307.84,101.4649,251.22,38.0333,459.2525,282.66,32.0651,33.1596,258.4747,78.7002,205.3128,37.23,385.961,8.0965,97.1485,124.2923,323.57,730.6582,126.0304,84.23,124.8289,61.5553,1321.87,61.55,130.5295,204.1791,433.9527,166.2066,196.91,504.2787,233.9657,230.0995,127.71,57.3078,274.25,373.35,177.1914,143.773,73.9,193.38,464.77,117.26,194.1831,332.0716,80.5806,157.8937,114.4807,268.4044,78.89,51.48,92.8753,296.41,200.6516,75.694,196.65,113.523,93.67,421.13,62.41,69.8892,229.2679,79.1369,,17.2259
2023-06-01,499.3804,282.97,310.54,101.9427,256.04,38.7859,465.2754,297.2,32.0651,34.5734,262.0751,79.7712,213.0075,37.0,384.3711,8.123,97.9295,124.3118,323.62,726.2974,127.3606,85.23,120.7391,62.3244,1329.32,61.51,129.5515,198.2753,450.0484,168.5901,198.97,515.1089,239.6208,236.1433,128.52,57.5212,272.48,371.36,177.1164,143.2909,73.43,196.34,469.84,119.58,196.5622,338.9188,80.4821,160.7898,114.8282,271.3165,79.15,51.5,93.5402,302.41,203.3343,75.6849,199.09,114.1021,94.71,428.0237,64.94,69.226,228.3108,79.4554,,17.2792
2023-06-02,504.838,287.17,312.18,103.4039,258.77,38.88,470.8837,302.0,32.3519,35.6108,268.3269,80.89,214.9069,37.72,385.2895,8.2557,99.2438,126.7032,333.78,735.0189,128.7952,85.34,123.8427,63.3287,1332.66,62.54,133.8192,201.7917,456.4343,170.4753,201.37,515.8627,243.063,239.6458,130.51,58.3928,281.03,372.36,180.9015,145.544,74.42,200.68,470.83,122.57,199.524,341.102,81.7727,166.4853,114.3815,271.0536,79.06,51.82,89.1106,300.2,205.0208,76.6087,207.31,116.0257,98.74,433.7504,66.46,70.7521,230.9478,79.5947,,17.5547
2023-06-05,507.9013,293.14,317.49,103.9461,259.54,39.181,469.5735,305.15,32.5965,35.7301,266.3408,81.0526,216.3484,37.8,390.3752,8.2557,98.8248,127.3474,334.42,745.2701,127.5221,85.94,123.8336,64.0073,1335.22,62.37,133.0782,205.3173,465.5529,170.6414,204.01,514.3155,248.4627,241.7397,128.9,58.6774,284.07,368.6,181.5685,146.7957,75.26,199.11,465.28,124.66,200.0872,340.7745,81.4476,165.7491,113.627,270.7224,79.04,51.4,88.3806,302.13,203.71,76.5812,210.56,116.1533,99.16,435.643,67.34,70.5977,235.0497,80.1123,,17.9367
2023-06-06,495.4737,286.99,315.72,101.0973,256.63,38.5319,459.5635,304.68,32.3603,35.9229,265.3233,80.651,216.2218,38.82,384.1045,8.415,97.739,127.1522,330.41,743.1543,126.5055,85.18,122.5397,63.7992,1321.79,61.71,134.3724,204.7065,450.2131,170.3288,205.48,512.0146,250.0684,238.3799,126.9,58.2327,285.56,370.78,181.6852,146.6659,75.37,201.58,459.53,125.38,201.301,343.5432,81.4082,164.7999,113.6072,269.3491,79.04,50.67,88.1507,299.79,205.047,76.4623,203.07,115.2602,99.28,434.4761,66.73,69.217,230.4692,82.5408,,17.8389
2023-06-07,489.2406,284.06,307.24,99.8107,257.14,39.642,454.436,301.73,32.7989,36.1616,267.6127,79.6278,209.1894,39.96,379.8187,8.592,96.8246,129.8851,324.65,733.7077,128.1681,83.48,123.5079,64.6769,1327.64,61.39,135.8246,204.7343,445.8815,169.5571,208.57,516.4974,248.7287,240.0646,125.61,57.9481,278.8,372.56,183.8529,146.9812,75.26,203.45,450.7,119.71,201.9128,342.0844,81.0338,158.4458,114.0241,270.7322,78.82,50.7,87.6907,304.9,207.5549,75.8129,202.33,114.4259,100.56,427.906,67.69,69.108,234.4832,80.1023,,18.1854
2023-06-08,494.2232,287.34,310.82,101.3822,249.96,38.8894,462.0707,306.76,32.9675,35.5373,267.5736,81.5977,209.3452,39.0,384.3613,8.4239,95.9865,132.052,332.58,745.1211,128.8997,83.96,124.5394,64.9212,1295.51,61.51,136.2197,204.2809,453.2797,172.3606,206.19,511.0129,251.313,238.3261,124.94,58.0815,281.34,359.49,184.0363,148.5945,74.94,203.17,453.0,121.13,200.2425,347.076,78.1176,159.1432,110.6389,269.5634,78.18,51.07,87.4407,308.88,205.7111,76.005,202.72,112.5612,100.08,437.0158,67.62,71.2154,232.989,77.3851,,17.7767
2023-06-09,497.6258,284.34,312.76,101.7406,249.28,39.482,465.266,304.44,32.8663,35.2711,265.9103,82.9747,207.9816,38.81,388.9927,8.3,96.8532,132.7548,334.11,741.5451,127.8356,84.1,125.028,64.9303,1292.06,61.04,134.728,202.4301,457.0808,174.0896,206.59,513.9188,252.6147,240.2365,123.26,57.628,283.09,361.03,181.3934,148.3627,74.86,197.68,450.87,124.34,200.9903,345.6172,77.2703,157.9712,110.2815,273.3326,77.76,51.28,86.5308,,205.6762,76.5812,200.53,113.6408,97.48,437.3885,69.0,70.961,231.524,76.7382,,17.6168
2023-06-12,497.5192,288.67,313.64,100.9594,256.93,40.1782,464.2952,311.29,33.6507,35.5282,270.2641,83.3668,209.1212,42.78,390.3357,8.3177,96.577,132.3058,340.6,748.9852,128.9662,85.57,124.6208,64.695,1316.97,62.1,134.5798,201.1347,459.7154,175.1641,211.9,519.3835,253.6693,239.4819,123.52,57.5924,284.09,375.91,187.2128,148.2607,75.54,205.48,460.48,126.91,201.8739,354.6576,77.4969,160.354,112.674,272.6314,78.46,51.2,88.9881,313.41,208.0181,77.0843,208.14,116.3397,97.09,436.6726,69.18,70.7248,229.9418,77.9027,,18.141
2023-06-13,496.9375,290.85,315.45,101.0789,263.27,40.8931,463.0887,322.02,33.9712,35.8678,273.796,84.17,209.1894,43.85,392.0441,8.5212,97.0151,133.5552,342.1,762.2363,129.8878,87.4,125.1456,65.3827,1318.74,61.95,139.2624,205.419,455.5837,175.6232,215.13,521.7241,258.6668,240.2365,127.98,57.5924,281.48,374.86,190.9229,149.0396,76.01,208.0,468.47,125.95,202.0394,355.0843,75.5954,160.7995,114.0638,274.404,78.97,51.16,89.788,304.6,210.8318,78.4288,206.84,117.2819,98.24,437.0747,69.47,71.2608,233.4773,77.4249,,18.1143
2023-06-14,441.0717,275.49,323.07,100.5238,262.08,40.8743,433.4452,322.46,33.1953,34.9406,278.0519,83.1659,211.0108,42.09,386.3659,8.6362,98.339,138.6112,340.96,765.9713,129.4508,90.53,123.2636,60.3066,1315.57,61.44,144.4192,205.6874,424.1829,174.9004,212.72,516.1863,250.6099,241.9845,126.05,57.0588,283.59,370.87,189.2388,149.7999,74.81,207.42,466.97,127.06,207.4215,351.9782,73.7629,160.4508,114.5602,285.926,78.22,53.31,90.678,299.99,208.3676,80.4043,204.84,117.1838,97.48,439.0359,64.65,71.4901,238.8195,78.1615,,18.0255
2023-06-15,449.6508,283.81,328.27,101.2084,268.09,41.8244,440.9315,333.19,33.5242,35.2436,280.2971,85.2602,213.29,43.59,395.0758,8.7955,100.0248,139.1675,349.08,777.8516,130.3534,91.29,122.956,62.8853,1336.29,62.58,146.0097,211.3876,439.1542,177.6745,216.78,531.0629,256.0445,244.6878,129.98,57.5123,287.13,379.06,192.2235,151.8119,75.79,208.97,481.42,130.98,207.8205,357.0491,75.4772,166.0494,116.8136,287.9518,81.04,53.98,91.8854,297.83,212.7892,80.7153,209.935,118.9798,97.28,445.1254,66.12,72.453,242.9898,78.7288,,18.5852
2023-06-16,432.0079,278.02,329.36,101.1344,269.2,42.6711,433.9279,330.29,33.7856,36.4737,284.4051,87.2587,213.3485,44.11,401.1293,9.1052,101.1487,140.6512,347.89,777.8317,131.6835,91.94,125.4442,61.2748,1321.97,63.23,146.8198,212.5165,430.8714,178.7686,216.02,533.2364,255.4175,247.0472,128.73,58.8374,284.5,376.56,195.3166,152.2755,78.02,209.99,483.03,130.1,207.8984,359.272,77.3294,165.3811,118.3921,286.6857,81.2,54.32,91.8454,297.48,211.295,81.5385,205.87,118.8817,97.62,439.0261,65.66,72.3246,246.5058,78.2809,,18.5763
2023-06-20,433.0354,278.81,327.83,101.9763,263.27,42.276,444.244,331.43,33.1784,36.0055,279.7186,87.2492,211.1764,44.26,405.2077,9.0167,101.6249,140.2217,342.69,776.004,131.1515,91.91,124.7023,62.1343,1283.8,61.75,147.3137,211.5264,425.7383,180.2143,214.93,523.4112,256.5766,244.9839,124.23,58.7218,288.71,370.75,192.9822,152.1828,77.89,209.53,482.22,129.97,207.8789,363.3109,76.2851,163.6085,115.2451,290.0458,82.04,54.04,92.2753,293.79,206.751,81.3464,202.13,115.9668,97.91,443.1838,65.92,71.2699,247.0722,78.5297,,18.5497
2023-06-21,438.8518,283.0,323.74,102.8366,264.48,42.1819,451.2097,330.71,32.8073,35.776,281.3657,87.9664,211.118,43.49,409.2862,8.9459,101.1963,139.4701,343.28,773.5802,131.7405,91.09,123.8336,62.2248,1291.92,61.89,147.9361,210.0921,432.6407,181.5232,213.83,521.9722,260.168,245.7863,121.07,58.2505,289.08,366.47,194.2411,151.951,79.68,206.31,485.82,127.86,206.3996,366.0796,75.5166,164.548,114.4708,289.8218,81.43,53.96,92.6703,294.36,207.721,80.7793,199.87,116.1336,97.68,444.2135,66.01,71.1782,239.1711,79.2463,,18.4697
2023-06-22,442.4676,287.43,327.615,105.2049,260.27,42.5676,453.3865,334.4,32.6639,35.7026,288.6406,88.4732,210.8939,44.21,412.0019,8.8928,103.1012,141.1197,348.16,774.6133,131.864,91.33,124.3313,62.8039,1283.37,61.91,148.1336,212.5165,437.3459,183.5159,213.62,524.3144,261.5932,246.5123,120.48,58.0726,291.41,364.78,195.8502,153.5644,79.71,204.17,490.72,126.52,206.5553,365.8513,75.3787,164.8193,114.451,290.1335,81.48,54.64,93.2578,293.95,206.5588,80.5765,202.15,116.4771,98.96,448.8027,66.8,71.6368,237.7452,79.8336,,18.5763
2023-06-23,432.2987,287.94,327.26,106.0191,259.84,42.37,451.4463,328.83,32.3013,35.2895,289.621,87.7082,209.6764,44.06,410.57,8.6362,102.9107,140.7775,347.0,774.5338,134.4293,90.34,122.9831,62.9758,1288.25,62.45,149.5957,210.1568,437.8612,183.3206,214.06,520.2454,261.1371,245.0603,118.5,57.8414,287.85,365.8,195.7835,153.4346,78.9,207.81,487.78,126.75,205.1733,364.1941,75.4871,163.0854,115.126,290.1237,81.46,53.97,93.1878,284.52,208.1317,80.6411,201.67,117.2034,97.73,449.9402,66.33,71.0498,231.7584,79.4454,,17.9811
2023-06-26,432.7349,290.0,325.16,104.6129,259.74,42.0596,453.3959,331.46,31.1121,36.0882,289.1014,88.2532,208.9167,43.82,408.9208,8.7159,103.3488,139.6238,347.45,779.1528,134.3343,89.49,122.1054,63.202,1279.9,62.94,150.2378,207.9545,436.2766,183.4085,213.82,518.0818,262.6193,245.003,120.41,57.6191,296.74,365.54,196.909,151.7192,79.73,206.3,481.82,124.62,206.3315,362.2788,75.6545,162.2815,115.8606,289.1108,81.07,53.5,93.4127,281.58,207.8695,80.1986,191.88,116.1729,97.08,443.9781,66.36,70.2152,233.9363,77.4349,,18.2298
2023-06-27,432.2696,290.74,330.02,104.8349,257.74,42.7087,456.7084,340.69,30.7157,36.639,291.778,89.0183,208.5368,41.72,409.5528,8.7159,102.6631,141.5792,347.12,711.3179,135.4459,90.19,119.9791,62.1434,1272.22,61.68,154.4759,205.9928,432.1449,184.4049,214.66,505.7657,262.0397,246.6842,120.67,57.5835,293.87,365.75,198.5014,151.404,80.13,204.33,484.2,123.5,211.0226,366.5162,74.4723,165.3133,114.0837,290.9711,80.82,53.49,94.6451,282.95,204.3042,80.3369,183.43,114.8676,95.93,455.4904,66.54,69.7108,231.0943,76.7083,,18.3187
2023-06-28,431.213,289.04,332.98,104.0208,257.44,42.4077,449.0329,345.07,30.6061,36.336,293.6604,89.7068,209.1017,40.33,410.0268,8.6008,102.4916,140.7873,350.78,695.365,134.8378,90.44,119.8977,61.6548,1275.41,60.95,153.8831,204.7898,424.9412,185.3231,219.22,506.2917,261.0326,247.4197,123.0,56.9965,294.54,364.38,198.3764,151.098,79.94,205.74,491.34,126.42,211.0907,366.3872,74.9649,163.7925,116.3868,292.4613,80.21,53.45,95.1176,284.02,205.1519,79.6086,184.51,114.21,97.64,449.8029,66.1,69.8667,229.4535,76.8277,,18.141
2023-06-29,431.1353,294.77,338.49,105.0384,261.95,42.0502,450.9163,341.79,30.4627,36.4005,294.5624,89.8119,210.6115,43.04,415.626,8.769,102.5393,141.9116,348.18,703.699,134.0968,92.02,120.5491,62.2158,1316.88,61.85,154.6142,204.651,427.8479,186.1045,221.42,510.4996,263.4174,248.8525,122.11,56.9165,290.98,375.24,200.494,152.155,80.9,209.18,494.49,127.94,215.0811,374.4749,78.1767,166.4756,117.6674,294.6484,80.07,53.29,94.9876,282.13,208.0127,79.9866,185.49,115.8588,98.83,455.4806,66.99,69.7108,229.4633,78.3108,,18.4164
2023-06-30,434.3115,301.24,341.94,106.7499,266.54,42.8592,454.8913,353.64,30.935,36.8704,297.5429,90.9175,212.8225,43.36,421.9758,8.8309,103.8346,142.3516,351.91,713.7516,133.5457,94.33,121.9064,62.5506,1311.64,62.25,155.8589,205.4468,431.9213,187.9703,224.77,517.804,266.6002,252.1862,121.5,56.872,288.34,379.12,201.2027,153.4716,81.1,210.25,502.23,128.51,218.9644,379.5458,80.423,166.8049,117.9255,297.89,80.97,54.09,95.8501,284.85,209.9636,81.2126,187.49,118.2484,100.47,459.8835,67.45,70.683,236.3779,80.8587,,18.4875
2023-07-03,433.4762,298.48,336.03,105.7693,264.77,42.0314,452.2791,344.59,30.9097,36.4834,291.7584,90.9368,209.0725,44.29,415.547,8.7513,102.1202,139.3305,347.57,713.3046,132.2061,91.49,122.1597,63.1296,1312.14,62.08,153.5275,208.2136,432.106,186.4953,221.07,515.1839,266.3437,250.1898,121.73,57.2989,283.43,377.56,202.0508,151.4596,79.51,208.67,490.18,127.02,213.2805,375.4375,79.9402,164.8871,116.8831,290.9674,79.86,53.54,94.3477,285.44,207.1728,80.3276,188.12,117.3339,100.77,452.4701,67.37,70.3574,233.155,80.3113,,18.2742
2023-07-05,432.2329,300.5,333.89,105.1864,266.56,42.4641,445.9759,336.82,30.7495,35.8293,292.5133,90.9752,210.816,44.76,413.5621,8.769,102.263,139.1838,348.32,713.0463,131.3035,90.96,124.5213,62.9668,1304.71,62.99,151.7888,209.0187,430.6964,186.2315,220.9,516.6627,266.7428,248.6424,123.54,57.5657,281.99,377.33,202.5537,150.9589,79.43,206.92,492.46,128.07,213.0664,374.1474,79.6447,164.0347,116.1684,290.3522,78.83,53.25,94.3177,285.89,207.6715,80.0787,187.03,117.5109,101.36,456.6671,67.44,70.8389,232.0611,80.2715,,18.2565
2023-07-06,428.3476,300.54,330.14,103.3825,264.99,42.9063,444.2156,330.92,30.0495,35.5253,288.6994,90.6099,209.4134,44.42,410.7181,8.707,102.1011,138.0497,345.76,700.133,132.5101,90.46,124.1865,62.9215,1294.2,62.86,150.0897,206.3351,427.0702,187.7358,217.65,513.4075,265.0801,247.2764,118.29,56.9197,277.68,377.68,202.573,149.837,78.81,207.36,491.23,127.7,212.609,370.3765,79.9501,163.1823,115.0367,288.7021,78.02,52.88,93.9402,284.99,205.0644,79.3413,182.48,116.4587,101.94,454.2254,67.19,69.9218,228.9066,78.7487,,17.6968
2023-07-07,417.8086,295.23,331.29,100.8384,264.15,42.6146,436.8524,329.54,29.9651,35.774,285.7875,90.3407,210.1926,44.68,409.6219,8.7247,101.2916,137.7173,338.18,687.8355,132.0635,90.26,122.6031,62.5868,1269.09,62.07,149.1314,202.3284,417.4458,186.4366,216.81,509.8446,263.2939,245.4138,118.87,56.2109,278.67,386.12,201.4318,147.658,78.66,206.89,498.01,126.71,212.025,368.7589,79.6053,161.894,115.4735,287.3254,77.51,52.29,94.5877,275.07,203.9096,79.1754,183.32,115.0525,103.89,443.3113,66.5,68.2526,230.4106,79.2463,,17.8567
2023-07-10,422.2379,301.95,340.27,101.7265,264.66,42.9439,438.2436,343.7,30.0916,36.465,289.9544,90.0715,210.9816,45.57,409.5824,8.7867,101.9297,139.3305,344.46,698.6728,133.4674,91.64,121.6892,62.7587,1293.6,61.89,151.7888,207.9545,420.3817,188.361,219.43,512.941,264.453,246.0251,123.09,56.0584,285.53,389.46,203.5595,147.8991,80.04,208.8,521.21,130.62,217.086,374.4153,81.6151,164.8774,116.1287,288.3311,78.55,52.7,95.8526,281.58,205.1257,79.6916,183.94,116.3898,103.69,444.3704,67.31,69.4173,233.5359,80.2815,,17.9367
2023-07-11,424.6856,301.15,339.11,100.5608,263.53,43.3014,438.0922,350.1,30.3784,37.2942,288.9249,90.7156,211.2738,45.39,408.5554,9.0698,102.3869,139.9856,341.74,712.053,133.9735,92.44,122.6664,64.4869,1292.43,62.84,150.8503,207.1494,422.8121,188.7419,216.27,515.3328,267.6834,247.7158,122.13,56.3365,282.5,395.19,204.778,147.0832,81.73,208.31,514.82,131.23,218.0106,372.4703,82.5609,164.7999,118.134,289.4149,79.09,52.45,95.6151,279.84,207.9252,80.4659,184.82,116.5079,103.07,430.8674,67.76,69.8117,237.3057,80.8786,,18.4697
2023-07-12,412.8937,291.7,347.59,99.4229,268.94,43.6306,427.5016,357.6,30.3531,37.6166,289.4641,89.9562,211.2446,46.2,403.6672,9.061,101.7678,139.4674,346.06,713.6324,134.6038,93.1,122.1326,63.763,1319.69,62.65,152.0852,208.8336,402.6009,186.378,219.01,521.9424,255.2845,247.0758,125.92,55.8789,285.49,396.39,206.0643,146.5732,81.53,211.0,525.68,133.67,220.6384,380.5878,83.3589,166.4659,119.8017,290.9967,78.99,52.46,96.8325,277.62,208.3101,80.724,191.95,118.0025,104.25,432.054,63.8,70.0502,240.8803,81.3066,,18.0077
2023-07-13,412.1263,289.68,346.97,98.359,269.26,43.9505,423.7633,367.56,30.4121,38.1694,290.1897,89.8119,213.0075,46.25,404.5757,9.1052,103.1076,139.9171,349.02,716.1753,134.4414,93.09,122.2149,64.4416,1327.73,61.94,151.2356,210.6658,406.0035,186.8469,219.63,522.6669,256.5861,248.3081,126.61,55.8789,285.75,397.78,204.778,147.2501,82.07,209.16,532.8,133.98,222.6239,380.7267,83.1914,165.6329,121.3901,292.5687,79.28,52.79,97.5149,277.97,208.9225,81.1665,188.83,117.3634,103.26,426.2684,63.65,70.3528,241.3002,81.018,,18.3986
2023-07-14,422.4613,298.55,354.0,99.3027,270.77,44.0822,454.4465,366.88,30.6314,37.6903,290.7583,89.5428,216.5724,46.65,404.3881,8.9902,103.2894,139.1936,352.74,713.7317,134.1167,93.38,124.4288,64.5864,1331.93,61.76,151.8185,210.453,426.5161,186.9837,221.1,525.3564,268.6525,247.7731,121.35,55.5739,290.89,396.57,205.7742,148.2329,80.39,207.56,536.89,137.32,222.9548,382.1855,82.9747,166.7855,121.9162,295.2928,80.32,53.03,99.3323,278.93,210.4272,80.7978,187.15,117.7567,103.74,440.7421,65.63,70.793,240.1185,81.436,,18.2298
2023-07-17,421.9562,299.91,353.84,97.6652,269.83,43.7905,458.147,370.36,30.2434,37.3771,286.1503,89.86,215.0335,46.46,406.531,8.8574,102.3994,137.5218,357.98,716.8011,133.6106,92.65,123.3493,64.3964,1328.46,61.08,151.5814,210.8324,424.9995,187.687,221.37,521.2874,267.1323,245.1463,122.6,55.4931,287.96,387.71,205.6001,147.4911,80.23,209.34,551.84,137.45,222.2443,380.687,81.5757,165.3714,120.1194,291.5727,78.96,52.61,98.4849,278.4,208.0039,79.9313,184.14,116.2817,104.53,438.4671,65.07,71.059,241.476,80.809,,18.1055
2023-07-18,428.095,303.06,354.93,98.0167,271.88,44.2609,473.2141,360.62,30.5639,37.3587,284.0717,89.5908,215.3744,45.79,405.5139,9.0079,102.3516,137.7173,358.98,721.7082,134.0403,91.99,124.9503,65.4279,1335.01,61.68,151.1665,215.2093,431.338,187.9312,224.23,519.7194,270.6097,244.8406,122.61,55.6277,285.39,384.61,205.7258,147.4819,79.24,201.34,547.47,137.93,220.8817,381.6496,81.0831,165.7104,121.3901,289.6395,77.77,52.81,98.3049,276.17,210.6547,79.8299,180.33,117.5699,106.16,442.4484,66.33,71.7377,245.7342,82.083,,18.2387
2023-07-19,434.4378,312.45,349.7,98.0167,280.08,45.0135,476.7159,342.58,30.7326,37.4692,281.101,88.591,212.3842,46.32,405.8595,9.2291,102.6674,137.6489,358.57,714.2185,136.657,91.62,125.9566,67.3009,1340.03,62.9,150.5441,214.7281,450.3146,187.4916,225.46,531.4996,278.0585,243.4842,125.17,55.6815,287.82,397.07,209.9715,147.1852,79.46,204.02,547.75,133.63,221.3586,382.6717,82.6397,165.5263,125.6092,287.5304,78.54,52.34,98.7023,276.89,213.358,79.3874,184.53,121.0313,104.76,444.7626,68.49,72.4164,245.4314,81.3663,,18.4875
2023-07-20,434.5835,317.13,347.66,100.3388,279.77,46.3681,477.227,330.99,31.0109,37.3955,281.2971,90.4657,213.592,47.58,413.5424,9.2645,107.0217,139.5456,361.82,718.2017,137.1345,92.65,130.0826,68.3044,1349.84,64.01,149.5858,215.82,462.5152,188.9275,226.37,534.199,279.5407,251.6131,124.77,57.2158,278.83,398.21,211.5092,156.1235,79.91,203.99,542.86,130.65,223.9962,375.8543,85.6348,166.5942,125.8774,289.0536,79.3,53.46,97.9549,274.7,213.7954,82.3649,184.17,122.4768,105.49,454.8236,70.18,73.3151,251.7601,81.4958,,18.5674
2023-07-21,443.7917,318.47,336.66,102.1243,288.72,45.6814,479.3943,337.37,31.5422,37.5521,279.5617,89.5908,214.2251,47.59,409.0788,9.2733,109.376,139.0567,362.46,729.7344,137.8698,92.57,131.5006,68.4686,1361.86,64.15,146.7111,217.2913,462.6805,188.1266,228.26,557.9381,279.1132,252.9791,126.43,58.0323,284.28,414.18,212.0024,157.8017,79.92,206.38,554.6,130.6,225.8843,374.4352,88.0978,178.1464,129.9895,288.6142,80.88,53.16,96.895,276.74,223.8562,82.0054,190.49,125.4957,102.78,453.0781,70.63,73.9571,252.727,82.2724,,18.8073
2023-07-24,440.4406,313.97,323.56,100.6441,286.97,45.418,481.4291,337.01,31.635,37.2758,279.6009,89.4562,212.4913,47.94,408.0222,9.3972,109.6918,137.7271,357.05,722.2844,137.5356,91.4,130.9883,69.2897,1362.02,63.46,146.5234,217.8465,458.0432,187.013,228.16,567.1976,277.4885,267.4315,123.01,58.0771,279.6,416.9,211.6253,158.6269,79.41,207.25,554.03,127.72,225.9621,373.1848,86.6101,180.1559,129.1353,283.8689,81.32,52.17,96.7325,277.0,225.6933,81.821,188.07,125.594,102.1,450.4109,70.86,71.2241,251.1644,80.2811,,19.1271
2023-07-25,441.3148,315.65,330.9,99.4784,286.54,45.9072,483.5586,332.14,31.2555,37.3771,279.9441,90.11,214.2738,48.2,406.136,9.2114,108.0744,137.1698,358.06,725.016,138.395,91.68,129.5703,69.0252,1312.92,63.79,147.8274,217.7447,462.6027,187.4428,231.57,566.5922,279.9873,270.6219,121.87,57.2158,281.74,420.5,214.4106,159.8416,80.14,211.07,556.67,129.96,226.7894,374.4358,84.9254,184.5923,128.6982,284.0447,81.47,52.41,96.5725,270.31,223.6987,82.0054,189.35,125.1909,102.95,448.6654,70.32,70.8297,250.1096,79.8629,,19.3137
2023-07-26,435.3606,311.17,329.37,99.1176,289.92,46.0483,480.7856,339.85,31.382,37.285,276.6596,88.716,215.8712,48.9,398.7494,9.2733,109.175,138.6559,351.91,726.0888,130.1058,91.63,129.8173,68.5143,1335.02,62.8,139.7168,217.6522,456.517,183.3596,231.96,570.0657,276.1868,270.1347,120.65,56.8928,280.87,422.63,211.6446,160.1475,79.82,213.03,556.16,130.69,225.6604,376.7095,83.7234,186.3882,128.9565,283.2733,81.9,52.4,97.3675,265.25,231.7211,83.3328,191.19,126.3316,101.2,444.792,69.97,70.793,250.0901,77.0949,,19.8023
2023-07-27,438.0706,307.34,323.56,97.3877,285.22,42.784,478.1639,385.31,30.8703,37.46,270.9143,88.8602,215.7445,47.64,400.4479,9.1406,107.8065,136.7396,349.64,739.6975,128.3105,82.67,136.1755,68.8518,1324.14,62.68,136.3778,218.4295,457.5863,182.9885,224.56,555.7845,278.1441,270.8893,118.51,54.4882,277.57,422.14,208.9463,161.0469,79.45,208.51,545.96,129.36,223.636,352.3646,82.4427,183.175,127.7646,275.3547,80.39,52.64,97.1625,262.79,223.3225,81.5905,189.7,124.5517,100.03,446.1649,69.95,70.1694,244.2302,76.5274,,19.438
2023-07-28,440.3047,301.46,326.53,98.3775,285.77,44.2233,475.9682,381.9,30.7595,37.8009,267.9043,88.1488,217.3711,48.18,397.8606,9.2025,107.883,136.2312,354.05,741.1279,128.4346,83.74,138.0052,68.0672,1308.51,63.09,137.0594,218.7256,454.0379,182.2363,226.15,557.6007,277.5265,267.7658,118.66,55.0983,280.53,416.61,207.5827,161.7794,79.67,210.49,552.78,132.38,223.8891,362.8492,82.551,184.3496,125.2417,276.3214,80.69,51.69,98.3625,265.23,227.5218,81.3509,192.44,123.9518,101.04,449.5872,66.18,70.4904,246.4276,77.533,,19.7046
2023-07-31,443.7335,304.49,324.4,98.6643,276.21,42.5488,479.2429,377.89,30.751,38.2523,267.4729,87.9373,216.5724,48.52,397.3767,9.3176,106.5432,135.0678,352.34,736.9659,129.1222,82.07,136.8434,68.1402,1257.47,63.72,137.2768,216.6713,458.5002,182.5684,223.76,544.5104,280.3768,266.1419,117.66,55.7982,276.75,405.36,206.896,155.3353,78.79,209.54,554.73,124.56,219.5192,365.4108,82.1668,182.5925,122.1228,276.7217,79.42,51.85,97.815,270.19,223.1388,80.8992,192.15,119.7431,101.99,445.7334,68.09,69.8301,245.3045,77.6624,,19.5269
2023-08-01,444.9768,302.01,323.95,97.3969,274.4,42.3324,477.7002,376.62,30.3672,38.1141,268.5122,88.1007,219.4945,46.51,399.964,9.0433,105.7776,129.319,347.74,734.1448,128.5397,82.05,135.8919,67.4651,1284.43,63.69,137.5731,214.7929,454.9518,184.7174,219.13,541.7118,280.8899,266.0655,113.94,55.206,270.94,407.31,206.5866,156.5963,78.82,209.31,532.3,122.0,218.0203,369.0049,80.886,180.0879,121.8049,272.6794,76.61,51.89,97.5025,269.3,223.0863,80.8254,189.29,120.4413,102.39,444.3017,68.01,69.4082,243.4586,77.3538,,19.3048
2023-08-02,469.8817,304.6,313.87,97.7855,291.77,41.307,477.757,367.4,30.1455,37.4692,264.1199,89.4947,216.3776,46.54,407.9135,9.2291,103.9498,125.5158,358.4,727.2411,128.6925,80.38,136.6604,69.7094,1291.9,65.68,134.9355,213.2105,458.5877,186.9934,219.09,549.5719,284.4623,263.8685,110.22,55.4034,268.74,403.75,207.8728,157.5421,79.71,206.01,519.18,123.81,221.709,367.9326,80.8072,176.6805,124.2782,268.0903,75.67,50.62,96.965,271.56,225.5971,78.779,189.56,125.5842,101.97,445.6647,67.35,69.4082,242.8043,76.2585,,19.3759
2023-08-03,473.1842,302.18,311.28,97.8132,291.41,41.3353,477.8138,366.24,29.847,36.1886,265.4532,90.1484,214.2348,46.07,429.6883,9.2468,102.9162,122.9835,347.74,766.309,130.5356,80.0,136.3585,67.8027,1269.11,64.98,133.671,213.4789,454.9809,186.9251,216.29,544.2326,273.289,256.6662,109.95,54.9368,265.28,401.8,208.1823,158.219,78.31,201.54,507.77,122.07,219.4705,367.0788,79.8121,175.5933,122.3413,269.1155,76.18,50.88,97.455,267.75,225.2384,77.8848,185.34,122.9685,101.56,440.4479,66.06,69.2706,233.8777,75.691,,19.1093
2023-08-04,470.3965,302.96,309.31,97.1379,289.89,41.3164,475.7979,361.44,29.8641,36.1978,263.4335,87.7258,174.5924,45.74,416.5049,9.3707,103.0215,123.5017,340.48,761.3324,129.5424,79.55,135.1509,66.4981,1271.49,63.63,132.7325,225.1198,450.2854,181.0348,216.93,544.4906,272.2819,258.6626,108.19,54.2729,263.14,400.0,208.1533,156.7354,78.09,206.9,504.08,120.33,219.9669,372.3905,80.955,173.409,122.4108,277.0146,75.93,50.72,97.1975,268.92,222.8676,77.47,187.67,124.1977,108.81,440.7715,65.8,72.1596,232.3248,75.5715,,19.1271
2023-08-07,480.4887,311.0,309.24,98.1463,289.72,40.959,483.3788,361.25,30.4269,36.3821,267.2474,88.6583,181.8196,45.3,416.9592,9.7335,103.7871,122.8271,345.32,769.5771,130.4592,79.84,137.5295,67.4286,1259.55,64.91,135.0343,234.0587,457.7127,182.2558,219.3,547.6168,277.2605,262.8942,101.2,54.255,260.85,401.52,208.0466,160.4999,75.87,205.28,508.34,120.97,220.142,375.9946,80.088,175.4088,121.9738,279.5142,77.07,50.73,97.4575,271.23,223.6287,78.0968,187.22,124.4042,112.68,445.2725,66.83,73.9846,234.5614,75.2629,,19.367
2023-08-08,479.0802,310.0,302.87,98.4423,296.73,40.2346,478.7602,357.75,30.3928,36.2808,262.3747,88.2161,174.6118,47.24,422.3905,9.8662,101.0405,122.0743,344.47,775.1199,128.8453,78.59,136.88,67.5107,1254.94,64.53,134.6292,241.332,449.7896,181.0739,218.86,551.5766,277.574,268.5108,99.74,53.9768,238.34,402.81,207.5323,160.5741,75.94,206.24,509.76,110.19,219.2174,397.0134,83.0535,183.7672,122.3512,275.6672,76.34,50.58,96.265,274.14,226.6469,75.8107,186.16,126.2136,110.79,511.4829,66.28,73.4435,224.3847,73.6101,,21.1171
2023-08-09,479.2356,314.0,304.1,98.1555,292.02,40.4322,475.2111,352.8,30.5633,35.4424,261.8747,88.418,172.3229,45.52,422.9929,9.9635,100.7725,122.4165,345.11,780.3746,129.2464,77.97,137.932,68.0581,1245.24,65.42,129.996,239.9625,447.5147,181.406,218.68,543.4386,273.9446,268.9216,101.82,54.3895,229.69,396.74,209.8126,160.4721,77.42,215.8,518.75,110.96,220.9012,397.2914,81.7727,183.8157,120.3647,275.345,75.95,51.06,95.7675,271.29,224.0136,76.456,184.49,125.5055,109.96,516.0231,65.8,73.5261,223.535,73.6001,,20.5752
2023-08-10,480.8383,315.5,304.67,97.6652,289.3,40.4416,476.5077,347.23,30.461,35.4976,262.8061,88.7737,172.5274,46.33,428.5724,9.875,100.2366,122.0645,347.38,787.7253,128.0813,78.28,138.545,67.4742,1245.45,65.51,129.7787,242.4979,453.1338,183.1787,221.78,543.1409,274.4956,264.8142,100.28,54.9907,233.66,397.94,207.6778,159.6376,76.46,217.61,507.49,113.27,221.1542,397.3907,81.7727,183.573,120.0568,276.3311,75.3,50.86,94.4425,269.06,225.1684,76.6219,185.12,125.5252,108.43,511.2279,65.75,73.3702,222.5388,71.9871,,20.975
2023-08-11,479.7504,315.73,304.49,99.3952,291.66,40.6767,480.795,352.88,30.7339,35.7556,264.3061,88.8121,174.8066,45.99,434.5666,10.0432,100.7821,121.165,349.86,801.5724,128.9312,79.41,139.222,68.3044,1239.8,65.93,129.9368,242.9143,460.8625,183.5117,219.84,539.6674,275.0657,269.6667,101.49,54.9368,225.28,397.12,211.5399,161.1953,76.65,214.46,505.51,111.69,221.9036,391.92,83.1422,185.2524,118.0404,275.4524,75.29,51.03,93.6225,273.68,223.4537,76.9261,180.48,124.7484,108.35,518.0333,65.76,73.3702,221.9235,71.2802,,20.5663
2023-08-14,482.9558,319.57,305.08,100.7551,288.37,40.2722,483.5586,360.49,30.7595,35.2581,265.5905,89.3986,176.1508,45.29,432.5323,9.9016,101.5381,120.9499,349.37,802.9929,129.0745,80.53,139.3043,67.8209,1240.17,65.24,130.4603,241.4893,458.2766,183.7664,220.12,536.2534,275.3792,269.9914,100.0,55.2868,223.89,395.13,211.5302,160.8151,77.1,216.9,507.7,115.76,223.0132,397.0332,83.556,184.1069,117.0074,278.0691,75.26,51.33,94.48,272.74,224.9935,76.6588,175.14,124.5419,106.96,528.6957,66.85,73.2326,222.7843,71.4893,,20.4863
2023-08-15,481.1103,315.61,306.62,100.5238,285.47,39.8395,479.5457,361.05,30.1796,34.6316,263.512,87.072,178.5858,45.43,425.5308,9.875,100.428,119.7865,349.78,800.5394,127.5179,79.86,139.1671,66.8995,1226.76,65.41,129.186,246.1531,454.7962,181.6215,217.66,530.3881,274.8567,267.1353,96.41,55.4034,219.08,394.71,209.7544,160.3515,75.83,210.07,509.37,114.51,223.3635,399.2572,83.3589,183.6215,116.3121,278.1375,74.82,51.68,94.2475,270.22,223.2875,76.3638,176.02,123.5585,105.2,537.1666,65.27,73.04,219.4391,70.2347,,20.664
2023-08-16,480.4789,314.5,299.32,100.5886,274.86,39.5855,476.5834,358.54,30.2563,34.4013,261.8256,86.9086,169.6404,45.09,424.2569,9.9104,100.0356,118.2809,343.41,792.0265,126.4005,78.79,138.6456,66.343,1198.3,64.73,128.1684,245.237,452.2006,180.2013,215.2,524.8701,274.5431,264.3557,98.92,54.6677,210.6,386.46,208.7355,159.8416,75.79,201.97,499.55,111.16,221.1932,394.6504,80.9254,180.8257,113.9879,274.9642,73.63,51.46,93.195,265.26,221.1529,75.1931,169.54,119.3399,104.29,536.7931,64.3,71.5359,217.5318,70.3642,,20.3087
2023-08-17,474.7287,309.8,290.08,100.7644,273.16,39.2751,467.4977,349.18,31.1347,34.2631,260.4138,83.0535,160.9392,44.2,411.7451,10.0343,100.4184,116.7752,343.87,791.4205,126.2859,76.83,137.2459,60.9421,1205.1,64.21,126.2816,246.1325,446.5912,176.2935,214.21,531.9065,257.0327,263.1999,106.24,55.7623,208.29,385.67,206.591,161.3436,76.47,199.87,486.42,107.81,218.0593,390.0634,79.1306,177.428,113.7098,271.371,74.0,50.94,92.02,261.5,221.1791,75.1839,169.71,118.8384,100.64,528.3615,63.5,70.1602,216.3972,68.094,,20.1828
2023-08-18,476.3314,314.23,285.95,101.0234,270.0,39.3127,471.7377,350.36,31.2626,34.3645,263.7767,82.5343,161.7888,44.36,415.1817,9.9635,99.2509,116.521,344.82,806.9861,127.4892,76.58,137.3557,60.9512,1184.68,64.04,127.0027,244.2388,449.8965,176.6853,213.98,528.3536,262.2392,261.4327,101.62,55.6815,205.105,380.43,208.0757,159.9343,76.52,198.9,483.73,106.05,217.8841,384.9998,77.1583,176.2631,112.4582,271.3515,73.15,50.19,92.24,261.15,219.9456,75.147,167.22,117.265,101.56,536.9799,63.7,69.5916,212.8467,68.0642,,20.2277
2023-08-21,477.1958,320.0,286.67,101.4304,267.17,39.5385,471.0184,342.59,31.5611,34.604,269.4436,83.5822,162.0036,45.4,420.534,9.9547,99.404,117.6649,350.74,838.7431,126.9067,76.33,137.374,61.1976,1169.67,64.88,126.7459,243.194,453.2894,177.2533,214.36,528.2345,267.2273,263.2763,111.08,55.547,196.52,380.15,209.2401,155.1684,76.44,200.91,481.97,104.68,216.8038,389.8747,77.5922,175.5253,113.1237,269.7209,75.23,50.42,93.02,265.07,218.8608,75.23,167.41,116.8815,101.89,540.5373,63.83,69.6466,213.6096,68.6715,,20.1468
2023-08-22,470.3091,317.75,287.16,99.2009,267.97,39.1434,465.9645,351.63,31.4161,34.5671,269.4534,82.2171,158.7712,44.41,413.1671,9.875,100.6289,113.1675,350.4,835.028,126.4196,75.97,135.6175,61.1702,1160.97,64.79,129.1366,240.3208,450.4021,174.2955,214.02,523.0639,266.0967,263.3527,116.24,55.5021,197.74,379.07,208.4153,153.9352,76.25,200.22,488.35,106.98,217.3585,390.3712,77.1583,176.5058,113.2529,268.9788,76.86,50.41,92.545,262.98,218.4496,77.175,162.94,115.6818,101.66,544.0848,63.8,70.0227,212.4652,68.6317,,19.9309
2023-08-23,467.6282,319.0,290.39,102.9662,271.03,38.9552,463.2198,359.48,31.2626,34.8067,271.7477,82.0729,158.2048,45.36,416.0309,9.8393,100.6098,112.2876,350.6,835.2068,127.4128,75.9,134.5562,60.5772,1165.09,64.65,128.9192,240.0783,447.0384,174.1094,216.14,541.1163,267.7689,264.6709,115.46,55.2329,188.52,385.96,208.5706,152.5537,76.27,202.0,503.03,104.38,219.49,390.2619,77.5922,178.8648,115.5076,269.4475,75.31,50.35,93.39,264.8,222.9638,77.1381,163.94,117.147,102.06,543.79,63.63,70.6555,212.788,68.6914,,19.7151
2023-08-24,468.7938,318.07,285.64,101.2547,271.17,39.0023,461.9516,350.71,30.8362,34.3092,267.2573,82.842,155.9977,44.6,418.0652,9.7945,99.2891,111.7694,346.77,825.6708,127.2218,75.01,134.1446,60.6593,1161.96,64.23,128.5537,239.388,443.3053,175.0888,215.51,533.941,268.2914,264.5945,112.65,54.9817,187.84,382.27,206.1932,153.0729,76.2,198.62,486.02,100.98,218.5654,388.9216,77.7007,176.2534,115.4182,266.987,75.17,50.43,92.455,262.43,221.8265,74.723,159.6,117.501,101.05,538.5227,63.96,70.0043,210.2742,68.1339,,19.4362
2023-08-25,465.2096,318.96,297.55,101.9578,273.37,39.0681,462.917,356.35,31.0238,34.5763,267.9338,84.2456,157.2087,44.89,418.0158,9.8124,99.7294,112.6689,350.06,824.8165,126.4292,76.17,134.1995,61.4165,1175.45,63.86,129.6602,239.1641,439.9222,175.7842,219.01,537.4939,265.2986,267.4697,111.93,55.6995,183.0,381.78,205.902,155.2677,76.85,200.39,492.68,100.76,220.3464,390.9172,79.0517,177.4766,114.1667,271.5565,75.41,50.76,92.845,264.43,223.55,75.7646,158.08,117.6879,100.61,544.075,63.48,70.4904,211.4089,68.2932,,19.6611
2023-08-28,466.8609,321.22,301.48,100.7736,281.45,39.181,464.9613,358.66,30.8789,34.6869,272.1104,86.2741,158.0876,45.64,418.1146,9.8035,98.3704,114.9078,351.6,825.3529,126.4769,76.03,134.8764,61.3435,1181.7,64.83,131.3988,239.3227,441.7596,176.6755,221.79,541.0667,267.5028,268.9407,113.83,55.3047,181.21,385.38,205.9506,153.4372,77.99,198.76,493.08,99.29,221.7382,400.4884,77.178,181.515,116.5803,271.742,75.56,53.79,93.34,265.05,228.7728,75.0272,158.2,117.9239,100.55,544.3403,64.02,70.6555,210.822,69.0101,,19.85
2023-08-29,467.502,322.28,310.39,101.7542,287.81,39.8207,466.4282,367.62,30.8277,34.8159,273.885,86.3606,160.0895,47.81,416.4161,9.8393,99.404,116.5699,351.26,824.6576,126.4387,77.83,135.0228,61.2432,1206.83,64.59,133.1276,242.2052,445.0649,176.2739,225.14,551.2094,267.5884,268.8643,115.99,56.3903,189.48,395.6,205.0675,153.4559,78.33,203.89,511.49,100.58,225.1933,409.4638,79.17,187.1357,118.1795,278.2937,76.03,54.68,94.5275,268.0,230.9599,75.6632,161.93,119.9889,102.19,544.3207,64.44,71.7285,212.9151,70.175,,20.1018
2023-08-30,461.6351,322.35,318.58,101.9578,287.19,39.482,465.1979,370.86,30.6145,34.4105,274.287,84.6397,160.3337,48.98,416.3371,9.8393,99.9208,117.5574,350.76,829.3858,128.6161,77.82,135.6907,60.9695,1217.57,65.25,133.3647,240.5634,446.7759,175.2161,224.55,554.7722,268.567,267.7467,116.62,55.9687,201.62,396.85,206.067,152.9142,77.5,209.68,510.81,103.42,225.7967,406.1973,79.1306,187.0678,118.1497,280.3637,76.34,54.27,95.215,267.18,231.1087,75.8752,166.06,120.6379,103.31,538.5129,62.72,71.2241,213.9324,70.0854,,20.0748
2023-08-31,448.3959,310.12,312.68,100.8199,280.8,38.459,451.0488,370.14,30.1711,34.171,271.8751,83.9572,155.8512,49.97,407.7726,9.6156,98.4757,116.4623,348.34,820.9822,125.5793,76.47,134.4465,59.4551,1213.48,64.53,133.2658,239.1268,429.7048,172.3563,222.63,552.8866,262.4768,266.9347,113.07,55.3137,191.71,400.2,201.9332,150.9996,76.54,206.82,511.41,100.98,223.4511,403.9931,77.316,184.9418,116.2426,276.8584,74.74,53.94,92.4975,267.36,231.8348,75.1286,165.22,119.0547,102.42,544.6155,61.65,70.1419,208.0833,70.1451,,19.751
2023-09-01,447.4051,310.44,310.41,101.6155,281.02,38.459,450.727,374.9,30.5122,34.5303,275.3164,84.1975,155.4606,50.2,407.7923,9.6514,98.4278,116.785,351.1,826.088,124.6434,76.38,135.5809,59.9112,1222.5,64.69,133.1372,239.472,430.0645,171.3573,224.33,553.0057,262.8663,265.9891,112.56,55.6457,192.18,394.6,200.4583,149.8789,76.35,209.62,511.29,101.895,224.6969,404.7775,77.6711,186.893,116.1334,277.7371,75.12,53.62,91.1725,267.17,232.3509,75.7093,168.46,119.8808,102.99,547.4752,61.27,70.2978,208.8755,68.9503,,19.9129
2023-09-05,456.7396,312.72,307.68,99.4599,276.35,36.9339,455.0522,368.63,30.1711,33.8025,268.8848,83.5534,150.2848,50.07,402.6398,9.4994,96.5425,115.1816,348.26,817.4261,121.5111,75.97,133.6597,59.8565,1215.89,63.28,127.5078,236.9533,437.6181,169.3103,220.89,537.9107,266.0252,260.659,109.36,54.4075,186.97,382.24,198.3914,150.0657,74.8,204.29,496.01,100.33,218.1516,400.7862,76.1918,184.8641,112.5079,279.5337,74.06,53.3,88.0525,266.29,228.2042,73.9302,159.43,116.7537,96.65,548.5365,61.88,68.9313,203.7796,67.3672,,18.8876
2023-09-06,451.7372,310.82,307.84,98.5163,272.86,37.5496,451.3895,369.7,29.3098,33.8117,269.1985,83.8802,149.7379,49.7,406.7144,9.0521,97.1933,119.9331,344.32,812.9362,121.4156,76.96,133.2114,59.7652,1192.61,63.19,126.1227,232.289,433.5837,171.0732,218.82,532.6409,263.0476,254.6984,108.24,53.5372,193.4,369.98,198.537,147.572,74.12,204.44,487.96,106.88,218.2979,401.9578,74.466,181.3985,110.6803,282.2774,74.1,53.86,89.1625,263.72,224.8272,74.4003,159.99,115.9768,98.89,550.266,63.32,68.0875,205.4228,66.6901,,17.8353
2023-09-07,458.4491,316.15,297.22,99.8577,270.3,36.9149,458.8379,340.93,29.233,33.3142,266.5709,85.1685,146.9742,48.96,414.0031,8.9448,96.3416,117.8213,343.96,819.7604,121.3869,76.09,136.2304,59.8473,1162.07,63.45,126.7361,237.3077,439.2507,174.511,219.0,527.639,268.4493,255.9732,108.35,53.8063,178.53,367.88,199.1677,149.4586,74.19,204.39,477.21,104.91,218.9515,400.9749,72.9572,182.2916,109.4784,282.1993,72.94,53.89,88.435,261.34,223.0163,73.6813,158.85,114.3248,95.34,563.3164,66.44,67.8124,202.1168,65.6148,,17.5115
2023-09-08,454.321,320.47,298.22,100.8846,263.57,36.6308,456.7856,332.26,29.2074,33.1668,268.2279,85.3512,144.4839,48.48,416.1393,9.0432,96.399,117.9582,343.05,825.1542,121.301,74.07,136.3311,60.0663,1130.7,63.98,130.0999,242.0093,437.7096,174.0409,213.53,514.3503,268.6306,255.6857,107.64,54.569,171.92,357.91,197.2852,149.9536,73.88,199.74,465.79,104.35,217.2834,390.3513,70.827,180.35,106.1112,282.707,72.23,53.87,87.5025,258.99,217.2773,73.709,158.36,112.0926,95.55,576.3176,65.41,69.7017,202.2733,64.6191,,17.3496
2023-09-11,453.7867,321.95,302.35,100.4683,263.3,36.6592,455.465,335.18,28.9431,33.6919,267.1494,86.2645,147.9605,49.02,419.2248,8.9537,98.045,119.7083,347.22,827.9753,121.0049,74.87,136.3494,62.7211,1128.99,64.41,129.2688,244.1455,438.2071,174.0702,215.33,511.0455,271.8181,256.0882,105.8,54.56,175.26,362.71,195.9461,151.9149,74.28,199.66,471.51,107.29,223.1654,394.3128,70.6396,180.6316,106.9655,292.6468,72.79,54.56,87.8975,258.92,218.8608,75.0364,154.75,111.2174,96.26,585.2602,66.42,70.6555,207.1541,66.3317,,17.6914
2023-09-12,455.6226,321.02,301.55,100.8569,260.36,36.3087,455.959,322.29,29.1222,33.7656,255.7665,85.4954,145.48,48.29,417.4447,8.8285,97.9972,118.7208,346.55,827.2204,121.5015,73.37,136.5598,64.3359,1121.32,64.23,125.5291,242.8302,434.3445,174.8048,216.77,507.1253,273.4501,252.7527,105.24,54.0486,175.46,361.95,195.6162,152.7741,74.82,197.11,470.12,104.86,221.2926,391.0066,70.9749,182.2139,108.4355,287.8136,72.01,53.42,86.96,258.44,217.2511,74.6492,150.43,110.9027,97.16,588.9355,67.02,70.4354,205.9021,65.117,,17.4845
2023-09-13,458.9542,328.28,302.7,99.7375,267.23,37.0476,455.902,322.41,29.0625,32.9733,257.3548,84.5532,142.9116,48.82,415.8426,8.7212,98.2747,117.9387,346.84,820.7438,122.361,73.17,138.2888,64.0804,1126.97,63.1,125.0542,239.957,432.2864,173.0516,216.6,507.036,272.1903,254.0083,108.59,53.5192,176.98,368.58,198.4496,153.157,73.21,203.61,458.29,105.22,224.7749,392.4462,71.4878,176.6805,111.167,290.3034,72.04,53.2,86.1575,255.91,220.8554,74.9626,150.77,111.5419,101.13,588.5228,68.34,70.9031,208.6701,64.2507,,17.3316
2023-09-14,458.0509,326.99,303.74,100.8179,272.01,37.0855,459.4745,332.84,29.1222,32.789,259.0156,84.3129,144.1812,49.67,414.9723,8.7927,98.2364,118.9066,349.415,826.833,121.6161,74.02,140.5577,63.8159,1157.67,63.48,126.1622,244.6866,433.4276,173.3455,212.96,512.091,270.3771,253.6345,112.81,53.3757,174.7,373.28,197.6054,152.9235,74.45,207.76,462.08,101.55,224.2579,395.0574,73.0163,177.3989,111.9517,288.0382,72.35,52.92,85.03,256.32,221.7565,75.5526,150.49,112.9678,98.39,581.3785,67.61,71.644,209.9221,65.7144,,17.7993
2023-09-15,457.2738,327.6,295.54,100.1473,275.8,37.0191,462.4198,332.09,29.0539,32.743,251.842,84.3609,141.9839,49.16,415.4964,8.739,97.3656,118.6035,348.9,817.9128,120.537,73.2,139.1671,64.6552,1168.7,62.55,124.7969,243.2127,431.0476,174.6187,211.71,511.9817,270.2912,252.7911,114.59,52.963,169.68,376.23,195.6744,150.7848,74.41,207.88,450.69,96.35,223.8678,391.364,72.6317,174.9817,112.6768,285.8608,71.81,52.9,85.59,254.79,223.305,75.3775,146.15,113.9806,98.33,565.7043,67.81,70.0789,208.7777,66.1425,,17.5745
2023-09-18,460.4307,329.0,298.17,100.4267,273.39,36.6876,461.8117,325.32,28.6872,32.743,251.2819,84.7647,142.6284,47.19,422.5775,8.7838,96.6574,119.3074,352.0,819.0154,120.1264,72.94,140.8321,64.5001,1134.97,59.51,126.0732,245.4795,431.828,175.3435,209.35,504.2354,272.3144,253.5866,104.14,52.5592,170.98,367.72,195.2086,151.7374,74.06,210.57,450.27,95.295,222.4826,391.781,70.186,174.3992,110.7399,286.3002,72.0,53.0,84.365,253.3,222.0102,76.3269,142.41,110.8142,99.77,561.4001,67.86,70.0325,206.6455,65.9932,,17.5025
2023-09-19,460.217,329.44,299.65,99.9983,275.29,36.9055,456.6811,318.0,28.9857,32.5126,249.8864,84.8512,140.3237,47.52,427.3047,8.8464,96.3416,118.8968,358.26,831.1838,119.9163,73.02,140.4204,65.677,1131.99,60.6,126.4492,246.5616,427.9849,176.0388,208.88,505.2385,271.6463,254.9189,106.74,52.6041,167.38,360.37,198.6049,151.4852,73.86,208.53,457.38,94.16,221.2828,389.8052,69.6535,176.6611,110.4022,286.7786,72.02,53.03,84.18,256.67,223.2875,76.1702,140.53,110.4406,101.96,565.0165,67.85,70.1715,205.2761,65.8339,,17.0978
2023-09-20,470.8725,333.51,291.96,99.9517,274.11,36.4413,467.5789,309.5,28.6702,32.4205,249.8078,85.9184,137.8139,48.25,435.0088,8.8374,95.9683,117.6258,352.31,826.078,119.3815,71.95,140.5302,65.1478,1131.11,60.37,127.676,253.2315,434.8615,179.0162,205.42,501.415,274.2135,256.0403,103.53,52.7387,164.74,364.42,199.1192,152.1483,74.47,208.63,455.35,92.63,219.7416,381.5943,69.8902,176.1757,109.6672,282.1505,71.45,54.1,84.155,260.53,222.6139,75.1101,138.35,110.5979,103.33,559.7885,68.08,70.2178,204.1708,64.7287,,17.0168
2023-09-21,479.8961,334.77,284.35,99.4115,268.87,36.1003,476.1394,300.28,28.0136,31.4716,249.0512,85.6588,133.0971,46.55,433.4067,8.6675,94.6764,115.1718,354.28,817.8929,117.9586,70.18,140.3655,65.5858,1094.03,58.81,125.2619,251.3191,439.7384,181.122,199.18,498.1377,277.5633,254.0371,100.23,53.0078,159.93,357.3,199.061,150.9809,73.69,198.15,438.65,89.08,215.2545,371.626,68.9533,171.4675,107.7601,277.7371,70.07,53.97,82.0975,258.93,218.3884,74.8033,133.33,107.9035,102.36,540.6159,69.54,69.7084,199.0064,63.6135,,16.711
2023-09-22,479.8961,334.59,288.2,99.0482,269.0,35.7119,480.852,298.56,27.8771,31.2136,247.9014,85.5242,133.4096,45.34,433.8221,8.6228,93.9299,114.243,349.53,819.3432,117.9204,69.66,139.7343,64.9106,1100.03,58.1,125.6676,249.724,436.1002,182.121,198.75,499.3294,276.2272,254.1904,99.99,52.8463,155.7,353.03,199.0707,149.8975,73.11,199.62,435.69,87.5,218.4442,369.8488,68.3912,171.516,108.7633,278.5475,70.21,53.6,82.2175,257.68,217.2861,74.6267,132.44,109.5555,98.71,541.0188,68.68,69.4676,199.5542,64.0516,,16.4232
2023-09-25,486.7052,341.4,293.25,98.5825,270.96,35.5225,484.8235,298.02,28.1244,31.4808,250.1125,85.7645,135.0502,45.79,441.4965,8.6943,93.2792,114.7318,350.67,829.0779,118.7034,69.46,141.4817,66.2061,1122.43,58.75,126.7064,248.9404,442.8695,183.3648,202.39,502.1797,280.9035,255.6953,98.17,53.0796,154.67,353.18,202.2438,149.6734,73.75,197.57,437.24,86.06,220.1903,372.9168,67.4839,172.5256,110.134,280.598,70.13,53.8,82.8375,255.02,220.4967,74.3478,131.41,110.0767,98.59,542.7385,70.57,69.3009,198.9868,66.1923,,16.0814
2023-09-26,478.8665,334.0,290.74,98.1634,268.04,35.352,480.2344,299.01,27.6298,31.8677,244.1574,85.2454,139.8452,45.63,438.1439,8.6943,92.0925,109.9509,351.69,826.8628,118.9708,70.37,140.8047,65.0749,1104.31,59.28,124.51,250.974,437.1341,181.9447,200.98,498.1377,275.3015,250.1073,98.12,52.5233,159.29,350.25,199.2744,148.5153,74.52,194.44,432.42,88.62,217.7516,372.7182,66.5865,171.7005,108.1971,267.0944,69.9,52.83,80.5175,258.05,216.3062,73.3995,128.91,108.8869,95.68,540.4979,69.99,69.9492,195.6124,65.9235,,15.5148
2023-09-27,479.4202,331.06,291.43,96.8128,272.34,35.3614,478.6002,301.68,27.374,31.4255,242.9782,84.6397,145.1675,45.78,439.479,8.578,91.4226,108.2889,349.65,827.0118,117.844,70.11,140.0911,63.6608,1097.78,59.11,122.8776,250.918,433.8178,181.3472,202.21,494.8604,275.4351,248.0561,99.44,51.9401,161.7,352.47,198.7796,146.7315,73.26,194.94,436.86,92.09,212.5524,372.4998,66.6358,169.5745,108.3163,260.2498,69.24,52.1,78.98,257.52,216.4724,72.7208,133.3,108.6607,95.74,540.2523,69.74,69.9677,192.2085,67.9845,,14.9212
2023-09-28,481.8821,333.32,296.15,97.1481,275.35,35.5604,484.6524,307.51,27.3654,31.5735,246.3095,84.409,146.5347,45.71,437.1648,8.7748,93.9012,110.1897,352.5,829.0084,117.7962,69.96,139.286,63.8889,1118.24,58.61,125.4499,252.6345,436.2758,179.0946,197.7,499.5579,277.0671,251.8326,100.27,52.1644,163.86,356.12,197.2367,146.5167,74.25,195.31,436.98,95.46,216.7372,376.3719,67.0796,168.924,109.5082,267.711,70.05,53.37,79.8425,257.83,216.2537,73.1578,132.35,110.1357,96.3,535.0341,69.26,69.8473,193.9789,69.478,,15.3619
2023-09-29,473.426,327.89,292.29,95.8907,274.21,35.7498,479.0373,305.32,28.2864,31.6013,241.7204,83.4669,144.4058,45.53,430.0541,8.8195,92.6858,109.9545,347.74,817.4757,116.3733,69.28,136.3676,63.6973,1108.07,57.77,124.3913,250.7128,424.7076,176.2641,196.75,502.6862,273.0111,247.7973,103.29,52.0747,159.49,358.45,195.0922,145.4613,74.25,195.98,437.27,93.3,214.0351,372.5295,67.1289,168.8949,109.9552,267.5739,69.4,52.8,79.5025,257.01,217.0498,72.851,137.28,109.9587,94.53,527.8407,68.88,69.4028,192.1107,67.7455,,15.6138
2023-10-02,478.5055,332.46,294.98,95.5181,270.52,35.3804,488.8994,299.76,28.9431,31.2497,242.9291,83.5249,142.3355,44.58,432.5957,8.9895,91.614,109.1707,347.83,812.5786,115.4661,69.18,135.6266,63.5787,1087.33,58.06,124.9058,248.4273,429.3602,175.3924,193.88,492.3776,274.414,247.0593,103.31,51.9042,165.04,351.55,193.6463,144.901,73.3,193.39,430.95,94.55,210.2113,367.9326,66.2216,167.6815,107.0846,268.132,68.87,52.81,77.975,252.86,211.2988,72.3024,136.44,109.2788,95.1,528.9806,69.3,68.6249,191.6119,67.5464,,15.0111
2023-10-03,475.2943,322.1,288.04,94.7916,265.01,34.8404,484.0539,290.61,28.909,30.926,239.755,83.96,141.2026,43.95,433.6539,8.6317,91.6714,108.0929,345.15,802.9234,115.5807,69.6,134.8764,63.1773,1075.92,58.56,123.491,243.4832,422.8446,176.5579,190.73,496.1713,271.4268,248.152,103.08,51.339,156.8,350.46,194.5293,145.0784,73.03,191.68,425.21,90.94,212.9231,366.1951,65.5806,165.3516,106.5085,260.3281,69.3,51.54,78.2275,251.31,213.2364,71.1589,133.92,108.6482,93.72,516.1072,68.24,67.8562,189.3231,66.6901,,14.6514
2023-10-04,472.7059,328.0,290.28,95.1642,267.76,35.0109,485.1465,291.7,28.4058,30.8057,239.1457,85.9712,144.5425,43.19,437.1549,8.6764,91.5374,107.4756,352.97,809.5589,117.0609,71.27,135.1143,62.9309,1091.9,58.16,122.7787,247.6157,427.1753,178.8987,196.43,498.9918,272.0663,248.9379,104.26,50.8994,152.07,355.2,195.2959,145.2465,74.16,190.9,433.21,87.7,217.0981,371.1098,65.8764,165.9923,106.7171,260.6513,69.17,51.55,78.7175,257.16,213.6022,70.9079,138.32,110.0375,93.14,522.2688,68.98,69.2176,191.2109,67.5862,,14.6784
2023-10-05,475.8198,329.09,290.09,96.4961,265.99,35.0678,490.4766,280.175,28.5423,29.7696,241.1799,86.8512,142.1108,42.86,440.8833,8.6675,92.0638,107.0935,355.14,825.5814,118.1367,72.2,134.8947,63.6334,1078.25,58.81,124.1934,247.2799,432.9497,181.2297,197.82,494.5923,272.3239,250.2127,102.97,51.135,146.08,355.22,194.8399,146.7595,73.66,191.15,430.52,84.0,217.0005,370.0673,66.7738,166.9728,105.8828,259.2902,69.39,51.68,77.8775,259.77,214.393,70.7963,139.43,108.7368,91.25,532.1155,69.02,69.1805,192.0423,67.3075,,14.5884
2023-10-06,484.7624,333.13,295.68,96.7569,267.4,34.6889,498.6286,284.64,28.2523,30.0471,241.1307,86.9575,143.1558,43.87,440.3789,8.6407,92.7145,108.671,360.62,830.995,119.3662,73.7,135.6175,63.7703,1081.73,57.33,125.0443,249.5094,438.8898,180.0642,198.64,495.1186,275.0725,251.5259,103.88,51.3525,145.51,356.76,195.4221,147.2265,74.36,193.46,445.98,83.22,218.7271,374.8628,67.2867,170.4482,106.8165,260.3086,69.84,52.12,78.365,263.25,214.7489,70.7684,140.02,109.0226,89.59,555.4449,70.21,69.2176,192.3944,68.1637,,14.9122
2023-10-09,488.0417,338.4,294.49,97.3344,266.99,34.5657,500.2438,283.94,28.312,29.5661,244.6389,87.7311,143.1069,44.3,446.7974,8.6407,92.5997,108.4554,355.2,826.2767,119.9041,72.9,136.4134,65.0019,1088.26,56.68,128.8038,253.3061,441.8648,182.356,199.54,492.7153,276.4467,254.7655,101.84,51.3072,144.62,358.92,196.4119,148.067,74.01,193.07,442.25,83.09,220.2683,380.1745,67.0007,169.4968,107.3727,261.2387,70.25,52.4,77.7025,264.21,215.8759,69.848,137.79,109.6532,88.5,561.8718,70.86,69.5139,190.6827,67.5066,,15.254
2023-10-10,486.9324,340.11,297.83,96.5054,268.8,35.352,498.087,286.51,28.2864,29.9731,248.6876,88.582,146.8863,44.11,449.4973,8.6049,93.3653,109.9252,360.57,829.3958,118.8859,72.91,136.2121,65.4398,1097.02,57.24,130.3175,253.0356,443.9326,184.0994,201.51,492.7351,278.4413,256.1362,104.43,51.1078,146.13,365.04,196.5768,147.8989,74.2,195.63,450.7,85.21,221.9364,384.5133,68.4503,170.4967,109.3294,268.7195,70.77,53.8,79.03,264.14,216.212,70.8242,138.79,111.6339,91.28,569.2912,71.17,70.3567,194.8788,67.8949,,15.5508
2023-10-11,480.1403,340.48,281.79,96.3657,266.2,31.0135,497.9825,277.52,28.2353,29.418,239.8434,88.6497,140.8511,46.57,451.6235,8.6675,88.6568,103.2232,365.25,830.4984,117.8869,71.14,136.6238,65.4398,1107.08,56.96,125.6676,264.5563,442.411,184.1581,204.56,489.2394,281.0085,250.4524,102.76,51.3435,133.45,357.0,193.9665,145.8629,73.44,197.08,445.88,78.97,219.4782,389.4081,68.332,171.7781,108.2468,254.6294,69.41,50.91,77.6875,266.52,214.2225,67.7655,137.92,111.7225,75.89,594.8121,70.98,71.2735,188.0222,67.4867,,15.4878
2023-10-12,486.3583,339.73,266.12,96.4868,251.0,30.0378,499.3222,268.0,28.0732,28.3079,230.901,88.8431,133.1068,46.32,454.1553,8.4618,86.79,100.6463,368.0,832.9022,115.8602,69.92,137.0304,64.7008,1041.81,56.57,122.4917,265.8996,442.372,183.7076,197.61,479.2387,282.2969,246.398,100.78,50.99,127.77,346.69,192.0064,146.003,72.56,189.03,428.31,75.49,214.2985,382.2099,67.2571,169.2153,104.8399,248.5587,67.9,48.64,77.6875,260.99,207.3533,66.278,130.4,107.3474,73.79,599.9418,70.96,71.0883,183.249,66.2222,,14.9662
2023-10-13,492.3525,348.91,273.15,96.878,252.61,30.1609,512.4907,265.99,27.3825,28.5207,233.3086,90.1388,136.9643,46.4,457.4585,8.3455,87.4443,102.1944,371.0,834.0346,117.666,70.78,136.7162,65.2664,1033.64,57.61,122.7094,265.0227,442.9377,185.0886,199.36,479.5267,291.1628,247.9603,98.3,51.1803,132.38,344.73,195.587,146.4887,73.35,191.02,426.18,76.19,216.864,382.3092,66.8527,169.2832,105.1378,252.5047,68.98,49.52,81.385,262.26,207.2939,66.9009,129.11,108.8945,73.2,598.6643,71.07,71.9126,185.4302,66.8295,,15.5778
2023-10-16,510.1016,355.73,274.16,96.9991,255.17,30.2936,511.1891,272.36,28.3717,29.0388,235.274,89.5973,137.9311,46.52,450.2687,8.4707,88.7049,102.9293,374.0,838.0378,117.9638,71.27,136.0417,65.2208,1056.97,57.63,124.7574,267.616,451.2384,183.0122,198.98,485.1775,297.8814,248.9667,91.94,51.8147,135.91,351.08,195.3736,147.1237,71.8,192.74,429.55,78.95,218.5418,383.0538,67.6318,170.0599,105.8431,258.5852,69.22,50.1,82.9,267.94,208.3035,66.7057,131.38,109.87,74.57,605.9756,71.12,73.348,186.9854,66.5906,,15.164
2023-10-17,505.8784,359.97,275.37,97.027,256.62,30.1609,509.8779,276.76,27.9283,29.7141,239.7452,89.9647,138.5171,45.71,450.2291,8.4349,88.6665,104.4382,373.5,831.2732,118.4249,70.33,137.8435,65.6952,1045.23,57.19,125.9743,265.3212,454.2328,183.5901,199.0,481.4335,296.4213,248.5354,86.33,51.996,141.38,341.05,196.9359,145.7789,71.35,191.95,436.09,80.49,217.5663,383.8183,67.4149,169.1667,104.9292,263.2069,69.0,50.46,82.5075,267.43,209.7783,67.6911,131.87,110.7569,76.38,597.7897,72.12,74.5334,189.822,66.5109,,14.7863
2023-10-18,507.6494,360.12,275.52,94.9965,248.51,30.3693,509.3174,272.4,26.7856,29.9176,238.3104,90.6996,139.0932,45.01,450.6939,8.3813,91.9575,104.0463,367.55,820.5253,117.9446,69.71,137.9359,64.8559,1010.0,56.82,126.6668,264.5376,457.7638,185.6468,188.95,464.044,297.7001,248.6312,86.01,51.5247,144.87,314.0,195.7714,142.6408,70.67,185.16,425.32,84.12,216.4933,372.3707,65.3932,164.5847,100.8966,264.5483,67.91,50.71,81.7125,263.5,202.7111,67.5889,124.45,107.0223,78.74,596.7382,72.98,73.7833,187.6212,64.9477,,14.6514
2023-10-19,508.6517,349.62,273.45,93.5435,252.33,30.8903,505.1084,270.29,26.598,29.1405,239.8238,89.723,138.9565,43.14,448.2709,8.3276,91.842,102.6941,364.8,803.2512,117.983,69.08,134.4616,64.9755,1014.12,55.64,126.3008,261.7577,451.8821,185.9798,186.75,466.4374,296.0109,246.7909,82.37,51.1894,145.24,315.99,193.5202,142.2579,68.75,187.4,425.68,86.04,211.577,366.6915,62.622,163.1285,100.817,262.825,67.82,50.55,80.95,257.3,205.1856,67.2635,119.98,107.9091,81.62,580.5825,71.94,72.6442,181.9482,65.1967,,14.5165
2023-10-20,507.124,348.89,266.91,95.6299,253.64,30.9661,500.7378,269.88,26.1375,29.4643,236.9543,89.3266,140.8218,42.16,447.816,8.3186,93.1315,102.4492,361.86,803.0823,118.8475,69.48,135.1177,63.54,1020.23,55.13,123.3525,260.0879,442.6159,184.8633,184.36,461.1639,292.7757,247.9028,80.4,51.1713,144.73,310.79,193.9374,142.893,68.31,185.41,427.0,85.97,211.7233,361.0621,63.1842,162.2063,101.0556,260.1519,67.81,50.05,81.1175,257.45,203.7306,67.5889,119.64,107.6332,77.52,574.529,71.89,72.0515,183.4545,63.8022,,14.3006
2023-10-23,501.6066,344.64,272.59,96.2632,255.66,31.1177,495.5502,265.72,26.2995,29.9176,236.7676,88.9494,143.1948,42.22,445.037,7.9787,92.1692,103.0371,367.66,790.2385,116.6575,69.05,133.7317,63.4848,1008.77,55.1,123.6493,254.724,440.6553,184.9319,183.71,458.6315,287.3072,245.3053,78.64,50.7543,147.0,301.9,192.0646,141.3893,67.41,181.25,427.72,86.02,209.4993,367.9028,62.5333,161.6336,101.6619,258.0761,67.56,50.13,80.6,253.39,201.9688,67.3007,119.47,107.7416,78.87,566.6772,70.86,71.8292,183.5718,63.7424,,13.9229
2023-10-24,502.4531,333.77,277.39,95.9652,249.18,30.8524,498.8091,265.46,25.9498,30.2044,226.135,90.3322,138.937,42.48,447.0644,8.1487,91.2358,102.7235,369.38,798.9202,118.7034,70.49,135.1916,63.4664,991.81,54.95,123.2041,257.5786,441.4551,185.118,186.69,455.1059,290.7334,248.4491,79.76,50.8631,141.0,303.71,192.7633,141.2399,67.3,183.65,430.77,86.35,211.8794,367.0788,62.7503,162.2354,101.2643,259.535,67.87,50.96,80.3775,252.11,194.8323,66.9009,116.1,104.0957,81.11,582.1843,69.69,72.3756,185.4205,64.4198,,14.1747
2023-10-25,508.7004,336.45,266.61,96.524,242.3,30.4641,503.7592,253.69,26.2057,29.4273,221.4574,90.4385,137.2084,39.43,448.0039,8.0235,90.0425,101.5478,363.04,791.7285,120.5188,68.34,134.2214,63.0615,975.26,54.25,120.9088,253.8845,438.9971,185.2257,181.22,430.1985,290.0176,244.9602,76.76,51.3072,139.64,290.07,191.8317,141.5574,67.77,172.69,412.68,84.35,207.7727,355.4425,60.4327,158.8863,99.0876,253.6601,66.62,49.99,78.805,246.72,190.6851,66.3803,113.93,101.8884,78.6,576.3176,68.71,72.5979,181.3124,64.2604,,14.0758
2023-10-26,499.5533,331.39,259.51,98.3124,244.45,30.7388,502.0015,190.56,26.5724,28.3819,217.9689,89.4909,135.4799,39.27,446.6589,8.0414,90.4371,101.0383,361.28,786.732,126.0803,62.78,134.1659,62.5554,982.29,54.27,122.9073,251.599,438.724,184.7164,184.42,437.1305,290.3325,243.6279,75.98,48.0082,135.14,291.53,199.8178,139.1572,66.51,175.07,397.43,81.09,204.261,324.9817,60.6596,153.4499,98.352,253.1901,65.79,49.78,76.965,241.08,191.7045,65.4227,111.63,102.7851,77.49,558.2751,68.11,72.6997,176.9891,63.6627,,13.77
2023-10-27,496.4589,336.1,258.98,95.7696,244.76,30.4641,498.4861,190.94,25.677,28.3079,221.3886,88.3693,131.4955,39.32,443.0887,7.8446,89.3497,101.1068,355.28,770.0141,122.6416,61.71,128.3724,61.0003,976.25,52.54,122.0268,244.0056,430.599,183.7762,179.94,428.4407,289.3973,241.155,71.91,46.2408,133.43,270.68,193.0641,135.9818,66.41,172.59,391.37,89.29,204.2513,318.6274,58.7168,151.4696,97.2786,256.4507,65.11,49.52,76.72,234.52,185.9637,64.5488,109.22,101.2676,76.77,550.5412,67.48,70.9587,175.4633,62.8558,,13.4552
2023-10-30,504.0295,327.98,258.49,95.6392,236.7,30.3504,503.5502,186.74,26.0522,27.7436,219.4724,88.0308,134.2299,39.92,444.4733,7.9072,89.494,101.3224,357.45,772.4876,124.3033,62.36,131.1075,62.583,962.37,52.16,122.5115,245.5168,436.9976,181.5921,177.16,431.1221,291.2869,240.6662,74.07,46.4493,130.76,269.37,192.2878,137.3174,66.15,164.52,396.39,84.91,203.9684,317.575,55.8569,152.4112,81.584,257.1067,65.31,50.05,77.385,237.21,183.2121,65.0508,107.87,99.691,76.64,555.9264,67.96,72.0237,175.4633,62.9256,,13.4282
2023-10-31,509.5956,332.95,262.22,95.6578,238.53,30.7198,508.8423,184.59,26.0607,28.1322,222.2239,87.9922,137.9116,34.39,450.3379,7.9608,90.9856,102.3022,362.11,774.6928,124.9661,63.72,130.4514,63.5032,985.2,53.93,124.5496,238.5298,439.0166,181.3374,180.83,441.7088,295.0852,242.2861,75.96,46.7031,132.57,275.28,193.8113,138.5408,64.98,168.36,399.47,88.83,204.8268,316.0162,53.8747,152.781,82.3493,264.5875,66.17,51.19,77.9375,237.54,190.0615,65.5993,109.42,101.8589,77.23,544.3502,68.98,72.7368,180.706,66.3124,,13.3023
2023-11-01,476.1895,336.83,270.46,95.7975,240.84,31.0608,505.0799,183.21,26.0181,28.53,221.4574,90.4869,143.732,32.18,454.5212,7.9787,91.4283,102.9489,369.33,785.9969,127.3002,63.83,131.6434,63.2456,969.48,54.37,124.0549,243.3246,435.671,183.3746,180.01,438.074,295.2856,243.2445,76.2,46.4765,137.72,277.5,197.9062,138.8677,64.07,167.52,395.35,94.13,207.7239,319.382,52.0996,147.3704,82.0412,266.3793,66.69,51.66,79.23,239.62,188.0621,65.8689,106.66,101.3563,77.44,544.871,69.32,74.2649,183.4055,68.0158,,13.1764
2023-11-02,468.4438,337.56,277.89,95.7975,245.41,32.4438,509.3839,192.32,26.0095,26.4022,223.9731,90.6803,146.5835,32.89,442.6635,7.9877,92.3424,107.9753,376.55,813.3335,126.1476,65.53,132.3734,64.0829,991.21,53.97,124.7673,248.6885,440.4017,188.2227,190.46,444.4895,304.3329,245.2957,71.23,46.3405,140.44,281.19,199.0804,140.3153,61.89,174.71,419.44,93.67,207.6264,325.4185,54.6439,156.5859,83.4427,272.4305,66.61,52.52,81.84,241.86,191.0117,67.0218,112.26,102.9428,77.81,570.2543,68.93,75.228,204.611,68.982,,11.7913
2023-11-03,464.1719,337.43,278.52,96.2912,260.49,32.1691,504.4148,197.44,26.6576,27.0221,226.8425,96.8977,149.2301,35.27,447.7666,8.2918,92.227,106.5546,376.2,811.4561,128.6258,67.07,130.6732,64.6443,1032.06,54.85,126.8845,251.7389,438.7923,191.1511,197.2,451.6102,296.469,248.1616,77.53,47.8722,162.58,287.88,203.9904,141.3426,62.4,181.91,429.3,97.46,211.8989,332.6068,57.9081,157.8705,87.6272,270.4624,68.67,52.53,83.66,249.5,195.8518,67.4587,116.92,107.4263,79.45,557.9901,69.32,75.5614,206.4107,71.2931,,11.9621
2023-11-06,474.1947,348.53,277.26,97.1854,252.15,32.6712,506.8471,197.77,26.5894,26.4207,226.9998,98.2998,150.275,34.28,454.9366,8.2381,91.4186,107.0935,385.76,826.8628,128.6066,67.1,130.4699,65.408,1033.7,54.57,128.2894,254.5095,443.3377,192.8259,198.4,451.8882,292.8329,248.3437,72.07,47.845,158.92,288.86,203.3306,141.6789,62.63,181.37,423.02,94.84,212.1623,330.6509,57.8786,158.7852,85.0231,271.0695,68.8,52.81,83.6275,248.63,193.5258,68.2583,112.84,105.9581,78.97,584.8966,71.84,75.1447,208.3669,70.8149,,11.2966
2023-11-07,484.7722,349.46,278.69,96.8687,260.67,32.406,510.9991,197.52,26.6491,26.2727,229.0732,99.5955,146.7398,34.82,452.9883,8.1666,91.2262,103.7915,378.25,825.2536,127.6364,66.53,131.357,64.6443,1042.28,54.72,128.7445,252.905,445.9907,192.0326,200.08,456.0792,281.562,245.4778,73.66,47.3919,161.87,302.82,201.5292,140.9317,62.96,182.81,422.47,95.19,212.8743,328.2368,58.7957,162.668,84.864,269.2678,68.37,52.17,83.4375,245.61,196.2279,67.3843,114.5,108.9241,80.09,589.5546,71.75,74.6538,200.3269,70.4264,,11.1617
2023-11-08,475.1191,349.39,277.93,97.2412,255.82,32.2544,509.9539,193.62,26.2824,25.6067,227.5402,98.8897,145.7601,34.09,455.5893,8.2471,91.1684,102.7431,376.96,817.3069,128.2031,66.24,131.2368,63.264,1038.28,54.06,128.2399,254.9106,442.0404,192.7378,199.76,451.1831,281.8674,245.2957,71.34,47.5097,154.97,305.14,200.4289,140.418,63.43,175.97,427.73,92.76,201.2566,343.0392,57.8588,166.2783,84.6951,269.0524,68.27,52.11,83.1675,231.69,194.8125,66.6685,110.7,107.7909,84.81,608.4226,70.31,72.1441,196.0916,69.7192,,11.0358
2023-11-09,481.8529,352.37,272.4,95.3598,253.08,31.0987,512.1107,187.34,25.6515,25.2089,223.6193,99.4118,140.5089,33.67,456.7662,8.104,90.0233,102.0181,368.57,794.927,126.4454,64.65,127.55,61.4144,1024.55,52.52,126.8944,246.3284,441.9136,192.7671,191.91,441.2122,275.7214,222.5988,69.51,45.688,152.88,306.78,198.9099,137.6816,62.16,169.47,418.75,92.4,195.8038,333.8399,56.1504,166.0447,83.6514,265.1945,67.2,51.43,81.42,224.65,193.5258,65.1624,106.98,106.165,84.31,581.0935,71.46,69.4398,194.5462,68.0457,,10.2713
2023-11-10,479.8386,358.08,277.49,94.4376,255.92,31.0893,514.2104,192.13,25.4787,26.2635,228.7882,100.6785,140.6852,33.55,464.1142,8.2292,90.4275,103.2918,373.65,793.6158,127.5788,64.21,128.0583,62.2793,1044.11,52.44,128.8434,249.3602,446.9759,194.0044,195.98,445.3436,279.8251,224.9087,70.05,45.8692,155.1,304.04,199.3968,137.5228,64.07,171.99,428.73,94.05,194.4284,339.4131,56.7726,164.7699,83.9794,267.9166,72.13,51.56,82.32,224.79,194.9907,65.7109,98.37,106.8843,82.99,587.373,71.87,70.3104,195.6711,69.251,,10.2528
2023-11-13,483.7699,361.13,282.48,95.4436,250.98,31.9323,515.5026,191.22,25.0465,25.8194,226.0073,101.4714,140.019,33.1,465.4494,8.0056,92.1789,103.6837,378.92,791.3907,127.1273,64.6,128.1045,62.3898,1019.24,53.12,128.1113,248.7818,450.0386,195.2809,193.67,442.0862,280.6936,226.0685,70.21,45.4523,163.71,303.75,199.0365,137.8777,67.5,170.03,432.39,98.35,197.267,335.9162,56.3874,164.2931,83.5123,275.9653,71.4,53.71,82.6425,222.59,193.9811,67.0125,92.79,105.8891,88.38,602.1136,72.14,69.3935,199.3977,69.7391,,10.1698
2023-11-14,488.4407,362.87,291.62,95.1642,258.67,32.5386,513.4979,202.72,25.2885,26.7723,233.4658,99.4988,144.3199,35.53,448.8149,8.2471,93.4202,105.8883,369.95,788.4107,128.5009,65.79,127.5685,63.0339,1048.19,54.57,131.1981,251.8882,450.3898,190.8621,200.48,456.099,276.838,223.6531,74.1,45.7877,172.95,307.48,202.5711,137.9057,68.9,178.37,454.25,101.38,200.6128,345.205,59.6067,168.0104,87.3191,277.1304,71.94,54.02,85.7375,225.26,201.4442,67.4866,97.49,109.9784,92.12,601.3654,73.23,69.199,205.6484,71.9306,,10.5663
2023-11-15,493.1504,364.45,293.22,94.4004,266.94,33.4479,511.5501,205.06,26.0923,27.1238,236.8954,98.4352,149.0617,39.56,441.4569,8.3723,94.3055,108.2693,349.34,787.0995,130.105,67.01,127.1435,63.6136,1057.02,54.98,131.485,254.6961,445.4835,189.7329,205.83,467.3014,270.0621,224.0557,76.35,46.7393,173.49,306.89,204.4017,138.9704,67.59,187.57,460.56,102.11,198.5351,343.7148,60.1301,169.9275,88.6113,277.7277,72.01,53.85,85.3775,229.63,206.0369,68.8161,100.17,111.9393,94.47,579.4302,73.23,69.4954,207.3042,71.2433,,10.6585
2023-11-16,499.1057,365.35,303.95,94.9965,266.2,33.5806,512.8898,203.12,25.7293,27.3828,236.2566,99.8856,145.8777,39.74,445.8084,8.2024,96.4803,109.2981,343.0,791.2318,129.6055,67.47,127.7718,62.8039,1049.73,53.99,133.0185,252.9097,452.204,193.3563,204.79,469.2181,269.3559,225.3113,76.55,46.0777,174.76,304.5,205.1904,140.1846,68.76,189.56,466.64,104.77,198.4278,341.9762,60.14,171.7959,87.667,285.4729,72.63,54.67,85.1425,229.46,206.9772,69.6156,95.2,112.5207,94.73,579.637,73.21,69.0138,209.3127,71.6417,,10.0961
2023-11-17,484.6846,353.31,305.28,94.773,261.88,33.59,509.5359,206.64,25.8589,27.4661,242.1134,99.9726,145.9168,39.87,445.2348,8.4528,95.7971,109.4157,350.5,797.0826,129.5671,66.9,127.7903,63.3192,1049.05,54.27,134.5124,249.5156,451.5603,191.4808,204.79,463.2098,269.6613,223.586,76.44,46.0777,174.06,299.36,206.1543,139.895,68.75,189.04,463.69,104.97,195.3161,340.5059,60.2881,170.1027,87.4384,282.3689,71.87,54.34,84.28,228.0,205.6607,69.5041,94.32,111.4959,96.16,582.5512,72.61,69.8751,208.4799,72.7175,,10.428
2023-11-20,488.285,356.25,311.34,95.6392,260.93,33.7416,508.4053,215.24,25.9108,27.6974,244.1083,101.7808,148.1408,39.93,447.9742,8.4707,97.3849,110.2289,356.84,796.2978,129.5287,67.19,127.7995,62.8131,1050.2,54.71,134.4926,249.478,453.9207,192.4038,205.29,465.8018,271.3219,223.9694,78.96,44.3194,181.26,304.52,205.5506,141.1283,68.61,190.53,472.93,108.96,195.4041,346.7448,62.7964,171.3288,87.5875,283.26,71.9,54.46,84.5025,230.11,208.8776,69.8759,97.61,112.3138,97.53,588.35,72.76,70.3845,210.3806,73.0462,,10.3174
2023-11-21,493.4229,360.17,311.82,95.2014,274.65,33.8174,512.6713,215.3,26.1874,28.6687,244.2557,102.0322,149.4242,39.84,449.2995,8.3902,98.0681,110.6208,354.78,793.5065,129.0196,66.96,128.1876,62.6474,1085.51,53.23,134.5915,247.0994,459.022,195.2417,207.45,479.0698,273.4119,226.356,77.14,43.9388,181.32,306.18,206.7872,142.2674,68.92,192.25,477.71,108.96,196.7635,350.1821,62.7273,173.9271,88.3826,287.5389,71.91,55.32,84.3475,229.57,215.6379,73.0927,95.97,122.1085,97.55,583.4274,73.7,69.1713,212.1833,73.0961,,10.1698
2023-11-22,501.7233,364.87,315.8,94.7078,276.33,33.9784,516.6332,217.29,26.2046,29.011,248.6286,102.3803,149.5124,39.6,452.4048,8.4899,98.8284,111.532,353.23,794.4005,130.3932,67.06,127.9474,63.6228,1078.58,53.4,136.9066,248.7635,468.1615,196.0763,209.52,484.1745,275.1488,226.9694,78.17,44.7907,186.31,309.88,206.0375,141.985,69.4,194.95,478.33,110.8,198.1034,348.8708,62.7866,174.5304,88.9393,287.9207,72.18,55.43,84.76,231.25,219.0428,72.8603,97.76,122.1774,99.48,585.8788,74.21,70.1066,213.7999,73.3152,,10.3635
2023-11-24,504.3117,367.62,318.01,94.8847,280.39,34.1205,519.8066,219.48,26.3602,28.974,247.813,102.7574,150.7566,39.99,456.2816,8.5442,98.9919,111.1401,353.04,792.9801,130.1915,67.9,128.1322,63.8805,1093.51,53.74,137.243,249.5815,466.952,197.6671,212.01,487.4021,274.7098,228.9727,78.52,45.0989,187.95,311.19,207.128,143.5666,69.67,196.91,478.18,112.95,198.7195,350.9471,63.2112,175.3673,89.5456,287.5193,71.74,55.63,84.835,231.95,219.1517,73.4181,98.34,124.769,99.26,591.7958,74.36,69.8103,215.4949,73.4248,,10.4741
2023-11-27,496.9649,366.3,314.98,94.4749,277.0,34.4994,516.4717,216.75,26.0491,29.122,247.017,103.1249,149.4732,39.11,456.7959,8.4627,98.838,111.5418,350.19,792.7615,129.9705,67.16,128.5203,63.2548,1079.84,52.87,135.7689,248.4626,465.6645,198.1384,210.73,486.7566,273.1924,228.9439,77.72,44.4282,187.74,307.14,207.167,142.418,67.98,194.7,479.63,113.98,196.9689,351.5829,61.483,173.9855,87.7167,287.8326,71.53,55.69,83.765,228.79,217.7561,73.446,94.65,123.1825,99.39,582.3739,74.11,69.3843,214.4171,70.8647,,10.5386
2023-11-28,496.7119,361.23,310.95,93.3106,275.95,34.4236,513.5644,214.14,25.6602,29.122,242.3788,102.6511,152.52,39.46,456.5091,8.2815,98.2125,110.807,347.04,795.8011,130.3643,67.1,127.587,63.7885,1082.16,52.7,134.6311,249.6379,463.7917,197.6671,211.0,482.5755,273.0206,227.4295,78.18,44.3375,185.72,304.4,206.7483,142.7475,67.41,195.22,470.8,112.2,193.4775,350.1126,60.8905,172.2144,87.2197,285.9526,69.87,54.93,83.585,227.41,216.5287,73.102,96.54,122.8869,99.67,582.4429,72.96,69.0046,215.3773,67.8664,,10.4188
2023-11-29,469.4266,350.82,310.76,94.1955,279.74,34.4805,508.2912,216.48,25.9972,28.9833,244.7667,101.8195,155.6257,39.57,451.6631,8.2724,99.7233,111.6202,351.0,803.2015,129.9321,67.43,127.9751,61.5616,1092.43,53.39,134.3046,250.6533,453.911,195.9192,213.81,489.5274,250.8701,225.9055,79.01,44.1563,188.92,304.49,208.462,143.1994,66.66,197.1,466.74,116.18,193.096,346.6355,62.3323,171.0661,88.8697,288.2341,70.6,55.44,82.8975,232.06,220.2504,73.3158,101.57,125.7248,99.61,582.6988,70.48,69.6714,216.7685,67.448,,10.5202
2023-11-30,471.8107,365.56,310.84,95.4529,280.61,34.4518,525.3838,213.8,26.3343,29.3718,246.1424,103.5407,154.5284,38.85,466.0029,8.3177,100.3584,113.962,354.81,818.3201,131.8148,67.71,131.5695,62.5278,1091.93,54.34,136.2169,253.5114,467.6933,199.6997,214.1,492.3478,250.8797,226.3752,77.7,44.7545,189.09,304.92,211.2079,145.6,66.73,197.08,465.82,115.52,196.519,348.4635,62.115,171.9224,88.3628,290.1532,71.3,55.89,84.23,234.08,221.0323,73.697,101.95,125.9317,101.46,581.8915,73.68,70.9401,221.1186,68.1951,,10.4372
2023-12-01,481.8821,362.76,315.2,96.3657,288.85,34.9006,521.6371,220.45,24.986,30.1119,247.9899,103.618,156.3997,40.15,460.1501,8.4899,100.9262,115.5885,351.16,809.4297,130.7966,68.36,132.512,63.0155,1104.47,54.02,136.4349,256.1534,471.234,200.4067,216.91,492.7153,256.7394,228.3593,79.83,45.407,192.19,307.0,213.2138,149.1021,69.54,201.68,482.6,116.62,199.0325,349.4867,63.7642,174.3163,90.7284,291.5828,71.15,56.14,85.27,234.64,221.2006,74.3664,109.79,126.9073,104.31,574.9999,74.88,71.9126,223.0585,69.1414,,10.6032
2023-12-04,478.739,365.56,311.84,97.856,288.79,35.2253,522.7048,219.6,25.3058,30.2784,252.6871,103.9081,158.2513,39.97,454.8519,8.7707,101.2245,114.5303,350.63,817.8333,132.0645,69.18,133.1957,63.0155,1102.84,54.96,138.4759,256.238,471.2145,200.0827,216.27,491.9307,250.9083,227.7075,79.87,45.2982,193.99,308.93,216.1641,149.5728,69.31,200.61,516.61,118.24,194.8858,348.5827,64.4851,177.226,91.2055,284.8854,70.58,54.77,84.58,232.85,219.8644,74.1525,114.34,126.996,106.59,576.6145,74.03,72.5516,224.7143,69.1016,,10.9074
2023-12-05,486.8838,367.0,309.52,98.9458,284.95,34.1845,524.5925,215.35,25.1416,29.7696,248.1373,103.5987,157.6831,38.91,456.3275,8.7073,100.4162,113.4819,354.15,815.4295,129.5671,68.85,133.5838,65.3528,1081.88,54.82,134.8595,254.6679,471.6352,200.0532,214.31,488.2165,247.1688,223.9023,78.28,45.5248,191.14,305.78,211.315,149.2622,69.88,198.34,518.95,117.2,194.1816,341.2212,63.5766,174.8223,88.81,284.4545,69.26,54.88,83.8225,229.57,217.2018,73.2786,111.76,126.0106,104.61,579.0463,75.01,73.1813,222.9507,67.6671,,10.2252
2023-12-06,470.7792,362.81,310.26,98.3869,289.52,34.3086,523.8965,216.87,24.8823,29.7973,248.0194,102.3707,160.6712,37.95,453.1585,8.7798,100.9839,113.7856,353.46,830.1805,129.5959,69.49,135.2563,67.6349,1093.23,55.42,133.9776,253.2388,467.9662,197.0485,215.59,490.4112,246.8908,223.7585,80.6,45.2076,189.3,310.73,212.1427,147.4452,70.62,200.68,521.56,117.94,194.9053,340.6847,65.2159,177.1092,90.0923,281.8696,69.11,54.82,85.6425,233.87,218.5083,73.4832,113.99,127.0255,104.16,580.1292,74.4,73.4962,224.8024,67.7867,,10.133
2023-12-07,467.3734,363.43,311.56,96.7569,293.38,34.8815,522.6953,216.61,24.744,30.0471,249.5523,102.8638,160.1715,37.45,451.2472,8.8432,100.1275,114.9222,353.95,843.521,129.8841,68.26,136.7254,68.1042,1100.02,55.18,133.1156,255.0815,466.6552,196.5968,214.99,490.6992,247.3223,224.7594,79.95,45.4614,194.54,310.18,211.909,146.2967,71.54,202.77,523.08,118.89,197.5459,338.9561,67.2008,176.9438,91.126,283.3481,69.22,55.03,86.2375,239.12,216.6871,73.9573,117.13,126.7989,105.74,579.1644,74.24,72.283,227.869,67.1292,,10.4464
2023-12-08,468.6579,367.72,310.42,96.6358,292.14,34.5187,524.1253,221.23,24.8737,29.4921,253.0703,103.2989,159.5641,37.18,453.4556,8.9067,100.5701,114.932,350.15,834.5412,130.5469,69.18,137.9359,69.1072,1090.52,54.7,136.1872,253.0225,467.6434,198.109,215.28,486.399,248.1469,223.566,80.32,45.5973,194.66,304.13,210.9061,145.3741,71.91,204.46,531.35,116.97,196.0887,339.9993,67.4575,179.6393,90.47,283.0739,68.37,54.95,83.75,239.29,215.2717,73.7714,112.94,125.3405,107.58,588.793,73.77,73.1813,226.3994,68.2549,,10.1606
2023-12-11,463.7827,366.0,315.43,97.2133,296.37,34.7765,518.3194,218.68,24.7527,29.2978,257.4826,103.4343,160.2205,37.93,457.506,8.9067,102.2157,115.5983,356.29,842.7661,131.5362,70.31,139.747,67.8742,1112.5,57.04,142.1023,255.8619,465.8138,199.1891,216.31,491.5831,289.5398,224.6151,82.0,46.3043,195.18,304.05,210.4679,145.9766,71.41,206.5,536.12,117.9,197.2525,341.8769,68.1389,184.3687,90.1419,286.922,68.68,55.26,84.84,246.11,219.0923,74.1153,117.64,127.0846,106.97,574.9999,74.25,74.1723,226.8697,70.8548,,10.3542
2023-12-12,468.9692,378.48,320.71,97.204,297.79,35.0343,520.2643,217.47,24.7008,29.5291,258.4456,104.3626,164.3254,37.3,457.6644,8.9429,102.6583,115.079,357.73,858.0038,133.9087,72.18,141.595,67.7177,1114.81,61.86,143.5984,257.6012,473.0833,200.2693,217.43,493.9467,284.4963,227.7717,78.04,45.7786,197.29,294.76,211.8311,145.986,72.29,210.73,545.04,119.16,197.1449,345.4931,68.3364,186.3247,88.9194,288.3907,70.0,55.95,85.065,249.04,217.5086,74.45,117.64,126.9073,108.48,575.7087,76.34,74.8483,228.3589,71.7712,,10.6401
2023-12-13,474.9537,382.39,328.96,99.7654,312.13,35.9319,523.4008,231.36,23.0414,30.8334,264.2272,104.4786,168.6067,39.65,456.3374,9.1785,103.2068,115.5199,405.07,870.2815,135.5513,75.22,142.5744,69.2821,1171.0,64.19,147.9382,264.7748,477.5154,200.0434,225.95,514.971,284.947,231.4289,78.6,47.0021,204.83,314.26,215.648,146.6638,74.03,217.98,557.56,122.29,202.3186,357.3251,73.0765,192.1051,98.0837,292.3074,71.03,56.48,88.9025,255.56,224.5461,76.1421,126.67,131.7849,108.8,588.2515,76.67,76.9506,237.7155,73.893,,11.4514
2023-12-14,456.4262,374.8,326.18,99.3339,321.34,37.1923,509.3198,257.02,22.5834,31.777,271.6929,99.2958,169.1358,41.36,437.4026,9.4141,104.5059,116.1372,406.6,870.1623,131.8436,77.76,143.1103,68.5459,1224.7,63.84,150.0784,259.7919,469.5023,197.8635,230.55,518.2803,286.3469,229.5426,85.87,46.6487,206.81,311.99,217.1962,147.6806,75.26,229.26,554.18,123.1,205.8198,355.666,74.1035,194.7131,100.6978,290.9072,71.09,56.18,91.8125,256.54,226.9117,77.5645,131.49,135.9432,107.18,564.7904,75.51,76.4273,251.0204,75.6262,,11.8202
2023-12-15,449.0404,362.98,324.35,98.6115,320.14,36.9536,506.3453,255.01,23.0155,31.8048,266.3152,97.1685,165.6187,41.48,435.214,9.3053,103.2453,116.2939,410.68,853.4146,129.7016,76.9,142.3342,68.4907,1190.61,62.3,147.4626,258.9739,458.3388,196.7146,226.72,514.812,278.542,228.099,86.01,46.123,206.97,306.12,213.7298,146.0707,74.15,230.81,541.07,122.59,207.9616,355.8548,75.0417,191.0152,100.5487,284.102,70.98,55.81,90.8,248.13,224.9124,76.8022,127.1,134.7805,105.69,563.1856,74.22,75.0722,249.4234,74.7197,,12.06
2023-12-18,447.6489,366.24,328.42,99.484,322.28,36.6003,501.9885,261.69,23.3871,31.518,263.1536,97.7777,166.4612,41.89,443.2058,9.1513,103.9863,116.4017,404.65,845.1997,130.4604,74.88,141.7613,68.9048,1185.03,60.62,148.5723,259.0021,459.2292,196.4593,225.97,515.3984,280.0473,228.7823,85.42,46.5309,209.63,307.94,214.1485,146.3343,73.75,228.09,539.98,123.35,210.7978,353.8778,75.0713,191.4336,100.7077,285.3945,71.01,55.51,91.42,250.33,224.1403,77.2205,129.1,135.5195,106.93,570.7861,74.79,74.2965,248.1106,74.7696,,12.0968
2023-12-19,451.1034,359.25,335.72,99.9061,328.97,36.944,499.5955,268.31,24.3378,32.1286,265.1234,97.8067,170.0567,44.64,443.6911,9.4141,104.3327,117.5481,403.14,842.7363,131.0655,75.31,141.9276,70.1747,1201.77,61.9,149.5037,261.7851,455.7167,198.2366,228.86,524.8592,282.2047,231.5732,89.09,47.2287,214.61,315.17,218.1602,147.2946,74.12,235.65,545.7,123.29,214.2306,355.964,76.4538,192.7571,104.0971,285.8939,71.15,55.82,91.35,251.69,226.8029,76.9393,139.53,137.7465,106.43,570.8353,74.53,74.2871,248.6886,75.3971,,12.4657
2023-12-20,439.728,351.61,325.43,98.846,323.25,36.8581,491.8638,262.08,23.8798,31.4718,259.4995,95.8438,170.4388,42.87,441.6411,9.4684,103.3512,117.5775,400.25,836.1803,129.4518,74.12,140.1628,71.0765,1186.95,60.76,146.7195,258.7201,449.3083,196.1843,225.0,516.2033,283.6717,230.8033,86.19,46.1865,207.97,308.31,214.4017,144.2915,73.4,231.62,539.8,116.64,210.2208,347.2018,74.9133,189.3998,103.4212,282.3004,70.32,54.98,90.085,248.16,224.4966,75.5706,136.9,136.16,103.87,561.3839,72.21,73.446,242.5946,75.1481,,12.1153
2023-12-21,441.7228,358.23,333.45,99.8123,328.79,37.1541,495.6296,274.1,24.4675,32.5541,264.6999,97.8937,171.2617,43.9,448.3257,9.6496,104.3905,117.2346,400.63,836.2697,130.6717,74.95,140.9944,72.3464,1209.1,61.69,149.6226,262.6218,454.0633,198.6196,229.33,523.289,285.0045,233.9889,91.16,46.4583,218.97,319.57,216.3102,145.7695,74.99,235.72,552.61,122.8,213.6242,351.4438,76.7501,189.429,105.1209,289.8595,71.07,55.65,92.115,253.86,228.0005,76.8362,140.23,136.9089,104.76,563.1462,73.41,73.7638,246.3372,76.8913,,12.5394
2023-12-22,441.0027,358.38,336.26,101.0413,329.74,36.648,496.0395,271.87,24.5452,32.5819,265.9212,97.9807,167.921,44.08,449.8013,9.6496,104.9197,118.1262,405.25,841.0774,131.3441,75.83,143.1658,72.4752,1213.8,62.85,151.6736,267.1629,456.5092,199.3757,229.38,525.7636,285.8195,233.8637,94.89,47.3919,216.18,320.74,218.131,146.3532,74.92,236.23,554.04,122.17,214.9543,352.6062,76.5526,189.7404,107.0591,291.2988,71.04,55.9,93.35,257.97,228.0104,76.7987,140.0,137.5297,104.33,561.5612,73.34,74.446,245.8669,77.2798,,12.8252
2023-12-26,440.6427,357.75,337.39,100.9757,331.97,36.839,495.7726,274.19,24.5539,32.8779,267.6055,97.797,169.8706,45.25,451.3462,9.704,105.1122,119.2061,407.66,843.8687,131.3633,76.28,142.8701,72.696,1219.23,62.55,152.7139,266.9185,456.431,200.4067,231.03,526.4095,287.766,234.1525,97.33,46.6306,220.71,320.94,219.426,146.9933,75.42,238.17,556.01,123.55,216.5484,355.0004,76.9674,190.2464,108.9774,292.8361,71.11,55.99,94.2425,260.7,229.0398,77.1549,140.64,137.7662,104.51,561.8368,73.65,74.717,247.0035,77.8376,,13.0281
2023-12-27,439.2706,356.83,337.47,101.304,333.04,36.9154,498.4039,275.28,24.7267,32.9612,267.1327,97.623,169.4689,45.5,453.0594,9.7584,105.6511,118.9214,408.05,868.5431,132.151,76.21,143.1103,72.5304,1222.96,62.68,151.2079,269.3912,455.7461,200.5442,231.92,528.3474,286.8263,233.3825,100.73,46.413,221.42,322.15,220.7016,147.191,75.84,238.84,557.11,123.73,218.4262,353.55,77.2044,191.6088,110.0211,292.7774,70.94,56.02,95.0,261.93,230.4849,77.2674,142.53,137.776,103.96,572.509,73.43,75.1095,245.4359,77.3695,,13.2401
2023-12-28,444.2237,356.42,338.39,102.0452,332.77,37.0491,500.4154,276.67,24.8823,33.054,266.4039,96.9654,169.4885,45.54,453.0693,9.8308,106.2381,119.4123,409.27,875.8243,132.2278,76.71,142.9902,72.6684,1225.26,62.73,151.2772,271.2057,458.5443,199.8176,232.73,529.6294,287.0756,233.8926,98.79,46.4221,219.43,324.62,221.0911,147.4076,76.06,238.78,557.02,124.16,216.8614,352.6062,77.2439,191.8618,110.1006,293.6708,71.26,56.28,94.885,260.58,230.9902,77.558,142.13,137.7268,104.44,571.8593,73.89,75.8291,244.7109,77.24,,13.3508
2023-12-29,446.3687,361.31,337.36,102.2797,329.23,36.9154,501.9122,274.0,24.8823,33.054,266.6008,97.9567,168.5284,44.93,458.4963,9.8127,105.9205,119.481,406.89,872.437,132.4391,76.25,143.1935,72.6592,1212.96,62.79,151.0394,270.792,461.3719,201.6734,231.38,527.4928,287.1236,234.6625,99.45,46.5037,216.98,322.89,221.315,147.5582,75.71,236.4,555.05,124.09,215.013,349.8146,76.1971,192.0662,108.6494,294.0046,71.45,57.81,94.61,258.77,229.2167,77.2299,139.24,137.2332,104.76,573.8972,74.21,75.7077,244.2896,77.0208,,13.2955
2024-01-02,458.3516,371.53,330.98,106.2388,328.62,37.0968,514.1819,268.92,25.6947,33.0912,271.1709,99.7253,168.2932,45.05,468.8352,10.3201,105.7088,119.1767,410.91,898.969,135.2631,75.57,147.6749,74.3984,1214.19,65.45,154.973,279.6016,468.4848,204.7764,230.39,540.7698,297.3352,236.1928,112.5,47.8178,209.11,327.99,226.4465,150.599,75.56,234.25,547.69,123.09,212.3039,346.407,75.7527,191.2877,109.7627,290.8334,72.46,57.84,93.27,267.71,232.635,77.6611,137.61,136.9568,106.89,583.0336,76.83,77.7917,245.3673,76.0745,,13.5629
2024-01-03,452.911,376.67,322.13,107.6742,305.88,36.4093,516.7464,256.22,25.6947,32.3389,267.9797,101.7758,162.4248,42.56,475.6882,10.302,105.3913,118.2734,410.71,911.4453,134.1681,73.13,148.2663,74.426,1147.12,65.51,151.6339,282.7042,470.1089,206.5341,220.01,525.535,291.1603,231.4289,108.58,47.4009,194.66,318.86,220.7405,151.5404,74.62,224.02,535.06,120.27,208.832,336.0553,71.2397,187.7455,104.3854,288.5851,72.37,57.6,90.97,263.43,228.6915,77.9986,130.34,129.4649,105.29,608.1389,76.74,78.016,237.1178,75.8155,,13.4891
2024-01-04,454.8805,378.74,323.27,109.7757,307.37,36.8867,519.9783,261.36,25.1416,33.1376,268.9844,102.5824,164.1785,43.45,469.9542,10.4651,106.7962,118.0084,416.15,906.0912,135.0134,73.52,149.1903,74.0855,1149.32,66.59,150.7818,285.0358,474.3649,206.868,220.08,534.0219,293.6149,233.7771,108.66,47.7127,199.81,316.48,219.2995,151.2203,74.8,223.35,538.5,121.83,211.2477,338.0918,71.5162,188.8256,107.069,292.6203,72.87,58.17,91.495,260.28,230.4849,78.683,131.43,129.307,106.18,604.9884,77.21,78.9505,236.1773,76.2737,,12.7054
2024-01-05,446.8172,378.59,322.5,109.9727,305.07,37.3928,512.3133,264.68,25.47,32.859,271.6831,102.7379,163.4339,45.73,473.559,10.8547,106.623,117.7924,416.5,907.0846,136.3773,72.85,149.8186,74.9229,1132.29,65.26,152.2879,284.876,469.6589,207.5455,220.52,527.93,300.6815,232.988,111.12,47.8869,197.87,316.38,219.4942,151.691,73.9,223.89,537.36,123.98,211.1792,337.2573,70.2028,189.6139,106.7112,289.9498,72.95,58.16,91.4825,257.88,228.1763,79.283,130.48,128.8727,107.24,608.9757,77.38,77.8571,234.6097,76.3235,,13.2863
2024-01-08,449.2255,377.77,328.86,110.1229,311.74,38.8347,511.4934,273.94,25.5651,33.342,277.2479,102.2034,169.2631,46.66,472.0141,10.6101,108.1627,119.7461,419.12,896.8631,136.0123,75.67,149.1626,74.242,1166.1,65.82,152.9913,292.2847,469.6784,206.5832,224.06,538.017,300.7199,238.4159,115.44,47.4834,202.43,321.98,220.0492,152.0676,75.39,226.93,543.96,129.63,215.9421,349.5463,72.0001,190.8789,108.3512,294.5151,71.33,58.42,93.3925,257.98,232.7044,81.158,133.66,131.6562,108.81,616.3399,76.76,78.4926,243.9662,77.0607,,15.0289
2024-01-09,447.8215,380.46,330.56,111.1079,302.58,38.8251,513.2571,277.52,25.4095,33.9271,275.1205,100.4542,174.2204,49.41,476.4012,10.5104,108.4802,119.6479,421.01,896.6744,136.5022,75.83,149.9757,73.9475,1140.81,64.38,152.8625,288.8812,472.7995,209.7647,221.75,538.4841,299.9911,228.8977,110.18,47.0159,204.68,317.77,222.1914,152.1617,75.06,215.19,553.04,129.7,217.0961,347.0528,71.0916,190.6746,110.5876,297.7255,72.12,59.23,92.8325,255.84,228.751,81.2423,139.74,128.9911,108.45,615.7984,78.01,80.4271,242.8199,76.3634,,14.9367
2024-01-10,447.607,379.66,364.45,111.5114,307.6,38.4718,512.5612,276.79,25.0552,34.7258,278.2427,101.251,173.6914,50.36,479.0057,10.9634,110.0873,120.9831,423.76,900.1213,131.6899,76.12,152.3597,72.9169,1176.86,64.14,155.4188,286.3521,469.8643,212.2294,217.13,540.5511,295.0531,229.4463,109.46,46.4474,205.07,320.76,219.4455,152.3877,74.73,213.14,554.24,128.0,219.0619,354.8216,72.2371,193.4285,111.0051,302.173,71.83,59.51,96.2175,254.23,227.5323,81.6361,140.63,129.3958,109.64,620.4355,78.41,78.9692,243.4666,75.8753,,15.8587
2024-01-11,443.6192,383.53,362.31,111.1079,304.43,38.2331,514.506,276.36,24.5452,33.8528,278.2723,102.7476,174.2792,50.09,484.1058,10.9363,109.7489,120.1486,430.08,909.8659,130.4124,75.14,151.334,72.6316,1186.56,63.11,156.9348,284.97,471.8896,214.9789,213.95,542.6083,294.7367,226.1742,106.795,46.044,207.55,320.83,217.1086,151.7099,73.95,213.46,558.71,128.93,217.722,352.3081,72.2273,191.4239,110.1602,303.361,72.43,59.61,95.1325,247.21,225.8677,81.6455,141.01,128.0041,109.94,625.8799,79.47,79.801,243.3098,75.955,,15.5175
2024-01-12,427.746,380.48,363.71,111.2956,307.96,38.1949,497.1836,271.64,24.8045,33.9549,277.9374,102.8059,170.3702,49.33,480.6199,10.5829,110.155,120.826,433.4,926.9811,129.9609,74.03,151.4926,70.4507,1182.28,62.74,157.1329,288.176,464.855,215.4699,213.85,540.9387,292.4547,227.3868,105.95,46.1265,200.5,318.56,217.6052,152.8772,73.76,211.49,535.29,125.0,218.4849,344.4996,71.2694,193.594,110.1304,307.1997,72.75,59.94,95.9425,248.12,223.1727,81.9548,138.04,128.8529,109.1,632.9685,78.81,80.7262,244.1034,75.9051,,15.4438
2024-01-16,427.824,385.04,362.33,111.1642,308.13,37.2878,494.9336,267.46,24.4761,33.3884,276.588,103.3793,166.7551,49.42,483.7691,10.6463,110.0003,120.4039,437.49,931.0736,129.2464,73.99,150.6344,71.2421,1183.98,61.34,156.4988,285.3273,463.0645,215.0476,212.7,538.6331,294.3052,226.1645,102.16,45.8423,199.6,315.22,215.9401,151.1168,72.99,206.43,520.0,124.46,216.4017,344.2314,70.5386,187.8039,107.5362,308.5644,72.89,60.25,95.705,246.19,224.6688,81.1298,135.14,128.8431,104.82,624.7477,78.72,80.3617,240.929,74.7093,,15.2962
2024-01-17,436.5699,386.48,358.88,110.8265,302.51,36.944,500.4536,259.56,24.3292,32.989,273.6923,102.4852,167.245,48.58,481.1151,10.3835,110.1646,120.0014,433.76,922.9382,129.1208,73.82,151.1568,70.8464,1163.0,61.48,153.2886,285.8914,465.8333,214.7629,210.91,535.9002,295.7819,225.4908,100.35,45.824,200.9,304.12,217.1378,151.032,72.58,203.52,515.48,125.45,214.0643,337.2871,68.9684,185.77,105.1109,307.9655,73.05,60.96,94.7025,245.27,222.5187,80.6705,133.56,126.4642,104.65,619.1753,78.0,80.8196,239.9787,72.497,,14.6601
2024-01-18,401.6841,381.06,371.93,111.2111,310.16,37.0873,492.2547,264.51,24.2773,33.3512,280.5277,103.389,169.2534,48.72,488.2255,10.2114,110.2517,121.5722,432.98,923.8024,129.6133,74.44,152.3321,67.9846,1185.0,61.18,154.9531,286.2769,459.19,216.8053,213.19,541.0381,296.3572,226.1645,99.07,45.9248,203.91,304.11,221.3442,151.7663,74.25,206.11,525.28,127.45,215.6193,340.6251,68.9882,185.7993,105.3496,308.9866,73.55,61.05,96.4375,246.97,224.2328,80.8955,134.24,128.774,105.41,613.7014,76.6,80.7449,241.3895,73.2643,,14.4664
2024-01-19,391.4952,365.51,374.82,111.5395,312.45,36.8581,480.0709,266.34,24.4415,33.1191,283.4333,102.5046,169.0378,49.21,479.9069,10.3292,110.8995,121.1108,435.02,927.1798,128.0104,74.31,153.7034,67.9939,1200.0,61.49,156.3601,289.3983,454.572,214.3406,215.39,548.3226,289.6261,227.0211,99.7,45.9431,204.46,306.62,220.205,152.2088,74.04,212.03,523.82,127.29,216.5582,340.496,69.4424,183.7316,105.8569,309.3106,73.52,60.94,96.875,249.96,228.9293,81.083,135.88,129.5242,104.76,618.8505,74.15,81.5766,241.8304,73.8523,,14.2912
2024-01-22,399.4123,368.2,375.81,112.0461,317.05,36.9727,489.061,271.61,24.4675,33.6856,283.9652,102.3686,173.2309,49.82,482.6006,10.5466,110.416,120.3548,440.11,936.5469,126.2144,75.16,154.2818,68.6532,1219.16,61.5,154.6163,291.6077,461.6458,214.2228,217.75,549.9524,292.4739,227.0211,99.7,45.448,206.03,312.84,219.835,152.9525,74.84,215.82,531.43,129.29,215.2184,344.8374,71.1212,186.482,106.1354,307.563,74.04,60.74,97.005,248.3,229.8409,81.0642,138.88,130.837,104.63,621.1149,75.17,73.2965,247.4639,74.3804,,14.4664
2024-01-23,397.3355,367.96,371.41,112.4308,316.44,36.6862,491.473,266.43,24.5712,32.9612,280.6164,101.5912,171.4185,49.2,480.6694,10.6644,110.2323,118.8723,439.7,948.2186,125.3164,74.83,156.2501,69.7397,1219.94,61.87,152.3969,291.3727,461.9589,213.9184,213.53,547.3188,291.8698,229.3405,101.92,45.9523,204.29,315.25,220.7308,150.4484,74.2,214.05,531.52,127.12,212.0105,349.3278,71.5755,183.4585,106.9112,306.4929,74.71,60.62,96.64,251.68,229.9697,80.9423,140.75,129.9387,103.89,619.9334,75.56,74.2778,242.8787,73.4138,,15.0012
2024-01-24,392.3435,366.35,370.07,111.5301,312.42,36.1706,489.2898,257.07,24.4847,32.1996,274.7265,101.4162,168.2932,49.66,480.303,10.6191,107.1091,118.3225,427.56,941.9209,123.3658,72.54,153.1904,68.8947,1204.81,60.84,151.9411,287.2265,463.4363,213.4569,212.88,536.6356,291.9657,225.7507,101.11,46.0623,201.19,316.56,217.4786,149.6481,73.26,213.11,520.21,127.42,210.123,346.4269,70.1732,181.4786,106.3343,302.1436,74.09,59.92,94.9825,247.16,226.5117,79.4236,141.01,128.1028,104.46,623.8912,75.48,74.3245,237.059,71.3012,,15.1395
2024-01-25,346.4791,350.07,374.97,112.7028,312.0,37.2305,470.3848,262.11,24.0987,32.5525,281.7097,102.7282,182.5675,50.41,481.6201,10.6372,108.7336,119.7363,429.96,942.5467,125.6736,73.55,154.0392,66.8517,1202.45,60.92,155.5377,291.7017,469.9328,214.8905,215.5,534.8667,286.2798,227.6755,102.81,45.4847,198.67,316.3,220.6919,150.213,74.04,213.03,522.44,126.505,211.9127,351.9008,70.2325,182.6978,108.1047,306.2278,74.14,60.83,94.8225,246.21,225.3029,80.4267,142.76,128.2015,107.43,617.9053,73.55,74.9787,239.9199,72.6166,,15.5267
2024-01-26,352.2024,353.61,374.76,113.3502,316.12,37.0395,479.7277,264.28,24.0987,32.4318,279.1587,102.7184,186.2904,52.23,480.5704,10.8094,108.3081,119.4712,430.17,933.7854,125.9537,73.24,153.3583,67.7896,1217.47,60.64,156.1223,293.1214,473.3474,213.7515,216.09,543.93,285.5607,227.7525,101.81,45.5672,195.46,329.05,219.0073,150.1565,74.2,220.28,524.98,121.96,211.3357,358.9941,71.7236,186.7941,109.4077,305.6878,74.41,61.13,93.16,244.82,230.8614,81.1298,140.63,129.2971,107.17,629.3553,73.77,74.3152,239.4986,72.8956,,15.4253
2024-01-29,356.7947,354.68,379.16,113.7817,324.36,37.3164,481.0051,270.39,24.1075,32.8962,282.409,103.2821,187.3484,53.63,481.7489,10.7641,109.7005,120.6788,435.82,949.4305,124.8915,74.57,152.9012,68.2353,1227.48,60.47,155.4089,294.7009,476.0184,214.4978,218.02,554.3052,286.577,228.9074,104.84,45.7231,199.36,330.04,221.169,150.0247,75.23,224.56,532.06,124.25,211.9225,368.0742,71.8717,188.0035,109.4872,308.7706,74.98,61.31,94.53,247.52,231.7829,81.9736,146.72,131.1133,108.31,635.0163,74.06,73.8946,242.0166,74.1213,,15.8218
2024-01-30,367.4125,355.2,377.29,114.1382,328.38,36.9536,480.1185,264.74,23.704,32.5339,297.045,104.0401,187.4954,53.04,485.2744,10.7007,109.7295,120.1388,446.08,953.3343,124.399,73.9,153.8433,68.5789,1237.5,59.28,157.4896,295.8009,481.7127,216.55,217.08,563.5971,286.6441,227.329,102.47,45.283,192.12,332.41,220.3997,149.4693,74.78,223.96,521.03,120.79,213.3699,373.8294,71.8026,186.7063,110.5813,310.8716,74.93,61.42,93.8,247.08,242.7018,81.533,147.2,132.5446,107.52,634.9966,74.86,73.4741,239.8905,73.7427,,15.4714
2024-01-31,368.6118,356.44,378.22,113.3126,317.71,36.944,487.8693,267.32,23.7566,32.2739,300.3051,106.11,186.3394,51.64,495.0488,10.6644,109.4104,123.3099,433.38,936.4972,124.0128,78.47,153.3583,69.0618,1197.19,58.77,157.3509,295.4625,482.7791,228.4808,208.23,535.6319,288.5618,229.8313,101.05,44.8063,190.87,320.89,216.4562,149.5917,74.84,216.28,515.08,121.35,214.1328,370.7878,69.4424,183.1757,106.6029,329.3684,74.44,63.26,93.2575,246.66,237.708,82.0673,143.01,128.4186,108.16,635.6169,75.31,73.1376,237.9114,73.1049,,15.3516
2024-02-01,366.4278,355.21,383.83,118.5664,324.45,37.4215,483.4839,273.38,23.9408,32.2275,309.9181,102.1354,189.7291,53.09,496.9898,10.755,110.7061,124.9298,433.87,951.3973,122.7961,78.71,156.334,68.6439,1224.0,59.16,161.6411,305.1464,484.7261,232.6442,211.3,548.7996,294.6696,233.2382,99.02,44.6229,195.4,328.96,218.3939,149.0833,75.73,219.54,527.28,122.6,218.6903,379.2069,67.6847,184.4728,108.6717,334.3558,74.41,64.82,95.38,247.83,242.8801,82.5829,145.74,131.3305,112.23,650.2075,75.3,73.0442,242.6338,74.0915,,15.8956
2024-02-02,369.4015,354.88,383.77,118.5946,320.74,37.221,486.4297,273.9,23.625,31.7538,304.757,100.5416,187.9657,54.51,499.5647,10.7369,108.4048,124.0168,424.68,938.8813,120.7008,86.09,157.3415,67.8732,1210.11,58.35,161.2349,303.8583,484.4228,230.7491,210.75,548.3921,310.5096,228.2722,97.5,44.6596,194.02,320.43,215.7162,147.4358,76.14,218.17,527.14,120.96,217.3015,378.7298,65.1566,184.3753,105.0513,335.8187,72.44,64.37,94.0725,243.72,244.0691,82.1517,144.21,131.2515,111.21,657.3157,75.41,71.9227,240.7625,73.653,,15.3423
2024-02-05,351.9976,351.1,383.94,118.3788,324.85,36.7913,479.4988,275.58,23.3092,30.9551,305.9389,100.7068,186.2512,59.82,503.0209,10.4923,107.96,123.0743,428.89,930.0902,119.5227,86.06,159.7575,67.2696,1186.97,58.06,161.1754,302.7113,479.7363,229.9831,210.71,548.1934,308.0454,226.2319,95.49,43.9903,193.54,318.72,213.8661,146.6733,74.91,217.59,572.12,121.23,215.0619,395.23,65.9367,185.4774,103.3405,336.663,72.04,64.46,92.84,241.84,243.5638,81.3267,142.23,131.1035,110.74,695.269,74.07,71.6891,239.1557,73.1547,,14.7891
2024-02-06,357.1944,357.12,389.69,119.0355,330.38,37.918,486.8492,288.44,24.1251,31.7259,302.1962,101.1344,186.8488,58.46,501.9612,10.7732,110.2323,125.2734,416.13,931.5604,121.9174,88.25,161.6512,68.4953,1212.1,59.63,160.6602,297.1642,483.1607,230.7687,215.41,556.7996,314.0956,229.7062,100.03,45.1638,199.63,325.01,216.4367,148.8009,76.09,220.5,567.0,124.92,220.9494,395.8761,66.5293,191.3001,103.6588,333.5802,74.17,64.79,93.675,245.55,245.9219,82.2548,144.89,134.1042,112.08,694.1171,74.92,72.633,247.1406,81.675,,15.6282
2024-02-07,359.3589,362.1,391.375,119.589,323.54,37.6029,495.1625,284.73,24.1777,31.308,302.6493,102.6893,183.2639,56.5,511.9733,10.6372,109.5651,125.2244,419.08,932.2358,123.0375,86.61,163.2557,70.6219,1213.23,57.34,160.9575,278.1725,487.0352,233.3807,214.34,548.8791,316.9434,230.4761,99.3,44.5954,198.75,325.16,217.8291,148.7256,75.26,218.58,572.31,126.61,220.9005,410.5176,65.5319,192.2267,102.3459,336.4765,73.85,65.23,93.66,240.54,244.3762,81.7111,142.94,131.0739,111.61,714.1521,74.92,69.549,245.8082,81.5454,,14.9828
2024-02-08,358.6082,381.49,386.94,118.7822,326.69,38.6342,495.8298,295.0,24.1865,30.7972,300.8567,99.8322,180.4745,56.55,489.4436,10.4742,108.7142,120.7966,423.06,940.1229,122.1878,85.8,163.0504,69.7211,1224.97,57.36,160.472,277.2135,491.301,226.6497,217.0,547.4679,318.6117,231.6598,93.66,44.6596,196.64,326.11,216.9431,147.2381,74.9,218.77,573.61,127.05,215.414,408.4302,67.1316,190.9197,102.694,332.8537,73.43,65.02,93.4125,240.3,243.6133,80.7923,143.33,132.3373,110.82,724.2927,76.5,68.9696,246.2295,81.7746,,15.0381
2024-02-09,361.0262,388.67,388.22,117.6939,322.82,37.7652,494.047,296.37,24.1777,30.4536,301.7037,101.9896,181.3388,56.71,496.4947,10.5829,108.1147,120.561,422.91,947.0663,122.3809,85.01,162.3881,70.8726,1174.51,57.66,160.8881,273.7066,495.1461,227.0138,218.2,547.3288,321.1431,234.5855,87.41,45.6681,192.55,325.22,216.7386,147.577,73.72,222.22,572.21,120.47,219.3357,407.1778,67.1811,192.451,103.2013,335.7303,73.44,65.5,94.15,240.98,240.7201,79.6767,137.84,131.6168,109.86,728.7034,77.33,68.8481,246.9349,81.0571,,15.1026
2024-02-12,359.9147,392.63,382.13,117.5907,320.2,38.4909,493.4941,302.44,24.2654,31.1315,305.4859,100.6971,179.2664,56.99,489.6912,10.8275,108.8109,123.5554,418.53,940.7487,125.5384,87.12,161.446,71.7734,1190.04,57.84,163.0382,276.8186,494.3242,226.3151,217.88,543.4629,323.3676,234.2198,89.0,45.6131,192.11,326.31,221.4708,148.6032,75.73,225.78,565.56,118.42,219.991,404.1859,69.1584,191.8365,104.3252,334.8762,74.06,64.99,94.7525,244.74,244.5645,79.7517,139.96,130.6001,114.3,725.8482,77.91,69.577,247.6109,82.8808,,15.5175
2024-02-13,355.3712,394.33,378.89,117.6752,311.58,37.8321,492.7409,292.32,23.6601,30.1378,299.9506,101.4162,175.9761,56.24,499.8816,10.8456,107.6602,120.9144,416.04,934.2126,123.4624,86.26,161.6512,71.1234,1157.56,59.34,159.1245,273.1049,494.3927,227.5058,215.27,535.2542,323.5306,230.0815,85.37,44.6596,190.0,316.1,217.4591,147.304,73.25,220.24,555.66,117.03,219.5802,396.1942,66.7559,178.9623,100.8043,333.6097,73.27,64.97,91.9225,226.65,239.3131,78.3643,133.74,128.083,113.6,731.4699,76.7,68.7172,242.9277,82.0238,,14.8629
2024-02-14,353.2359,399.96,381.76,118.041,317.52,37.8512,492.8267,302.75,23.7829,30.3421,300.8272,100.6291,177.3315,56.94,496.3461,10.9363,108.3564,119.6185,417.88,941.5037,123.3272,86.04,162.7053,70.9562,1181.18,57.89,160.2243,272.7194,495.1754,227.8896,243.47,544.8642,324.6716,229.6388,85.95,44.8246,188.79,327.91,222.1135,146.6168,73.68,245.12,560.56,116.75,222.6022,405.7365,69.3265,179.5377,103.0024,343.0544,73.15,65.95,93.1225,220.74,245.7139,78.4486,140.74,130.531,123.41,746.8948,77.49,68.2593,244.025,82.8808,,15.0842
2024-02-15,354.8836,398.14,380.17,118.7165,322.87,39.0925,496.583,309.77,24.1338,31.4473,303.0235,101.9799,179.3548,57.44,500.7827,11.6158,109.8842,122.1318,426.29,948.3676,121.4057,86.04,164.7295,71.1326,1192.7,58.97,161.225,273.9038,497.8366,229.3657,241.47,545.1623,325.2373,230.938,91.14,45.3289,190.53,328.73,216.2907,148.6691,75.5,245.4,568.83,117.69,227.9226,348.592,70.4536,184.9703,103.5096,342.4359,73.8,66.09,93.6425,223.35,246.675,79.4236,146.07,133.0085,119.87,747.3583,78.3,68.5677,249.8839,85.3322,,17.1679
2024-02-16,357.7502,401.72,378.63,119.8892,325.21,39.3599,497.2217,308.77,24.2303,31.1873,303.9001,101.5037,177.2431,58.14,506.1106,11.8333,110.242,122.4361,422.2,941.7321,119.7352,86.1,165.5691,71.597,1187.44,57.96,160.6701,268.8156,501.5545,228.0274,238.6,544.4368,327.0495,231.708,88.37,45.7139,191.01,340.52,210.945,148.4983,75.65,244.96,555.54,117.05,226.1426,359.8738,70.7997,183.7413,101.9083,342.9366,73.79,65.82,93.0025,219.08,247.7054,79.1424,143.41,133.0974,122.22,771.3044,78.74,66.8949,245.9845,85.7209,,17.2509
2024-02-20,357.9647,401.49,377.64,119.4952,323.95,39.8851,496.7546,313.53,24.204,31.3451,303.9297,102.3977,177.4396,57.98,501.8325,11.9964,112.7851,122.7012,420.64,940.56,119.542,86.9,163.946,70.8633,1184.37,58.82,160.9377,268.6355,497.9149,228.6572,234.76,544.735,327.2988,231.6117,86.99,45.7139,192.21,343.76,210.0005,149.741,75.64,238.94,551.21,117.87,224.2062,348.0752,69.5341,181.9468,101.4309,341.729,74.58,66.22,95.7,219.21,245.4959,80.483,140.05,132.4064,123.0,745.2675,79.29,67.3248,245.8669,86.0896,,17.0481
2024-02-21,358.4132,399.03,380.23,120.1988,329.52,40.3243,497.6221,304.65,24.2742,30.7229,306.9239,102.6018,177.0762,58.24,502.5059,12.0145,113.9744,126.0098,419.63,946.4902,122.3713,86.65,163.3769,71.6434,1193.89,60.33,161.7997,268.5882,498.3748,229.7495,237.28,549.4157,329.2452,236.0965,87.59,46.6766,192.49,338.64,212.2011,150.5188,75.09,241.1,554.77,116.39,227.727,354.059,70.9084,183.7316,103.2112,341.2283,75.82,65.75,98.08,221.11,248.3494,80.5298,136.41,133.581,120.89,735.6515,79.17,68.4088,245.8669,84.6845,,17.085
2024-02-22,358.8812,404.28,389.08,121.2684,330.55,40.1142,501.9408,316.56,24.1689,31.178,308.1255,104.1275,179.8361,58.4,505.358,12.1051,115.0864,126.1963,426.78,958.4599,121.0291,87.62,164.8788,71.597,1192.78,60.91,162.9787,270.2179,501.1045,230.6647,247.33,557.0083,328.0755,234.4604,99.44,47.0617,197.14,338.47,212.0453,152.1977,77.08,246.9,571.31,117.5,231.3537,357.7367,70.948,191.8073,103.808,346.7165,75.88,66.74,97.78,222.48,250.4103,79.7424,135.55,130.3138,122.87,759.0552,80.07,68.0163,232.8853,87.3352,,17.1034
2024-02-23,353.8404,406.77,389.77,121.4466,331.25,40.6299,502.6463,316.88,24.3532,31.4937,310.6075,105.041,180.7593,58.77,511.2405,12.2591,115.5119,126.8246,430.11,974.6612,122.7092,87.74,166.1288,71.6898,1209.79,60.59,162.8004,274.0081,502.983,233.4889,247.26,561.2021,330.0698,236.9434,96.46,47.3643,184.21,337.99,213.3988,153.5163,79.86,247.71,576.29,116.26,231.1772,365.2314,70.8096,192.3437,103.8776,348.5622,76.15,67.0,96.75,223.32,251.5102,80.3142,133.0,130.3237,125.26,758.9566,80.22,68.7359,232.9343,88.7603,,17.3187
2024-02-26,350.9544,401.7,388.27,120.8743,327.03,40.1047,500.8158,310.84,23.8443,31.2894,308.4801,107.1595,180.0227,58.29,514.1718,12.1685,114.7673,124.5666,433.48,982.6874,121.8595,86.15,166.8004,70.9748,1195.26,60.53,162.8202,271.3455,495.6059,234.5419,247.48,559.9797,328.2193,232.6319,94.02,46.3191,168.83,338.16,210.4996,152.5203,80.57,249.56,569.87,116.17,229.0796,361.1064,71.0963,192.1779,103.4002,346.0391,74.81,66.67,94.5,223.71,249.3403,78.4393,136.97,129.7907,124.96,761.3038,80.23,68.1752,223.225,90.3049,,16.523
2024-02-27,353.6356,400.12,386.46,121.0526,332.65,39.9614,489.4709,313.06,23.5899,31.2801,309.268,106.5181,177.7637,58.2,513.9539,11.9873,115.4539,124.0659,430.92,986.7302,122.0816,86.51,166.9683,70.8262,1213.21,61.0,164.2668,263.8789,496.4473,232.7411,248.84,562.653,326.7139,232.1699,96.2,46.3099,166.62,329.74,210.7145,152.7005,77.85,252.95,575.07,115.32,227.9132,356.1364,72.3816,194.0895,105.0612,345.7936,75.36,66.43,93.74,223.94,252.5208,78.5986,139.76,130.837,127.6,754.479,80.41,68.2406,221.4615,92.1983,,16.8881
2024-02-28,342.384,401.78,386.59,120.2645,337.68,39.6845,475.0372,302.39,23.7215,30.9272,307.3572,108.5103,170.859,57.94,518.6084,11.1356,116.0824,121.8667,426.97,981.0285,121.3381,86.0,166.0448,69.8233,1243.57,59.98,160.2441,262.9029,492.2402,232.3671,250.31,568.4766,321.3348,230.1585,97.48,46.6858,163.6,330.35,209.845,153.2412,76.49,256.73,571.68,114.22,226.7566,355.1623,73.5482,195.0063,106.7719,345.3911,74.12,66.99,94.51,221.74,253.363,78.1486,140.98,135.2393,126.97,747.2202,78.39,67.9416,220.2368,92.6965,,16.6915
2024-02-29,341.565,393.91,385.6,119.2888,337.42,39.348,470.5755,302.42,23.3004,30.3514,307.0027,108.8213,170.6233,57.34,516.9725,11.2081,114.719,122.0925,420.74,959.6519,120.5945,84.87,164.2258,69.0618,1247.22,58.36,165.7301,259.4634,490.4204,231.8456,247.16,566.6381,322.3033,226.6938,92.24,46.5299,164.0,325.88,210.8513,153.0799,76.47,254.19,575.23,115.07,228.2955,356.206,72.7375,193.4361,108.9999,342.7108,73.8,66.21,93.6,216.99,250.8166,78.1486,139.83,135.5848,126.97,743.3147,78.43,67.3808,218.608,90.9626,,16.2983
2024-03-01,343.2323,387.21,397.9,119.1106,346.04,39.4345,466.6953,300.01,23.3267,30.8994,307.2784,110.1721,171.4974,57.19,521.4044,11.4074,114.6996,121.7489,432.76,976.2704,120.3918,85.22,166.8937,68.5696,1267.98,59.05,169.7577,265.6224,488.3266,233.2528,252.45,572.7499,319.2542,226.4629,95.06,46.6583,169.25,332.3,212.9712,153.7819,76.88,264.38,576.87,121.74,228.1582,356.5638,73.5383,186.1114,106.5432,346.7852,73.65,67.13,102.19,220.95,253.5215,78.3736,140.5,137.2628,126.92,771.3636,77.98,67.5771,218.814,92.3976,,16.4387
2024-03-04,338.1622,386.55,400.59,116.3805,346.76,40.8673,459.3926,308.04,22.7127,30.9086,309.3468,109.4627,177.4985,56.95,529.6338,11.199,116.0727,123.2216,424.03,964.7179,121.0001,87.02,165.1586,68.6161,1286.54,59.72,173.21,264.7317,493.4632,232.0424,251.56,578.0269,322.9361,226.7901,96.0,46.6858,167.82,334.67,214.0458,151.6191,76.79,258.92,571.28,122.3,228.6483,356.6334,74.0327,183.2244,107.9257,349.3673,74.6,67.43,102.77,221.02,253.8386,79.7424,137.7,141.0137,125.73,781.3838,78.32,67.521,220.7765,92.4075,,16.2796
2024-03-05,329.4749,385.58,387.32,115.2359,343.41,40.7807,451.0794,299.49,22.8793,30.8994,310.7848,109.7348,174.4636,56.96,524.3293,11.1265,114.5643,122.5049,415.44,958.7778,120.2276,86.1,167.1269,68.4489,1286.9,58.9,174.1029,262.1354,487.5831,231.5602,250.2,580.9784,320.3653,224.6728,95.56,47.511,163.93,330.94,211.1639,151.7424,75.41,261.27,558.32,121.78,223.8552,349.8345,72.5694,180.6593,106.4338,345.9703,73.76,67.02,101.42,217.23,252.0551,79.3111,134.68,142.4845,134.65,766.8959,77.4,68.2126,219.0888,91.4907,,16.6166
2024-03-06,330.6059,388.69,388.16,116.099,349.0,41.3385,450.555,303.79,23.8531,31.0294,318.5263,107.4997,180.995,56.65,520.5815,11.054,115.3958,123.5357,411.85,965.6219,122.5547,88.33,168.8993,69.0339,1311.65,59.26,174.5493,262.0786,493.8644,230.9402,252.97,587.8256,327.1918,226.742,98.1,48.9412,165.7,333.25,212.7758,151.1448,75.33,263.44,557.46,133.72,224.5414,352.1803,73.8349,179.0013,106.7322,348.5328,75.2,67.42,101.87,217.56,250.5788,80.2017,135.13,144.3303,131.98,769.0459,77.59,67.8761,220.2957,92.7763,,16.8226
2024-03-07,332.2049,391.85,392.68,116.3242,361.0,41.8192,456.4468,310.8,23.5022,31.0387,319.7674,110.4636,189.1667,56.36,523.9823,11.1718,116.9236,125.0378,410.54,966.8238,123.0086,93.81,168.4422,68.9968,1350.46,59.03,176.2556,258.5443,492.3331,233.8432,258.59,593.9474,330.0033,229.6119,99.48,48.8495,175.49,339.4,213.3229,150.699,75.22,270.27,563.22,133.24,228.4033,359.9832,76.0694,177.0311,107.9058,351.1051,76.32,67.82,102.08,219.36,251.7876,79.8267,136.0,147.3804,134.08,769.4305,79.66,68.8387,224.5837,92.3378,,17.066
2024-03-08,330.8692,392.63,391.85,115.8645,355.94,42.0885,456.1309,312.49,23.8794,31.3451,320.4667,111.9213,185.0809,56.51,522.9214,11.2176,116.9623,124.4291,413.59,962.3736,122.8637,92.14,166.8377,69.7118,1313.85,60.02,174.2914,259.3876,493.6975,233.6858,257.18,593.8977,329.0886,231.815,103.03,49.3171,179.59,343.76,212.4828,151.3156,74.76,266.97,561.41,135.25,229.0698,356.7925,76.2177,177.6651,108.7413,351.3505,77.05,67.66,101.51,223.24,251.3615,79.808,135.43,145.959,135.17,751.6583,78.14,70.2032,220.1878,93.5436,,17.2719
2024-03-11,338.328,402.27,378.9,115.1796,353.86,41.8096,468.1714,308.09,24.8883,31.4566,316.4087,112.2226,186.3675,56.81,522.1778,10.9522,116.2177,125.7054,414.47,958.0129,124.9784,90.83,167.5654,70.5197,1297.97,60.79,169.9264,260.9131,497.4471,233.8924,258.58,595.7064,329.5508,231.4285,111.98,49.8397,181.14,344.25,213.489,152.9376,75.0,263.09,548.31,133.04,229.207,355.371,74.2798,178.9623,108.6518,349.112,76.33,66.12,101.44,230.07,250.4797,80.1549,139.06,145.3865,135.82,724.2703,78.03,70.3901,222.8469,92.6766,,17.1689
2024-03-12,336.5242,402.55,389.4,115.0764,353.3,41.2423,468.3628,310.68,24.5725,31.2151,318.6741,112.3586,190.3257,56.5,526.7188,11.0346,116.7689,125.8723,412.45,964.1021,125.2777,90.91,168.7687,69.8418,1288.31,59.33,173.3291,262.0312,496.2496,233.6562,259.1,593.5399,331.1587,229.8051,110.43,49.8764,181.83,337.22,211.8575,154.37,74.42,264.12,546.84,135.38,229.1776,375.718,73.2813,176.8751,108.2241,351.861,75.64,67.49,101.54,227.36,250.777,80.3799,132.71,145.9294,139.21,744.5672,76.75,70.1658,222.3072,91.5007,,17.1034
2024-03-13,336.573,404.89,382.99,114.6073,351.73,41.0404,467.0707,320.69,24.7567,31.6981,317.0489,107.9467,189.039,56.6,515.7827,11.0254,116.1887,124.2819,413.2,959.036,124.9591,92.93,167.7799,69.7211,1305.65,58.92,173.0216,261.5101,500.0973,231.0288,255.65,589.6343,335.7611,230.7521,106.51,48.2719,175.54,336.43,210.7731,152.8143,75.34,261.18,540.18,131.68,229.158,383.4314,71.6697,171.8814,107.4184,350.3884,76.33,66.04,102.36,226.56,253.0063,79.7611,132.78,145.9096,138.27,747.4175,76.72,70.9695,217.9996,88.1723,,17.3655
2024-03-14,340.1708,406.68,384.31,113.7765,343.57,40.4057,468.0278,316.92,24.6777,30.63,320.5428,106.8291,188.3319,56.7,524.8548,10.815,114.922,123.4375,408.77,952.6489,122.7478,93.36,169.0299,70.9655,1298.13,58.54,171.5533,257.2935,501.1574,233.8924,254.26,581.6589,336.5218,229.177,103.46,48.1252,167.7,332.4,204.1886,151.0215,74.39,260.5,535.58,129.5,226.9722,396.9894,70.4141,169.5894,104.3152,349.1611,75.34,66.86,101.5,219.62,250.8959,79.1142,128.1,143.3333,136.0,750.2677,76.05,70.0631,214.114,88.0228,,17.1877
2024-03-15,339.4493,404.45,396.28,114.7301,352.9,40.0115,469.7698,314.35,24.5111,30.5,317.7694,107.4899,186.6622,56.22,529.0984,10.9248,111.6731,122.8878,407.69,958.0427,123.8679,92.31,165.9329,71.8755,1324.45,58.37,172.5156,254.7636,503.6211,234.4337,252.71,580.9031,338.9674,228.7325,103.85,47.9877,165.86,333.51,204.384,150.0445,74.58,258.97,529.77,130.46,225.4921,385.2901,71.6994,168.3117,104.3351,345.8132,75.91,66.23,100.71,219.31,247.1109,78.3455,127.73,145.574,136.65,743.7979,75.47,69.5722,211.3469,89.0991,,17.1128
2024-03-18,338.5133,410.35,392.62,114.6545,347.27,39.9442,466.1614,316.14,24.3181,30.63,322.9016,107.0526,187.556,55.96,525.2018,10.7601,108.7239,123.6633,411.38,953.523,123.7328,92.85,166.5019,72.0334,1306.17,57.34,175.8885,256.6871,501.8739,235.4964,253.87,576.8259,339.5258,229.7085,104.26,47.3001,171.68,333.43,204.7064,148.6975,74.18,262.13,529.81,134.72,225.4431,393.3414,71.0666,166.4781,103.5991,347.6295,76.35,67.24,100.82,219.4,249.1619,78.4299,130.14,144.202,137.02,752.1712,77.02,69.1662,212.4066,90.2949,,16.6728
2024-03-19,342.8033,419.53,390.53,115.3721,348.96,40.3384,472.1625,317.2,24.2391,30.7508,326.1684,109.6668,189.5792,55.95,529.7924,10.8607,109.4201,124.3506,415.2,957.2381,124.6211,94.31,167.5933,72.4884,1302.65,58.33,178.7952,257.4736,506.3204,238.488,254.16,579.4811,339.2755,232.1436,105.11,47.4926,170.61,336.48,206.1034,148.1758,74.38,266.51,534.42,134.17,225.5804,393.3116,69.9593,168.6921,103.6787,350.3884,76.31,67.79,102.25,218.63,251.4111,78.8518,133.16,145.4852,138.33,762.152,78.7,69.3078,213.9766,90.4643,,16.7945
2024-03-20,339.4883,416.1,390.37,116.9299,348.36,40.223,473.0335,329.14,24.3005,30.9272,324.5695,108.7338,188.9507,55.88,526.233,10.8699,107.815,124.223,412.11,960.5161,123.3272,93.04,164.431,73.3428,1302.86,58.24,178.4579,258.7243,504.8186,238.0156,252.72,576.8259,340.6812,229.8535,103.08,47.566,167.2,336.29,204.5305,147.749,74.78,268.17,529.5,132.53,228.6483,391.7312,71.0666,166.7707,104.1064,346.7558,75.04,67.44,101.66,218.15,249.37,78.7861,133.19,145.3766,138.78,762.2309,77.88,69.846,216.3413,90.5739,,16.9911
2024-03-21,338.7083,417.75,391.96,116.7127,352.45,40.3961,470.6024,321.27,24.2654,31.0665,324.5597,109.3558,190.2766,55.85,529.6338,10.9888,107.8246,124.7531,415.71,961.5591,124.399,94.68,165.5784,72.6834,1338.64,57.72,179.3309,262.4197,505.1818,238.4683,254.56,580.8832,340.5753,233.4771,104.09,47.3001,166.64,351.99,206.416,147.7395,74.08,273.43,532.09,133.41,222.5908,393.5104,71.5115,164.1666,104.5042,347.0699,75.52,67.56,101.37,220.75,251.7777,78.8428,137.45,146.8177,136.24,759.6667,77.18,69.0057,220.178,90.8829,,17.1315
2024-03-22,339.8295,414.72,394.07,116.9299,347.31,40.3288,469.0519,319.42,24.0022,30.4164,325.6354,107.8787,188.5774,55.79,528.0375,10.8333,106.9157,124.8807,415.66,960.7942,124.8529,93.79,166.4646,72.8785,1327.6,56.98,179.0531,261.6806,504.3769,238.6356,252.41,579.849,338.7074,237.951,105.43,47.6118,164.31,350.46,208.3406,147.2462,73.12,272.57,530.72,133.18,224.4629,391.5523,70.6909,164.7323,102.694,346.1961,75.26,67.62,100.42,218.1,252.4614,78.5309,137.24,145.5444,134.11,760.0118,76.93,68.5526,216.7927,89.418,,16.6447
2024-03-25,338.4158,412.52,391.71,118.3083,342.72,40.1846,465.0416,319.28,24.0637,30.5,323.0496,107.8787,189.8641,56.4,528.0177,10.8241,106.3742,125.5778,416.03,954.6852,124.8336,93.16,166.5392,73.3428,1320.0,57.48,176.4342,266.0867,500.9513,238.2026,248.88,570.372,342.3373,233.5254,110.38,47.9052,164.75,341.11,208.8193,147.2367,72.89,265.61,529.71,140.1,216.298,386.0555,68.4367,163.6692,102.4454,344.6351,75.65,67.29,100.87,216.69,245.5256,78.6822,134.06,143.6788,134.77,762.5071,77.07,68.5242,215.5269,87.973,,16.6821
2024-03-26,339.6735,418.44,397.63,118.5066,338.1,39.9442,471.1959,319.94,24.204,30.1842,323.4345,108.452,190.7186,56.26,531.5275,10.6137,107.815,125.5385,418.46,957.1288,124.4377,93.42,167.1549,73.6585,1315.07,56.55,175.8985,266.9868,507.7044,238.9308,247.74,565.6583,344.4363,233.7283,107.41,48.1802,165.52,340.52,208.5946,147.7584,72.88,265.44,530.6,139.93,217.1311,385.8865,67.626,161.582,102.8631,343.9969,76.17,67.94,100.73,212.02,246.1795,79.117,133.8,142.5437,135.25,764.2428,77.56,68.3637,212.3281,88.7603,,16.963
2024-03-27,341.6383,418.6,400.1,124.3885,345.19,41.05,471.952,327.9,24.3707,31.0896,327.3626,109.3655,192.8302,56.48,534.6706,10.8241,109.7295,130.4369,417.32,959.8605,126.5523,95.15,168.237,73.7606,1335.84,57.12,180.4023,271.2792,510.3743,240.7415,252.57,576.1497,349.8378,238.2216,110.59,48.822,169.18,349.56,211.5742,149.8358,75.15,269.37,539.57,139.48,221.0519,391.7312,68.6344,164.3519,104.8424,352.9811,77.35,68.62,101.84,216.34,246.7548,82.1607,138.68,145.4654,136.85,767.4777,78.35,68.9302,219.6677,89.996,,17.2719
2024-03-28,338.9208,410.83,399.09,124.5773,344.23,41.0981,473.4833,327.92,24.3444,30.9776,329.1786,109.2288,194.4999,56.45,532.2811,10.9248,109.9036,129.8172,418.01,956.0759,128.5318,95.56,169.8695,74.0671,1331.29,56.97,181.0075,269.403,508.9805,239.1178,252.89,577.9795,349.6934,239.1106,106.56,49.7205,171.4,345.87,213.4206,150.054,75.52,270.95,539.93,138.7,220.3658,393.3315,69.5935,165.0346,104.4346,352.1546,77.96,68.49,101.46,215.63,247.6971,82.3781,137.32,143.6295,138.05,767.2608,78.48,69.1568,221.9245,90.5939,,17.5996
2024-04-01,343.5444,404.2,394.87,123.6709,344.51,41.8769,468.6978,319.65,24.3181,30.1002,325.8032,109.385,185.9452,56.39,531.9241,10.9248,108.3855,127.6238,420.48,962.8505,130.1347,94.25,168.6195,73.8814,1341.2,56.64,173.8152,268.1902,506.4873,239.1276,248.87,574.2404,350.5503,235.8252,105.6,48.5837,168.1,338.98,211.3593,149.6651,74.24,268.73,532.41,137.94,216.6508,393.5601,68.6246,162.8987,102.7139,349.0057,76.12,68.1,99.24,214.83,245.7828,82.2552,132.72,143.9162,137.84,750.0902,77.75,68.8075,218.6963,89.2187,69.1,17.3187
2024-04-02,297.4844,380.92,382.36,123.0667,339.73,41.2615,438.4913,312.07,24.1689,29.7082,325.0531,108.5944,181.0736,56.45,528.7315,10.9248,108.3178,126.3648,409.42,948.3179,127.74,94.31,168.5542,68.5511,1321.05,55.83,171.0474,261.7185,490.0166,239.2162,245.51,568.3831,349.5971,232.8973,103.61,48.3544,164.05,328.72,207.0608,149.6176,73.07,261.82,521.67,136.65,211.9851,385.5684,67.9819,160.9383,101.6596,343.8001,76.08,67.45,98.06,207.64,243.9478,80.5348,128.52,142.5419,135.04,753.4533,72.45,68.0616,213.3094,87.8036,66.9,16.9723
2024-04-03,301.1305,378.5,383.42,122.6418,341.1,41.6173,440.0227,310.11,23.8794,29.7269,327.866,108.282,182.7237,56.68,535.4935,10.998,107.6022,127.8795,408.81,944.6128,127.8366,93.02,165.4198,69.2754,1330.77,55.31,172.3569,260.0224,496.6716,241.883,242.98,572.7984,347.6522,235.3807,101.21,47.841,164.86,328.18,207.3441,146.3261,73.44,259.31,524.04,138.51,212.3576,384.823,67.102,158.9486,101.7989,345.3943,77.53,68.13,98.96,206.38,242.3607,80.3458,127.74,142.1069,135.29,765.3179,73.04,66.9287,210.7091,88.7204,63.89,16.7664
2024-04-04,303.0659,375.3,378.92,120.527,334.26,40.9923,435.8497,314.95,23.3794,29.7922,320.9277,107.4913,181.7022,56.96,530.2386,10.7601,106.4709,125.4697,404.01,930.7756,126.9772,91.2,156.6232,68.6254,1284.55,54.99,170.968,254.0245,489.4081,238.1829,238.53,567.4384,346.9782,234.8589,102.27,47.6741,163.25,322.83,206.3379,144.6566,72.89,250.66,518.1,133.34,209.172,383.7991,66.2913,161.4357,101.1325,341.8321,77.28,67.75,99.16,205.3,239.9405,79.3249,126.0,139.7439,132.95,757.5166,72.05,65.6635,207.9126,87.6541,67.0,16.7289
2024-04-05,306.0669,376.77,388.39,120.8386,335.94,40.9827,436.1943,317.58,23.3882,30.1562,324.5103,107.2961,185.3952,56.75,534.1649,10.7967,107.5249,125.2434,406.67,936.4178,126.8607,92.7,158.5821,69.2568,1300.84,55.24,172.0494,255.787,497.9967,239.3441,241.45,576.2392,348.9809,237.8737,102.88,47.5999,165.0,324.59,206.3867,144.5523,72.52,253.1,519.54,138.93,209.2504,391.6616,66.2319,161.7673,101.7292,345.4139,77.98,68.56,98.6,203.87,242.3012,79.9299,127.75,142.4925,133.61,773.4248,72.78,65.6919,212.701,88.1624,70.06,16.7196
2024-04-08,309.8694,381.56,386.93,119.4885,339.04,40.6269,436.4431,320.06,23.318,30.0909,323.7405,106.8568,184.413,56.69,527.7004,10.7509,106.8673,124.6139,404.22,932.2259,126.2877,92.34,158.3956,69.1268,1304.27,55.05,170.2637,255.0763,500.5979,236.5297,241.5,575.5829,344.677,233.5737,105.09,47.3958,170.04,326.32,205.273,143.7934,72.47,254.92,514.7,139.94,208.4369,390.2203,67.448,161.6015,105.837,344.1642,77.38,68.69,98.63,204.95,242.2715,78.3702,130.12,142.8286,133.73,766.6,72.98,65.5408,212.8285,87.405,67.01,17.0004
2024-04-09,312.4304,379.97,390.96,119.6301,345.03,41.1846,440.0036,330.25,23.4934,30.6602,324.5991,105.4903,190.807,57.01,522.7925,10.815,108.7239,127.2795,404.48,937.5999,128.9195,93.05,158.7127,68.1239,1336.6,55.3,170.1347,256.1755,504.9168,234.7682,245.33,585.9251,344.1956,237.5259,111.6,47.8596,178.01,339.48,205.2046,144.4574,73.17,257.15,519.81,140.45,210.4659,390.0215,70.424,163.0157,110.1238,345.3057,78.41,68.66,98.92,206.52,247.7765,79.2115,133.57,145.7354,134.08,746.8257,72.71,66.0318,219.5892,86.6377,65.52,17.2345
2024-04-10,311.9905,377.15,388.46,119.6678,337.15,40.3865,430.7483,327.82,23.0899,30.2309,323.4839,105.3634,190.3453,57.02,525.4795,10.7143,107.4959,125.627,397.58,929.9611,127.8221,91.51,157.6773,66.0716,1305.44,55.0,168.8748,252.4706,498.3796,234.0105,239.41,570.5212,344.5422,232.8683,107.14,46.6445,177.41,331.09,202.391,142.4749,71.86,247.49,504.14,140.32,205.065,387.4272,68.7234,159.1729,107.319,341.7829,77.61,68.65,96.5,201.55,243.8783,77.822,131.17,142.532,132.06,751.5005,72.25,64.3135,214.1434,85.0931,63.89,17.0004
2024-04-11,309.1753,376.78,392.26,119.1014,337.89,40.5019,422.7756,324.9,23.1074,29.8855,322.9805,103.8797,186.1318,56.92,518.9158,10.5862,107.7666,125.4303,400.23,914.1869,126.2683,91.41,156.2687,64.7623,1311.49,54.92,167.0594,255.8343,492.7061,231.8849,238.02,571.3764,339.9591,232.5011,107.01,45.5593,179.65,311.87,201.7365,141.1374,71.81,246.42,503.1,139.62,202.1931,385.2504,68.0313,158.7145,107.9158,340.7595,77.78,68.84,96.12,203.68,242.0235,77.6707,130.7,143.3625,131.4,749.1434,71.64,64.8138,213.3388,87.9033,63.17,17.1128
2024-04-12,305.5586,376.57,384.8,118.7143,322.66,38.7806,420.3636,314.97,22.6863,29.2135,318.6083,102.5912,182.5469,56.3,518.5589,10.3667,106.0272,122.4401,396.55,898.671,124.8213,90.28,152.7944,63.7408,1261.07,53.85,165.4622,253.257,488.3185,230.2711,234.23,562.0883,336.8395,227.2444,105.14,44.7802,175.22,300.45,200.9843,139.9328,71.01,241.34,497.79,136.14,199.9582,377.7159,65.9749,146.2791,102.9327,336.5872,77.33,68.07,93.52,198.18,238.0063,75.7424,127.07,139.1407,130.42,741.3027,70.73,64.2662,210.4147,85.98,62.75,16.3358
2024-04-15,307.5624,360.85,377.36,119.1391,319.59,38.5018,426.5179,304.74,22.7302,28.8309,318.4208,104.4751,181.7906,56.08,518.2317,10.3575,105.8134,121.968,397.36,892.5719,124.9281,89.2,152.2201,64.0379,1243.56,53.43,165.0952,251.5799,490.8706,230.4777,231.16,554.7692,335.9344,226.8096,103.86,44.9936,173.94,300.41,198.6299,139.9992,70.73,235.93,491.29,134.56,197.2235,376.5331,64.7786,146.0743,101.769,333.7138,77.54,67.44,92.04,196.8,237.7186,75.837,121.16,138.6365,129.96,740.4447,72.72,63.9641,206.7057,85.8305,61.69,16.5792
2024-04-16,310.3777,357.39,378.55,118.0723,313.72,38.0498,448.7803,305.1,22.5372,28.7375,309.7948,104.6118,181.5647,55.78,523.8534,10.1745,106.1244,120.0696,394.17,888.1814,123.7433,90.05,153.0392,64.103,1228.3,53.22,160.125,251.7031,497.6237,234.4632,229.14,551.4677,333.9606,223.2246,103.79,44.7617,172.71,292.75,197.2719,137.0207,71.22,232.34,489.57,136.52,195.0671,377.1991,63.2857,149.2441,99.74,332.2673,75.11,68.12,90.53,195.15,238.3931,74.9106,117.69,135.2551,129.78,736.4701,72.26,63.5487,206.1562,85.5814,61.95,16.654
2024-04-17,316.184,359.85,374.17,118.3649,304.18,38.0018,458.4471,300.14,22.3003,28.3362,306.9722,103.9773,170.7313,55.96,521.4441,10.1562,102.9079,119.3123,393.1,895.1844,123.316,87.24,154.6493,63.7036,1198.03,52.72,158.756,250.2155,499.5869,234.8174,227.25,544.2082,333.2192,224.3842,103.44,44.3721,166.26,290.86,195.3571,137.3242,70.2,230.09,478.24,133.86,196.2727,375.0918,62.0202,148.1908,100.0086,330.6634,74.92,67.96,89.86,192.16,237.4508,74.7499,118.29,133.0305,127.64,740.4447,72.0,63.19,204.39,84.8938,61.75,16.7289
2024-04-18,317.5232,360.94,372.63,118.2328,294.23,38.1268,472.0285,301.34,22.274,28.4109,293.1252,103.4697,174.4439,55.8,514.3946,10.1745,102.2957,117.3745,393.48,888.0324,122.2769,86.45,155.0353,64.4373,1192.56,52.82,152.4268,248.9647,515.5079,233.5185,227.17,538.5101,335.8189,225.2925,102.0,44.7988,164.73,281.02,194.8491,138.2443,69.97,227.55,477.79,134.3,196.8315,375.062,61.506,149.7557,98.9137,322.2204,75.1,67.42,90.41,190.52,234.4454,74.8539,116.69,130.9444,126.11,735.691,73.75,62.463,203.4872,84.7044,64.03,16.7196
2024-04-19,320.9445,367.52,366.34,118.752,296.1,37.9537,479.6376,298.98,22.8092,28.4669,301.1294,105.6074,175.6618,55.48,520.3634,10.2935,104.2489,117.4729,394.28,890.8435,124.7339,85.94,156.683,65.4031,1188.54,52.35,156.2164,254.8205,521.623,235.3193,228.09,541.752,339.2947,226.2298,101.41,45.3831,166.25,279.73,196.8323,140.3027,70.86,226.78,476.35,130.71,195.5572,369.8038,61.4171,143.2905,100.3868,320.2326,75.38,67.33,90.42,194.38,233.6023,75.128,117.43,131.2311,127.82,716.3211,75.15,63.0295,202.6826,84.2259,62.2,16.6821
2024-04-22,317.9827,361.87,368.93,119.8472,299.23,38.848,470.1622,300.82,23.0372,28.3455,306.2615,100.3754,177.1351,56.05,522.8322,10.2935,104.0448,118.8008,399.92,894.1613,126.3362,86.96,158.0765,65.2905,1199.46,51.92,159.8473,257.6441,522.4083,233.0756,231.34,545.332,340.0554,225.9979,104.46,45.5779,164.42,280.13,198.3856,141.4505,72.04,232.56,479.57,131.52,196.9197,373.0939,62.0894,142.3516,100.2972,322.4467,76.22,68.02,90.04,194.11,234.1676,76.1583,120.25,132.3978,132.52,721.2721,75.58,63.2088,203.3793,84.0464,62.07,16.8506
2024-04-23,320.6024,363.22,377.08,119.7906,313.3,39.4441,465.3288,311.88,23.0899,28.8029,315.2626,100.9025,180.9361,56.03,527.4723,10.3941,104.5501,119.5286,404.91,901.2736,132.7555,87.75,159.63,64.231,1241.32,51.65,163.5972,259.1886,523.0953,233.9023,238.62,571.3963,339.5451,226.4617,107.89,45.4388,167.27,285.28,203.1726,141.8678,72.76,240.13,493.8,134.0,201.9088,388.0614,62.9693,146.2835,103.0144,329.5612,77.19,68.99,91.68,193.18,251.0597,76.8389,124.46,137.628,133.91,735.4346,75.84,63.2844,207.1472,85.9704,63.5,17.3374
2024-04-24,308.8723,367.41,375.01,119.9039,310.25,39.3576,466.4007,313.78,23.046,28.8589,314.8579,101.0684,180.504,55.95,530.8632,10.5679,103.8699,119.1844,400.76,900.4988,133.581,88.61,157.9917,63.5465,1235.37,51.74,164.5793,258.6864,523.8904,234.1581,240.84,574.1807,339.1888,225.9496,108.85,45.3182,167.25,278.21,203.1433,140.8908,73.21,239.43,494.26,137.87,198.782,383.6159,62.8012,147.5746,102.1982,331.4703,76.71,72.91,90.2,201.99,248.3816,75.9788,122.87,135.9373,132.74,722.1301,76.19,63.3316,207.2061,86.4489,63.54,17.5153
2024-04-25,304.4051,352.3,373.12,123.416,308.35,38.6845,472.6794,310.5,22.16,28.3269,310.0218,101.332,180.1504,55.8,535.3448,10.4947,103.8407,117.7877,397.7,884.7444,131.5124,88.01,157.5116,63.1339,1232.91,51.18,163.7857,255.2469,529.7307,235.9393,233.98,568.5522,341.3359,222.7125,106.18,41.4597,164.17,275.6,193.7745,139.2688,72.82,227.81,489.24,138.01,197.547,366.1621,61.9509,150.0002,101.611,331.7655,75.71,73.26,89.93,202.46,243.8089,74.9106,121.05,134.83,132.77,714.9009,75.68,61.6227,202.8298,85.6813,61.83,17.2438
2024-04-26,299.019,342.23,375.33,123.8692,311.3,38.5883,474.1055,309.02,22.2828,28.5322,302.6888,100.7463,214.1729,55.92,538.6762,10.5862,104.4918,117.3942,397.48,877.3143,130.3859,86.43,150.2899,62.9932,1238.09,51.68,164.738,255.8154,527.3553,237.0414,234.88,570.4118,341.2974,223.7464,107.97,41.5989,166.19,275.94,193.8234,138.6237,73.13,229.03,499.3,124.34,199.8602,358.4546,63.3351,154.9494,101.0337,330.2501,75.98,73.17,88.84,208.9,244.5826,75.3738,122.28,136.1845,133.51,723.4221,74.0,61.7643,202.8298,85.9704,64.43,17.3655
2024-04-29,296.3309,343.89,374.14,122.8495,315.09,39.0787,468.0565,304.82,22.4933,28.6442,307.3571,100.4534,213.3184,56.3,531.5275,10.7784,104.2392,119.7155,396.2,886.5325,135.4747,85.95,152.0788,63.2464,1255.24,52.56,167.7737,261.8796,524.1358,236.1066,235.48,573.6835,343.1942,225.5727,111.62,41.4041,170.26,277.11,199.4603,139.2688,73.03,232.1,505.34,125.81,201.3501,352.4676,63.78,156.2014,104.5273,333.458,76.63,72.5,89.89,215.5,244.8206,76.4325,124.73,138.0136,138.14,727.0613,73.83,62.2553,204.5666,88.6619,65.91,17.6932
2024-04-30,295.2947,342.1,370.62,121.9998,309.04,38.8191,462.9551,282.38,22.4758,28.0095,305.7779,100.5803,210.1754,55.85,532.638,10.5862,102.9759,118.309,392.81,884.7246,134.1928,84.67,153.1334,63.4902,1229.7,52.05,169.0732,259.5676,518.8354,235.2406,231.77,565.5589,343.7719,226.6937,110.31,40.7548,171.94,269.75,196.7248,137.1535,69.28,229.0,492.76,127.39,200.5072,355.5207,62.4947,155.7514,101.9892,331.1258,75.77,71.87,89.06,214.82,244.6223,75.8464,123.05,135.4924,139.01,770.3576,73.06,61.5566,204.8315,76.0016,65.01,17.4217
2024-05-01,307.1421,338.87,371.7,121.6033,315.92,38.7903,463.3475,284.52,23.8443,28.1682,305.4029,99.7311,211.1773,56.0,526.58,10.6411,103.2869,117.6008,402.14,897.4591,133.581,84.3,152.2671,52.8007,1249.75,52.94,168.8351,262.8177,515.1643,225.5475,232.94,571.794,343.9067,225.8433,111.46,41.0053,170.27,274.06,196.676,143.4045,68.78,232.69,468.04,125.88,200.9776,361.4381,72.6287,155.0276,102.1186,322.8797,76.28,72.21,89.66,216.13,244.8901,76.4608,124.68,137.1238,139.75,766.0674,72.25,61.8493,207.5692,78.0153,65.15,17.6276
2024-05-02,313.7598,339.55,377.65,121.0935,315.58,35.492,471.8275,286.54,24.3005,26.4882,304.8107,100.5218,214.2613,56.34,525.7571,10.6137,102.9273,116.5188,400.16,931.3617,132.4059,85.06,151.4103,51.713,1249.88,53.09,168.5375,263.7842,515.9201,221.1586,222.14,568.0748,331.6979,232.2499,125.59,40.5322,173.42,279.31,195.6307,142.2093,68.6,229.89,475.82,126.65,202.1539,366.4405,74.7445,163.5664,100.6057,321.4135,75.91,72.03,89.75,213.51,244.8405,76.4892,123.99,135.967,142.24,745.514,74.33,61.6794,194.9996,77.5867,65.14,18.2549
2024-05-03,313.3297,339.68,381.36,120.3854,321.25,35.4728,471.3298,287.87,24.397,26.4042,303.7448,96.5489,213.1121,56.5,524.3591,10.7784,102.9079,119.6664,401.08,950.6225,133.4159,85.25,154.2161,52.4162,1251.95,53.76,166.365,294.958,517.2452,220.3812,223.37,569.1986,328.8094,226.771,125.0,40.8012,174.43,279.83,196.676,141.5928,67.78,233.47,480.6,128.37,203.7026,363.0194,76.4154,163.4099,100.138,323.2044,76.54,72.85,90.64,217.51,246.368,77.217,117.93,137.8752,134.45,724.862,74.81,61.1601,199.1993,79.2215,64.65,18.3578
2024-05-06,312.0492,343.21,383.05,120.442,319.86,35.1074,473.1771,287.37,24.7041,26.3669,306.0148,96.2366,213.0728,56.37,528.8703,10.815,102.6552,118.5844,402.5,952.2516,131.7261,85.09,153.2181,52.4819,1250.8,54.08,167.8034,283.7677,520.1605,220.4698,227.04,570.362,329.6856,228.6069,122.13,40.7177,176.4,281.97,196.4025,140.9382,68.53,235.27,476.87,129.65,205.3689,364.5311,75.1993,162.3144,102.3376,320.3015,75.93,72.55,92.4,221.42,245.3959,77.2832,118.98,139.0221,136.87,756.1359,75.14,61.8776,197.1878,79.5505,64.69,19.3595
2024-05-07,317.3277,349.82,388.65,123.095,326.06,34.7324,479.4749,286.52,24.3619,26.3669,310.3475,97.3396,212.3068,56.53,541.1053,10.7235,103.1702,119.4401,410.24,963.5061,132.9886,85.84,153.0486,52.2662,1247.74,54.37,168.1506,284.5446,526.2854,223.1268,229.14,569.6858,333.8162,229.1577,121.07,40.8476,184.28,279.91,196.8518,141.071,71.2,236.3,483.68,130.1,208.6525,366.3311,76.5835,164.7597,102.6859,326.8355,76.1,73.43,93.42,218.92,246.7449,77.4155,112.82,139.6746,137.69,767.0734,75.9,61.8021,197.7372,81.1754,65.56,19.0974
2024-05-08,316.8488,344.41,380.37,122.3114,323.8,34.3766,481.6284,273.65,24.8006,25.9562,305.3832,95.114,209.5505,56.2,538.9835,10.8058,101.975,118.8696,418.82,949.3907,132.2117,85.09,151.0714,51.4879,1253.13,53.51,168.1209,291.1869,523.5174,220.5387,227.88,570.4515,334.442,225.708,121.89,40.5044,175.57,268.26,196.9593,141.2892,72.76,235.29,487.07,127.42,205.9276,364.6504,76.1781,161.307,102.3475,324.0212,75.86,72.72,91.99,219.72,247.5285,77.0847,110.62,141.1874,135.85,764.3415,75.85,61.2923,196.6873,80.8564,66.43,19.0693
2024-05-09,327.1517,350.03,385.45,122.9534,336.42,34.5689,485.2845,280.39,25.1001,26.3202,317.6905,95.7192,213.4486,55.98,550.3956,10.266,101.7126,119.45,418.99,961.5492,134.1734,87.42,151.0243,52.2099,1290.42,53.5,175.6405,296.4457,528.651,221.022,229.2,574.7177,337.9275,227.0802,122.69,41.4968,177.53,277.31,201.3946,142.1429,73.44,230.09,500.82,128.14,221.5126,363.5863,78.7289,164.4467,103.8505,325.5759,75.75,74.1,94.69,222.75,249.3933,78.2284,111.35,143.5009,137.94,760.9389,77.65,60.9713,200.8576,82.4714,64.83,19.2004
2024-05-10,328.0412,354.6,386.7,122.7929,351.11,34.3189,490.8166,271.7,24.9487,26.0309,322.3884,97.1541,210.4758,55.81,555.1448,10.2111,101.7806,119.3221,422.78,967.3105,134.4259,86.72,151.3538,52.3412,1510.25,53.06,176.6723,293.8779,529.2399,221.525,234.08,589.7338,335.4434,227.7276,117.31,41.6823,165.9,282.0,202.8795,142.1998,73.31,228.12,509.82,127.05,226.7468,362.1939,80.0749,165.3367,104.3083,325.3004,75.14,73.69,94.76,221.5,251.3275,78.3041,110.53,148.0688,137.52,749.5478,77.79,62.2742,200.102,83.1393,63.74,19.3807
2024-05-13,331.9414,352.35,380.88,122.0659,349.28,34.0689,489.7925,272.74,25.3317,26.3015,313.0419,95.6997,214.4822,55.8,549.8899,10.3941,101.8098,117.6303,429.93,970.4495,136.7178,84.7,151.8529,52.9507,1461.64,57.6,177.1683,292.267,528.8375,219.868,229.04,587.4167,336.1655,228.9645,125.67,41.7936,161.02,285.44,205.5172,143.4425,73.13,228.41,503.02,124.95,227.9524,356.2069,81.1239,164.2315,105.0548,319.3765,75.57,72.81,92.83,225.34,249.5718,78.9468,112.77,146.0914,136.59,747.2794,77.15,63.7659,203.4284,80.7767,63.14,19.8742
2024-05-14,336.7508,349.97,384.19,121.4711,358.99,33.8862,491.8408,278.08,25.2783,26.2455,316.3186,95.1043,212.4741,55.52,546.8857,10.1928,101.0713,118.004,428.59,978.0783,135.1445,86.46,152.1447,52.51,1496.14,57.05,177.4857,295.0717,524.7738,218.9014,231.14,591.4939,333.5466,227.0802,128.32,41.469,172.27,294.01,206.3281,143.5942,72.77,232.82,521.11,125.97,231.3242,352.5372,83.2814,165.1705,106.0302,319.1207,75.65,73.49,95.96,226.88,257.1599,79.6841,115.58,149.5716,137.01,753.473,76.87,63.8697,208.9716,80.2683,65.1,20.2634
2024-05-15,339.3412,345.84,399.39,124.3696,361.79,34.0689,495.3534,280.32,25.6702,26.3762,322.6943,94.7919,217.1793,55.61,546.8659,10.1288,101.6349,118.9975,437.49,971.6911,136.7178,90.16,154.2161,52.7538,1519.89,57.05,180.7892,302.3014,530.035,218.7732,233.69,595.6905,330.5233,229.293,129.06,41.3206,180.56,300.97,208.2917,144.8179,74.74,232.56,548.53,129.71,230.7949,349.5934,82.6381,169.4838,106.8065,326.6879,74.86,74.45,97.9,235.32,261.3258,80.0811,115.01,152.34,137.88,777.5192,78.09,63.2655,216.0186,81.6539,62.44,20.5481
2024-05-16,347.2003,345.0,396.43,123.5671,360.51,33.8189,498.9138,273.56,25.7593,26.4882,318.4998,96.3439,216.5297,55.25,551.0301,10.083,101.907,119.2434,440.64,961.5293,138.3202,90.11,154.7434,53.9353,1530.55,56.86,177.5552,300.3261,533.8631,218.8126,235.0,593.8309,326.6527,228.6456,132.68,40.9125,185.38,295.73,208.2136,146.3451,74.33,224.75,540.94,131.91,226.1587,352.1692,81.985,169.9044,107.9511,328.6461,74.95,74.55,97.9,230.04,262.6947,80.9507,114.46,152.5674,136.48,761.8111,77.14,64.068,214.8195,81.0558,61.56,20.4247
2024-05-17,348.1876,347.62,398.82,123.8598,355.95,33.8958,502.1297,271.5,25.5099,26.3949,318.6478,96.7149,215.1516,55.37,559.7156,10.0464,101.149,118.2106,445.21,975.744,140.1751,89.14,156.6924,54.0853,1522.75,57.1,176.2854,298.179,537.6127,219.0789,231.18,591.9912,326.1231,228.3364,132.9,40.8383,187.27,293.85,205.7322,146.6866,74.6,221.61,543.45,131.36,228.0798,353.6908,82.94,170.2468,109.7128,329.3349,75.02,74.65,97.31,230.57,263.6469,81.2154,111.07,152.4883,139.82,760.7047,78.06,63.9358,213.9055,81.6041,62.38,20.6905
2024-05-20,347.2296,343.84,400.03,123.6709,354.02,33.6746,495.0471,267.44,25.4119,26.2455,320.8092,96.1097,215.3189,55.0,559.2,10.1288,100.2939,117.0991,445.87,980.6908,140.01,89.78,154.9411,53.8227,1518.29,57.19,179.9658,300.1543,531.635,217.9743,230.09,590.7083,320.9815,229.1384,141.01,40.2169,184.14,291.88,202.0589,144.6592,73.47,223.06,530.07,130.69,228.1386,340.8814,81.6485,170.5695,111.4944,324.464,74.85,75.36,97.21,231.58,264.9463,79.8826,108.53,152.8937,140.93,773.7256,77.57,64.1057,210.9078,81.4944,62.03,20.662
2024-05-21,347.6304,342.32,402.11,123.4538,351.65,33.1265,501.096,264.02,25.4386,26.3202,316.9305,93.7182,214.8661,54.96,547.6888,10.0281,100.0509,117.0499,442.0,987.3262,139.2039,90.34,153.4064,53.7477,1521.29,57.4,178.7655,300.4502,535.5514,214.1079,229.38,586.8399,323.8797,226.9449,143.69,39.2059,182.79,289.45,200.6033,144.6305,73.25,221.48,518.44,130.84,226.0312,335.1629,81.8266,169.0046,112.6987,325.2315,74.55,75.67,96.76,227.69,264.3908,80.5065,107.61,151.9346,138.69,793.4742,78.4,63.5298,209.3352,81.6838,61.22,20.7379
2024-05-22,348.5786,345.4,400.9,123.7748,348.8,33.0304,498.9904,261.12,26.3649,26.1802,314.2559,94.0208,214.8562,54.97,552.6363,9.9503,101.8584,117.3745,447.53,977.2439,137.7666,90.21,150.2805,53.8602,1501.78,58.2,177.4758,295.259,537.701,213.7824,226.03,587.5162,323.9663,226.5487,163.33,39.2708,181.08,291.84,196.549,146.7918,72.38,219.0,517.94,130.53,226.0312,332.4578,82.1235,168.2808,112.1414,330.0631,74.81,75.37,96.6,225.21,265.0256,81.0642,107.39,151.1436,134.75,793.2174,78.43,64.0113,209.4335,80.368,61.89,20.8423
2024-05-23,344.2971,341.0,398.39,123.7653,336.79,32.6938,494.6642,252.39,25.5544,25.6855,311.2062,93.7572,208.2709,54.65,553.2808,9.7421,101.2851,113.9516,450.8,974.0354,135.9991,87.46,149.0094,52.1818,1479.3,57.45,175.5016,292.4821,533.9122,216.8104,227.09,581.7782,325.2758,222.5869,164.01,38.5288,170.79,290.25,192.5436,143.1578,71.52,217.55,516.1,125.6,222.3163,326.7891,79.58,167.156,111.365,324.8477,73.99,74.38,94.44,218.06,259.2825,76.924,105.85,148.8498,132.25,798.6905,77.33,62.4724,202.9959,79.082,59.93,20.2634
2024-05-24,341.4428,332.13,404.85,122.2547,336.46,32.5977,486.3756,255.62,25.7236,25.6295,314.5421,94.0891,209.9246,54.82,555.9578,9.6311,101.013,114.5024,456.95,978.4558,137.2034,87.98,147.8795,52.0787,1479.53,57.31,174.9659,291.8522,511.7975,215.8931,229.6,580.8037,320.2498,221.0795,166.61,38.2506,180.07,287.21,195.7623,140.5471,71.72,217.21,516.5,127.37,224.6296,329.8422,79.9561,166.3442,112.7386,330.1812,73.8,75.63,94.89,217.81,260.6514,77.7842,106.48,148.9586,138.54,797.6828,74.63,62.0098,202.8092,79.6004,60.45,19.9217
2024-05-28,341.3548,324.09,401.03,119.0447,331.84,32.5496,482.0782,253.77,25.207,25.7975,314.5026,92.4882,203.9299,54.0,544.5855,9.6126,99.0695,114.4237,446.88,966.6748,134.9017,87.04,146.2601,50.2877,1454.55,57.25,173.7854,286.4606,509.6185,213.2498,226.71,569.3875,320.8275,219.1565,153.2,37.5549,177.82,286.09,192.3697,138.0703,71.15,214.51,505.4,127.38,218.9641,325.6752,78.5706,167.5472,111.3352,333.891,73.36,75.17,91.68,218.73,256.6143,77.51,105.03,146.5363,143.67,798.1076,72.72,60.367,201.1285,78.5038,59.86,19.9122
2024-05-29,337.5426,315.0,398.4,118.8653,327.65,31.9149,463.9314,252.76,24.7795,25.3122,320.8882,93.845,202.7388,53.58,554.1335,9.5386,97.8839,113.2532,441.13,960.0492,134.2025,87.03,145.7422,50.3252,1437.16,56.92,178.7952,282.8154,496.2005,216.0608,225.0,564.1468,320.5483,217.4848,147.92,37.3323,172.25,285.0,188.7515,138.1277,70.14,211.48,498.35,127.64,218.9935,321.0805,77.7887,167.0582,109.2351,335.6917,72.39,74.98,91.11,214.41,253.8568,77.028,101.76,143.8371,146.69,801.7333,70.5,59.9516,199.0351,78.2047,59.72,19.5231
2024-05-30,339.566,306.04,403.39,117.5719,307.62,32.1457,460.993,256.5,25.118,25.9002,330.7281,95.3776,206.0659,53.61,556.1859,9.6959,98.8654,112.5647,443.05,963.4465,135.3096,87.89,147.1734,52.5475,1383.57,57.3,184.4201,287.2336,497.9869,217.5107,222.45,559.632,318.6996,219.1372,151.49,37.3323,175.95,282.01,189.6732,138.931,69.25,209.72,499.77,118.4,218.7975,327.3162,76.4527,165.728,107.8317,335.0816,72.58,75.0,90.23,220.07,250.6927,76.1867,101.05,129.9359,147.14,805.2207,68.96,60.4992,203.0942,78.3244,58.35,19.8742
2024-05-31,350.0644,314.58,402.12,118.5254,308.9,33.0672,474.1246,257.21,25.5277,26.1429,335.3175,96.9003,203.103,53.79,564.7424,9.8069,99.3027,113.263,455.34,973.6281,137.8734,86.89,151.8152,55.8856,1404.09,57.79,188.289,291.8618,528.5528,223.468,219.09,564.823,331.8135,224.1523,142.55,38.1114,177.19,286.86,191.1146,140.2603,69.34,208.44,496.95,118.77,218.4642,329.5936,76.3933,165.8453,108.7474,335.6425,73.78,75.57,94.31,224.94,254.7198,76.9145,104.28,128.9373,147.12,810.437,71.59,60.6786,205.4825,77.7561,59.34,20.2444
