Date,03B8CF,119CB6,131443,13C3E0,15ABD0,1921DD,24C48B,253B2F,2667B6,2D643C,2E0496,304C94,322A44,32BBAA,32CB22,353DBB,35F4B5,3F4497,4030E2,416C55,431B74,55438C,567F3D,5A6336,5E6959,5F2FF7,616E3B,636639,6844D2,6B5379,6E705B,6EB9DA,72DF04,767F86,8B4A45,92D3A0,945DE6,96F126,9A3FF4,9D30A8,9F18FA,A1EAC8,A4D173,ACF77B,AD23DE,B2256A,B4703C,BFAEB4,C20B75,C4073B,C659EB,CBA33B,CE1002,D21EF3,D56D6D,D8F347,D90F43,D96202,DCD97F,E0339F,E26FC3,E866D2,E8B21D,E94704,EC821B,ED0402,EE6F1C,EEEA9F,F46EC9,F5C8AB,FAE021,FC1B7B,FF6644
2023-03-16,78.3431,165.9217,217.1896,14.12,113.7168,72.3303,131.4819,156.5434,92.6366,193.8593,177.8092,115.53,50.2906,42.8569,385.0004,214.8055,133.4372,47.7761,77.3596,267.8989,375.0747,203.19,48.7466,175.1672,420.6627,32.7008,149.2184,135.8544,191.5364,303.4095,43.59,663.5405,166.6828,208.8039,35.005,24.3215,94.6373,436.5705,102.0016,413.12,608.8119,192.788,65.5708,64.4366,196.2756,82.39,63.5214,106.0893,78.2454,158.2267,91.3418,35.0938,71.9104,92.2998,199.2748,180.1226,32.73,128.8652,206.7601,67.2749,28.1007,28.66,210.3804,219.2581,40.0942,67.75,190.1354,53.3613,93.7191,103.5554,160.4602,428.3141,167.2162
2023-03-17,77.4485,162.9966,210.9785,13.98,109.513,71.0091,129.2537,154.4423,90.4359,190.551,177.0228,113.13,49.161,42.1536,358.7591,214.3112,132.6023,46.7152,76.3397,259.055,369.6947,201.05,47.5636,171.6478,417.9527,31.9732,146.8594,131.8104,206.7993,294.6358,43.04,646.176,162.615,205.2715,34.86,24.21,91.7737,429.7716,99.2542,408.26,590.5708,187.2559,64.1032,62.4721,196.481,80.09,61.7299,105.3879,76.8342,154.1551,89.2027,34.6899,69.6425,91.0762,196.977,177.4148,31.78,126.1253,204.9748,66.0084,27.6983,28.2369,207.1352,214.166,38.8651,66.93,183.5365,52.3044,91.3752,102.6679,159.4953,422.0818,163.2378
2023-03-20,78.4183,163.9159,215.4377,13.96,110.4525,70.7181,130.2674,156.623,92.1171,191.8874,182.3609,111.71,49.6727,43.3483,366.8632,218.1161,136.0895,47.4825,77.6901,264.3936,378.3258,204.77,48.6796,175.3896,424.3546,32.1478,148.5087,135.256,202.9789,305.1778,43.09,656.2947,160.8286,210.3314,35.265,24.679,94.8833,438.8399,101.6462,418.25,598.3237,190.9753,65.8853,63.9819,196.4712,82.02,62.654,107.5944,78.5045,157.4374,89.2585,35.1612,70.4941,91.835,200.974,177.116,31.93,127.1287,206.6285,67.0555,27.957,28.2839,211.3117,219.101,39.1328,66.76,185.2191,53.7501,94.1918,101.5972,156.6775,427.4673,167.8704
2023-03-21,78.4033,165.2531,219.5597,14.37,111.2856,72.4955,130.9464,160.9347,92.5704,191.9435,182.9507,114.73,50.9761,43.5506,386.0958,219.3004,137.5924,48.5907,79.3144,268.9818,386.0841,204.7,49.059,176.9752,422.6462,32.8754,148.1635,137.2539,206.3487,315.2077,44.26,663.0438,165.411,214.7326,35.585,24.6743,96.3791,437.9727,102.7125,424.56,612.4191,193.0416,67.4927,64.9732,198.4665,84.23,63.0971,107.9183,79.0133,160.6909,89.863,35.3631,71.4174,92.3472,201.5823,176.976,32.86,126.0095,208.94,68.5115,28.0911,29.1866,213.6351,220.9493,40.1934,67.86,185.9335,55.7342,95.031,102.1567,159.4953,428.1523,169.0021
2023-03-22,76.3359,162.6328,214.9319,13.82,109.3871,70.4586,129.8466,157.8876,91.3332,187.4484,179.8442,110.58,49.5762,42.5679,377.2938,215.5329,136.0109,46.5826,78.7572,263.7287,378.7765,196.16,48.4192,175.6313,420.8198,31.7889,145.8429,135.6421,203.7486,311.2557,42.82,651.1526,162.1296,209.9877,35.245,24.0661,94.037,432.5668,99.7729,421.05,602.5207,187.2935,65.1952,63.9728,192.7351,83.82,62.6917,106.194,77.4102,159.9401,88.3191,34.988,68.6206,90.3933,200.5685,173.4092,31.52,124.9097,205.9896,67.2849,27.1043,28.2839,210.1211,215.9404,40.1537,65.99,180.6601,54.797,94.1146,100.9701,158.428,422.0818,165.4657
2023-03-23,75.9299,161.9839,211.8966,13.63,108.1763,72.0315,131.8357,158.2959,90.672,186.3643,178.7431,107.11,49.2479,42.6835,370.479,215.6821,135.9029,45.8438,78.4739,264.4791,375.7844,197.9,48.01,176.8495,417.3537,31.1778,144.51,135.6324,203.6172,309.613,41.66,648.0069,161.1199,209.5008,35.615,24.0243,93.9681,431.6443,98.2455,418.32,599.4178,184.7763,64.6973,63.4908,191.5321,84.31,62.5031,105.4902,77.0646,158.3808,88.2354,34.7861,67.6525,90.1941,199.9893,173.8574,31.18,123.4529,206.8165,67.1552,26.9031,27.8514,209.305,216.0235,39.8365,65.85,179.3347,54.7871,93.7867,100.864,158.2145,422.8811,165.2535
2023-03-24,76.0351,161.9839,209.7513,13.72,108.8156,71.8584,134.456,160.0982,91.0876,187.1494,183.5307,111.22,49.9913,42.3174,359.428,215.9992,136.8557,45.5218,78.2756,263.7002,370.6537,197.53,48.5531,176.0374,421.8115,30.6442,148.1156,136.5107,204.2555,310.0478,41.36,646.2734,161.2558,207.1809,35.715,24.2843,93.978,437.7698,96.6412,424.96,601.6744,187.8758,65.2563,63.5726,193.2437,84.46,62.9274,106.2695,77.2758,157.5144,88.8027,35.2189,66.5588,90.9814,202.7023,176.0143,30.75,126.3086,210.0017,67.5541,27.066,27.8608,210.6876,216.615,39.896,67.14,181.5437,54.8668,95.0985,100.7965,158.8805,433.1667,166.3498
2023-03-27,76.2983,164.437,212.5992,13.94,110.4719,73.3842,134.7716,161.7611,91.5315,189.6446,182.1053,109.71,50.9181,42.6835,361.4153,216.9597,137.3174,45.2282,78.1339,264.4601,376.8968,200.57,49.0665,175.0125,422.4694,31.1681,147.2717,137.7944,206.3393,313.71,41.94,654.1229,164.3334,208.1261,36.365,24.3075,95.7887,436.7089,98.3704,427.2,610.0342,192.4311,66.5667,64.5185,193.2534,85.43,63.7383,107.324,77.7462,157.7455,89.7142,35.3343,68.5041,91.4366,205.0387,180.4214,30.62,125.8937,211.4393,68.5314,27.545,28.3497,212.8863,219.0733,40.4015,67.88,182.8691,55.6246,95.8895,101.7033,159.9478,436.0212,166.1995
2023-03-28,76.4862,163.2277,214.96,13.98,110.6366,73.2505,134.4847,162.5876,91.4276,191.1959,184.5138,109.78,51.6519,43.1171,363.4897,218.3212,138.6435,45.4839,79.0405,264.8211,379.1409,204.96,49.3046,176.6368,424.1779,31.4979,148.4608,139.3,206.9213,316.6861,42.41,658.1938,166.3042,210.1882,36.555,24.4375,96.7629,434.91,100.1188,428.89,615.2655,194.2532,66.6541,65.337,191.1311,86.3,64.2568,108.0425,78.4469,159.3915,89.7607,35.4401,68.8089,91.7591,206.6124,183.5493,30.07,126.6849,211.8809,69.3891,27.8899,28.8011,214.0192,221.1249,40.7583,67.4,180.4345,55.7941,96.4296,101.192,160.2979,436.7348,166.1376
2023-03-29,77.5763,162.9081,218.0046,14.35,112.0798,73.974,136.732,164.7584,92.2777,193.6817,187.0305,112.58,52.0574,43.7241,372.3499,223.2918,139.724,46.1848,80.2115,270.2927,384.3579,207.97,50.0486,178.967,426.4755,32.3224,150.5896,141.8383,209.9344,322.8993,43.47,657.4147,166.0712,212.8996,37.02,24.5954,97.7765,437.4469,101.2523,433.91,625.9161,196.0941,67.3966,65.8008,194.3586,86.46,64.9828,113.2835,79.5125,161.3551,89.6863,35.5939,69.8397,93.3811,209.5282,185.8929,30.87,128.2767,213.1024,70.1669,28.3498,29.5627,217.0532,223.232,41.4423,68.21,182.9631,56.5319,97.8861,101.8576,163.4914,439.1801,167.1543
2023-03-30,77.2681,164.0044,219.2974,14.47,112.5157,73.9661,138.7689,165.8139,91.966,195.1676,187.7285,111.97,51.9029,43.4447,374.3759,224.9327,140.3036,45.8722,80.8253,273.133,388.3598,211.04,50.1006,176.8495,429.0874,33.0888,154.8952,142.9869,210.6385,325.2183,43.71,651.7954,164.7994,214.3698,36.74,24.5258,97.6387,436.5152,100.9065,438.41,628.1557,194.3941,68.0955,65.6735,195.3073,86.25,64.0211,113.8899,79.8005,162.7604,89.8909,35.7767,69.7053,93.732,211.2564,185.2113,31.19,130.1002,212.8111,70.1071,28.2636,29.92,217.9077,223.5647,41.5711,68.15,183.0383,57.16,98.7736,103.2757,163.167,438.6187,167.1985
2023-03-31,79.0197,167.5587,223.7847,14.75,113.8234,75.1852,140.1651,165.9334,92.4949,198.1208,188.6132,108.01,53.3608,44.0806,383.6432,228.2803,142.7594,47.0941,82.289,278.7565,397.191,212.43,50.7182,177.8841,432.7106,33.8745,156.4678,146.6448,214.4776,324.7738,44.25,670.8252,170.3428,218.4751,37.605,25.0458,99.4494,436.1,102.53,447.36,630.0191,194.4411,70.3843,66.5739,198.3882,88.78,65.1997,112.6819,81.0196,164.9262,92.4207,36.094,72.2332,95.7239,214.5873,187.9191,31.7,130.9378,214.4273,70.4362,28.6851,30.597,221.8153,228.1671,41.9974,68.85,184.4671,58.0075,100.9921,106.2275,165.6432,439.3228,168.9667
2023-04-03,78.6138,164.2994,223.5599,14.42,113.9299,76.2233,138.855,165.087,94.9978,195.1116,188.338,108.53,53.2159,44.0228,377.158,229.1523,141.6985,47.2741,82.3834,276.7047,399.2208,215.39,50.4429,177.6134,432.8087,33.3604,157.1391,145.2743,214.8062,327.7306,43.35,665.3324,168.3623,219.4584,37.74,24.9947,99.2427,448.9137,101.8863,445.59,637.4643,196.3007,69.5544,66.4284,197.8014,90.16,64.9168,112.2387,80.8276,164.1562,90.2257,36.0171,71.2112,95.5342,212.7046,186.3131,31.46,131.819,218.3266,70.7354,28.5989,29.7978,220.0871,227.936,42.5921,68.77,187.0146,58.1172,100.7606,104.4911,165.4126,446.4305,170.8763
2023-04-04,76.8696,161.6004,217.2458,14.16,109.9779,74.7526,137.258,161.9603,93.9872,191.5977,187.3647,101.8,51.9512,41.3249,348.1347,219.8786,136.6003,45.9764,80.4381,264.8021,382.5493,213.9,48.7466,168.022,429.0972,32.9045,156.813,140.0142,212.6003,309.8256,42.54,639.5341,166.1488,207.601,37.835,24.614,96.0544,450.685,96.036,438.34,628.8139,195.6715,67.6849,64.3911,197.6742,87.36,62.0694,110.7896,77.4006,156.1765,88.0494,36.0844,69.1405,94.9272,207.24,182.8957,31.39,131.8093,215.4702,68.8904,28.2732,29.826,213.3663,218.7868,41.7496,68.02,185.2755,55.0961,97.5968,102.6969,162.7571,445.3934,168.8076
2023-04-05,76.8997,159.7569,206.4256,13.89,108.8737,74.1234,134.7238,159.2319,93.2788,189.7474,188.22,99.57,50.5127,40.5638,340.5153,215.1151,133.2703,44.8777,78.4645,259.492,359.6152,210.0,48.1439,164.841,430.1519,32.4582,156.1322,137.9102,215.8293,302.0374,42.03,629.3764,165.2945,203.8585,37.34,23.9175,95.0408,452.0226,95.2867,433.74,617.6846,195.0422,65.5534,62.2811,195.0237,85.96,60.9191,110.0176,76.2103,152.538,86.6636,37.0846,66.7561,93.144,204.4015,181.3364,31.12,130.9475,215.1508,67.7037,28.0624,29.6944,209.1514,212.3084,41.7396,67.75,185.5575,54.7272,96.719,101.8962,161.7239,448.0671,167.4726
2023-04-06,76.3509,160.1502,206.4069,14.01,109.4258,73.6122,135.0298,158.5345,92.7593,191.9622,187.1976,99.8,50.7733,40.2747,344.3929,213.5117,132.8577,44.5556,78.6628,258.5231,355.6037,211.37,47.8835,165.0248,428.4801,32.6814,156.9377,136.6362,217.8662,301.9311,42.66,624.9062,165.0712,199.696,37.19,23.9036,94.8243,452.1887,95.719,433.83,619.1377,193.6051,64.6536,62.2902,192.0993,85.53,60.9096,110.0152,75.3463,150.4011,86.1892,37.2962,66.5947,93.0017,202.7698,185.4728,31.18,131.4026,213.9575,67.5242,28.7618,29.7038,208.1241,211.3657,41.1846,68.36,185.1909,54.2985,96.7094,101.6261,161.0237,447.5723,168.3832
2023-04-10,77.253,164.5845,211.4376,14.15,110.3073,74.2099,135.7853,160.9355,94.0911,189.0651,187.0403,102.2,51.2368,40.7565,353.7474,214.4775,134.3606,45.0008,79.7488,261.4488,362.9918,210.78,48.3448,165.4212,429.0111,32.953,155.6144,139.0298,217.3969,304.5401,43.13,634.4504,169.0613,205.7679,37.485,24.2239,97.0187,458.2588,96.4299,436.16,627.3351,196.9394,65.4835,63.3725,193.4197,88.62,61.7299,109.5963,75.9607,151.5465,88.4865,37.075,69.4453,93.2009,206.2069,185.2207,31.74,130.6763,215.2165,68.2123,28.733,30.2491,210.6972,215.6631,41.7496,68.82,187.2684,55.3055,97.9537,103.8834,162.4582,453.424,169.4618
2023-04-11,78.6062,167.1408,215.3253,14.32,110.2782,73.856,137.7552,163.1173,94.1855,192.3454,188.2102,101.46,51.594,41.932,359.2051,216.1935,134.5964,45.9291,79.7393,264.5741,366.3588,212.32,48.3969,165.3728,431.4402,33.5447,156.4391,141.8094,217.3312,307.2553,44.32,631.4703,170.4011,210.6083,37.87,24.4515,97.8946,450.0392,97.3425,437.75,631.5321,196.4604,65.9639,64.6049,196.1778,92.37,61.8148,109.6572,76.575,152.8556,88.998,37.2193,70.5479,93.5139,209.3737,185.7155,31.12,130.7828,214.4836,68.1325,29.0396,30.7569,211.6189,217.992,42.2848,68.8,186.977,55.4351,99.0919,105.205,164.3282,445.5551,169.9127
2023-04-12,78.4634,167.1752,218.1076,13.0,110.7625,74.0055,139.1706,164.3826,95.8856,192.8126,188.918,100.14,51.3333,42.2595,364.5561,217.8719,136.0797,45.8344,78.9838,267.0439,369.7836,212.34,49.7212,169.1049,435.1477,32.7299,158.7021,141.9928,215.3975,313.5747,41.44,638.268,170.3525,210.5128,38.07,24.405,98.0323,450.2791,97.5538,439.37,637.1822,197.7378,64.5924,65.5826,191.2973,92.93,62.2485,110.5534,77.4966,156.1476,88.1052,37.6713,70.019,93.2198,209.2868,185.5568,30.59,132.642,215.3951,67.4843,28.8959,30.315,213.0111,219.8865,43.0282,68.59,187.6444,56.2527,99.825,105.8899,162.1082,449.8368,170.8321
2023-04-13,79.8016,163.5914,216.4776,12.95,112.2445,74.1628,140.1556,164.4224,96.0368,193.4294,191.3167,103.49,51.7098,42.4908,361.9096,216.8217,136.0011,46.1943,80.6553,264.1846,370.1203,213.59,50.0188,169.9461,435.1772,32.3709,159.9967,142.3595,216.8994,308.7724,41.97,629.8049,169.5273,211.6298,38.37,24.3029,97.8454,454.006,98.1206,442.49,644.2684,198.6019,65.9989,65.1096,193.8011,93.34,62.5597,111.9757,77.9094,154.6749,88.8957,37.7963,71.0678,94.3296,211.1212,184.8005,31.44,133.7169,216.1983,68.1724,29.145,30.2867,212.6078,220.7922,43.1372,69.77,189.4022,55.814,100.8764,106.3432,163.0901,451.1594,173.1926
2023-04-14,79.5159,166.4919,218.8477,12.79,111.4018,75.0593,138.8359,165.3988,96.0368,193.9995,188.6132,101.73,51.1112,42.6835,366.4754,216.9061,135.9029,46.0711,81.5524,263.4152,373.0351,201.71,49.9742,169.1823,432.6203,32.759,158.5103,141.8866,216.5427,308.3472,41.67,634.1095,171.6146,213.5488,38.56,24.7347,98.1406,450.1776,98.697,439.92,642.6528,197.193,65.798,66.1373,191.1702,94.36,63.2857,111.6907,78.0054,155.7626,88.8864,37.3154,71.1933,93.77,210.3488,185.3701,31.48,133.0197,215.1777,68.4018,29.1834,29.779,210.774,221.7441,42.1659,69.22,188.481,55.5348,100.7413,107.7227,164.6869,449.6465,173.7673
2023-04-17,80.2752,167.5489,219.7002,13.1,112.0895,76.1053,139.6678,166.2257,97.3874,195.9807,188.918,104.18,51.2271,43.1363,371.778,218.2939,136.7575,46.7815,81.7602,263.9282,376.5464,205.03,50.0932,170.6326,435.5804,33.5544,158.6062,143.0158,215.2473,314.4347,42.38,643.566,171.4981,215.0381,38.71,24.8601,98.4752,451.6997,100.3205,438.11,644.8838,198.5361,66.5492,66.6285,192.3243,94.3,63.71,112.5115,79.0805,156.9562,89.0725,37.4789,71.3995,94.4055,211.1309,186.78,32.08,134.2785,216.8504,69.04,29.1738,30.3808,212.0606,222.3541,42.493,69.69,190.3516,55.9137,100.9439,107.2211,165.0455,451.7588,174.9254
2023-04-18,79.8918,168.8172,221.0492,13.29,111.9152,77.4423,139.4575,167.1621,98.8514,195.962,189.8716,103.86,51.0533,43.1749,375.4228,220.6569,136.7869,47.4162,82.4118,262.9972,381.6162,208.37,49.9816,170.2555,434.4003,34.3014,158.5871,143.1123,215.1535,313.7487,43.04,648.9419,169.8186,215.0,38.855,25.004,99.1443,462.5577,100.2052,436.09,651.7135,199.1466,66.095,66.4648,190.5247,96.72,64.6246,112.0,78.9941,157.5626,89.212,37.7001,72.5559,94.3201,211.015,186.2478,31.73,133.2811,217.323,69.1497,29.1354,30.1457,211.7533,223.8697,42.9786,69.86,192.1658,56.153,100.5002,107.6359,165.7542,456.2118,174.1032
2023-04-19,79.7489,170.1003,219.6346,13.63,111.3921,77.8827,137.9656,165.3888,98.313,196.1022,189.557,103.36,50.9857,43.3387,366.9795,218.6408,135.1366,47.6151,81.5619,260.5844,377.8451,208.71,49.498,170.5939,435.7181,34.8543,158.3186,142.3981,215.4163,312.5215,46.27,648.0556,173.2068,214.4749,39.04,25.0783,98.5244,456.792,100.0803,427.64,650.1835,198.2074,65.9989,66.3101,190.6323,94.47,64.0023,110.6484,79.1957,157.2834,89.2864,37.6521,71.9822,93.0965,209.7889,188.61,32.04,133.1843,216.2267,68.7209,29.2792,30.5124,209.1514,221.587,42.8993,69.69,191.3292,55.4451,100.0661,107.8867,167.3851,453.9282,174.8812
2023-04-20,78.734,170.5329,219.6627,13.32,111.8958,78.4568,136.3782,166.664,97.1324,197.9525,191.2676,103.39,51.3929,43.7241,363.9841,220.9757,135.5296,48.3065,81.0897,260.1189,375.5267,207.23,49.3343,170.6036,435.846,33.6029,158.8939,142.0893,215.3131,308.5598,44.89,649.7502,175.2844,212.2027,39.04,25.3523,98.9869,452.5853,100.0899,426.2,652.2008,198.8367,65.2214,66.01,197.7916,94.73,64.8414,111.7589,79.4357,156.8599,90.3187,38.3734,71.5608,93.1345,211.1695,189.1703,31.5,133.9493,215.017,68.5613,29.5187,30.2867,208.5657,239.257,42.8201,69.01,190.6994,55.1958,100.3266,107.7806,166.4885,451.1784,173.9441
2023-04-21,78.5461,171.4965,218.1638,13.4,111.15,78.2602,137.411,165.1796,96.5751,197.7563,193.4598,102.78,51.8292,43.5699,361.2505,221.4726,135.1465,48.1076,80.8347,261.6578,372.0058,205.15,49.6914,171.0677,438.0292,33.3022,158.3665,142.5333,216.308,309.9802,44.45,652.6134,171.2748,211.4348,39.195,25.4498,98.8393,445.1591,98.9372,427.79,653.4573,196.0284,64.0333,66.5284,198.3198,93.87,64.8508,111.9976,79.4165,156.7829,90.5792,38.1137,71.7132,92.6982,211.2854,185.6689,30.83,134.2204,212.6544,67.7436,30.4863,30.2303,209.0746,243.0646,42.5524,70.0,189.9098,55.1759,100.6159,107.3079,166.6849,449.0947,173.3518
2023-04-24,78.9821,174.2445,220.0656,13.32,110.9175,78.7635,138.3673,167.6403,96.7735,198.0366,192.4866,104.7,52.3333,40.4,371.8652,222.8792,135.284,48.3349,80.8253,262.2563,373.2949,205.77,49.751,171.8412,440.3402,33.0985,158.8651,143.4212,217.9226,312.0673,43.93,657.6874,171.2748,214.468,39.275,25.5008,99.8627,443.6554,99.0813,425.99,654.124,196.5919,63.649,67.0923,196.5201,93.72,64.9828,111.5324,79.7237,157.6588,91.6766,38.383,71.5788,92.6697,210.793,187.0041,30.68,134.6949,212.163,67.8134,30.0648,30.2397,209.5451,239.4696,42.8894,70.26,190.0132,55.2058,100.8378,108.6102,167.2314,448.0766,173.9706
2023-04-25,78.4634,166.836,218.7072,12.84,110.162,77.4187,135.0202,166.5943,95.4795,193.5602,189.4489,102.1,51.6935,40.7757,366.078,220.3849,133.5158,47.5866,79.8149,261.1639,365.0505,202.19,48.5978,172.9144,430.1126,32.1187,158.7692,140.3906,211.6428,306.4146,42.49,654.2885,167.5177,209.8605,38.765,24.8461,99.1738,438.7292,97.9381,416.08,644.5077,193.8399,62.6356,68.0291,193.6838,92.39,64.6528,108.8681,79.3397,157.6492,89.1562,38.2002,69.6156,91.1331,206.7573,181.8406,29.59,134.4819,210.4997,67.0156,29.6049,29.4217,206.7799,238.2959,42.6119,68.5,187.3624,54.2786,99.2752,105.7934,150.5296,442.8909,173.2457
2023-04-26,77.3733,150.1952,213.433,12.74,109.1255,75.6649,133.8248,163.4561,92.2588,187.8596,187.001,93.04,50.8209,39.1667,363.5285,216.953,131.3744,48.1644,77.8884,257.0792,360.3752,203.03,46.9163,171.8025,423.9071,31.7695,156.8898,135.9027,209.1084,301.1388,42.095,642.5921,160.7898,207.5184,38.555,24.5143,94.9719,425.8509,103.2601,404.92,635.0367,187.7161,61.7009,66.4829,194.2804,90.34,63.644,107.0683,78.6005,155.8588,86.0311,37.8155,69.2571,90.2984,203.5905,178.8061,29.68,132.9035,203.0244,65.3801,28.8768,29.055,201.4129,234.858,42.037,71.92,182.8691,53.2516,97.4039,102.9573,147.3532,427.3055,168.7722
2023-04-27,79.1851,153.9756,216.2996,12.88,111.8861,77.1198,137.2388,168.3377,93.8739,187.7101,188.8492,99.6,55.775,39.9471,346.7097,225.5703,134.9402,50.0967,78.2189,269.4187,357.7201,206.04,47.3181,179.3537,445.4737,32.3321,154.9911,139.5413,212.084,312.3959,42.83,678.178,165.11,205.733,38.88,25.2107,96.1823,428.969,107.0546,410.99,648.9013,189.1438,63.8848,67.0013,201.205,92.1,64.932,109.7935,82.4403,161.6824,92.709,40.0083,73.8198,91.9488,208.6206,180.7108,29.7,133.3295,203.8371,65.3801,29.1163,28.0959,199.5407,239.7284,43.3454,77.17,186.1215,56.831,100.1529,107.6552,151.7848,435.4788,175.5885
2023-04-28,79.8542,157.5054,220.1873,13.64,111.8377,77.8355,139.0558,169.0052,94.3556,189.738,190.8252,102.22,56.3083,40.294,350.0541,226.8644,135.4903,50.6839,78.625,269.2193,363.6556,206.78,46.9387,179.6534,447.2439,33.2828,159.2295,141.0662,213.8112,313.9226,43.8,677.4087,170.1778,210.0237,39.525,25.164,96.1134,428.4616,106.1324,414.4,653.9103,189.4067,63.7713,67.929,203.8066,94.77,64.6763,110.9991,81.8836,160.8642,93.8158,40.6334,77.3965,93.1155,208.8427,182.7277,31.05,140.0401,206.3415,66.7563,29.3558,28.4814,198.0909,239.7376,43.9005,76.95,183.4425,56.8509,100.1626,109.816,153.5352,438.8947,176.6759
2023-05-01,79.576,156.2026,219.7564,13.89,112.7191,79.5736,137.8796,168.5768,94.7617,194.9527,189.3112,102.52,55.8526,39.6677,350.5678,230.4932,136.8753,50.5419,78.71,268.4973,367.5998,203.87,47.5264,181.4808,451.0301,33.6805,159.9391,141.3075,216.4395,316.3286,44.41,677.7885,171.3234,208.5551,39.2,25.5098,96.6251,433.0557,106.3245,416.76,657.4919,189.8764,63.911,68.02,200.8822,93.85,66.4284,112.5943,82.5075,162.462,97.1361,39.6909,77.7909,93.2578,210.0206,185.4634,32.74,140.3887,206.1431,66.866,29.9881,28.7635,198.5901,242.5471,43.9104,76.11,183.0289,56.9506,100.7992,112.353,155.576,440.2743,177.2418
2023-05-02,77.4184,155.1358,213.255,13.77,110.8303,79.8331,146.5628,167.4909,93.3827,190.5417,185.782,102.8,56.0853,40.294,344.5383,219.7848,143.0246,50.5135,77.6429,265.0491,369.216,203.25,47.5115,182.3123,453.0855,33.4962,159.8624,139.6957,214.3932,314.0579,44.53,670.8252,170.1875,206.5201,39.36,25.4023,95.1392,423.3324,105.2966,413.0,659.8084,184.7763,61.9979,65.8736,194.9552,95.2,66.0874,111.7565,82.8051,166.7647,97.0989,40.2103,76.6346,92.167,210.3971,183.0731,36.52,140.3693,201.3044,67.2051,29.7678,28.1711,198.4845,242.2051,44.5646,74.75,178.1973,56.9307,100.8185,109.2372,151.8531,427.0391,175.2791
2023-05-03,77.3057,157.643,210.2666,13.79,111.644,80.0376,148.3033,167.5905,91.7676,189.6913,200.5183,114.74,55.9011,39.5906,339.5072,217.7313,142.0227,50.9207,79.1538,264.6786,367.696,200.93,47.6157,171.8508,448.8567,33.1082,160.4474,139.3676,214.5058,312.3186,44.48,665.7609,169.838,206.9905,39.45,25.2761,96.1724,417.9634,104.6722,411.06,657.5175,184.8796,60.1896,65.146,195.6105,107.46,65.7844,111.5446,82.1139,165.9273,97.7174,40.0564,77.5758,94.9272,208.1089,182.3822,37.84,141.4054,198.4693,66.4671,29.6337,28.9515,201.7201,242.4731,44.3069,73.7,175.4995,56.4621,100.4616,113.636,150.1368,422.1865,175.0139
2023-05-04,76.5614,153.4988,207.4561,13.51,111.6827,78.1108,146.3715,164.7313,90.5964,191.8551,202.278,109.03,55.3775,39.7794,318.3262,213.0334,140.392,49.9451,78.1339,265.2201,359.3939,197.05,47.4223,170.1685,445.9655,32.0896,160.9172,137.0029,212.4876,311.4199,42.92,650.0716,169.8671,201.9414,39.115,25.2481,95.8674,416.9117,102.8182,408.57,649.6279,181.0193,58.8967,64.5912,192.9111,106.79,65.5287,111.5251,81.8836,162.1348,95.555,40.2391,77.2531,96.3499,208.6882,183.9975,37.49,141.1924,197.373,65.1806,29.9977,27.5411,199.2142,239.063,42.9279,74.34,174.5877,56.9207,102.5644,112.8257,147.968,420.7783,173.4755
2023-05-05,77.6966,155.8241,212.0746,13.87,115.3925,78.8343,146.1898,170.4299,91.2198,196.3615,207.3114,114.18,56.1047,41.0182,331.5776,215.959,142.4549,50.6271,79.7015,269.2288,366.609,198.34,48.1514,170.9516,450.5286,32.9239,161.5118,139.4737,215.238,322.0586,44.81,659.7107,173.8961,206.4625,39.445,25.5472,97.5895,420.242,103.8365,413.0,655.7823,185.5089,60.2769,66.1737,195.7181,111.25,66.6557,113.5806,82.5171,165.492,97.1919,40.1718,76.6166,98.4367,212.5694,187.8911,37.75,141.2408,200.2743,65.9685,30.5247,27.889,202.517,241.0314,43.6521,74.6,176.4677,58.9945,105.1109,113.5106,150.06,425.1361,175.4205
2023-05-08,76.9373,153.2038,209.6014,14.36,113.6103,79.3691,145.8934,168.2481,90.2375,194.8186,206.5642,110.47,56.7736,41.2312,330.4531,214.3837,142.4549,51.0533,79.1444,267.0249,365.8009,197.26,48.2109,170.8936,450.6564,33.1761,162.0871,139.0105,216.5803,323.5467,45.86,662.3573,173.0903,206.1746,39.71,25.3977,97.7666,416.0169,103.385,413.45,660.1503,182.4282,58.6783,66.1919,196.2267,113.67,66.5894,112.0877,82.3251,164.36,95.7596,40.0756,75.4871,98.228,210.3295,186.6866,38.83,141.2214,199.1308,65.5297,30.5438,27.8232,202.2386,240.1627,43.4636,74.3,176.0259,58.7652,103.5386,112.4302,148.9072,420.7878,174.1209
2023-05-09,75.7795,153.4545,207.072,14.47,115.0342,79.432,145.8838,170.3601,90.927,195.9663,207.8226,111.77,56.6379,41.4054,331.6799,214.0274,141.8557,50.9207,78.9933,263.8522,366.9457,201.88,48.01,171.9185,449.968,33.1761,162.4995,137.6592,214.609,327.6726,46.36,668.5002,170.7797,204.9267,39.75,25.4537,97.4222,417.0132,103.6059,410.58,691.0165,182.663,58.4162,66.6921,194.9161,114.65,65.6518,112.4043,82.0275,165.0083,94.4854,40.1046,73.2461,98.6074,209.3061,187.2935,38.19,142.335,199.5939,65.1707,30.678,27.8608,199.8575,237.8616,44.4061,74.0,177.5393,58.7951,103.0177,111.4366,147.7289,420.8544,174.2801
2023-05-10,75.8547,154.5656,201.929,14.34,111.0337,78.2838,148.0833,170.7885,90.9554,196.1545,210.8406,112.84,56.6282,41.6957,327.1818,214.4962,142.1209,50.4282,77.8884,256.5662,365.9355,200.84,48.0249,172.7597,451.689,32.7881,163.5447,136.0571,212.4501,315.8551,45.52,665.5216,171.4593,204.6195,40.0,25.5145,96.1921,418.0372,104.0478,413.9,692.4953,186.2885,59.0015,65.7826,198.9359,116.46,65.5571,115.2026,82.0275,163.6151,93.6205,40.7799,72.7441,98.4841,208.9296,185.8649,38.79,143.4002,199.9057,64.6022,30.4768,27.4941,199.4158,237.3163,43.91,75.45,177.6803,58.2368,103.0274,109.9993,146.4993,421.5395,174.4657
2023-05-11,75.7645,152.6041,203.2405,14.07,112.5835,78.2602,147.9399,170.9479,90.2375,197.8573,211.6861,111.96,56.8609,41.4538,325.2638,213.6992,141.2172,49.8031,77.9074,256.9462,358.6243,201.84,47.7199,170.9807,450.8629,32.2254,163.1995,134.455,211.0515,315.0689,45.08,668.3635,171.6053,201.6055,40.29,25.6454,96.5169,415.7678,104.5858,413.64,681.1609,184.8045,58.6608,65.8827,199.2,117.27,64.7805,115.4949,81.154,163.0442,92.3556,40.9053,72.1166,98.228,208.7751,184.9499,38.42,143.4292,196.617,64.2532,30.4576,27.2402,199.6559,236.6139,43.6124,74.97,175.6593,57.7782,101.3972,108.398,145.3551,414.7078,172.395
2023-05-12,75.3811,151.4488,203.5215,14.02,111.5277,77.7018,147.8155,173.1995,90.6626,199.3626,211.3715,111.49,57.0063,41.0376,322.9077,214.2806,142.8478,49.2537,78.4206,259.3791,359.7691,200.7,47.9951,171.8412,454.0591,32.2351,162.2885,133.9241,209.2586,314.4865,45.08,668.6076,171.2841,201.1351,40.905,25.5869,96.4283,415.8601,104.4417,410.98,680.0582,183.405,58.5997,66.1464,199.4739,115.84,63.6819,115.8073,81.0196,163.1023,92.2998,41.079,70.6286,98.4272,208.8427,185.7996,38.45,143.497,198.422,63.1163,30.4863,26.9205,200.1551,236.6232,43.6124,75.37,175.5465,58.0773,101.0403,108.9671,145.2603,417.4766,172.075
2023-05-15,75.5465,150.6671,204.9267,14.28,110.4332,80.2185,147.6912,174.1559,91.3332,200.3128,211.3518,116.68,57.3165,41.4344,328.0386,214.9838,143.7515,49.6042,78.9908,261.5544,356.1424,202.77,48.8582,172.2472,454.2263,32.7105,161.6556,134.7059,208.7799,318.0877,45.2,654.7105,170.8267,202.8149,40.81,25.3416,96.7629,416.9025,105.0757,414.67,690.7858,185.4244,59.0889,66.2101,201.0583,118.16,64.5911,114.5134,81.1252,164.3987,93.0252,40.8378,70.8975,98.4746,209.3061,186.4065,38.14,143.1291,198.6583,63.964,30.6684,27.3154,199.5983,238.222,44.1779,75.98,175.6593,58.7553,100.9342,108.7066,145.562,418.057,172.6883
2023-05-16,73.6821,146.7097,199.1935,14.2,109.9489,79.5342,145.8551,169.055,90.162,199.88,214.419,112.34,56.5991,40.7956,317.913,211.9176,142.003,48.7233,77.1187,257.5854,348.8985,200.87,47.9951,167.1422,452.2102,32.8075,160.8405,132.7273,207.7004,312.1084,45.35,648.7238,166.4378,198.889,40.6,25.0705,95.1195,413.0372,102.309,409.96,689.8711,184.5321,57.8309,64.3575,198.6718,119.2,63.6534,113.7566,79.6181,161.0028,91.1186,40.5001,70.5927,97.3933,206.7862,183.8201,37.44,142.0929,196.1823,63.0565,30.3522,26.8359,194.6153,235.2831,43.8902,75.87,172.9332,58.3564,99.6031,107.3851,143.631,414.4984,170.2887
2023-05-17,75.3134,149.33,202.0789,14.91,112.0702,81.3746,146.0655,169.1248,91.2104,202.2508,215.4119,116.32,57.2584,41.5215,331.2418,215.0589,143.3488,50.0588,78.164,262.0219,354.0837,206.87,48.4415,169.1919,446.8997,34.8543,159.872,134.9761,212.0371,321.2132,47.75,655.5699,167.4986,203.5925,41.0,25.3416,95.9264,421.8656,104.7587,412.97,700.8551,188.4863,58.7744,65.2792,201.0485,120.11,64.6668,113.6053,80.3956,165.4436,93.667,40.1914,73.2999,97.6494,209.5089,185.6595,37.84,140.9309,199.7073,64.2333,30.6109,28.0959,196.6219,238.0002,44.3168,76.0,174.6817,58.855,100.2687,109.4398,147.7258,425.6404,174.208
2023-05-18,76.0461,150.6426,202.5601,15.05,112.8257,81.7992,147.4521,171.2468,91.3529,203.3704,216.8964,117.88,57.6365,41.8796,335.5451,213.4742,145.1759,50.7692,78.2115,268.2044,356.4406,207.24,49.0218,169.366,450.9121,34.8155,158.2227,135.922,216.2987,325.3191,48.13,663.4023,166.107,206.1074,44.185,25.8183,95.9461,420.4357,106.142,417.72,706.0949,188.9089,59.91,65.3522,205.7236,122.31,65.4813,115.28,81.4462,168.9363,94.3924,39.709,74.528,98.8919,210.0785,185.6315,39.25,140.1272,199.3387,65.1009,31.0325,28.1711,197.102,242.9758,44.8227,78.03,174.6911,59.7523,100.7317,110.6167,147.45,422.0818,176.1898
2023-05-19,75.5806,148.1747,204.4758,14.82,113.2616,81.9959,146.5723,171.0675,91.3529,204.8474,218.3612,113.79,57.3553,41.4151,339.8095,213.8305,144.9598,49.7746,78.3921,268.3953,349.7355,205.49,48.8805,167.5386,450.1352,34.5245,158.5679,134.6094,215.0314,323.0769,47.54,665.8341,163.8493,206.165,44.12,25.7061,95.8575,419.2734,104.9988,416.26,703.069,188.4487,59.7179,65.48,205.5084,120.24,64.7994,114.8601,81.5041,168.4913,93.4066,39.6029,73.1565,98.6453,209.673,185.7809,39.18,140.4952,199.0741,64.2931,30.9558,27.7198,196.8139,242.6038,44.6045,78.5,173.3374,59.5828,101.2718,110.5202,147.3552,421.8059,175.39
2023-05-22,77.626,148.5385,205.7498,14.38,113.3875,82.2239,147.0027,170.3502,90.9063,205.3178,214.5567,118.28,57.3747,41.0666,337.0737,213.1647,145.3134,49.3011,77.6508,269.502,346.8014,205.91,49.4162,165.5565,449.7025,34.3984,157.5514,135.3139,214.656,324.3388,47.41,655.5992,164.3164,205.6658,44.58,25.8884,96.7038,419.4855,105.4407,420.91,690.5806,190.9377,59.8489,65.1515,210.5845,120.17,64.5816,115.1384,81.0414,168.5203,94.0204,39.2556,73.282,99.4231,209.4019,185.146,39.17,139.401,200.8413,64.5923,30.563,27.5693,200.3568,243.013,44.4656,79.85,175.0295,59.5629,100.6449,110.3851,147.8552,421.5775,175.0167
2023-05-23,76.8551,148.1206,203.8152,14.07,112.3607,79.9825,144.5067,165.9865,89.4048,201.3288,212.1088,117.55,55.9689,40.1762,334.552,209.1608,143.3881,48.4202,77.0806,265.6761,346.7821,202.6,48.382,162.4529,442.5235,34.8349,156.0938,134.4646,212.7411,319.136,47.87,644.2119,166.9341,204.178,43.265,25.3883,95.2376,417.5575,103.6155,404.67,669.4845,190.0736,59.8576,65.1515,205.4498,113.01,63.1988,112.4432,79.2679,165.7919,94.3738,38.4356,72.9055,98.6928,212.6362,183.3626,38.66,138.1809,195.5774,63.7945,30.2852,27.7198,196.4203,240.381,43.4239,78.5,173.61,57.8574,100.4519,110.5009,146.3724,421.5395,173.2748
2023-05-24,74.0236,147.7175,198.6722,13.8,111.0047,79.4163,143.4739,165.9367,89.0057,198.4877,212.9936,116.11,55.0188,39.9729,325.0301,208.1481,141.7083,47.6245,75.0279,257.8144,340.6253,199.27,47.4669,160.7029,434.5675,33.8842,155.9404,130.9129,209.8406,312.5646,46.66,641.2235,163.7325,201.2887,43.23,25.1686,93.1907,417.6405,102.0977,394.16,666.4158,189.773,59.4969,64.2845,203.5586,114.04,62.8389,112.8607,78.1691,162.7056,92.3742,38.4934,71.0768,97.4218,207.039,179.1889,37.96,137.9679,195.1805,62.0991,29.5953,27.212,192.1766,237.4236,42.8981,78.66,171.7394,56.7603,97.481,108.2629,144.5879,420.0266,170.5109
2023-05-25,74.0694,152.491,199.078,14.38,109.6067,79.841,141.6952,172.2032,88.4925,198.7134,214.9794,116.43,55.4066,39.8761,332.5172,208.0637,143.1523,47.8532,75.0945,260.877,341.3949,200.87,48.5022,161.9598,441.9924,34.6797,155.2308,130.5075,211.2768,317.5344,47.48,644.1826,166.3794,201.5575,43.875,25.393,92.374,408.5169,101.1082,395.13,672.4677,187.1836,59.0835,64.8138,202.9609,116.79,62.9715,113.3269,78.4872,171.2003,92.4672,38.0497,69.526,98.3039,210.2831,180.4027,37.95,137.2222,193.1203,62.3484,29.6241,27.4941,193.7416,237.8607,42.9179,77.52,165.808,57.4285,95.3879,110.2211,147.6138,412.4813,170.8753
2023-05-26,73.9854,155.2637,200.6633,14.35,110.6843,80.8004,143.0532,173.3489,88.6255,198.1019,213.3966,115.43,55.8429,39.5761,341.7081,211.0455,145.5983,48.3676,75.5601,273.0894,343.6364,203.63,50.5132,161.2733,442.5038,34.8155,154.6555,132.2544,210.4038,323.1157,47.26,648.6945,165.6982,203.3045,43.94,25.7809,93.3992,413.7014,102.8854,397.31,677.4084,190.2267,59.3826,65.115,206.4002,115.58,63.142,114.4304,78.8342,176.5313,90.7187,37.9435,70.5479,98.4841,213.837,180.3,38.45,136.6122,193.9708,62.6376,29.5187,27.8796,195.3642,239.3394,43.156,78.49,168.0358,58.735,95.1846,111.427,147.9069,418.8648,172.1906
2023-05-30,73.3138,156.124,197.285,14.62,109.8397,80.533,141.3318,178.7636,88.4165,198.6852,214.9401,113.25,55.4357,40.4085,337.3755,209.9672,144.9205,47.6245,74.4958,273.6237,338.0327,204.69,50.0812,161.0606,444.2445,35.1938,155.4993,132.6613,212.2717,320.5629,48.01,638.7624,166.6519,202.75,44.3,25.6594,93.1133,413.2586,102.8662,396.52,667.1253,190.9449,58.7404,64.9416,206.5178,117.67,63.161,115.1311,78.2944,175.9024,90.728,37.9918,69.4543,100.0681,213.7305,182.5561,37.56,137.5031,193.9614,62.9069,29.7783,28.0206,194.7017,238.6884,42.9163,78.65,165.761,58.2862,95.4169,111.0315,146.3465,418.7119,170.0754
2023-05-31,71.215,152.6139,192.8969,14.78,106.4029,79.8488,140.3086,176.9155,87.5612,195.8534,215.4021,108.92,53.7779,39.5858,324.9815,205.1006,142.504,46.0336,73.821,265.8097,332.8331,205.7,48.4947,157.8216,446.6932,35.2423,155.2692,129.1641,204.6122,311.0406,47.465,633.8403,162.4868,197.4972,43.795,25.1686,91.3191,412.367,100.6183,388.65,661.3042,190.3117,57.2008,62.7695,204.4209,115.95,60.5565,115.2654,76.6366,170.1844,87.9285,37.9339,67.2043,97.8391,211.0384,180.9768,37.93,137.1448,192.9596,61.7002,29.4898,28.0865,191.2165,231.4436,42.412,79.4,165.3662,56.5109,96.9751,107.0525,143.9672,416.1604,170.2798
2023-06-01,71.9553,156.1584,195.2089,14.7,107.5873,82.3183,142.4889,175.3912,89.4143,199.6448,216.2475,113.56,54.6019,40.1665,330.3363,208.1481,144.3507,46.7385,75.4081,267.5938,339.1727,207.96,48.7629,161.1533,445.2967,35.2908,156.7909,130.84,203.9645,316.4278,47.41,639.9832,164.7835,200.684,43.895,25.192,91.7332,417.6236,100.6375,391.41,665.1508,190.1511,58.3797,63.8966,204.3523,115.86,61.1626,116.2077,78.5643,173.2224,88.8084,38.8022,68.2531,98.522,214.757,183.9474,38.48,138.2099,194.0465,62.139,30.1725,27.3718,193.2903,234.9869,43.3842,79.73,167.3815,57.997,98.843,108.188,144.6827,419.0463,172.2883
2023-06-02,78.2518,157.1514,205.5327,14.87,111.6357,83.207,146.5532,179.4061,91.3054,203.0881,217.6239,114.78,56.7154,42.0442,352.0576,214.8994,148.0148,49.0345,78.6962,279.3959,356.9697,213.32,50.1035,168.0497,451.2563,35.902,158.8711,135.4901,208.1416,330.7355,48.5,661.9179,167.956,217.5396,44.015,25.8791,96.5342,422.1001,104.97,397.42,678.5452,196.0764,61.4764,66.8946,209.3496,118.97,64.7899,117.5651,82.5065,180.4206,91.4295,39.1977,73.1361,100.9882,220.0346,186.7487,39.73,139.9239,197.5998,63.8742,30.6917,28.2745,200.76,241.5342,44.7731,81.88,172.4054,61.1985,101.6787,110.5947,146.6741,424.1302,176.7231
2023-06-05,74.7792,154.1674,205.9668,14.81,110.9755,81.87,146.8305,178.5593,90.9918,201.6581,219.3541,112.7,56.2307,41.8119,348.1923,211.5425,146.1582,48.4819,78.107,278.3178,349.8317,208.78,49.8205,167.4669,447.3521,35.9893,158.6592,133.5719,207.5221,327.4837,48.26,659.8572,164.9489,213.5465,44.26,25.8417,95.7751,422.2859,104.2015,391.16,673.6986,196.3033,61.2388,66.9219,209.5554,120.33,64.8278,118.2218,81.4752,177.6245,85.5601,39.7187,71.8406,100.0966,217.4491,186.8145,40.42,139.188,197.751,63.1163,30.8937,28.2087,197.198,241.2273,44.4458,82.0,172.6893,60.5203,102.7433,110.8859,144.6999,425.7739,175.2389
2023-06-06,75.0158,151.3764,210.2983,14.93,112.9754,82.9396,147.5573,180.9404,92.5978,199.6354,217.5747,117.32,57.2487,42.441,361.3653,214.7119,146.6493,50.5397,78.4396,278.585,359.4901,207.29,50.0737,169.7301,446.4473,36.5131,156.6753,134.6763,206.039,336.4139,48.79,669.7698,166.9439,217.5876,44.045,25.2201,96.3962,425.9451,105.8346,391.99,679.9129,198.3445,62.9015,68.0718,215.1309,123.92,65.0078,118.3073,82.4294,177.4601,85.5508,39.9309,74.2322,100.0017,218.1366,184.5866,40.25,138.7813,199.2253,63.4255,30.711,28.5754,197.342,244.3801,44.9319,82.31,174.5816,61.3282,102.8691,111.7399,144.4758,428.2107,174.4924
2023-06-07,77.0841,155.5949,213.9597,15.16,112.6551,83.4272,147.2131,183.2417,93.6907,205.2425,214.7926,118.23,58.9453,44.1348,377.3033,221.7071,148.4568,52.2546,80.0552,285.3685,367.3112,211.93,51.258,171.1094,443.1037,37.0854,155.587,139.0744,210.8262,348.4113,49.39,681.5184,170.6418,226.1019,43.11,25.2107,98.7031,428.8427,108.6301,397.98,688.7514,202.739,63.966,69.532,217.2376,122.32,66.3716,116.4665,84.039,182.4718,86.0282,39.6994,78.7347,100.4854,225.9127,189.3808,38.99,137.3578,202.4101,65.5097,31.3263,28.9515,199.8863,250.9739,45.8049,79.65,177.0605,62.525,103.6337,113.3703,147.8465,433.2276,176.3143
2023-06-08,76.9009,155.9788,214.1202,15.3,113.2667,83.4193,147.2609,182.6838,94.1563,204.7251,216.1886,116.77,58.063,44.1348,379.3284,222.2415,147.7495,52.064,79.8936,289.0132,366.3011,218.11,50.9452,171.8087,444.7263,37.9391,156.579,137.8538,211.211,345.3925,49.87,688.4915,167.6153,225.046,43.365,25.4584,97.6778,431.0903,108.6493,396.81,689.8113,204.6101,64.1244,70.0066,219.3149,122.31,66.0496,117.9533,82.9788,181.7171,85.3916,39.6608,78.2093,100.2009,225.3995,188.939,40.26,138.8975,201.8053,65.0509,31.3071,28.7635,199.7804,250.481,45.9835,80.94,179.0568,62.5949,105.5403,113.0889,147.8293,435.2535,176.101
2023-06-09,76.2445,150.7168,213.8654,15.57,112.8395,83.6002,147.1174,182.1459,94.4034,203.3798,215.6479,116.77,57.365,43.8444,378.754,222.7104,147.8774,51.4067,80.0171,291.4747,364.4733,217.31,50.759,171.1774,444.3133,38.104,156.6753,136.7301,211.2205,345.6837,50.42,689.9564,165.4744,225.6027,42.87,25.5986,97.6482,429.7157,108.217,391.99,683.8364,203.4761,63.9748,70.1161,219.3345,122.08,65.1498,117.2892,82.5643,181.214,83.9968,39.3617,76.642,99.9163,224.8087,187.6981,40.99,138.7619,200.6051,65.1307,31.0667,28.7917,199.2218,248.8535,45.5767,80.14,178.4324,62.2956,106.179,111.9049,146.9758,434.0973,175.8699
2023-06-12,77.2825,150.6922,216.7908,16.02,112.6551,83.5452,147.5573,184.6863,94.4794,203.154,215.4119,117.66,57.9467,44.3574,380.2631,224.8296,148.7532,52.5308,79.8936,295.5582,372.4194,221.56,50.9824,170.7306,446.4867,38.9965,156.8968,138.5998,211.9662,348.0716,51.31,705.4357,164.3942,228.3576,43.47,25.7809,98.1215,427.0967,110.0807,398.76,689.2984,202.4649,64.5994,70.9648,224.1849,123.73,64.9415,118.2902,83.374,183.3909,84.5491,39.5161,77.2852,100.8838,225.6997,187.0307,41.74,139.217,201.3611,65.5596,31.1533,29.5815,199.3566,248.5559,45.8148,80.73,178.9338,62.6647,105.3177,112.7395,147.8465,433.3805,176.412
2023-06-13,78.4121,153.6259,225.1989,16.31,113.2279,83.9463,150.8757,184.3077,94.736,205.3366,213.4654,123.91,58.8677,45.2672,399.2679,229.3586,151.0064,53.2835,81.8513,300.987,383.1073,220.38,51.9432,175.8495,448.365,40.3157,156.1167,140.6148,216.0441,357.4288,53.19,719.743,165.2019,235.5952,43.365,26.2343,100.6847,420.1312,113.1355,402.55,686.3665,204.6574,65.9103,72.5345,228.0946,126.02,66.0306,117.9826,84.0487,187.5608,85.504,39.4485,80.5919,102.0315,227.22,187.0025,41.41,138.5682,202.0604,65.9387,31.4033,30.5124,201.119,254.48,45.6462,81.96,178.9243,63.9313,107.2533,113.6032,149.0448,431.1253,178.7316
2023-06-14,77.8091,157.869,221.1128,16.59,111.927,82.3419,151.2504,184.3974,92.0466,208.2907,216.8919,119.55,58.7417,44.6768,395.2664,229.2273,151.1343,52.6737,81.5757,298.7449,383.8865,216.9,51.7645,176.1797,448.8764,40.9269,156.4249,140.6438,216.7993,356.7688,53.35,710.0648,169.7076,233.5602,43.17,25.9118,100.2213,420.2984,112.6051,398.72,693.1108,203.4855,62.7872,71.2386,225.0864,121.0,65.9454,118.671,84.3475,186.7965,88.565,39.4485,80.7097,101.064,226.4066,190.5841,41.27,139.0137,200.4822,65.1307,31.8167,31.5655,200.1849,252.7595,45.3386,82.8,180.6463,63.9513,108.1824,114.1661,150.7604,428.0195,178.2073
2023-06-15,79.2287,161.6346,223.8306,16.65,112.8395,82.9003,153.4313,185.1047,93.13,210.0782,221.1159,122.03,59.1489,45.0446,399.1414,231.4215,154.1845,53.3692,83.6569,304.7461,391.0726,219.41,53.6041,179.9388,453.4985,41.5962,158.1392,142.4845,223.1899,363.0684,53.58,726.4914,172.1794,237.7357,43.555,26.2857,100.7931,423.4561,114.6978,409.01,704.9068,206.5758,64.4675,72.1695,227.7222,123.01,66.7788,120.2066,85.3402,190.4924,89.2671,40.1721,82.8749,100.6846,229.0987,193.5734,43.36,139.9723,203.1473,66.2679,32.2686,31.9417,202.6311,255.0753,45.6759,84.07,182.9644,64.5397,109.6922,115.7479,154.3121,432.7689,181.0601
2023-06-16,79.7858,160.2022,222.5283,16.48,113.1696,83.5924,154.4881,185.2542,92.8829,210.8684,221.0667,119.42,58.955,45.3736,392.4527,232.5374,153.4072,52.8738,83.0677,301.3019,392.1405,219.99,53.4924,181.6969,451.1776,41.5089,158.9385,143.1142,220.3769,358.2733,53.5,715.2994,171.9361,235.432,43.64,26.4446,102.1733,426.4466,114.2059,406.43,697.4103,209.0235,64.5906,71.7588,225.1452,121.41,67.2429,119.9576,85.4174,185.0453,88.5744,39.6415,82.3494,101.2386,229.6119,192.3983,43.52,141.1149,205.3965,66.4774,31.9321,32.2049,202.0051,254.7033,45.6164,84.14,185.0364,64.3502,109.789,115.3209,153.9501,438.0057,180.3846
2023-06-20,78.0762,157.8148,219.9993,16.32,112.1308,81.8071,152.5474,185.0549,92.8449,207.3499,222.4944,128.87,58.8871,46.0802,396.2692,228.8523,152.8464,53.3597,82.469,300.9107,392.4772,212.37,53.2541,180.3856,448.1978,41.2082,158.7748,138.9485,218.6683,360.9426,52.7,713.5904,169.2697,231.4772,43.885,26.5241,100.4283,425.7129,114.0034,399.67,702.257,206.4624,62.9543,70.9739,223.1756,126.76,66.381,118.2682,83.933,187.9188,86.7396,39.4678,80.9724,100.6846,228.0238,189.3056,42.17,141.2505,203.6481,65.8988,31.6436,32.583,197.5653,253.9127,46.2018,85.31,184.7809,63.9513,109.6051,112.3707,152.8207,434.1737,178.1006
2023-06-21,77.4428,160.7879,220.1125,16.3,111.626,82.6172,153.4121,190.2255,94.1468,207.7168,223.7252,131.52,58.955,46.6706,403.1332,229.668,154.0566,53.5121,83.1057,306.0246,400.76,212.08,53.0455,180.6284,448.7682,41.5089,159.3719,139.7429,213.1839,363.2722,52.85,724.7433,171.6247,231.794,44.505,26.94,101.9564,432.827,115.1606,401.94,724.8318,207.6059,63.1127,71.6584,224.1555,129.1,66.1537,118.7711,83.8559,188.509,87.4511,39.7669,80.2476,99.8919,228.8856,191.4395,42.66,141.725,205.576,66.3976,31.8552,32.4696,199.0388,253.7825,46.7871,87.58,185.8028,63.9613,109.8761,112.3028,149.6828,441.9428,179.3448
2023-06-22,76.649,162.8848,217.9326,16.36,112.9852,82.4363,152.3264,188.6016,92.1037,207.0771,224.503,124.81,58.3927,46.5005,391.849,226.9019,153.5253,52.769,83.0772,300.5195,399.8942,205.61,52.837,179.56,454.3639,41.6544,160.7491,138.1541,219.8766,360.1273,53.05,718.7176,171.8388,227.8201,44.65,26.6222,101.3846,430.403,112.2387,398.92,727.0714,205.971,62.3825,71.2842,221.892,127.51,65.3866,118.9591,82.9595,189.2443,86.1592,40.1335,78.9975,98.7554,229.0406,191.1763,42.81,142.9451,202.6653,65.2903,31.8359,32.4034,196.1014,254.3963,46.1918,86.4,183.6456,63.3529,108.8115,111.2158,147.7431,437.7286,178.3228
2023-06-23,76.8704,160.7781,218.9518,16.26,111.16,81.6184,151.8076,185.9117,92.0942,205.092,220.8993,129.07,58.286,46.6851,393.7086,227.155,153.5548,52.6452,82.3739,298.888,389.0813,205.41,52.904,180.8227,453.174,41.5768,159.4779,136.7204,219.3197,359.2634,52.65,720.6415,170.4764,225.0364,44.595,26.5895,100.872,426.6231,111.3804,399.09,726.7893,205.0354,62.0482,71.5854,219.5207,127.52,65.8128,117.8166,83.2487,188.1413,84.6708,39.9309,79.5501,96.998,228.2852,187.9049,43.34,141.8896,200.7185,64.7516,31.4802,32.0726,195.5428,254.4707,45.9835,86.75,181.5641,63.2033,107.4565,111.0703,145.9413,433.8966,177.8251
2023-06-26,76.6338,164.6716,221.0373,16.44,111.7231,82.1453,153.633,189.7971,91.752,208.714,219.5701,131.01,59.178,47.2487,401.8869,229.9869,154.8536,52.8357,83.923,303.439,394.6032,205.58,53.6488,181.1529,452.5741,41.8484,160.5854,138.6288,221.7645,364.4564,53.32,730.5932,171.7999,227.4457,44.55,26.9073,102.0944,420.5306,112.9909,402.01,731.1316,206.5664,63.227,72.2881,219.6383,128.17,67.1955,118.4953,83.9716,189.7087,86.646,40.2011,81.0902,97.8767,234.173,189.2586,44.42,143.0903,200.435,65.0908,31.8359,32.1388,198.3261,258.3489,46.3109,87.81,181.3938,63.0536,107.1081,112.5745,148.9241,428.1342,180.038
2023-06-27,74.9929,176.8446,226.1237,17.35,112.9949,82.5149,155.1702,193.9316,91.733,209.4102,221.175,142.53,60.7873,48.0842,412.1001,234.0658,157.0183,54.3028,85.1774,307.8469,393.949,209.43,54.416,182.9402,463.0673,44.7101,162.5501,140.266,232.9316,369.038,56.03,752.479,173.97,231.0357,44.49,27.3233,104.4013,420.8556,114.746,403.01,746.8596,209.0235,63.3942,73.3376,224.1359,133.48,68.4457,119.9161,84.5692,191.2277,88.4059,40.7992,83.9891,98.8509,236.7198,190.8097,43.83,145.4337,200.4066,66.2779,32.1821,33.3203,202.9681,263.3617,47.7197,89.92,183.2198,63.7618,108.0179,114.8842,150.5793,428.5356,180.7135
2023-06-28,75.2295,182.269,225.6613,17.55,112.9172,84.1901,155.3816,192.9951,91.1058,209.9465,219.7375,148.07,60.4868,47.9191,419.0128,232.6124,156.2312,54.1028,84.9113,306.4635,389.8028,210.72,54.2968,181.3861,463.3328,45.3116,161.2885,138.871,234.5174,371.2317,56.3,754.9108,174.0479,232.1684,44.855,27.1363,104.4703,417.6143,113.9456,401.51,748.2957,208.3052,63.6493,73.6296,227.9476,135.34,68.3131,119.4645,84.3475,188.4219,87.8817,40.8764,83.4546,97.7812,234.7152,190.9131,44.24,144.0974,199.4049,66.2779,32.2975,33.5283,202.2266,263.371,47.7296,89.33,181.4127,63.4925,106.9823,115.4665,151.4328,423.0121,179.9669
2023-06-29,75.7408,184.9566,228.3697,17.6,114.8103,84.7327,156.89,194.1209,92.9399,212.5995,219.8359,147.4,61.7374,48.0842,424.1339,234.262,157.5693,54.6267,84.7878,309.3544,387.564,211.83,54.7735,184.5429,468.2401,44.9235,163.3495,140.1304,235.9711,375.4056,53.72,764.003,177.5707,234.4433,45.13,27.3607,106.4814,424.8399,115.3149,407.28,757.4419,214.4858,65.1625,75.391,229.7212,136.17,68.5499,119.6329,85.4077,192.3887,88.2561,41.0018,85.7104,98.9464,238.947,192.3795,42.58,146.6441,202.533,67.1657,32.5667,33.982,205.6455,266.8771,48.3744,90.12,184.9607,64.2305,107.7566,116.5922,151.769,431.1922,183.4952
2023-06-30,76.3896,182.0032,231.3517,17.94,115.4219,86.3921,159.1285,195.7953,93.092,213.3333,222.5535,149.13,62.6294,48.298,433.6169,235.8174,159.2814,54.6648,85.8996,314.3252,390.9994,211.16,55.6896,185.7765,472.8327,46.1167,167.0189,143.0367,234.0077,378.5991,54.87,770.1459,176.1693,236.1807,45.605,27.571,108.118,427.5704,115.7392,411.11,764.3229,215.0906,66.1742,76.3401,230.5639,136.0,68.9287,121.3541,85.7933,194.5656,88.3216,41.3202,84.8951,99.6054,240.3318,192.3513,43.17,148.8106,203.3268,67.465,32.7879,34.2278,207.3116,268.0211,49.1681,89.0,185.2256,65.188,108.9954,117.553,154.5276,435.5689,184.4106
2023-07-03,77.1909,181.0778,234.4092,18.1,115.8588,85.1574,157.4568,195.0577,93.5006,215.3278,219.0778,150.6,62.0186,48.6186,436.7909,236.515,158.2286,54.1599,86.2513,314.3443,392.2442,210.92,55.0565,185.7182,469.4793,46.5241,165.0734,142.5426,233.6773,379.5406,55.06,764.257,177.5123,237.4093,45.125,27.2999,107.8025,429.6136,114.5145,410.45,766.2718,216.1774,66.4557,76.331,224.5181,136.33,68.5404,118.9982,85.4077,194.1109,89.4169,40.8281,83.7898,99.0897,239.1891,193.7708,43.09,147.091,203.9222,67.874,33.0186,35.0124,204.9713,266.7841,48.7415,87.51,187.0895,65.0683,108.2308,118.0965,158.4242,437.8241,185.1215
2023-07-05,75.2753,181.0088,229.5965,18.32,117.8684,85.4484,157.5049,194.4996,93.3581,213.7378,222.5732,138.48,61.4466,47.8413,429.9756,231.9902,155.9065,53.493,84.9683,312.0735,390.4879,213.31,54.4011,184.3292,469.0662,47.0674,164.7363,140.4695,234.4041,371.62,55.63,764.3839,174.6707,235.0096,45.245,27.2251,107.0631,429.7807,112.4123,406.75,757.8351,215.1662,68.0304,75.0898,226.6248,136.47,67.2902,118.8346,84.3764,192.4371,88.6025,41.5035,81.987,100.5223,234.7733,191.6839,43.66,146.8481,203.3646,66.9861,32.5667,35.1825,203.0837,263.8546,48.5133,88.62,186.5597,63.9513,106.6726,117.5821,155.1483,438.6746,183.4596
2023-07-06,73.5046,180.1868,228.5584,17.88,117.6451,84.4417,157.0917,191.8883,93.1775,213.7567,223.5184,133.25,60.6516,47.6762,416.9779,228.5872,154.2436,52.588,83.8564,309.5929,387.1202,212.62,53.7903,184.368,469.0957,45.913,165.0349,139.4329,233.7906,367.8441,54.42,760.6728,174.2328,230.9301,44.47,27.0008,106.7082,428.7406,111.3033,407.69,751.219,213.484,67.6257,74.67,220.4418,130.81,66.8641,118.8395,83.2679,191.3244,88.8739,41.9472,80.9362,102.5852,233.1174,190.3678,42.11,147.1202,203.7545,66.8564,32.1725,35.0691,202.3614,261.5296,48.5629,88.04,184.2606,63.3928,106.0145,114.0787,154.5535,435.7409,181.3089
2023-07-07,74.2526,182.0967,231.9556,18.35,117.6937,85.1495,156.89,192.9548,92.5788,213.2957,221.5098,136.08,60.9231,47.9288,422.1283,229.8315,154.5584,52.5975,84.5217,310.442,391.0862,212.1,53.8872,183.7658,469.1843,46.4465,163.7347,141.5351,237.1699,372.9012,55.39,758.0262,174.7875,235.3456,44.055,27.0475,108.0884,426.0194,112.6244,409.97,754.8433,211.9247,68.2064,75.1172,221.0689,133.1,66.9019,117.2429,83.721,192.0114,89.1735,41.6385,81.6971,100.3122,234.6281,190.6593,42.91,146.0515,203.6309,67.3652,32.0186,35.5322,202.2266,261.0832,49.0094,86.78,184.1754,64.0909,106.0435,115.3889,154.9673,432.3676,180.6424
2023-07-10,74.1763,184.4643,238.7595,18.57,118.6839,86.9912,158.6866,199.1241,92.6358,215.3748,223.4889,141.11,62.1155,49.804,433.2275,234.1112,154.9914,54.1599,84.9873,320.336,392.8328,213.31,55.131,188.0494,468.4359,47.0092,164.8134,143.8117,237.5853,381.1228,56.33,778.1053,175.965,238.83,45.145,27.5056,109.7742,427.5704,114.3313,414.1,753.4842,215.3458,69.5348,77.2162,224.5181,135.26,68.3699,119.5011,84.1258,196.4619,90.0815,41.7543,84.8588,101.3245,238.4822,192.5769,42.78,146.5955,204.1348,67.874,32.3167,36.3074,208.9585,265.417,49.8427,88.12,184.166,65.6368,108.1437,117.5045,156.3208,432.5014,184.6239
2023-07-11,77.7862,186.0198,242.1379,18.8,121.4799,87.5343,159.8203,199.2836,93.1585,218.2819,223.4692,147.49,63.7055,51.4945,445.2516,236.7884,155.0307,55.0364,87.2396,322.6162,399.3078,218.76,55.5705,188.3602,469.6866,47.2032,163.937,144.7901,243.9193,387.005,56.18,777.0896,180.3928,242.7079,45.285,27.557,109.5672,433.0592,117.07,416.59,763.0834,218.2754,71.1007,78.6034,226.3896,135.47,69.3265,120.297,84.2704,196.3748,91.935,42.1595,88.0749,102.2987,241.1259,194.3912,44.36,145.5851,206.512,68.9014,32.4705,37.0352,208.4673,270.8204,50.2991,88.33,186.7489,66.0757,109.0341,119.329,159.6915,440.2992,185.5037
2023-07-12,77.5191,184.9615,242.5531,18.57,120.8003,87.5185,159.9355,197.7687,92.0086,217.294,223.0261,148.9,64.675,51.6111,454.8416,236.9675,154.9815,56.2177,87.5437,323.9615,393.3925,217.11,55.8982,188.9041,469.9919,46.5144,162.9354,145.9623,246.9494,385.4423,55.4,759.12,179.7311,243.4279,45.33,27.4495,110.8192,429.0378,117.9861,418.24,759.0745,216.9712,71.3295,78.6946,227.1245,139.28,69.6011,120.3702,85.5041,195.3589,91.4014,42.3717,87.0421,101.888,239.8767,196.3935,44.52,144.9342,206.9209,68.3129,32.2398,36.4397,207.6005,272.2712,49.2673,88.54,185.3865,65.936,108.0275,119.1252,160.7691,433.2276,185.3171
2023-07-13,78.5036,185.7392,240.1562,18.45,121.1401,87.5815,161.3478,197.6092,92.3412,219.693,223.1147,146.79,64.7041,51.6111,446.3323,234.8465,155.7293,57.218,87.7338,326.7379,395.2067,216.85,55.7567,189.8366,471.5873,46.2816,162.1264,145.3907,243.9759,386.9662,55.23,743.7579,179.1277,245.5972,45.4,26.5007,110.7305,433.1428,118.4008,416.24,763.9211,215.7332,72.3412,78.2748,228.4571,139.87,69.2223,120.7193,85.8415,197.7197,90.6619,42.4779,87.6129,102.7476,239.7508,197.9822,45.64,145.3422,206.3028,68.7618,32.4225,35.0124,205.3789,270.2531,49.3169,88.69,187.7707,66.5045,107.1855,118.1741,159.7949,436.7443,185.4859
2023-07-14,78.0762,185.9509,237.9669,18.14,119.6256,86.7944,161.3959,195.4763,91.3909,220.8784,225.271,142.88,63.8606,52.3107,433.6948,235.2613,155.0111,57.1418,87.5152,325.5644,400.0895,213.12,55.2427,190.6817,470.3858,45.1929,162.3382,143.6857,243.0225,384.5784,53.34,745.4963,178.3784,245.3668,46.82,26.8652,110.346,431.2203,118.3622,411.53,759.69,215.7994,72.737,78.1745,231.7593,141.16,70.4724,121.1783,85.5137,196.8489,89.4918,42.9699,87.2777,101.8976,238.6662,198.3394,44.75,145.7114,204.7434,67.2255,32.3359,34.3696,202.4521,272.4572,49.0094,89.29,185.1499,65.946,105.9274,118.0091,159.7087,430.6379,183.2019
2023-07-17,77.6183,188.6631,240.7507,18.18,118.5383,87.4713,160.1853,198.6457,91.5335,219.3732,226.4329,142.88,63.9285,53.0102,439.5754,236.7695,155.3653,57.6086,86.7834,326.8524,405.8697,211.87,55.6673,193.1489,469.3025,45.4942,161.5678,144.2476,240.4549,389.189,53.33,746.1311,178.4562,247.133,46.87,26.7718,111.0656,436.4769,119.7605,414.67,757.553,220.2694,73.3529,79.9084,232.3668,142.96,71.0312,122.9629,85.3402,199.2677,88.7897,43.0181,88.084,101.6206,239.4506,197.2772,45.51,145.8669,205.7418,67.2854,31.9417,34.2845,203.4277,274.1313,49.8031,90.61,187.3071,66.1156,107.0694,118.407,157.5363,434.0781,185.006
2023-07-18,78.6181,194.0382,244.5537,18.68,119.0334,87.4083,160.7618,198.9447,91.0013,221.2171,225.4581,144.03,63.6279,53.6709,452.2421,239.8709,156.3197,57.904,87.2396,330.9645,416.4458,211.57,55.5332,193.4888,472.9169,47.0204,160.4602,145.6426,247.2892,396.5758,54.79,742.4297,183.1176,253.2283,46.755,26.5428,111.7952,423.2239,121.1202,408.79,766.571,216.9807,74.2678,81.6059,233.0234,146.42,72.4613,122.9776,85.3306,203.5054,89.7726,42.912,89.5516,102.6235,239.5959,199.8717,47.41,144.8176,203.0318,67.7642,32.4513,34.7288,202.7032,274.4382,49.7038,91.23,185.7365,66.8436,107.3404,119.4357,159.1139,423.0312,182.4109
2023-07-19,78.9768,194.5305,244.2706,18.6,118.6839,86.4875,163.0099,199.2836,90.8207,223.3527,224.6999,146.93,64.3066,53.6612,448.3379,240.3422,154.952,57.7039,87.116,328.2072,420.8944,208.6,55.3842,190.2349,475.31,47.1954,160.5469,145.4392,245.675,391.839,54.8,748.1331,189.9881,253.4598,46.1,26.7764,110.9769,419.3325,121.3131,406.68,757.6385,216.8673,74.391,81.2317,232.7098,144.32,72.5844,123.0581,84.8969,202.9926,92.038,42.7962,89.7509,102.8431,239.9832,201.4039,47.12,145.2159,203.0603,67.6744,32.4994,35.3054,203.9879,273.7128,49.3467,91.61,188.1208,65.5471,107.8727,120.8332,160.3639,422.649,182.3398
2023-07-20,79.595,196.0859,245.3275,17.44,119.4897,87.55,162.5488,199.3135,92.3317,223.428,227.3092,147.28,64.4525,53.1171,446.6341,240.8607,155.5522,56.8941,87.3251,326.8333,424.2332,213.61,55.3694,190.0115,474.2858,47.3315,165.555,145.2648,248.7712,390.9945,56.57,749.2074,186.8934,251.8585,45.605,27.0429,111.1741,423.5118,120.1752,407.92,761.0491,220.071,71.8221,81.0674,212.0149,139.14,72.3192,123.7954,83.721,204.0568,92.2626,42.8059,88.4101,101.8307,236.7391,203.7822,46.57,150.1222,205.4661,67.9238,32.4129,35.0502,204.4999,253.6523,49.9916,90.22,189.1521,65.4174,109.8954,120.8041,161.157,434.1928,184.8194
2023-07-21,79.6256,194.181,244.1763,17.42,122.2954,86.8338,163.1637,200.8185,91.6,219.2132,230.5092,145.3,64.5303,52.2232,438.5434,240.9173,155.0012,56.4368,86.6979,321.6049,421.6278,211.8,55.3172,188.3311,491.806,47.1954,166.0461,147.367,245.1181,385.9858,57.61,751.0141,190.3384,248.5402,45.57,27.1737,111.2924,422.3509,120.7248,412.45,758.989,218.8424,69.1829,80.2278,208.0758,138.73,71.9688,123.8784,84.0969,200.9415,92.3001,42.9506,87.9934,101.2099,235.6546,203.7822,47.23,150.54,204.886,67.465,31.211,35.2109,205.3982,256.2657,49.5153,90.68,189.1994,65.0883,110.1083,121.0661,161.4674,433.2945,185.3882
2023-07-24,79.5798,191.7051,243.3647,16.88,122.3245,86.7708,163.1925,203.1307,92.1892,221.4335,230.5584,146.6,64.4525,52.2815,438.3292,239.7578,155.69,56.5702,87.6577,322.6067,427.0895,215.87,55.1385,188.8944,487.65,46.1552,165.4587,147.3379,244.2685,386.1994,56.06,751.268,193.0146,250.1993,44.825,27.3046,111.6473,424.2455,121.8435,413.81,753.9543,218.5116,70.4585,80.9488,202.3926,138.25,71.429,124.6474,84.0776,200.6222,91.6823,43.1725,87.3592,101.1144,237.1652,203.9327,47.32,149.9085,206.9494,67.8141,31.2686,35.1636,207.5329,255.3915,49.6741,90.58,189.8617,65.0983,110.2922,121.299,162.3639,432.1382,186.028
2023-07-25,83.8232,194.6142,243.2892,16.65,122.5284,92.2093,164.355,204.7154,82.7717,223.1363,233.276,147.63,64.54,52.3787,438.3389,241.3038,156.1721,57.6944,87.9903,322.3777,430.6986,214.12,55.2353,188.8556,486.8621,45.1443,165.4105,141.9323,245.1086,386.4129,54.22,748.68,194.3964,252.7942,45.085,27.3934,111.9825,421.7844,122.5378,414.72,763.9553,218.8613,70.5641,78.7677,203.8036,142.01,71.1922,126.0829,84.4053,199.587,91.6635,43.2497,87.2777,101.7066,237.233,202.626,47.17,149.5684,207.2917,67.9538,31.8936,33.585,203.3118,254.015,49.8229,91.8,190.6943,64.8988,110.6697,121.7454,159.2174,436.8972,186.348
2023-07-26,85.9678,207.107,241.7888,16.76,123.3051,90.2889,165.2293,201.9746,82.0114,222.9011,233.3646,151.99,65.0945,52.8839,433.2567,240.757,156.2115,58.6947,87.8003,318.6281,417.7872,232.8,57.1569,188.7099,486.3598,45.1345,158.8519,142.2132,253.104,382.2099,54.57,744.295,197.384,249.1865,44.79,27.5203,111.4403,420.5398,113.1162,387.87,762.4509,221.5736,66.3589,77.2162,199.4039,141.77,71.0975,126.1,87.4511,196.4426,92.0005,43.2207,88.0115,100.8757,239.2763,223.7299,47.31,148.5192,211.837,68.2331,31.6821,34.2751,204.7607,250.1741,50.0808,84.38,191.6499,64.3502,110.1664,122.5024,158.9587,436.8685,185.086
2023-07-27,84.8612,202.864,243.997,16.57,122.4976,90.8398,163.1444,200.958,80.9376,221.4053,227.9,148.82,66.9329,55.138,429.4791,240.955,155.3259,59.0758,87.2776,315.1457,413.6088,233.75,56.8664,191.4685,483.7402,44.4735,157.9177,141.2348,250.4987,385.6558,53.26,707.7209,194.737,249.1672,44.2,27.1254,115.7583,416.667,111.3901,378.77,762.998,217.9163,64.3531,77.8915,198.7768,141.5,69.7811,123.1777,86.4294,195.5331,91.4201,39.381,89.0986,100.4554,240.2544,218.1837,46.61,147.2853,209.0223,76.3333,31.759,31.2124,211.3677,250.9181,49.7832,80.16,179.5393,63.8815,109.2663,122.3762,160.795,425.5445,174.5546
2023-07-28,85.3878,210.4714,244.1763,16.79,121.8945,90.0292,161.2326,199.8118,82.9997,222.6471,228.5892,149.9,67.7889,57.3144,434.2984,245.1027,155.7097,58.3517,86.4508,317.9984,412.1517,238.69,57.3506,192.8672,484.9318,44.4444,156.9257,141.1379,253.7836,387.8495,54.17,714.2642,200.0212,251.2219,44.305,27.4733,116.9019,417.0014,110.8886,382.02,756.5956,217.784,65.5935,77.8824,198.6886,143.65,68.6494,122.7115,86.7957,196.6941,93.9851,39.1977,89.7056,99.9874,242.3461,218.8135,48.14,147.1882,211.7038,76.1936,32.4994,31.8552,214.6712,253.0478,50.0312,81.68,181.9047,64.0311,108.9954,123.4826,161.976,429.7205,173.4703
2023-07-31,85.0978,206.4868,246.1108,16.75,122.0015,89.9111,161.3286,200.948,83.5604,219.7589,225.4187,153.7,67.6041,57.8585,452.4173,248.2229,156.054,57.8087,86.8119,320.8512,414.5545,238.85,58.356,193.7219,485.572,44.9693,157.7443,141.4091,254.822,397.9833,54.31,721.2177,198.4642,255.7943,44.195,27.558,116.7638,414.5588,112.6919,384.53,769.0669,217.0468,65.2329,78.6034,199.9723,144.43,69.0678,122.565,87.6728,198.6485,93.7791,39.3907,89.9321,101.1335,243.6534,218.1085,49.46,146.8093,212.5977,77.5802,32.0379,32.29,218.1197,253.3733,50.7356,83.97,179.2839,65.0983,109.1212,123.5408,161.3208,425.2483,172.5283
2023-08-01,84.3804,203.1101,250.0648,16.23,123.1105,89.1083,161.6169,201.2171,83.5984,220.1164,225.6944,153.38,67.9932,58.1014,461.4914,237.4106,156.8904,58.5423,87.078,296.6364,418.26,238.01,58.3263,193.3237,485.178,44.1333,156.5116,140.9345,253.1323,402.0213,53.26,708.3557,198.3961,278.4441,44.42,27.431,117.5032,419.1189,111.988,389.25,771.5544,217.3303,65.0305,78.8772,198.1399,146.76,69.0298,122.9824,86.9692,211.884,93.0396,39.1977,94.199,101.5729,242.7334,217.6197,46.65,147.7614,214.2712,77.7398,32.0282,31.6,214.3042,255.7542,48.6026,83.12,177.6092,65.8363,108.3276,121.7649,159.9156,428.2584,171.9506
2023-08-02,83.1211,201.1166,247.4508,15.95,124.0152,88.1245,160.1469,201.6457,81.2131,216.5884,228.8452,115.95,67.1275,57.3047,455.8055,235.6855,156.1426,57.6753,90.4137,290.3107,415.4519,231.38,58.3039,199.1808,483.7106,43.55,157.388,138.5029,250.5742,393.9647,52.67,704.8692,199.3887,277.4023,44.215,27.21,115.8371,416.5927,110.3968,382.57,758.5018,215.2985,65.3648,78.5486,197.6402,148.64,69.0298,121.9595,86.1595,211.7582,91.2142,39.8441,91.7258,102.8909,239.9832,216.3976,46.96,148.2277,215.1365,76.6226,31.6917,31.5433,211.9376,254.4707,47.6701,82.18,175.9062,65.3177,108.4727,120.7556,158.0622,427.6086,171.4352
2023-08-03,81.8083,203.3119,228.9736,15.98,123.9861,88.4315,159.3879,202.6623,80.4624,215.0838,226.8563,110.77,67.4582,56.4497,452.7289,235.8834,155.3161,56.513,91.1264,288.1831,409.0927,231.36,58.2145,199.3654,483.5235,42.957,154.9995,138.251,248.7523,405.9136,52.16,705.9728,203.065,271.4986,44.655,26.7586,114.8907,415.9983,107.6099,381.95,765.5281,213.8243,66.614,77.4717,193.1426,144.65,68.754,121.3126,86.3812,210.0457,91.9444,39.2556,89.8143,101.5442,240.8548,216.1062,45.91,144.8759,214.547,77.5603,31.6436,30.494,214.4974,254.3777,47.8389,80.92,175.206,66.9434,104.9112,120.7556,156.4673,422.9643,169.3111
2023-08-04,80.5261,200.393,223.1889,15.84,123.772,88.9824,159.215,199.6125,80.3484,212.5854,226.2261,113.95,67.9446,55.4587,453.5175,232.4993,154.0566,56.5702,90.8033,285.1014,409.1892,231.36,57.6336,198.3357,479.3281,43.3459,154.5083,137.8248,248.2615,402.0019,52.37,691.7045,201.3682,266.6658,44.175,26.3684,113.0768,413.9551,107.9185,379.26,765.9726,214.3724,66.0774,76.5683,193.7305,149.64,69.0774,119.6476,85.3113,209.7154,92.2252,38.8601,89.1892,101.3627,238.6275,214.8277,45.2,144.3027,213.0065,78.4381,30.3071,30.9383,213.3672,253.178,48.7027,81.41,176.4076,66.7339,102.269,120.1054,155.9846,419.075,168.1558
2023-08-07,80.3124,201.5005,223.8778,15.99,124.9978,90.2968,159.6281,201.4464,81.2227,212.2447,229.9381,110.61,69.3356,56.4497,473.7199,235.4121,158.0219,57.2752,92.3903,296.207,416.2046,238.25,58.4231,202.3765,485.2273,43.9777,155.2981,138.9001,249.5453,412.4851,53.68,700.4745,201.9728,271.6916,44.74,26.9091,114.0133,417.7258,109.1818,382.23,781.4271,217.869,66.4557,77.2436,194.0636,152.22,70.2185,120.6973,86.9403,214.7568,93.6106,38.9951,89.461,101.3532,240.3609,215.9276,44.95,144.6524,216.0303,79.4057,30.5571,31.1652,216.2168,254.5823,50.0928,81.55,177.7984,67.7313,103.5175,121.1243,157.0277,417.2784,168.5024
2023-08-08,79.4653,201.3725,224.9064,16.18,130.7082,89.3681,169.9177,202.0244,81.9259,207.797,228.9535,108.34,69.7636,55.7598,469.296,234.4789,157.9235,56.9894,91.7061,291.5224,415.3844,238.04,58.6391,199.647,483.8288,44.5124,153.9016,139.491,253.2267,412.6501,54.86,696.7927,200.003,272.8877,43.93,26.6599,113.1261,417.4379,107.8221,385.0,759.784,213.5974,66.702,77.9554,195.1611,151.7,69.6479,119.7989,85.7258,213.8923,91.6635,39.0241,88.2289,100.2071,238.0174,214.9217,45.16,143.0786,213.4439,77.9892,30.1052,31.893,216.2747,253.7918,50.1424,81.88,175.5845,68.4394,101.7658,115.7965,155.6483,413.6853,166.7694
2023-08-09,79.1524,197.602,225.1517,15.76,132.6636,88.282,171.5702,202.762,83.4084,206.3017,231.4101,106.75,69.1216,54.5648,467.5186,232.7444,157.1561,56.5226,91.269,289.8528,420.8172,237.86,58.7731,196.2571,481.1501,43.7736,155.5388,139.0938,250.6025,409.874,53.13,697.9939,198.3745,274.4697,43.685,26.8386,112.574,420.5398,106.9542,383.28,743.5773,215.1473,67.1067,77.9554,194.2988,150.12,69.22,120.1554,84.8198,211.5902,91.701,39.4499,87.8484,99.7869,237.2718,215.5046,44.11,144.2638,215.0319,77.8994,29.9129,31.789,215.2412,253.4849,49.4375,81.25,177.0794,67.9607,99.0365,113.904,154.6311,416.2177,168.1824
2023-08-10,79.2974,199.822,223.8589,15.76,132.9846,89.3838,172.3196,199.762,81.9354,205.8191,229.5049,108.66,68.8784,53.8264,471.0148,227.9368,156.3689,56.3024,91.2594,285.5212,419.3504,238.26,59.1083,196.3348,480.5789,43.6083,153.9305,137.9216,251.5937,400.6526,52.95,695.6207,197.3896,273.7849,43.505,26.6975,112.2585,417.9765,107.311,383.84,750.3044,212.3405,67.0891,78.0102,194.3184,150.32,68.4592,119.6647,84.6077,210.7159,90.2781,39.4596,86.3536,99.1279,234.8411,216.4916,44.6,143.2146,214.5755,77.5204,29.7302,31.9875,213.9371,249.6998,49.4871,80.73,176.3698,67.7413,99.143,114.4863,155.5018,411.1721,168.656
2023-08-11,79.7935,202.1995,225.2744,15.65,132.7512,90.1945,174.7599,199.5029,82.5246,204.3239,231.0606,107.56,67.8667,53.9624,476.7669,223.8173,155.6801,56.1205,91.4792,283.7012,419.8329,235.72,59.1455,197.3353,481.6917,42.9376,154.9995,138.5029,250.8762,404.2926,52.26,698.4799,198.1112,275.1354,43.925,27.0078,112.7423,421.6915,107.4363,383.39,746.4664,214.4102,67.0275,78.3205,193.3385,147.89,67.8601,119.628,84.2511,212.105,89.1454,39.7112,85.4296,98.8604,234.8895,215.7302,43.71,143.37,215.8402,78.069,29.5668,31.8552,215.8014,251.4203,49.0899,80.84,177.8268,67.9108,99.0365,113.5159,153.6402,411.9174,170.3807
2023-08-14,78.931,204.764,223.7362,15.88,133.2473,90.9421,175.6438,202.8616,82.1444,203.8697,233.4926,112.24,67.8959,54.4288,475.9661,225.2502,155.5818,56.714,91.632,286.5557,422.3129,236.71,59.4286,198.9768,488.684,42.9959,154.7973,138.0282,251.9807,401.6815,52.31,700.7711,197.3116,274.4794,44.305,27.1536,112.6831,418.0044,108.3139,402.49,739.3974,215.1757,66.878,78.4847,192.7604,151.85,68.0702,120.8007,83.9041,212.7655,89.2952,40.0403,85.194,99.3475,233.5629,216.0216,44.85,143.8072,215.2506,77.4505,29.6341,31.6945,215.1542,251.69,48.8715,81.31,176.4171,67.7213,98.8236,113.4867,152.6746,410.3885,169.3441
2023-08-15,77.1909,201.6383,219.4708,15.55,132.6928,89.6042,173.7511,202.5228,81.4032,197.6427,231.1689,112.63,67.1469,53.8361,470.2726,223.8362,154.1452,56.4939,91.2212,285.1189,416.5616,232.26,58.9221,197.2187,487.3053,41.8197,153.1022,135.4901,250.6686,396.77,51.34,698.0295,194.5812,267.5629,44.04,27.0596,111.1527,411.9676,105.3534,400.13,735.585,210.5355,65.8575,77.636,189.5366,150.69,67.6309,119.628,82.6414,211.697,88.5182,39.6145,84.27,98.3542,229.5344,212.017,44.08,141.9127,212.1698,75.8744,29.1148,31.3069,213.0774,249.0023,48.4247,79.87,172.5474,66.8237,97.7687,111.7787,150.7174,404.3872,167.8161
2023-08-16,76.9238,200.3881,219.2538,15.44,131.5254,89.3838,174.2315,200.1009,80.9091,196.4977,231.7104,108.82,66.4466,52.9228,453.2508,223.4308,153.5351,55.5173,91.7371,282.7146,409.0927,229.95,58.6316,197.3061,488.1227,41.4795,154.1135,134.6666,250.2155,394.4015,50.72,694.5338,187.9112,264.804,43.725,26.8198,110.4221,413.4072,103.9262,400.82,731.388,211.4333,65.1889,77.4163,189.4582,147.24,67.1248,120.0222,82.1884,209.9,88.2842,40.05,82.8296,97.7239,228.721,211.1522,43.65,143.5546,212.6072,75.4155,29.0283,31.1179,211.9473,248.9651,48.5041,79.37,172.7271,66.5345,96.8009,110.75,148.5253,408.3243,166.6455
2023-08-17,77.6946,194.0235,219.7822,15.05,129.3852,87.3296,171.5702,199.7421,81.4832,197.3021,227.132,110.47,64.647,51.5431,442.0982,223.2894,150.5243,54.043,91.4696,279.2088,404.4801,224.54,57.6336,191.9638,479.3478,40.6143,152.6399,135.3544,250.0644,387.3448,49.53,688.698,185.327,265.4407,42.995,26.9232,110.1456,414.8467,102.0939,400.43,721.2417,208.2013,65.0657,76.6747,186.989,130.06,66.59,118.4677,81.211,208.239,87.3668,39.0337,81.072,97.2177,226.1257,210.9266,43.97,141.6407,211.39,74.5476,29.1052,30.4657,211.445,248.6282,48.2658,77.88,171.9608,65.9261,96.3073,110.5656,148.5253,410.1209,166.1897
2023-08-18,77.47,193.6888,220.4617,15.04,129.9203,87.9829,171.9737,202.3932,82.1052,200.7278,227.388,113.35,64.7832,51.8735,440.8384,222.2619,151.9707,54.3685,91.5269,279.2567,383.1155,226.65,56.6653,191.3033,476.9941,40.3324,153.0059,136.1779,247.9311,386.0926,49.1,688.8938,186.2632,264.1191,43.42,27.0313,109.9383,417.9858,103.7911,403.63,732.6617,207.3791,65.6727,77.5078,188.2922,134.14,65.8165,118.8398,81.0272,208.5012,88.9207,39.0144,81.2804,96.9885,224.9831,211.7538,44.69,142.1167,213.3964,75.0664,29.6821,30.39,211.9473,251.2762,48.4346,78.29,171.7053,66.315,96.2589,112.4095,148.9602,411.0765,166.7259
2023-08-21,76.8348,198.424,220.4428,15.16,132.4593,88.1639,170.9457,202.8915,81.8373,198.8162,228.8058,116.18,64.647,52.0484,441.8834,222.2336,152.1379,53.7367,90.8294,280.4924,377.1037,227.22,56.9632,192.7312,478.619,40.5754,153.0059,135.5288,245.373,385.8111,49.63,688.414,186.858,263.1063,43.49,26.8903,110.0173,419.3139,103.6079,404.42,728.5416,207.8233,66.0422,77.4346,187.8513,132.76,65.7592,118.9817,80.8239,209.56,87.5447,38.5788,81.217,97.1317,224.0507,210.5411,44.63,142.5636,213.2633,75.3656,29.5283,30.1726,213.686,250.0037,48.2261,78.52,171.1755,66.5245,96.6944,111.2158,146.568,414.4403,167.0565
2023-08-22,76.3081,199.3544,221.377,14.83,132.6831,87.8806,170.8208,205.9413,81.6555,197.5197,228.1757,113.49,64.4622,52.2718,431.2875,222.4599,152.2068,53.7175,91.804,280.3104,371.7191,230.07,56.993,191.5753,480.1751,40.449,152.2932,135.5191,244.4668,386.4226,49.43,684.3113,185.7074,260.6464,43.79,26.7304,109.4743,420.6606,103.9454,406.26,731.0461,208.4942,66.1742,77.755,188.0472,131.81,66.294,118.8814,80.2723,211.0656,86.9268,38.0756,81.0449,98.0773,228.9165,209.0747,44.35,142.2333,213.2633,75.1861,29.336,29.7756,214.0724,247.9171,48.3452,79.08,170.5037,66.6941,96.2976,111.1382,145.1501,418.3009,166.2165
2023-08-23,77.1911,203.1199,221.0845,14.78,132.4399,89.3051,175.3363,207.5559,82.3349,199.2988,231.7301,114.07,65.6684,53.6612,438.27,226.9658,153.7811,54.6079,92.3296,285.0039,380.4715,228.58,57.939,195.6937,485.5917,41.0226,152.534,137.6116,245.8544,392.2952,50.39,692.3993,185.8146,263.3764,45.08,26.942,110.8072,422.1744,106.4913,411.74,739.9102,208.1162,66.2182,78.4142,192.2803,136.61,66.8288,120.2548,81.1433,214.9608,87.2358,38.3369,82.6574,98.7172,232.3837,209.7515,45.14,142.1362,213.8148,75.5651,29.8071,29.8418,216.0622,249.4516,48.7921,80.32,168.6682,68.3402,97.3332,111.3129,146.9073,415.2334,167.1727
2023-08-24,76.3003,201.1756,219.3261,14.57,130.5429,87.3926,175.3459,200.8882,81.4832,197.3683,231.0606,114.79,64.6957,52.3981,435.2719,224.0435,152.3839,54.1292,91.4887,285.8948,373.099,217.31,56.643,193.6345,481.2978,40.7309,151.4746,136.9335,244.278,386.6459,49.4,693.6722,184.6542,259.7782,43.04,26.5423,109.6125,420.2984,104.5144,406.0,734.2601,207.2894,65.7135,77.1142,192.486,132.84,65.7019,119.442,80.1659,214.5819,87.1889,37.7852,80.9996,97.7239,229.878,209.1781,44.68,140.8829,212.8829,75.0564,29.3841,29.511,215.1059,245.2223,47.7793,79.56,168.2708,68.0809,96.4428,110.6142,145.2719,412.9973,165.457
2023-08-25,76.6489,201.343,220.5617,14.58,130.9417,88.1245,176.4796,204.5859,81.043,199.3462,233.5418,114.94,65.2209,53.4572,438.6021,226.7773,155.0603,54.2441,93.2946,290.5308,376.544,223.41,57.3654,196.7719,487.2856,40.5365,152.4858,138.2123,244.2308,392.8424,48.94,699.6745,182.9964,262.923,43.8,26.8762,110.3036,418.9424,105.9223,408.55,739.1922,207.7076,66.3687,77.6177,193.9951,129.19,66.6091,121.4274,81.1626,217.8262,87.7693,38.1046,80.8274,98.7076,231.733,210.7386,43.96,141.8933,212.6072,75.0364,29.7206,29.511,218.4384,247.627,47.8389,80.2,168.848,68.7393,97.9139,110.9441,146.8986,412.2775,166.4757
2023-08-28,80.6537,204.9609,221.1035,14.73,131.5449,89.6907,178.747,206.9878,82.0478,199.8666,234.2803,119.18,65.7657,53.9915,446.3952,228.5306,155.9655,54.3781,93.7532,296.029,380.8671,227.06,57.7304,197.7724,488.1227,41.2267,152.1102,139.491,243.8721,398.0353,49.19,695.4249,182.1773,265.0741,43.9,26.9561,110.8072,420.0848,106.8577,416.13,753.4928,208.0972,66.1119,77.9839,195.8568,132.88,67.5259,122.1814,81.9078,219.7592,87.0953,38.5014,82.3766,99.9779,235.5791,211.077,44.15,141.3006,214.2807,76.0739,29.6725,29.3881,219.2112,248.0575,48.514,81.77,168.4979,68.9388,98.5429,111.6137,146.8725,413.8035,167.8875
2023-08-29,81.7769,210.5773,218.7368,14.9,131.8562,90.769,178.9295,207.9048,81.6746,196.5828,235.4618,121.17,66.9718,55.1477,463.4854,231.5472,156.9986,55.862,94.2597,303.8835,389.9475,227.25,58.5348,199.8704,490.5946,42.5488,152.2932,142.0098,245.9771,405.7906,50.28,702.847,184.3617,270.1289,44.5,27.0549,111.1823,416.4441,108.7382,417.91,763.8186,208.1542,66.7582,75.8599,201.2853,139.67,68.6241,122.977,82.7497,221.5465,88.3497,38.5014,84.5599,100.761,237.4632,210.0429,45.35,141.7864,215.0414,76.7522,29.5668,30.0687,219.9743,249.723,48.9608,82.37,167.7031,69.8068,98.9978,113.6032,149.4039,412.7573,169.353
2023-08-30,80.9093,211.8128,220.5427,14.77,131.7297,89.9662,179.4964,208.9413,82.7081,198.1916,237.9529,119.22,67.6819,55.5558,466.2296,234.0358,157.7169,56.312,93.9157,296.5271,398.7964,228.85,58.9817,200.0259,494.9968,42.0238,152.7651,144.1096,249.1016,408.0607,50.1,710.2005,185.288,272.3475,45.07,27.1677,111.8043,420.1684,109.5193,420.07,771.6484,209.8554,66.9265,75.7317,203.3332,139.87,69.0443,123.8706,82.8949,223.4892,88.5837,38.7627,86.0819,101.0953,238.6287,210.7521,46.51,141.7475,216.0779,77.3807,29.6536,29.8985,220.9402,251.585,49.3679,82.6,168.2235,69.727,100.4834,114.3019,149.63,417.3066,168.4952
2023-08-31,82.629,210.3656,218.6512,14.73,131.1557,90.0843,178.9007,209.1705,82.3349,194.0088,238.4945,118.81,68.3434,55.8181,465.3799,233.1686,156.9494,56.4939,93.8775,298.9313,396.548,224.03,58.7804,200.1039,491.4908,41.6836,150.9931,144.1679,246.3924,406.1804,49.81,699.2632,183.211,271.19,44.83,27.0737,111.0935,419.1773,109.7507,418.3,772.5972,209.3897,65.4833,75.3381,202.5395,145.04,69.2353,123.425,82.7884,223.7709,85.2013,38.2982,85.5021,101.2577,237.1136,208.5584,47.23,140.0279,215.5073,77.5204,29.1422,29.8702,218.6896,251.323,49.1197,81.99,168.4979,69.4477,100.5319,113.2635,147.3596,415.6654,167.9412
2023-09-01,82.8459,214.5496,224.9245,14.68,131.7005,89.9111,180.3706,211.6523,82.5646,195.3053,239.1049,118.94,69.0243,56.2942,479.6673,233.1874,158.0711,57.1736,94.5176,300.8183,404.2292,223.4,58.9071,200.0746,491.9635,41.6642,151.2146,144.5568,246.3452,411.5974,49.72,695.9732,186.9653,276.1289,44.98,26.9326,112.0512,419.0184,110.6572,420.53,778.9824,209.903,66.3864,76.4642,202.6669,148.74,70.2571,123.6919,83.3884,226.9764,83.2416,38.1046,86.3062,101.2768,238.4442,208.9934,47.04,140.776,215.2506,78.0291,29.5571,29.7,220.5055,253.1195,49.3382,82.57,168.7931,69.7869,99.5998,112.9336,146.1418,418.0937,168.3433
2023-09-05,82.7684,208.6226,220.3621,14.3,129.035,88.8407,180.3226,208.1141,81.3875,190.2992,236.9092,117.81,67.0886,54.8174,459.5986,228.4552,154.5978,54.8376,93.5239,294.2569,399.9158,222.57,57.6995,195.5024,485.9068,40.5948,151.2338,139.7739,242.239,401.0848,48.47,678.5734,182.4601,271.6723,45.2,26.3684,108.0821,416.2229,107.176,412.9,760.0404,206.3485,65.2088,74.7613,200.3304,136.56,68.7005,121.6061,81.6271,222.9939,83.5242,36.7496,84.6522,100.2071,233.6755,203.9631,46.55,140.9412,212.3599,76.7223,28.872,29.2532,215.1929,246.3358,47.9679,83.08,164.2128,68.2804,94.9004,112.1475,142.6361,413.7363,165.9395
2023-09-06,82.3966,208.8295,224.0215,14.33,128.5875,88.6833,178.0168,208.3931,79.9138,187.7724,239.7252,118.46,67.7306,54.798,463.9346,230.1992,154.5781,55.2206,94.2788,297.3988,399.7807,217.95,57.9082,199.0705,487.4924,40.5462,150.213,139.8516,243.0414,401.2699,48.34,679.0924,180.9681,272.8974,45.47,26.2649,108.5659,396.3556,104.6012,414.01,754.7578,198.8214,63.9781,75.7592,200.458,140.56,68.6146,121.3588,81.6658,224.9754,82.3277,36.8561,85.6208,99.0037,232.6557,201.2399,45.9,140.0474,207.3393,75.7946,28.6886,28.4926,215.2508,245.6153,48.0871,82.99,162.0608,69.8467,94.9684,112.1766,141.1921,406.5956,164.8762
2023-09-07,82.0713,213.2095,221.037,14.0,128.1108,87.9829,179.7846,208.0044,80.6985,185.6621,241.3892,118.12,67.2053,55.6238,456.3661,224.7317,154.1255,54.3015,94.9763,291.6132,397.3103,216.05,58.6313,201.3225,486.8424,39.9824,151.7899,137.7713,241.8048,398.5907,47.68,677.3788,181.4362,271.4794,44.6,26.0204,106.3642,398.2255,104.1769,410.01,758.3907,198.9925,64.8724,76.0339,197.7976,139.18,68.4904,121.7921,80.2917,228.0838,81.2065,34.5719,84.3324,98.1155,227.1294,199.103,46.27,142.5831,207.9479,75.3158,28.457,27.9792,211.0586,242.1065,47.8587,83.62,160.5372,69.3878,92.9197,112.0893,141.1312,413.6499,164.5277
2023-09-08,82.2959,207.5436,223.2421,13.98,127.1866,87.9278,180.361,205.8118,79.8851,185.1416,240.6212,115.18,66.2229,56.9938,452.909,224.7788,151.4295,53.8324,94.5463,284.3526,385.663,211.27,57.8188,200.7668,484.0553,39.6811,151.3545,138.1504,240.2965,398.6783,47.44,675.5576,180.0417,272.2993,44.69,25.6302,105.2189,395.5609,104.2444,410.22,745.2783,200.3801,64.8104,77.3705,192.9675,139.89,67.0293,121.212,80.0401,229.3659,81.329,34.9494,83.1445,98.1537,226.1,200.266,47.24,142.0584,207.1681,75.4155,28.9009,28.0743,208.7307,243.0329,47.3126,82.57,159.9183,69.2581,92.4536,111.342,140.0873,405.7127,164.8851
2023-09-11,83.574,209.9036,222.016,14.09,127.7898,89.9269,181.5812,204.3566,73.5885,185.4539,241.2415,115.77,66.9232,57.2658,447.9382,224.3923,150.9867,54.2249,95.6642,281.5077,386.3482,211.01,58.527,205.1147,490.309,39.7005,152.351,136.313,241.6151,395.7263,47.69,677.5746,179.5932,272.0774,45.0,25.6725,106.0186,393.289,104.4083,409.22,750.3472,200.6272,64.0578,78.0205,194.391,141.89,67.3349,121.8778,80.311,231.2212,81.5457,34.9591,83.108,100.8183,228.1104,200.0864,48.94,143.1368,205.6467,75.7846,29.1229,27.9602,207.6778,244.4457,47.5013,82.41,160.8134,68.4899,93.8518,112.788,139.9568,407.9009,166.3953
2023-09-12,83.0086,207.8392,223.7459,14.11,127.7995,90.5093,181.389,203.8085,72.3062,187.8955,240.7591,114.16,65.6489,54.9729,446.444,223.8927,149.2255,53.459,95.4731,276.9004,388.172,210.65,57.0062,203.2235,486.2023,39.5547,153.4152,136.9449,238.551,394.9566,47.6,672.2284,177.3893,271.8459,44.22,25.6349,106.0581,390.6432,102.9522,408.85,745.4236,200.8648,64.049,78.0205,193.9001,136.32,65.1958,125.2905,79.924,221.3717,81.9508,34.8719,81.6002,100.8852,225.5464,202.2233,47.92,144.3416,206.7022,75.4255,29.5185,27.8366,206.6153,245.5218,47.3821,81.76,161.0229,68.1706,93.7838,113.0015,136.1989,407.0179,169.076
2023-09-13,78.2756,204.8289,222.0065,13.31,127.6147,89.4074,180.7549,199.6623,72.3062,189.9585,241.7831,111.64,64.5595,53.6709,436.8638,224.2698,150.2899,53.1144,93.3328,273.4425,388.143,208.4,56.5216,202.1121,487.9651,38.4465,155.1759,137.2657,239.2056,380.0013,45.79,670.6813,184.6444,266.1642,44.31,25.7195,104.9425,393.5976,101.795,409.35,741.2266,199.1255,64.3057,76.2444,193.6351,131.71,64.0976,126.0249,78.6659,215.0676,82.3182,35.472,79.7727,101.697,224.5849,200.578,48.16,146.7218,208.8987,75.4454,29.4317,27.3708,207.8903,244.268,46.7466,81.04,161.0705,65.5767,92.2497,114.7872,137.3037,409.1582,171.2028
2023-09-14,79.2594,200.513,225.3047,13.26,130.358,91.0208,181.4207,202.1141,72.2488,195.5135,245.0073,111.92,65.4739,53.2046,442.7037,225.9289,150.6545,53.4973,94.2119,274.9847,397.2621,209.05,56.8198,196.9745,491.8454,38.2326,155.1275,140.1433,243.8254,385.0188,45.42,681.7557,185.9414,272.5694,44.85,25.7759,106.6209,398.1787,102.5182,415.72,747.1844,202.3664,66.0942,78.6156,196.0501,134.26,64.6896,128.1278,79.0433,215.7864,84.6925,35.8785,80.056,102.4856,226.0514,203.9536,48.32,146.1583,210.5818,76.0142,29.9527,27.5134,208.9335,246.9346,46.7566,80.66,163.3654,66.4048,93.5217,114.8454,139.8177,414.9264,172.9631
2023-09-15,78.2834,201.8038,223.7174,13.31,128.6264,90.8949,178.6323,198.576,72.5359,193.0814,242.2071,111.67,65.0361,52.9131,441.4244,224.6468,149.4423,52.3389,94.4603,273.1839,397.677,208.11,56.6484,197.4034,488.2901,38.7867,155.2533,140.4252,241.0269,382.0375,45.7,678.6811,189.5299,269.28,43.88,25.964,106.3247,396.4584,102.3439,415.04,739.1324,201.1499,66.4926,78.0205,193.262,127.24,63.7633,126.0959,78.5014,211.4056,85.305,35.8398,80.3849,102.0528,224.1478,201.7032,47.52,145.8669,213.0446,76.0441,29.7694,28.2264,206.9437,243.6691,46.3495,79.12,164.4699,65.7463,92.774,114.9425,139.6089,416.0494,172.4985
2023-09-18,78.2679,201.9221,226.5403,13.11,129.5992,91.7449,178.4586,197.0411,71.9425,193.176,242.7691,110.0,65.2988,52.8451,442.9967,224.0812,150.2702,52.674,95.1769,276.5651,396.4515,205.12,56.9987,198.6123,491.5893,37.8049,154.6244,139.5308,236.4925,385.6814,44.63,679.3567,189.5104,271.0067,44.43,25.8182,106.7394,401.8904,101.8597,420.06,743.7397,201.7486,65.6515,79.0001,191.3869,129.11,64.1358,126.0102,78.7627,212.8723,82.7422,36.9722,79.5442,102.9472,224.7111,201.5425,46.51,144.7205,213.3108,75.9643,30.0106,27.6465,205.1277,243.9218,46.7566,79.72,166.7648,66.2352,92.7061,114.2728,137.8256,422.7965,173.7674
2023-09-19,77.6404,200.1681,223.0615,13.19,128.714,91.4616,179.2305,195.4763,71.8469,191.0752,242.8578,109.92,64.6276,52.3204,440.4869,223.9021,150.4574,53.0952,94.4221,275.636,384.727,204.48,56.4098,198.0079,495.1347,38.3493,154.4696,139.7447,237.147,381.6381,45.24,676.664,187.6674,269.7816,44.57,25.7665,106.6999,397.6365,102.4989,421.85,744.1671,198.5553,66.3156,77.9748,192.9086,130.01,63.9925,126.135,79.5272,209.968,83.3829,36.9819,79.8184,102.351,224.0992,200.2376,47.59,145.0022,211.9035,75.4754,29.8273,27.4849,203.7271,243.3697,46.7864,80.06,167.7266,66.0755,92.0847,113.904,137.4515,418.4296,174.5627
2023-09-20,76.6799,200.9564,221.2746,13.06,129.5506,90.3912,178.0051,194.5993,71.2248,194.2738,242.8775,110.22,64.3163,52.301,437.5376,222.6578,149.2255,52.2432,93.6481,273.1551,388.2395,202.37,55.9476,196.1848,496.5036,37.7952,154.8373,139.5017,237.6498,380.4202,44.36,670.7205,188.8668,268.7591,44.02,25.522,105.7817,399.1698,100.9591,419.14,730.2854,195.381,65.8109,78.048,190.7979,127.16,63.3622,125.9612,79.0627,208.5012,82.5161,37.4368,78.6853,102.6875,221.2244,201.3817,46.55,145.0508,214.4709,79.1972,30.2133,27.1141,202.7901,239.2808,46.2105,81.13,166.3078,64.8684,90.8516,111.4488,137.1297,422.4702,173.7495
2023-09-21,75.518,197.1381,217.4821,13.06,127.5563,88.9273,177.0499,185.8485,69.5119,190.479,237.5532,108.46,63.2852,51.067,425.5354,218.8023,148.8509,51.305,92.1958,267.1876,374.064,199.95,55.1052,193.0457,488.1128,37.2314,152.3607,137.6157,248.3977,371.7978,43.69,668.2432,185.2393,262.4117,43.14,25.4374,104.3303,390.372,100.5717,414.54,720.4382,192.4538,65.1203,76.7297,182.679,121.02,62.2354,123.4887,78.3175,204.6158,81.7341,36.7206,77.1227,101.0142,217.2813,199.8878,44.6,143.1563,210.9812,77.7504,29.9334,26.8859,199.7474,238.7287,45.7438,78.23,165.6317,63.8906,88.764,109.6631,135.2072,419.5237,171.0598
2023-09-22,75.1694,197.3992,219.3546,12.9,128.6264,87.5579,177.7735,187.8219,68.4976,191.6335,238.5589,106.75,63.2074,51.3682,423.1428,220.1221,149.4718,50.8263,92.7786,269.5056,367.5311,197.71,55.3736,195.4147,487.4629,36.619,151.3739,137.4116,247.6768,377.3415,43.07,667.2836,184.781,263.4053,43.16,25.4891,104.8339,386.7351,100.5426,417.88,724.3104,191.1043,64.5625,77.755,182.1685,121.84,61.6051,123.567,78.2111,206.5682,80.9615,36.2269,76.4831,101.2739,217.728,197.8454,44.41,142.1945,207.615,77.6207,30.1071,26.6673,200.0758,239.4024,45.4757,78.06,165.2793,64.3496,88.2591,110.5462,133.7719,407.805,169.5854
2023-09-25,73.4265,201.2668,220.0485,12.91,128.675,87.9911,178.584,186.9548,68.9473,191.9931,239.2885,107.41,63.8202,52.0581,433.4262,221.027,150.3096,51.0082,93.7341,272.4367,370.9278,198.78,55.7762,196.1166,485.1189,36.512,152.0414,138.5684,252.7424,381.4432,42.93,675.5184,185.7269,264.5725,43.37,25.7618,106.0581,386.0339,100.7073,414.88,727.6013,191.3419,65.3859,78.2403,180.745,123.09,61.5669,123.7555,78.3369,209.7154,80.6412,36.0624,76.4648,101.3604,217.8057,197.1268,44.91,142.1847,208.5564,78.7083,30.0589,26.1444,200.6651,239.8048,45.9722,78.12,165.8412,64.17,88.3465,112.4483,134.233,408.448,171.444
2023-09-26,72.7216,196.5863,217.7102,12.7,127.7898,86.5812,175.6702,184.2339,69.1483,187.6305,238.0265,103.22,62.2444,51.2225,427.4398,216.8981,147.1163,50.3859,91.3454,267.293,366.3345,195.64,54.6132,192.3438,476.1274,35.7441,150.6096,135.9048,247.9614,374.0191,42.65,671.2492,181.8458,259.9905,42.73,25.6067,104.0637,382.154,98.8672,407.26,720.31,190.4675,63.3849,76.7754,177.0636,121.91,62.5219,117.2314,76.7305,205.0238,80.0382,35.9656,75.0393,99.2736,210.0263,193.685,44.27,141.5338,207.4629,77.8402,29.5475,25.2507,196.8689,236.689,45.4856,76.3,165.1936,62.6436,86.9192,110.6336,132.1365,409.4174,167.8965
2023-09-27,72.3962,197.0199,218.5657,12.61,132.4788,87.3373,174.8501,189.4864,69.7416,185.6905,236.2714,108.89,62.9545,53.5155,435.77,219.0757,146.7122,50.9412,92.5493,272.8007,370.8989,195.46,54.8592,195.0345,479.2493,35.6371,149.3906,136.6727,249.2136,381.0535,42.03,685.5255,180.9779,263.0677,43.05,25.8888,105.4756,382.1259,100.0294,413.44,728.1227,193.1096,64.7573,77.6452,177.417,123.31,62.5028,117.7724,76.7885,208.2196,81.3007,36.2366,75.7521,99.2736,213.746,191.3779,45.14,140.6108,210.1444,78.7682,29.2194,25.4884,200.3753,237.634,45.7537,76.35,166.8315,63.1224,87.6863,110.3036,132.5802,419.6485,167.8875
2023-09-28,72.2413,200.0548,219.8584,12.92,132.2161,88.4794,174.6378,188.2904,68.8995,186.7882,237.1687,108.98,63.4409,54.351,437.7232,220.0715,146.6728,52.0038,92.6926,274.3429,372.5645,190.43,55.4407,199.0607,480.0963,35.919,149.41,136.77,252.7519,382.3395,42.31,684.2917,181.7483,266.4729,43.43,26.1662,106.0088,384.2202,100.9687,410.32,725.1737,194.8868,64.8104,78.4691,179.6553,126.22,63.4864,118.4603,77.8724,209.356,82.1015,36.4399,76.5379,101.12,216.65,192.9948,46.14,140.8537,211.4661,78.5187,29.4992,25.8782,201.9401,241.0679,46.1509,76.81,164.1081,64.1201,88.4048,111.0218,135.2681,421.8175,167.1995
2023-09-29,72.5202,201.5772,217.1495,12.81,132.7901,87.0696,172.7563,186.5255,68.8708,186.3624,232.9289,108.96,62.9837,53.6321,434.1586,218.4213,145.6281,51.1709,92.2722,273.8256,365.4469,191.68,55.2842,197.8129,476.935,35.9677,147.4751,135.6228,251.31,379.5044,42.3,677.4278,183.8351,263.3474,43.09,25.6913,104.9227,382.3503,100.9106,408.58,720.6947,194.4306,64.8812,77.8374,179.832,124.49,63.1521,117.7553,77.7176,207.1705,81.1499,36.1302,76.3734,101.1681,216.7471,192.5409,45.99,138.9717,210.1159,77.9699,29.6729,25.7356,200.9355,238.6539,45.9225,76.89,165.8031,63.5714,88.3854,111.245,135.59,422.4798,165.0817
2023-10-02,69.8864,198.6457,214.3835,12.75,130.7082,85.6834,170.7687,176.1259,68.2679,181.2238,233.0374,106.1,61.8262,53.0102,427.1272,218.2032,145.293,50.338,91.4505,271.9865,362.0188,187.83,54.9412,193.1237,476.5411,35.433,146.2852,133.8438,251.4903,375.3344,41.62,680.1499,182.7624,262.1127,43.62,25.7947,103.9058,381.2845,99.8744,402.28,704.6675,191.9881,63.7745,77.5994,175.6597,123.0,63.0757,118.7002,76.9337,204.2176,80.6977,35.443,73.76,99.5429,214.9989,191.6048,45.68,137.6552,211.9796,77.1218,29.4703,25.8497,199.7378,235.5662,45.0984,75.97,163.3654,63.4517,89.1524,111.342,134.9028,424.4281,163.1783
2023-10-03,68.7787,197.01,212.8152,12.29,129.5311,84.8721,169.553,168.877,67.5406,182.0944,231.4598,103.15,61.4857,51.9998,415.9845,218.5161,145.8252,49.4477,90.6288,272.3409,360.9924,188.92,54.6878,191.3299,472.7396,34.2568,147.5912,133.941,246.823,372.129,40.53,672.718,182.1676,259.4599,42.62,25.4797,103.1752,377.5541,99.5355,399.3,694.2989,192.1877,65.3593,76.9402,175.3652,117.18,62.4264,117.721,76.8369,203.0617,80.7542,35.1042,71.6492,99.5429,214.0568,192.6828,44.51,138.9619,209.8972,76.2537,29.6922,25.4884,199.8923,237.6153,45.1977,75.16,161.1943,62.7034,87.5115,110.5462,133.7458,416.8364,161.8648
2023-10-04,68.1823,198.6309,216.3891,12.73,131.3017,85.7306,173.1423,171.2501,67.1004,182.6054,236.5672,101.71,62.3125,53.0588,414.2168,220.0905,147.9541,50.0604,90.4472,276.6322,365.0789,186.73,55.1201,195.3562,480.7463,35.0539,148.9456,134.0771,246.6902,374.7011,41.41,684.2722,182.6649,255.6592,43.73,25.87,103.6688,375.2168,100.8332,401.28,702.3339,191.646,65.1557,79.348,176.72,120.14,63.2572,118.4725,77.4756,203.3434,80.5658,34.8042,71.8411,100.1103,216.718,191.255,44.94,139.6153,208.5564,75.9443,29.7694,25.8592,201.3412,239.4305,45.3963,76.43,155.957,63.1125,88.5698,111.934,133.7197,405.3,163.08
2023-10-05,68.0351,198.6901,214.26,12.85,130.7374,85.6282,173.0168,167.7404,66.3923,180.4572,235.2855,101.13,61.0966,51.9901,411.0723,220.8112,146.2687,49.9934,89.4248,274.1034,363.8103,186.29,55.6122,195.7754,482.4327,35.4233,149.6809,134.4563,245.8459,373.8145,41.32,687.9147,181.4752,251.5788,44.04,25.8135,100.8056,371.4957,99.5064,398.1,717.1046,190.3535,65.3151,78.9452,177.4661,119.97,63.0948,117.9609,76.5853,197.3598,79.4729,34.7074,70.7994,100.5815,215.4748,189.7137,44.61,139.9371,207.3511,75.3357,29.3448,25.9732,198.1536,241.3112,45.3069,79.49,153.5764,62.6735,87.5212,110.8374,133.424,403.1693,160.8639
2023-10-06,68.4766,203.6859,216.351,12.76,133.8602,87.7942,173.3738,172.2073,66.7655,181.2332,236.6067,102.52,61.5732,52.7382,423.1526,222.9166,148.0526,49.9742,90.8103,278.0786,366.5702,187.38,56.2533,199.168,488.0048,35.9677,150.3774,135.0201,244.6507,381.6478,41.82,701.3978,181.992,256.6335,44.83,26.3872,101.6251,374.6558,100.4167,401.42,726.6354,192.4728,66.1385,80.0896,178.8896,119.31,64.2599,120.7542,76.9724,204.169,79.9534,34.9203,71.439,102.0625,216.3586,191.4346,45.78,140.805,210.4027,76.7326,29.8273,25.7451,198.965,243.0048,45.6346,80.64,156.0617,63.2721,88.3271,111.2158,134.1982,406.2117,165.0102
2023-10-09,68.9801,207.9969,216.7978,12.24,136.2728,86.8412,175.5062,173.3839,69.8469,185.2457,240.6492,103.44,61.9526,53.4572,426.9026,222.3761,149.1368,49.9838,91.6034,278.2318,370.8311,188.49,56.2458,199.1777,492.6695,34.2956,152.351,136.4589,242.5827,385.2429,39.78,710.788,185.0345,261.7075,45.21,26.5517,102.0595,408.1264,101.1527,410.5,741.1497,210.4542,67.6436,80.053,182.1096,118.64,65.5396,122.9476,77.3692,207.1705,81.3572,35.2204,72.1152,103.0626,218.8449,193.1744,45.45,142.9796,228.1388,79.0376,29.9913,25.1937,201.0611,243.6691,46.0913,81.57,171.6022,63.9505,88.4436,113.3606,134.259,452.6357,166.6723
2023-10-10,70.2118,209.4454,217.8528,12.26,135.4459,87.802,175.0913,177.113,70.1914,190.0342,241.0239,107.41,62.7211,53.8458,438.3579,222.8502,149.0973,50.3859,92.0811,279.41,378.4813,193.53,57.0062,203.3112,490.3322,34.8303,151.7415,137.1005,243.5977,387.0454,40.39,696.0711,186.7703,263.55,45.61,26.2602,103.6096,406.7895,102.1405,411.02,740.3975,208.4584,67.865,79.4396,183.8375,123.14,66.1412,124.0297,77.7079,207.1316,81.4986,35.443,74.5733,103.6781,220.1852,195.1128,46.63,142.7553,226.4073,78.8979,30.4352,25.3363,201.1963,243.9685,46.131,82.0,169.0883,64.5391,89.2786,114.234,135.3116,446.4068,166.5114
2023-10-11,70.0181,209.7656,218.6607,12.48,136.5354,89.204,175.9789,178.7981,70.1531,191.1603,242.069,107.78,63.8105,54.4482,443.4362,224.3961,150.0533,51.3433,92.7691,287.2837,377.0481,196.07,57.5206,205.9921,495.1055,35.074,151.577,138.2184,242.336,396.8175,41.0,699.4101,188.9448,263.1834,46.15,26.3355,104.3994,408.2386,102.6248,412.59,742.808,209.3707,68.1749,79.3572,183.1895,125.69,67.8888,125.4667,78.424,209.6863,81.018,35.1526,76.8212,104.5628,221.341,198.0723,46.64,142.8333,227.4691,79.5864,30.5028,24.9085,201.9111,244.4083,46.141,81.87,168.3741,65.8361,89.6864,113.545,135.0941,454.3249,167.4586
2023-10-12,68.9569,208.933,216.275,12.06,134.7455,87.6839,174.8501,177.3922,70.1435,190.1951,242.5324,101.43,62.7308,52.9325,434.0512,221.6648,148.9396,49.419,91.7754,287.389,370.192,191.3,56.6484,201.6637,495.3717,34.2649,150.0001,136.313,239.0917,396.4083,39.82,720.0608,188.0867,260.0773,45.93,28.315,102.6914,405.8919,100.6588,406.97,733.6703,207.9547,68.2634,78.0938,177.7704,116.43,66.781,126.0738,77.8434,211.221,79.8403,34.6106,75.6607,103.4665,220.9525,196.6635,45.95,142.3652,227.1056,78.1096,30.0685,24.1954,199.2273,237.9802,45.1282,80.18,165.4984,65.9059,88.6378,113.3121,135.1637,458.1063,164.3668
2023-10-13,68.6935,199.5769,216.4461,11.72,134.6676,86.1481,171.4345,173.0249,70.0957,190.1572,244.1297,101.63,60.7075,51.067,422.9084,219.5499,146.4954,48.9403,90.5428,276.1724,368.6232,184.91,55.2543,199.5482,490.9733,33.2413,153.6377,134.2716,230.3644,382.8267,38.72,716.2224,186.6532,258.4663,45.75,28.2679,101.2696,412.3617,100.2134,404.58,732.6275,213.676,67.0239,76.693,175.159,116.27,67.0962,125.4961,77.4176,202.6245,79.1431,34.7558,74.4271,102.8895,216.1935,196.4366,43.48,143.6915,232.501,78.1196,30.0492,24.1194,194.4021,237.3346,44.0558,80.3,168.774,64.0702,87.5503,113.0112,134.9028,470.4297,164.0272
2023-10-16,69.6696,203.1932,216.9499,11.94,134.4633,85.959,173.287,175.8666,70.7942,196.4125,239.1209,100.26,62.0888,51.6403,430.7406,221.551,148.299,50.2806,92.062,279.4866,378.1908,184.93,55.6569,202.8725,494.9871,33.5533,154.6341,136.8574,234.8419,386.7823,39.53,716.5358,191.8898,261.2156,46.64,28.1551,103.4812,411.754,101.9372,409.3,738.4571,213.9896,67.6171,77.9015,176.7298,117.98,68.6623,126.4876,77.9111,205.5678,80.7919,35.2688,75.2129,103.7165,218.0485,199.3488,44.71,144.5496,232.3384,79.0975,30.3098,24.3475,196.3496,240.6095,44.2842,81.62,170.45,64.7985,89.2301,115.4277,136.2685,469.3932,166.4131
2023-10-17,70.1421,205.5187,217.4726,11.94,135.8545,86.6521,174.7439,178.8778,70.7081,196.6775,236.5475,99.97,62.9545,51.3974,442.4303,223.1537,147.5894,50.3093,91.6989,278.3085,378.7524,185.6,56.0147,203.9351,493.0344,33.8067,154.8469,137.6449,235.2877,392.4721,40.12,722.7828,191.1389,263.0098,46.66,28.2397,104.2612,412.4271,102.2568,410.03,737.8331,211.8988,68.1483,77.81,177.5544,118.15,68.5955,125.8976,78.453,205.7037,81.2253,35.3365,76.5836,102.7356,217.728,199.8311,44.38,144.4131,230.8078,79.7061,30.2712,24.5187,196.8728,242.3779,44.9197,79.8,169.7834,65.5069,90.3176,116.8543,136.7295,469.326,166.4935
2023-10-18,68.4766,197.9905,212.8247,11.36,131.4962,84.7225,171.3959,171.5393,71.043,192.5231,234.7925,95.5,60.8145,48.7255,419.2853,213.7742,141.8829,48.6244,89.53,263.9596,370.1435,185.69,53.7336,191.057,486.1014,32.3055,153.8698,132.0454,231.0948,369.2354,36.24,697.0307,174.2299,250.0546,45.23,27.6426,100.3712,417.0457,96.911,398.85,719.6518,211.9463,66.8911,76.5832,171.9586,111.9,65.3868,124.4091,76.3047,196.6119,78.9358,34.7655,72.6269,101.0335,211.2112,194.7062,43.0,143.5647,229.4111,78.3491,29.5957,23.4824,190.8074,234.2469,44.036,77.66,170.9737,62.2445,87.7154,113.7197,133.8067,471.0152,163.9468
2023-10-19,67.4386,195.325,210.7241,11.45,129.2101,84.2342,169.7171,168.2489,70.7081,189.3528,231.164,93.96,61.5369,47.6082,401.5604,213.2906,141.5774,47.9829,88.9949,260.0802,369.3107,182.79,53.003,186.514,480.8055,31.8863,151.9543,130.6844,230.7912,365.3382,36.03,688.1888,174.3664,243.9485,44.33,27.5203,98.8112,419.9533,95.4487,393.61,710.0013,210.3496,65.9348,75.5761,175.7088,111.39,63.9925,123.0945,75.6466,194.1835,78.493,31.8619,72.0604,100.3314,209.9486,198.8761,42.72,142.1702,227.6318,77.1717,29.4703,23.1687,189.5188,236.4551,43.4005,73.94,169.4025,61.0772,89.4825,111.3905,132.2757,470.2282,162.8745
2023-10-20,67.0436,193.64,208.3384,11.08,128.9085,83.549,167.1023,164.2206,69.4258,190.8764,231.164,88.38,60.7267,46.9086,396.8825,212.0197,139.5274,47.7532,87.3992,254.8503,363.2874,180.04,52.3619,182.5658,475.4701,31.4184,151.4803,130.9371,228.2584,363.3312,35.09,677.0851,171.8895,241.631,43.69,27.0878,98.436,415.2693,93.9379,388.38,703.2827,208.2208,65.2177,74.688,173.1465,109.28,63.6583,121.9611,75.0273,188.4331,80.3962,31.9877,71.2015,99.3217,209.123,199.8311,42.96,141.5364,224.7523,75.7348,29.6826,23.007,186.738,236.6328,43.1324,73.84,167.6885,60.2791,89.1427,111.7981,132.1887,466.1588,162.0256
2023-10-23,66.3077,190.9943,205.5915,11.29,128.0719,84.0294,166.5909,164.9884,69.9808,186.334,227.6342,88.3,60.8243,47.1224,399.3045,210.967,138.8277,47.6574,86.1475,255.607,361.4669,181.03,52.1904,183.1799,471.2294,31.2332,150.8805,130.1205,225.7445,357.4368,35.38,672.0228,168.3887,239.8082,44.15,26.9796,97.4882,417.1298,93.812,385.05,706.4796,205.6072,64.1552,74.4866,175.7677,110.91,63.4004,122.2769,74.4273,189.8707,79.3221,32.1039,71.3659,98.0715,206.8504,196.446,43.04,140.8342,223.0973,74.8068,29.1036,23.0926,186.8349,234.434,43.2416,73.25,168.4217,59.1717,87.0455,110.3424,128.8831,461.264,161.3107
2023-10-24,69.809,190.1272,208.3479,11.21,128.7918,89.4875,166.7743,166.7632,75.0047,185.7094,226.9144,86.76,58.052,46.7823,396.8337,211.5456,138.9361,47.0447,86.7017,254.6587,361.7574,182.36,52.3694,181.8736,475.8942,31.2137,149.5938,128.6429,229.264,363.6819,35.14,672.4046,168.379,241.9704,44.53,27.0737,98.673,412.2121,94.0444,386.19,710.386,203.6969,63.863,77.6635,166.5984,110.51,63.6392,123.829,74.7757,193.9212,78.9076,32.5781,72.5264,98.4177,207.7148,194.2524,44.19,139.742,222.8964,74.8667,28.6404,22.7218,186.7477,237.6995,43.192,74.17,164.7556,59.5408,86.8416,108.8673,129.8922,459.1909,162.1507
2023-10-25,69.2435,182.7911,207.7586,11.04,129.1906,87.5815,164.0148,167.7404,75.0335,175.8202,224.9326,85.12,56.0118,45.7038,389.8023,214.3053,137.645,46.2692,84.8767,252.2257,360.1499,177.73,48.1574,179.7874,474.5726,30.6191,158.7263,126.4556,223.1263,358.0701,34.85,663.2984,165.8143,237.5004,43.63,27.0027,102.7407,418.5603,93.4731,373.28,699.4533,204.3907,65.1291,77.3888,161.1695,106.22,62.2545,122.7738,73.0338,189.6375,77.9465,33.2266,70.5892,97.8407,204.6457,194.0443,42.35,143.9158,231.8888,74.1982,28.5632,22.4366,181.1862,234.1065,42.9239,70.91,167.3457,59.2216,85.2104,105.6648,127.8132,463.8169,159.1393
2023-10-26,68.6703,182.19,207.3024,11.15,129.7072,85.6913,163.378,166.7632,75.7416,175.3565,223.5128,83.23,56.9685,45.26,394.3141,212.5888,137.8224,49.3328,84.6569,251.5361,357.8548,179.09,48.5302,182.7217,473.7541,30.8043,157.5171,126.9125,216.2203,360.4473,34.92,685.0947,163.6105,235.0667,43.15,27.0784,103.185,416.9522,94.18,372.24,699.2139,207.2134,64.8989,76.8212,163.1427,107.12,66.0075,122.0663,73.0822,190.9197,76.3354,34.5622,70.571,96.9944,206.6756,191.2266,40.62,142.3945,230.119,75.8545,28.5535,22.237,187.2031,237.1849,43.1622,70.86,166.841,59.7404,86.1133,105.296,120.2277,458.5574,157.3253
2023-10-27,67.795,181.5348,204.5839,10.92,127.826,83.7616,161.4965,164.3901,75.7512,174.6278,220.7126,82.2,56.3047,45.3576,389.6754,211.7352,137.2113,48.8637,84.1123,250.9613,349.7301,179.69,48.478,180.0506,469.0104,29.8782,156.124,124.8418,217.0836,356.823,33.9,692.037,161.8552,231.3142,42.73,27.2534,102.6815,414.5401,94.3543,370.71,700.1115,202.5469,64.6245,76.2536,159.7067,106.26,64.7565,121.5253,73.6822,189.7152,76.5615,34.9397,74.9571,95.8885,206.0248,190.7349,41.23,142.375,227.9187,75.0862,28.2158,21.2387,184.9843,236.1088,42.7849,70.58,162.7654,59.2415,85.6085,104.5681,117.2875,454.0369,158.1653
2023-10-30,69.3442,186.7966,206.8841,11.18,127.8845,86.4867,163.5131,164.2805,75.1866,177.5047,221.3436,82.24,57.3101,46.2062,401.326,212.0387,138.0983,49.62,84.5136,252.3598,356.1698,182.35,48.4855,183.3554,478.1131,30.4436,157.4493,124.8418,224.6536,360.0479,34.8,710.9349,165.4925,234.8049,43.12,27.5467,104.202,416.8306,94.6255,372.36,700.6414,206.5671,65.563,76.5557,161.0222,107.25,66.6755,123.0921,74.0693,192.1145,75.9585,35.6656,76.9765,97.3983,206.054,194.5927,42.73,143.594,228.6171,75.635,28.3702,21.4004,184.6064,238.1206,43.2913,70.79,166.0316,60.4287,86.6765,105.7618,120.7235,449.8235,160.6227
2023-10-31,70.4519,185.5748,205.5915,11.15,129.9314,85.5574,164.6419,166.6336,77.8851,180.5519,224.1734,84.07,56.7342,46.4891,396.7556,212.5508,138.739,49.8689,85.0105,251.7372,353.807,186.82,48.6644,185.5294,481.8311,30.4631,158.9779,126.3292,227.7651,359.4243,35.01,714.6264,167.5988,219.1842,43.52,27.5988,104.6759,425.0581,95.255,374.59,707.8387,208.9146,66.2005,75.5578,166.4708,108.52,66.9345,124.1472,74.7176,201.9543,77.0986,36.4012,77.7167,98.6004,206.4716,196.3042,43.28,144.8032,230.8461,75.8346,28.8044,21.1342,185.459,241.3486,43.7877,73.41,170.8404,60.5385,90.8224,106.0238,122.8722,452.4629,163.7592
2023-11-01,70.1498,192.4675,207.2548,11.14,126.8708,84.4705,164.5358,159.1554,78.6124,179.9841,219.135,96.13,57.5151,48.4399,399.8904,212.9492,140.3454,50.4625,85.622,255.7315,358.7554,189.38,48.5973,208.1369,480.4307,30.3266,158.6973,125.4834,230.7343,360.9442,34.81,726.6408,168.652,224.7886,43.82,27.8684,104.4587,422.9451,95.7973,368.84,708.0524,210.0265,65.501,76.1254,164.635,117.47,67.942,124.6074,74.3305,208.6761,76.75,36.0237,77.6527,109.1788,205.4324,196.2569,43.83,145.047,232.1758,75.8246,28.5342,21.1342,182.5039,243.7627,44.4033,73.67,170.1833,61.8454,91.7351,106.674,121.6108,449.4204,164.4115
2023-11-02,71.5054,191.5708,207.1503,11.4,130.5163,84.8879,172.5248,174.5704,79.2153,182.8624,226.6482,99.36,58.8036,48.7423,422.8108,219.749,141.6267,51.573,87.103,247.7046,361.7477,192.01,48.7538,207.7567,487.2355,31.2137,161.4158,129.547,234.5478,394.1771,35.82,740.5352,168.1742,231.8572,45.25,28.3178,107.9637,428.2368,96.0007,373.16,743.4319,222.2485,67.139,77.2607,174.6584,121.25,68.4601,125.1191,76.1111,209.968,76.7217,36.4786,79.0599,110.0636,210.9781,199.8783,46.48,147.9432,233.429,77.3014,29.3255,22.0183,187.5713,246.4294,47.9084,74.02,174.316,65.437,91.5701,109.4787,123.5159,456.6283,166.5918
2023-11-03,72.7061,193.3001,214.6972,11.98,130.5845,85.7858,170.8942,168.6876,79.1579,185.4358,227.3877,104.92,60.1703,49.2885,440.9361,221.0768,141.6267,52.741,87.8769,252.5897,370.1145,195.05,49.1638,212.5238,495.6084,32.5102,162.6444,130.6163,234.4434,390.8743,37.51,751.7369,171.3239,233.4377,45.93,28.2894,109.8791,423.8426,98.6736,379.46,753.9885,222.3531,67.5994,79.4671,178.4969,126.79,68.6616,126.9209,77.2337,209.4706,76.9667,36.8948,81.2073,111.1791,215.164,200.578,47.75,149.64,232.6637,77.3513,29.3352,22.5317,189.1021,253.4376,47.6403,77.38,176.8014,65.2076,94.114,109.6146,124.2727,451.6471,168.8794
2023-11-06,72.4427,194.1377,209.1083,11.66,130.2044,88.0383,171.0968,167.9697,78.8516,186.1221,227.5751,102.47,59.5358,49.0349,428.2698,219.2179,141.3902,52.3102,87.6572,247.6088,366.2894,192.95,48.8955,211.6659,496.2593,32.0911,163.7086,129.0609,232.7264,395.697,36.76,751.1591,170.4853,231.0427,45.91,27.7785,108.872,421.8045,98.5186,377.18,759.6814,222.9138,67.7853,79.0734,177.4857,125.59,68.2107,126.9845,77.7272,211.07,77.2587,36.7786,79.2061,111.8331,214.8532,201.4952,48.14,150.8102,233.3524,77.4411,29.3159,22.3701,187.4744,251.6598,48.385,77.03,173.0781,65.0978,93.3663,108.1977,123.7595,452.0502,167.548
2023-11-07,72.1561,195.2807,208.7661,11.75,130.0094,88.0541,170.6819,164.5995,79.11,185.2833,229.9217,103.79,59.8872,49.2105,431.5035,218.023,144.3863,52.8367,81.1598,246.1911,357.5643,191.41,48.4258,214.1519,500.0661,32.598,163.8441,126.8347,231.6545,396.6129,37.03,756.8285,170.573,227.7848,46.53,27.9205,108.408,420.8602,98.2087,378.54,763.1689,220.7184,66.0499,79.1558,180.4014,126.06,67.7885,128.8328,77.2918,210.4946,77.9842,36.9819,78.3381,110.304,214.1442,199.8972,49.92,151.0638,232.2045,76.8723,29.2869,22.3986,185.6238,249.8914,47.9282,77.94,174.1542,65.8261,93.9586,107.1399,123.3941,448.883,166.7527
2023-11-08,71.5132,192.2211,206.7226,12.01,129.2686,89.6687,171.6853,169.2659,79.6172,185.6741,232.7022,103.78,59.9262,49.6982,427.7799,217.1884,145.7661,54.0143,80.9783,246.2869,357.6902,191.83,48.7538,216.2674,504.0109,33.3096,164.7244,126.4847,232.7644,400.1008,38.04,764.75,170.6511,227.6878,46.62,28.034,108.1611,415.7274,98.8479,378.78,765.2119,217.1829,66.9796,79.2748,181.0886,124.66,68.2587,129.0654,78.2401,212.211,76.6934,36.8657,78.2649,111.6311,215.2417,200.4551,49.5,151.7464,231.5253,75.9743,29.3062,22.8074,186.3504,248.5908,48.0475,77.24,172.821,65.896,93.9974,109.8669,123.4811,441.9535,164.9744
2023-11-09,71.0329,189.9794,204.774,11.75,128.8982,89.0701,169.9872,169.0765,78.8803,184.721,232.1993,102.84,59.2527,49.191,428.6814,216.7047,145.3324,53.3984,81.4082,246.2774,357.9323,193.33,48.7091,215.4387,502.7091,32.637,164.5213,127.1458,228.7991,402.2053,37.32,765.4452,167.8945,227.0382,46.69,27.9725,109.9482,413.6706,97.9375,376.44,831.7654,216.8218,67.3957,78.7163,181.0003,121.21,68.4793,128.85,78.0466,212.9717,75.4874,36.788,76.9857,110.9387,215.096,198.7815,50.05,152.468,229.6885,74.717,29.1132,22.1989,184.3351,248.3475,48.5151,77.61,172.1259,66.8737,94.0072,110.3715,121.7413,442.5389,165.1003
2023-11-10,71.8927,193.443,208.1768,11.8,130.5553,90.7871,170.8942,173.5634,78.6794,187.647,234.5953,103.55,59.936,50.2347,447.3483,220.4888,148.6243,54.0528,82.6504,248.7511,362.1641,196.65,49.0744,219.8159,510.0169,33.2023,166.1756,127.9624,233.3905,410.1352,37.99,777.5962,169.9082,232.4002,48.73,28.3888,111.1034,415.9238,100.223,382.8,848.3739,218.523,68.166,80.8037,181.5304,124.32,69.8706,130.6004,79.382,216.3265,75.3367,37.3127,77.735,112.1504,218.6313,199.9729,51.58,153.8723,232.9889,75.9543,29.6247,22.0183,185.7594,252.6703,49.3012,79.65,173.4686,68.1806,95.5995,111.9437,121.5477,444.6312,167.8238
2023-11-13,71.7998,192.6448,206.6655,11.78,130.4968,90.984,171.5503,175.727,78.4976,189.7343,235.1671,103.54,59.0477,49.6885,453.2276,220.1284,149.1959,53.5235,82.7459,251.5714,358.0679,204.54,48.6942,218.802,509.869,33.3096,166.0982,127.8069,232.7834,410.1156,38.11,775.0541,169.7224,234.3298,48.34,28.2138,111.6859,416.0733,99.9713,384.27,848.9295,221.7828,67.8119,80.5291,180.6567,123.38,70.4079,131.2834,79.1401,217.0579,74.4039,37.6334,76.8395,112.0158,217.1259,197.9967,52.24,154.4671,235.9545,75.9044,29.3834,21.9518,186.3117,250.013,50.0872,78.53,175.0683,68.6994,95.6481,110.5074,121.6005,445.6965,167.644
2023-11-14,73.5659,199.4537,211.9408,12.25,133.5867,92.3465,174.6474,182.3178,77.2153,194.5475,234.7234,109.62,61.7419,51.5125,468.0827,224.2254,152.4976,56.8627,84.6092,257.5295,363.1034,207.47,49.9019,223.2962,517.4628,34.3526,166.5335,132.9883,241.1218,418.4562,39.38,786.6261,174.5122,240.3317,49.69,28.8571,114.2469,415.3161,102.586,393.46,851.9982,224.2158,71.256,83.2657,192.8399,134.26,72.941,134.1352,81.2304,222.451,78.4742,38.3621,81.3718,114.3719,225.6046,203.9442,53.88,155.1107,237.112,76.9621,30.0203,23.1021,191.912,257.4891,51.2513,82.74,178.6487,69.4975,98.2599,114.8648,126.0009,448.048,170.9967
2023-11-15,74.999,198.424,212.6726,12.42,133.5379,91.5983,173.9817,183.1853,77.1579,197.302,234.4572,110.78,62.4642,51.0638,469.8661,225.2591,150.8911,57.0071,84.4372,260.0514,368.8265,208.71,50.2746,220.0401,513.6955,34.8595,165.5951,134.9618,244.1953,419.5513,39.94,780.0991,177.8454,243.4636,49.22,28.4361,113.5943,416.1762,103.3027,393.0,849.7928,223.2464,70.9019,83.0637,194.9702,128.66,71.9623,134.307,80.9014,220.0617,78.4365,37.9249,82.5597,114.2853,226.8284,206.204,53.76,153.1214,235.1031,77.4012,29.9045,23.7106,192.8906,257.3487,51.2911,82.26,178.4868,69.5474,97.3278,114.9036,129.5212,446.282,170.3765
2023-11-16,75.3058,195.9852,212.359,12.19,129.7365,93.6776,174.8404,182.7665,77.341,198.5696,234.2206,113.48,61.3905,51.3857,464.8197,226.6817,151.7485,57.1322,84.1103,262.5637,366.5896,206.6,50.4162,220.8493,517.8573,34.6158,165.8563,133.7077,241.8427,416.9699,39.28,780.3444,174.649,240.6711,49.31,28.6963,113.4657,416.5969,102.6054,389.65,843.6298,222.9328,70.6362,83.4861,196.7177,130.35,72.5764,135.8287,81.5427,221.1832,77.1268,38.5176,82.3313,114.5642,225.051,207.4143,54.42,154.9352,234.6248,76.6229,30.2326,23.0926,191.4469,257.0493,51.2712,82.24,178.4485,70.0363,98.3182,114.3311,129.2924,445.2167,171.4192
2023-11-17,75.0147,197.0248,214.336,12.29,131.9004,94.4573,176.278,182.577,76.8108,201.143,233.7966,114.12,61.4393,51.9125,471.3065,227.5352,153.4141,57.8443,85.8118,264.9508,372.0028,208.04,50.7666,222.877,517.4825,35.152,164.9953,133.9508,242.8008,423.0322,39.76,787.3622,174.0723,245.3835,50.22,28.7389,114.2172,415.7461,102.9928,390.49,848.6635,225.0046,71.5836,83.8994,201.4594,133.59,73.2864,134.4862,82.1451,222.1584,77.8241,38.3233,83.8481,114.9297,226.741,207.2725,54.44,154.7792,234.0795,77.2315,30.5124,23.587,191.8538,259.8938,51.2115,82.73,177.9024,70.176,98.2211,115.4665,130.2341,445.495,171.8686
2023-11-20,74.7314,198.1925,213.0623,12.4,133.5184,94.5675,177.2525,183.5941,76.3192,202.1723,235.9263,113.95,61.3416,52.2734,462.3112,227.2507,152.5764,57.902,85.3504,260.9658,368.3036,217.71,50.4535,221.249,517.4825,35.5809,165.6048,134.3979,242.4119,421.9469,40.02,793.8107,173.8572,242.8431,50.85,28.8193,114.326,414.9327,102.402,390.98,854.6277,227.6752,72.9737,84.3402,205.7004,134.36,73.0274,135.1906,82.3977,221.3002,77.287,38.6439,83.6471,115.4682,227.1003,209.0596,54.75,155.5398,235.1222,77.8103,30.937,23.8912,189.635,259.3003,51.2215,83.0,178.6593,70.2758,97.6171,114.0593,131.6334,447.0786,172.3989
2023-11-21,73.9525,199.4784,212.7202,12.13,121.9192,94.4258,178.7384,182.8263,75.3359,203.1064,236.4292,112.68,60.9024,51.4345,456.8532,229.3277,153.1579,56.8146,85.1677,259.3006,370.5503,218.27,50.2522,220.3521,519.879,34.9765,166.0982,134.6215,242.7155,423.306,39.44,791.8477,176.2619,241.8347,50.65,28.7152,114.7512,418.9903,100.8719,392.87,860.5387,227.4091,72.2565,83.9636,205.7593,132.61,72.7971,135.7796,82.4949,221.388,77.5508,38.9451,81.5637,114.7469,226.7312,209.9105,54.85,156.0664,235.7249,77.6107,31.1204,23.4158,192.4158,258.9235,51.7588,83.29,180.6521,70.3955,98.4061,114.3893,131.8094,452.1174,171.8956
2023-11-22,75.0383,198.9216,215.009,12.31,120.8275,94.1974,180.1374,183.275,76.9458,203.8784,236.6658,112.31,61.2245,51.454,454.0997,228.275,153.4043,57.0456,85.3984,262.5829,359.0362,219.91,50.6254,221.7462,521.1906,35.0448,166.1756,134.6993,243.2846,421.6536,39.8,794.0168,177.0634,238.5379,50.89,28.7956,115.0083,421.0939,101.3658,395.44,859.8032,227.5047,72.6128,83.7892,207.0773,133.48,72.8067,136.1673,82.5338,223.2409,77.956,38.8868,82.0023,115.7567,226.1194,211.3194,55.37,156.0371,236.605,77.8402,31.4099,23.4919,191.1175,258.7351,52.0174,83.85,179.9527,70.5652,99.5751,114.564,132.6719,452.4821,172.8573
2023-11-24,75.4946,199.2025,215.9475,12.31,120.2524,94.4888,180.0313,182.0486,77.1,205.7369,236.1827,112.8,61.7126,51.6784,457.9115,229.3656,153.9266,56.959,85.0812,262.7754,358.4843,220.0,50.4164,222.8186,518.3405,35.191,166.4077,135.7978,244.3756,424.0394,39.71,797.2754,178.9304,239.8469,50.81,28.8382,115.7499,422.5992,101.7241,399.58,860.2729,227.7531,72.3723,84.4871,207.274,134.71,72.9314,136.187,82.6309,223.0556,77.7393,38.9937,83.5283,116.3914,228.4406,212.0664,55.32,156.4175,237.0833,78.2194,31.4967,23.644,193.0165,259.1779,52.0075,84.78,182.9993,71.1839,100.5882,114.6416,133.7984,454.3515,173.8461
2023-11-27,76.3759,196.4089,214.9133,12.18,119.3166,94.4888,181.0251,185.1695,76.6084,201.9436,237.6222,112.73,62.5228,50.859,454.8542,229.3182,151.8372,57.5267,84.5814,260.9081,350.7566,219.3,50.3343,220.3034,517.7586,34.9375,165.895,135.1659,240.5716,422.3282,39.21,795.3713,175.5972,239.876,51.2,28.8335,115.4236,416.5034,100.8622,398.42,865.4572,225.9471,72.5326,84.2483,208.1297,136.56,72.8834,136.1526,82.7864,223.1141,76.7029,39.1298,82.6328,116.8145,227.3431,207.8776,56.06,156.2712,235.6771,77.042,30.8212,23.2352,192.4255,257.9815,52.3557,84.27,180.0389,70.6351,100.5103,115.0686,131.651,451.3354,173.4506
2023-11-28,77.5089,190.8564,214.2812,12.17,120.9249,93.6067,181.9417,180.8122,77.3025,202.4392,236.7053,113.88,62.0738,50.3615,446.7113,228.7966,150.3293,57.2476,84.4948,259.1659,348.6358,222.37,50.3791,217.1155,518.6166,35.1325,164.1536,136.1867,240.3913,417.0579,38.96,760.8027,176.5551,239.9827,50.73,28.3367,113.8019,419.1025,100.8332,395.04,847.3785,226.1669,71.5796,83.5137,209.5264,133.07,72.0775,136.052,81.9119,219.0279,77.6262,38.8383,82.6054,116.7376,224.9831,209.1825,56.21,155.8714,234.5865,76.5031,30.9274,23.5965,190.4974,255.2404,51.6891,83.6,181.1694,69.5173,99.9842,116.0391,132.6631,452.9639,174.6191
2023-11-29,77.4774,189.1468,214.4727,12.23,123.0109,93.6145,183.9389,185.0698,78.0351,204.9935,234.9206,115.6,62.2007,50.9273,466.6423,228.3983,150.6742,58.0945,84.889,260.4268,352.4319,224.43,50.5358,217.0375,518.5772,35.7174,164.2117,137.3477,240.8846,418.554,39.25,761.3425,177.9529,241.8735,50.22,28.2138,113.9107,416.0546,101.2883,399.1,844.4008,223.367,71.6954,83.8534,213.0376,134.89,72.0583,134.7586,81.941,220.208,76.8536,39.052,83.574,116.3626,225.9057,209.4094,56.4,155.9591,234.2134,74.6671,30.724,24.0813,192.1348,256.0693,51.3309,83.94,180.7479,69.4575,100.822,115.9906,134.0272,450.3911,174.6101
2023-11-30,77.9495,191.6841,214.6738,12.43,123.9661,95.9301,187.0072,187.7619,78.546,207.9291,238.0462,117.07,63.0011,50.6834,466.4463,229.707,152.9903,58.2677,85.4561,265.124,352.887,231.63,51.4837,220.4905,530.8259,36.0001,166.106,137.7283,245.5329,423.5603,39.4,771.6483,181.1005,243.1049,50.22,28.3699,115.2555,421.6195,102.741,402.96,853.3073,226.4918,73.0135,84.3218,214.1294,134.11,72.3077,135.782,83.3597,222.0511,77.8883,39.5865,83.8045,117.555,228.5669,213.0025,56.38,157.8217,236.2606,76.4931,31.276,24.3095,195.4097,258.754,52.3358,83.04,182.8077,71.2837,102.4098,117.4645,133.4288,457.8589,176.1022
2023-12-01,78.5632,199.9021,216.7328,13.02,126.2859,96.4814,188.5316,189.9954,79.3558,215.8494,239.328,122.3,64.6996,51.9125,491.7372,232.5806,154.7841,59.817,86.6288,270.9282,357.1479,233.87,51.7225,222.5642,533.1237,37.0919,168.8357,139.7284,250.8357,430.3852,40.24,788.7167,185.5285,248.9614,50.13,28.772,118.7756,423.1637,105.2589,409.02,859.8652,228.1354,74.2515,85.5707,218.4669,139.28,73.6318,137.0092,84.2925,224.7525,79.0369,39.7516,86.4597,118.9014,231.9273,218.7703,57.35,159.8501,238.8627,77.7105,32.3411,25.3743,196.7275,263.624,52.6343,85.28,186.525,72.0921,103.4521,117.2205,136.333,462.3685,177.774
2023-12-04,81.3879,198.9955,221.3968,13.35,126.0423,95.7174,188.2615,189.088,80.1366,217.3362,235.9461,122.87,64.9339,52.1466,480.2333,234.7903,155.0206,60.0864,85.4657,269.032,357.2641,234.87,51.8942,223.4935,529.3466,37.1991,169.4089,139.9431,251.9551,428.4199,40.52,786.577,185.9586,247.0125,49.09,28.8429,118.6075,424.369,103.6707,409.58,857.3041,231.8239,75.5251,86.0666,221.4372,136.86,73.9677,136.2238,84.7686,222.5485,81.3722,39.9654,86.7823,119.4207,233.423,221.1625,58.63,158.5238,241.2734,77.1018,32.5928,25.9542,197.8514,264.6225,52.6443,85.23,190.9225,71.8725,103.7151,118.8994,137.2219,462.8407,178.2954
2023-12-05,80.011,194.7,218.993,13.13,124.4145,94.6936,187.5089,188.8787,79.7124,213.4094,235.2559,122.77,63.8211,51.2784,465.9367,231.9926,153.2564,59.9325,84.9274,264.7005,349.7204,234.16,50.9762,224.5695,528.1533,36.663,168.1266,137.9234,252.4104,425.1736,39.59,783.7993,184.1698,247.4391,48.79,28.9191,117.5297,420.1789,102.189,402.05,846.7847,229.7981,73.3609,86.2044,219.9028,143.26,73.2193,135.2495,83.4083,220.0129,80.7551,39.8294,84.2286,119.4207,231.1406,219.5267,57.97,157.4511,240.0106,76.2138,32.2346,25.8306,195.3225,262.7574,51.918,84.15,189.7057,71.8126,103.0527,118.1478,135.673,459.2561,177.028
2023-12-06,80.8764,183.8995,220.8796,13.48,125.5452,94.3628,184.6626,191.2916,79.7317,217.3839,231.5683,123.07,64.8558,51.7076,466.8578,234.1454,154.2223,61.0391,84.3026,267.694,353.9813,236.89,51.2598,225.44,527.9856,37.9595,168.9814,139.7284,253.4824,424.6749,40.93,787.6861,183.8472,248.1954,47.7,29.576,116.9661,423.1637,101.8113,404.59,853.8744,232.7699,73.5034,86.985,220.8667,145.24,74.15,135.2126,84.001,221.3002,81.1728,40.1792,85.4732,120.2862,234.1708,220.2832,59.75,157.8315,241.0247,76.4632,32.4573,26.6102,198.2293,263.8878,52.0473,83.79,190.6063,71.2338,103.3547,117.7378,136.6674,462.8021,177.783
2023-12-07,81.262,184.9352,220.9658,13.91,125.126,94.1029,185.2608,193.8142,78.5653,216.7262,230.4738,120.55,65.1487,51.5906,474.2854,234.7903,153.9064,61.0006,85.2831,267.4823,349.7979,237.33,51.5434,226.3008,527.4235,39.3242,167.9031,140.1968,253.8808,424.1372,41.26,792.466,184.639,249.5917,47.68,29.6855,117.5297,420.998,101.7725,406.99,862.2491,234.2989,74.0021,87.7196,220.5618,146.57,74.8504,135.9047,84.205,222.2852,81.657,40.1889,85.8788,119.6226,234.1417,220.112,60.98,157.5779,240.5846,76.084,32.4379,27.7225,199.2079,263.7559,52.4751,82.58,188.4315,72.4014,103.2963,117.2302,137.7323,460.0945,177.783
2023-12-08,81.3328,182.203,220.8221,13.76,124.0733,94.9771,184.6336,198.6701,78.3918,210.6359,229.6555,121.55,65.8027,53.9121,485.1034,236.725,155.1404,61.5876,86.0809,268.0983,352.1704,244.7,51.4165,228.893,529.1986,39.334,167.5728,140.1285,259.447,428.8892,40.97,789.178,182.4201,251.6182,47.39,29.6522,117.0749,421.8549,106.8568,411.49,871.962,235.9234,74.0021,87.5911,224.6239,147.7,74.8312,135.8017,85.0212,226.5567,80.2141,40.2569,85.6023,119.815,232.2769,218.4765,61.7,157.773,241.3499,75.7647,31.915,27.637,198.4715,262.0792,52.9925,82.39,187.598,73.1599,103.6275,117.4938,137.5563,458.9092,174.9247
2023-12-11,81.1676,186.8536,225.3616,13.72,125.0091,94.7329,184.3731,201.1728,78.9412,211.3507,236.7447,121.7,65.7343,54.5754,494.9806,237.4743,155.703,61.5684,86.2443,269.3111,349.6139,248.08,52.7451,232.209,532.7588,39.4899,168.4277,141.7774,258.6559,428.4883,40.56,802.3203,188.3339,252.9951,49.01,30.1568,117.8659,424.9057,106.3145,417.39,879.5834,239.2583,74.7057,89.9328,228.2729,148.96,74.8792,137.3405,86.0026,228.868,80.1381,40.4513,85.6207,120.4016,230.8201,220.6255,62.46,158.4068,241.4743,76.9721,32.1474,27.8937,201.417,264.7638,53.3905,84.01,192.6374,73.8285,104.9133,117.5035,137.0987,461.3278,180.12
2023-12-12,80.6955,188.5107,224.7391,14.04,125.3502,96.3397,187.0265,204.6726,78.1218,211.8463,239.8703,122.13,65.7441,54.946,499.3313,238.7546,159.2666,61.9148,86.9364,273.065,348.0258,248.63,53.0137,234.0969,535.964,40.2016,171.546,141.953,260.2095,431.0404,41.1,805.8832,188.637,253.4896,49.37,30.4091,118.5581,425.2541,106.2854,420.59,886.5579,243.1762,74.5632,89.6573,230.6728,149.59,76.2609,138.548,86.5176,231.1793,79.3597,40.8594,85.3718,120.7189,230.9949,221.4622,62.72,161.069,242.2205,77.2615,32.1668,28.8159,201.1069,263.8501,53.8681,84.88,191.9093,74.1079,105.1471,117.6402,136.7379,461.8,181.1267
2023-12-13,81.978,189.4082,229.221,14.09,125.7206,95.4418,186.5054,209.668,80.2233,216.9359,243.7649,125.21,67.0229,54.4291,519.4974,239.5512,159.4147,63.8106,88.6571,280.0724,365.0886,250.91,53.1332,232.8546,543.1732,40.1528,173.9455,143.719,260.991,431.7346,41.58,803.665,191.5988,259.8309,49.87,30.4853,120.1698,425.0752,107.7381,421.9,896.2797,246.1481,74.9195,90.0522,237.9609,154.87,76.3088,141.0955,86.8771,230.9258,80.5463,42.2392,88.9858,122.0268,233.792,225.0564,61.97,162.9609,244.7556,78.6085,32.1862,27.713,202.3471,267.5898,53.9378,86.07,199.3534,73.5491,106.355,119.3679,138.3924,467.3503,182.5379
2023-12-14,84.2204,188.6487,237.7635,14.59,125.6426,95.5757,187.6099,215.1719,78.9123,222.807,232.45,129.06,70.5956,57.3651,557.9776,245.9148,161.9616,66.7071,92.8001,295.3576,376.1378,256.24,54.5363,233.6861,531.3979,41.3713,171.6237,151.5147,266.3571,445.2966,43.59,813.48,197.19,276.5085,49.16,30.5757,120.4368,419.2655,114.8367,428.17,874.6916,244.4662,77.146,90.9541,242.6328,168.37,77.3259,138.278,88.1014,231.8132,80.7267,41.5298,93.5678,121.4852,242.8049,230.9232,62.5,158.6506,240.2594,79.4669,32.7671,28.293,208.2478,272.4222,52.5149,88.25,197.9355,75.1558,108.0597,120.5685,142.8896,446.7777,182.8345
2023-12-15,84.1732,193.8419,231.3088,14.49,123.5859,97.0564,187.7165,214.3942,77.3892,221.3774,232.0254,128.21,69.2387,55.9215,560.2412,245.0044,161.0336,66.0528,91.9446,292.9705,373.8621,264.27,53.7974,234.6838,534.0804,41.2739,169.5643,148.4999,268.1012,443.5268,43.58,808.3075,197.669,277.0612,48.91,30.5424,120.7137,416.0076,114.2437,425.92,873.442,242.2875,77.4934,91.3718,240.5771,162.51,75.9922,137.1221,87.635,231.5304,80.6412,40.9565,90.9311,121.9978,244.7085,230.0864,61.86,158.0558,241.5987,79.1874,32.9221,27.5799,204.7791,269.6716,52.5348,87.57,199.6312,74.6867,107.8552,121.4763,143.4,444.2627,182.8256
2023-12-18,83.2998,193.8567,232.0941,14.24,123.1961,97.3793,190.5843,214.3742,77.7845,221.3011,234.3259,128.59,68.4871,55.3655,556.8018,244.3595,161.1521,65.3888,92.3291,293.8657,370.6568,260.41,53.8721,234.8599,535.4808,40.1431,172.5563,148.1096,268.7017,443.4192,42.33,817.7495,193.9936,277.0321,48.73,30.7661,121.2971,420.8097,114.6617,425.97,877.2527,243.6922,77.6626,90.8971,245.1507,160.12,76.1745,137.6006,86.9549,231.2574,80.1286,41.4327,89.6865,122.317,248.117,229.2497,61.73,159.5088,241.9048,79.4469,33.2416,27.5419,205.3411,270.6324,52.9229,88.245,201.0013,74.6668,107.8454,123.4968,142.1943,448.4736,184.3536
2023-12-19,83.5988,197.7971,234.1722,14.3,125.4867,99.1908,190.8847,217.0763,79.645,222.664,231.4873,132.04,69.5804,55.5898,562.6517,245.2415,161.2903,65.5331,92.0311,298.8517,381.4833,263.51,54.3273,236.513,534.0902,40.1138,171.7306,149.5731,266.8717,450.0389,42.42,814.8345,194.3846,284.0619,48.56,30.7947,124.4613,421.6383,116.1879,428.82,884.7855,245.5938,77.814,91.8559,242.3869,164.68,77.6233,137.5098,87.2755,232.2521,80.7456,41.3161,89.5205,122.878,249.0324,230.7235,62.12,158.7579,242.8805,79.8561,33.4837,28.0648,206.8041,271.8099,53.3806,88.02,201.3079,76.1737,108.6929,123.4675,142.2383,447.2594,183.9042
2023-12-20,81.5688,198.2706,230.3511,13.98,122.9524,97.1666,190.2452,212.2803,78.7002,219.0041,230.5148,127.1,68.8971,54.8069,547.0421,243.4396,159.7405,64.5131,90.993,292.1909,375.0145,260.25,53.4392,233.3437,527.5615,39.3242,170.7397,147.3095,234.7042,439.4396,41.18,800.9167,193.1334,280.9106,47.91,30.7709,123.512,416.7514,117.1795,421.98,869.9415,241.2173,76.7185,91.0395,233.8693,161.44,76.9805,135.8827,85.7694,228.1561,80.9165,41.1411,88.6447,121.9204,248.3799,226.1499,60.68,158.1728,238.7383,79.1275,33.2706,27.8065,205.5639,267.6557,52.4552,86.5,197.9163,74.7167,106.8323,122.4329,138.1372,440.5143,182.3761
2023-12-21,83.0559,201.8115,233.6742,14.35,124.317,100.002,190.2452,211.8317,79.0569,223.4265,232.0353,129.47,69.5902,55.7073,559.4671,247.0434,161.5864,64.8402,92.0023,295.2614,380.9022,262.02,54.1706,238.0878,532.8476,40.0846,171.7597,148.7731,235.7621,445.7757,42.58,808.7982,196.1246,281.2597,48.41,30.9851,125.0546,421.8549,119.5806,426.3,881.0014,242.7366,77.3242,91.9888,238.2264,164.62,78.2566,144.7892,85.8957,231.4134,81.4956,41.5978,89.3546,123.2455,252.3922,230.21,61.46,157.6364,241.4839,79.916,33.3675,28.3135,207.4533,270.3686,53.2015,87.07,198.8361,75.6448,108.8001,123.6432,138.3132,442.4993,184.3087
2023-12-22,83.6618,203.6659,226.9609,14.31,124.8336,99.7815,193.4522,213.417,80.233,223.1406,233.2102,128.81,70.1759,55.8834,559.0359,248.3901,162.0899,64.6863,92.704,296.2528,384.2722,260.44,54.402,237.1097,535.3624,40.0943,171.8957,149.2219,236.4007,448.0149,42.55,812.5377,197.1607,281.5409,48.81,31.1041,125.193,422.0432,122.6039,433.45,886.5845,244.7147,77.725,92.5299,239.869,167.24,78.4197,146.0875,86.5856,232.73,82.8436,41.763,90.4978,123.8646,254.5249,231.6078,61.71,158.6506,243.0814,80.2753,33.5321,28.2178,207.7149,271.4331,53.301,87.47,199.7462,76.3234,109.7255,125.8297,139.2725,446.267,184.839
2023-12-26,85.0623,205.1602,229.3551,14.11,124.9408,100.3958,195.729,214.0352,81.0235,225.2565,234.0297,129.89,70.8885,56.2162,568.7956,250.1162,162.7809,64.7344,93.7422,299.3907,388.5815,262.79,54.8125,238.4204,536.0528,39.7336,172.4495,150.8805,240.175,451.2122,42.08,813.107,198.2164,286.6508,49.0,31.1565,125.4797,423.8887,123.926,437.48,894.1616,246.3774,78.0634,92.7673,243.4983,168.64,78.5349,147.8521,87.0909,234.2611,82.8246,42.0448,91.097,124.6867,257.0764,233.2337,61.98,159.0212,245.0999,80.5747,33.8419,27.8831,208.1025,273.091,53.5696,87.53,200.9246,77.2415,110.6801,125.244,139.0789,447.5871,186.9962
2023-12-27,85.558,203.9766,229.6903,13.99,126.8708,101.0342,197.9089,215.3215,81.1391,224.4845,234.2173,130.29,71.2496,56.549,567.218,250.0593,162.4255,64.744,93.8191,299.564,388.9398,262.1,54.9991,238.6258,536.25,39.5679,172.6729,150.4122,239.1743,451.9847,41.73,815.9239,197.6983,289.0652,48.88,31.1041,125.7171,422.7494,124.033,441.73,893.2932,246.8361,78.384,92.8337,246.2916,170.56,78.8323,148.7798,87.0715,234.856,82.4544,42.4043,91.0233,124.4546,257.2809,233.7282,63.28,159.694,246.267,80.5548,33.5514,27.9404,209.0811,273.3547,53.7786,87.58,201.0875,77.6906,111.4205,124.8243,138.0316,447.3173,187.8771
2023-12-28,86.3054,202.7239,230.399,13.98,126.7538,101.1287,199.4203,215.84,81.1391,225.4376,234.6024,130.93,71.2594,56.4119,567.0514,249.6874,162.9981,64.6382,93.3288,298.9864,388.0553,260.35,54.917,238.4889,538.6169,39.6069,173.0518,150.4122,241.6905,451.7011,41.97,811.8016,197.3171,287.8629,48.91,30.8661,125.5391,424.8774,123.3233,444.21,897.547,246.989,78.5176,92.8717,245.5047,168.66,78.9091,147.5232,87.1298,234.7877,82.4828,42.5307,91.3644,124.5416,257.6023,233.9278,63.14,160.2304,246.9463,80.5947,33.6386,28.1031,210.3116,273.1192,53.8383,88.01,202.0743,77.6207,111.362,124.5315,138.4452,448.7241,188.0119
2023-12-29,86.0143,199.898,229.4317,13.74,126.5199,100.585,199.3428,215.2614,81.1102,225.2946,235.8366,129.24,70.9763,56.226,561.8874,249.7446,162.771,64.4553,93.5595,298.8517,388.6482,260.66,54.9543,238.5769,537.6504,39.217,173.9843,150.0707,241.1091,450.4691,41.26,813.3622,195.2448,286.6896,49.0,30.8328,125.4797,426.77,123.158,446.29,896.4924,248.107,78.3039,92.7008,243.2229,166.94,79.101,147.9085,86.9354,234.856,82.0082,42.4335,90.4425,124.3288,257.2517,233.5475,61.57,161.3457,248.4099,80.2653,33.5708,27.6248,210.36,272.0831,53.8482,87.39,201.7869,77.1816,111.401,124.1606,138.3748,451.0945,188.4973
2024-01-02,86.5494,196.1548,230.9736,13.44,124.7361,99.261,193.6653,208.7477,82.1513,224.6084,234.9677,127.37,69.229,55.2473,555.6945,248.4575,160.777,64.0608,92.1657,294.9052,389.659,251.76,53.9392,235.3783,527.1177,39.4314,174.4798,147.8364,240.4133,448.4255,40.72,798.198,191.0905,283.8195,47.51,30.252,124.481,429.4818,120.7861,438.3,879.2999,248.5561,76.6918,91.8749,235.9249,165.38,78.1415,145.2702,85.9249,232.9835,82.7107,42.0448,90.5346,122.4137,251.8858,231.4651,58.38,161.3751,247.3863,80.2753,33.5224,27.2422,208.3641,271.9889,53.4602,85.46,200.9821,76.5729,110.7288,124.0434,139.3517,452.9735,187.8591
2024-01-03,84.8105,189.931,227.66,12.95,123.6152,97.7714,190.9816,201.2365,82.5273,222.0445,233.7039,119.72,66.6519,53.7303,536.1555,246.2741,158.5361,61.8475,91.0122,292.4796,382.3112,243.91,53.0212,230.8102,523.6759,37.7645,173.4306,144.7239,236.029,440.6716,39.53,793.9873,187.6301,275.665,46.83,29.5522,123.2846,432.3066,118.1225,439.34,861.939,244.9154,74.7592,90.1187,229.1974,159.31,75.522,142.4159,85.167,227.3272,82.91,41.044,86.7547,120.0827,245.0104,229.8202,58.25,160.1815,245.4156,78.349,33.5611,26.123,205.6802,266.4311,52.495,82.77,201.0204,74.567,108.6734,124.2386,138.6476,457.5891,183.8413
2024-01-04,85.1095,191.9727,225.8979,13.09,123.235,98.2443,190.9525,199.5707,82.3345,220.186,234.9381,116.33,67.2864,54.298,537.8213,247.3038,158.4177,61.809,91.4159,293.2593,381.3781,244.94,53.3795,234.4588,516.9401,38.2129,173.6832,144.4995,233.7892,442.021,40.47,800.8873,184.7856,277.4103,46.64,29.6046,122.6023,431.1296,118.8613,438.19,864.5267,244.9345,74.011,89.027,230.24,157.29,76.1649,142.9313,85.1961,228.673,83.7359,41.5784,86.9575,119.7538,244.5819,229.2116,57.8,160.612,245.0712,78.4987,33.6192,26.7161,204.6144,265.7058,52.3358,81.42,198.8265,74.7865,109.4235,124.2094,138.1636,454.5538,184.1738
2024-01-05,85.44,189.2652,228.0814,13.6,123.3813,99.5289,190.2355,198.5831,82.3056,218.2798,230.7419,117.62,67.0522,54.5328,530.5016,245.9499,158.6743,62.5788,91.7716,293.6251,384.8479,249.0,53.3197,235.3098,515.8553,39.5192,172.6923,143.9044,235.2379,443.4779,41.76,803.5668,185.6947,280.1543,46.55,29.5046,124.0855,429.8396,119.357,435.47,867.2562,241.2842,73.8329,88.8466,233.1218,159.78,75.8387,141.6747,85.031,229.0436,84.0966,41.491,88.0546,118.8253,243.1991,228.1181,57.58,159.9858,242.8901,78.4488,33.5224,27.8831,204.6144,264.632,53.5597,81.34,196.6038,74.6468,109.2482,125.449,139.6861,452.7808,182.9424
2024-01-08,85.6524,193.6742,230.964,14.58,125.3795,101.0972,193.7719,205.0569,82.749,218.9374,229.7644,120.98,68.165,55.2179,539.7517,245.2444,159.7997,64.2917,92.06,294.5972,386.8112,229.0,53.8273,237.8237,522.2353,40.5817,173.1489,144.6264,236.9344,448.5037,42.92,807.0217,189.2039,283.3735,47.34,29.7379,124.9952,431.817,120.2806,441.3,883.7132,244.0171,74.1446,90.8971,242.318,163.88,76.0594,143.3608,85.0795,233.0615,83.1473,41.6561,90.2027,118.9897,246.218,228.7933,59.01,160.7978,242.8136,78.6285,33.5902,27.8544,204.2656,266.3841,53.8184,82.9,197.7439,75.5649,109.9301,123.2528,140.7422,457.9553,182.1604
2024-01-09,85.8412,192.7125,229.2785,14.38,127.7578,101.4913,193.7719,203.5906,82.7104,216.974,231.749,123.46,67.7452,55.5898,536.9982,244.4721,160.9053,64.6863,90.9545,291.623,382.1848,225.76,53.6407,239.1541,524.9414,41.2544,173.1392,143.9922,235.6573,447.3011,43.54,808.7491,187.1121,283.4123,47.28,29.7664,124.837,429.6419,120.5916,438.25,886.3187,241.9913,73.067,90.0142,239.269,165.35,76.6063,143.4541,84.4382,233.5492,82.2265,41.8408,89.9262,117.887,243.7736,225.741,60.3,160.2695,240.3455,78.0895,33.5127,28.0457,203.4517,264.6414,53.4403,83.72,194.9655,75.7545,109.2092,119.9145,140.7598,455.0356,181.2346
2024-01-10,85.2118,192.8407,229.0965,14.35,128.6156,102.2163,195.6805,203.1317,82.9804,218.1177,230.9986,124.34,69.0533,55.8247,538.6248,242.1552,161.5766,65.6101,91.0987,290.7567,382.6611,227.84,53.6034,240.5137,523.7365,41.0496,174.062,143.5922,239.0504,450.5473,44.26,815.4626,188.6272,284.4401,47.93,30.0283,124.8271,428.8039,118.696,440.83,899.5055,241.5899,71.9626,89.8054,240.8033,167.3,77.2204,144.0701,84.5354,234.9242,82.7676,42.0642,90.507,119.2121,244.0658,227.2529,62.41,160.7489,240.355,78.0396,33.5999,28.4187,203.1029,266.1015,55.2909,82.71,194.9367,76.1338,109.3358,122.0912,141.8863,454.7658,181.9267
2024-01-11,85.6996,191.7656,227.5068,14.59,129.0054,102.3188,194.9442,201.9647,82.2477,215.9733,231.2454,122.21,69.8049,55.6486,540.6042,242.1457,161.8234,65.5524,91.1275,293.6732,379.269,222.66,53.5437,240.6213,525.8105,41.1959,174.1009,143.7483,239.0885,452.366,44.51,821.5872,186.809,283.1893,47.82,30.1663,125.5687,426.6665,117.3059,440.23,903.777,239.4972,71.9448,89.8054,238.8362,167.21,77.3931,144.3719,83.6803,237.3916,82.5873,42.6084,89.3269,119.1444,244.056,224.7617,63.47,160.3869,239.1018,77.9298,33.474,28.5431,202.7141,267.6369,55.2312,82.11,194.4098,77.5309,108.7806,122.4231,140.1526,450.3237,181.2705
2024-01-12,85.0702,191.7804,227.1141,13.21,130.448,102.2872,196.2909,201.9547,83.2214,218.7659,233.773,123.5,69.0826,54.9439,547.9338,241.8215,161.3396,64.744,91.1948,293.1823,375.6631,217.7,53.6481,240.7778,527.5783,37.5013,176.2186,143.5629,236.9154,450.0976,39.78,826.5438,187.7572,281.5894,47.57,30.2377,126.5872,436.1295,116.4407,440.46,915.3067,243.3673,71.8646,89.2833,239.7509,167.39,77.8248,145.5377,83.7678,236.114,82.4638,42.5112,88.0454,119.7925,245.0396,226.0263,63.2,162.5492,243.7607,79.2273,33.7548,27.3283,201.0911,267.4485,55.2611,83.4,199.0852,77.2615,108.839,123.6335,139.3253,463.5634,180.7582
2024-01-16,84.6925,188.7868,224.8348,13.19,128.7325,100.8529,195.8646,200.8674,82.4212,218.3465,234.0297,116.18,69.0142,54.6601,549.8446,241.8883,161.5075,64.9172,89.6472,287.2049,374.5357,200.52,53.2675,240.1616,530.6202,36.5265,175.6066,142.6555,233.5509,450.518,38.93,825.0028,186.6429,278.506,47.9,30.3567,126.7256,431.1014,116.081,436.57,910.4236,243.8451,71.6865,89.2833,242.3967,165.91,77.7001,144.4505,84.205,235.7532,81.4576,42.4432,86.9391,119.541,243.9879,224.6,63.65,162.06,239.781,77.4009,33.6386,27.4717,199.9832,268.5035,53.3905,81.76,196.4888,77.7904,108.089,124.1508,136.7026,460.4992,177.765
2024-01-17,83.4651,186.3506,223.2163,12.93,127.1437,99.9939,195.6612,199.6604,81.9875,215.5348,233.6743,114.49,68.204,53.8869,539.252,238.5703,158.013,64.7633,88.8397,284.3172,367.9848,203.06,52.9167,239.0954,530.5412,36.2048,176.2866,140.9285,231.8829,445.9224,37.88,823.56,187.3955,270.1672,47.75,30.1711,124.4118,429.8114,115.4102,425.41,914.3496,243.4916,71.1788,89.3118,240.2427,164.62,76.8749,144.529,83.0293,231.3841,80.6317,42.142,85.6115,119.3282,242.9361,224.2197,63.12,162.6079,239.1305,76.9318,33.2997,26.8883,199.2737,266.5913,53.301,81.69,195.9619,77.2914,106.8518,123.5358,136.025,456.6255,177.9268
2024-01-18,83.7483,188.5896,223.3217,13.82,128.4401,101.31,194.9636,201.4061,82.3923,223.274,234.5431,115.89,69.2226,54.2197,552.0395,241.0111,160.2242,65.6293,90.0509,288.9086,370.6868,211.61,53.4242,241.9321,535.2324,37.1309,178.2684,143.2019,232.6264,455.3581,39.77,856.0674,192.5078,273.3379,48.17,32.337,125.3215,432.7304,117.7919,432.54,933.1816,248.6326,71.6153,90.5459,241.2853,165.68,77.3163,145.4445,84.5063,234.1733,81.2298,42.4821,87.105,120.2084,244.9617,226.2925,64.88,164.1244,241.3425,78.1893,33.3578,28.7248,199.5555,268.4282,54.9128,81.83,197.102,78.0199,108.5176,125.5661,137.7587,457.3482,179.8863
2024-01-19,84.7869,190.9716,219.5101,13.66,128.9275,102.303,198.5096,201.9248,82.4502,223.0739,237.0806,116.82,69.8886,54.6894,560.5253,243.614,159.9478,65.4946,91.2333,292.085,371.9795,215.02,53.9392,243.4874,541.7014,36.3413,179.1815,144.4898,234.971,459.9244,38.82,848.0191,194.2478,277.8967,48.7,33.0082,126.5773,431.0261,118.7835,435.63,936.8416,244.8485,71.7845,91.3813,241.305,172.51,77.9208,147.0225,85.2933,238.5424,81.8753,42.8805,87.4922,121.3691,246.7926,227.5096,65.11,165.0343,239.7941,78.6385,33.4546,28.6865,201.2175,270.2179,55.4601,82.33,196.2301,78.7185,108.9754,124.3851,138.0756,453.3493,180.4706
2024-01-22,84.9915,198.1127,223.9825,13.62,130.2434,103.4221,199.9532,202.9522,81.9585,228.8783,240.3783,117.46,71.2597,55.1201,567.2376,245.6925,161.0632,66.4377,92.4156,294.193,373.797,214.93,55.014,247.1164,543.1038,36.0488,179.6284,144.8508,238.936,463.0044,38.45,860.4449,202.9084,281.199,49.49,33.2796,127.1409,431.9677,121.8943,438.66,950.2057,245.3645,73.0848,92.1692,244.4032,178.02,78.7939,147.6312,85.4488,237.8597,82.7107,42.8319,88.617,122.5588,247.2697,231.1609,64.55,165.181,240.198,79.1275,33.6483,28.8492,201.6062,272.1678,55.7884,83.29,198.1463,79.1775,110.4463,125.5954,139.5805,449.6299,180.7043
2024-01-23,75.6127,194.4287,226.2043,14.0,130.721,102.4133,199.8951,195.0719,86.3254,230.2317,240.7535,117.34,70.3489,54.7188,566.4439,248.7626,162.9981,64.5034,92.0696,292.8743,376.5865,211.5,55.4693,247.6251,545.9679,37.0529,180.2404,147.0266,239.0885,458.6826,40.49,859.4438,200.8556,281.3549,49.53,33.0892,127.5859,413.9925,120.8638,441.98,949.8867,244.4471,72.3812,95.8905,245.013,167.67,78.5349,148.1564,85.8374,237.2258,82.872,42.9679,86.9483,122.8877,247.6788,231.3701,64.32,166.1496,239.823,79.1774,33.7838,29.7579,203.3361,272.0454,56.1466,83.86,197.4469,79.0478,110.8165,125.4295,140.8654,450.8825,182.4121
2024-01-24,73.3624,193.1662,225.8212,13.93,130.7015,102.3976,199.6529,192.7976,86.2676,225.9523,241.5533,113.17,69.2324,53.7988,565.2974,246.5601,160.6486,63.0022,90.7334,289.1011,377.5098,214.13,55.0364,245.6491,540.9903,37.2284,178.5501,144.4117,238.021,454.5563,40.84,855.1252,199.1255,283.157,48.65,32.7702,128.0506,406.4409,119.5029,417.92,939.3142,242.3735,72.2209,95.7196,243.3508,165.32,77.0764,146.7526,85.5168,235.5874,81.2298,42.0642,85.6391,121.0112,244.4845,230.4192,63.76,165.68,251.1808,85.3855,33.2997,29.7579,199.9054,269.6716,56.0571,83.76,195.684,78.6785,108.8098,124.141,137.8027,447.0282,179.6526
2024-01-25,75.5183,195.0205,228.7422,15.36,132.2805,102.3976,201.765,197.4959,87.6654,226.6957,240.3981,114.64,70.6721,55.1103,638.5342,249.9734,162.0109,64.6478,92.5118,292.8454,381.9807,201.88,55.4469,246.6175,544.8716,39.1682,179.813,146.3143,241.2616,461.3226,42.96,865.1463,201.6181,292.9858,48.99,32.9463,128.3671,405.8666,122.254,424.91,956.1079,243.0998,72.2565,96.8398,244.3441,169.8,77.9784,146.89,86.4593,239.7321,82.5113,41.7922,87.6305,120.9435,247.4061,229.6966,66.0,166.5997,255.6817,85.9943,33.8904,29.0692,201.9366,271.8099,54.9924,84.61,196.0577,79.0877,110.0567,126.8741,140.5574,418.7276,182.0705
2024-01-26,75.5261,193.6545,230.4468,15.13,133.7231,103.3906,201.4065,195.8101,87.1544,223.274,241.0596,114.69,70.9463,54.3273,618.0644,250.1927,161.4186,64.7151,91.3775,291.6518,382.5736,205.47,55.208,246.0208,542.8766,38.6321,180.5027,146.2948,239.7557,461.1173,42.55,866.9032,201.7745,291.6805,48.06,32.5608,128.5253,404.8025,121.3888,418.96,959.3071,244.2942,72.8978,96.6025,242.0721,169.52,77.6425,146.7182,86.1192,239.8004,82.9575,42.0059,87.2986,120.6533,245.6045,228.5746,65.52,167.5879,254.9219,84.6669,34.268,28.7822,203.2681,272.8555,55.1516,85.09,200.436,79.1376,109.482,126.8253,140.1966,422.0134,181.3874
2024-01-29,75.833,195.9033,230.6671,14.94,134.4249,103.3197,201.6778,196.5682,86.8363,227.2294,241.4743,116.09,71.7494,55.1103,634.7029,251.8803,163.2054,65.8122,91.3294,293.2112,386.5197,205.19,55.7454,249.1999,549.0493,39.0805,180.0558,148.0706,236.4007,465.9182,42.09,879.5843,201.2466,295.4017,48.66,32.656,129.7316,403.0135,123.3233,429.17,958.6424,247.1036,72.3367,96.2513,245.9965,176.5,78.343,147.7466,86.7897,242.5603,81.4861,42.0254,88.9305,121.0886,248.341,233.1196,66.98,167.764,254.643,85.6051,34.4616,28.897,206.1837,274.9184,55.4999,86.29,201.4324,80.3152,110.4269,125.1269,139.0701,422.3507,182.511
2024-01-30,75.3373,195.2326,232.525,14.53,134.8148,105.55,202.4529,196.7577,87.3376,225.7426,242.975,115.84,71.3968,55.1298,630.0484,253.4344,163.7384,65.9277,91.0795,295.7138,385.7907,200.44,55.7529,252.1247,554.6195,38.5249,181.7655,147.7974,232.3404,467.248,41.66,897.8599,200.0443,296.8726,48.95,32.8987,131.2049,406.4692,122.672,428.27,962.3734,248.7568,72.5059,96.8019,244.1278,176.41,76.7921,149.4179,87.4504,244.0719,81.5525,42.3169,87.8518,117.8677,250.5029,234.5744,66.84,169.1435,258.3841,85.8346,34.7134,28.8779,207.661,277.2357,55.6989,85.24,201.8827,80.4449,110.8068,125.4197,127.6642,427.3517,185.0727
2024-01-31,74.2357,192.8407,229.1731,14.23,131.3643,104.3599,197.8411,193.5657,87.8389,224.2081,238.4728,113.67,71.6612,53.5444,612.822,248.753,159.9675,64.7536,88.1765,243.794,382.5347,211.04,58.3502,246.5491,530.3536,38.1544,180.3278,146.1387,229.9767,454.1847,41.38,879.0739,196.4569,292.5377,48.04,32.6642,130.0975,404.3318,120.4361,418.47,968.3465,247.419,70.8404,95.3019,240.3214,173.73,74.7596,148.3773,85.9346,239.9857,79.8248,42.0837,86.0171,115.5753,245.137,231.9406,65.27,167.4215,254.845,84.5471,34.5682,28.5909,205.552,273.1098,55.9775,83.48,199.6792,79.6965,109.5307,123.3113,124.8832,430.493,181.8009
2024-02-01,75.4632,193.4177,232.6878,14.34,133.4892,106.7164,195.3511,199.7602,88.8511,244.6647,243.4983,115.33,73.2674,54.4056,632.3903,243.6521,163.7384,66.5147,90.1278,253.1596,382.6319,209.81,61.3729,264.8312,539.0545,38.7588,183.0381,152.7441,230.6058,489.0724,41.5,905.5745,197.2291,299.7267,49.2,33.4349,131.907,404.6707,123.683,427.58,986.9569,255.9141,71.2234,96.8493,246.2129,179.02,76.6476,151.5605,87.0423,258.0178,69.772,42.9874,84.6895,117.0455,250.6295,237.0181,66.73,170.073,256.653,85.645,35.1298,28.8683,213.9879,273.2229,57.0918,84.6,200.6947,81.8221,112.3946,120.7344,125.332,429.9727,177.3516
2024-02-02,74.6449,201.5551,234.2967,14.56,134.8051,107.6069,195.4577,203.9896,88.6679,240.6865,244.6437,116.14,72.3076,55.5703,641.0427,244.1384,165.2882,66.0816,90.3393,257.9723,381.5822,209.38,61.9626,270.7393,542.8174,38.9733,182.8341,154.8906,230.9965,499.0263,41.37,954.5515,203.7979,306.9352,50.03,33.8227,132.7574,401.0927,124.0718,432.74,995.89,256.5735,72.016,97.8936,245.79,180.75,75.4532,151.9924,88.3929,263.4108,70.37,42.7736,83.5556,116.4652,249.9868,236.1243,68.07,169.9066,255.1142,85.8346,35.3718,29.05,214.5127,275.6343,57.4301,83.94,198.3187,83.5685,112.4336,121.3591,124.8392,430.3196,176.273
2024-02-05,72.9611,204.3908,230.9065,14.26,133.5379,108.529,192.057,201.6854,88.9186,238.1941,243.4786,113.99,70.8973,55.0613,632.5863,242.3745,164.844,65.4273,89.7818,256.3456,375.1966,206.63,61.4103,265.868,539.1335,38.2519,182.8244,156.1005,227.1364,497.5694,40.01,928.1491,202.0775,313.0819,49.99,33.253,132.4014,397.072,122.254,430.41,1005.9219,254.1176,71.0185,98.8809,240.8132,178.18,74.2587,151.0893,88.3152,262.7477,70.2846,42.2877,81.3982,115.9526,246.0135,234.5174,68.99,169.5055,255.3547,85.106,35.5655,28.457,212.083,274.5887,57.4998,81.76,198.4528,82.7402,111.1282,121.5934,122.4014,426.1761,173.4865
2024-02-06,73.7715,209.87,240.8951,14.9,136.3744,108.4265,192.6577,205.5956,88.9571,241.4342,245.3249,117.35,72.0628,53.1529,641.3759,243.7856,163.9457,66.1875,90.6085,250.2431,377.9861,208.58,60.8654,264.3323,538.5508,39.1682,183.8056,156.9103,230.0053,500.1899,41.23,922.9471,206.6424,314.3678,50.48,33.2626,133.232,402.0154,122.5164,434.04,1010.8138,254.3947,71.3392,98.9473,239.2788,177.95,75.3472,151.6464,89.3355,264.4056,70.7403,42.7639,82.3662,117.8193,247.0165,237.5886,70.47,169.9262,257.4416,85.9244,35.8463,29.6813,212.7342,276.3974,58.1366,83.88,198.9989,83.0695,116.4664,122.999,128.4211,431.8517,174.0528
2024-02-07,73.8345,213.2729,237.6103,14.91,139.9517,109.1516,192.0764,208.3786,88.6197,240.1784,247.4872,125.8,72.5721,52.6831,639.6023,242.2601,164.5874,67.7849,100.0577,258.9445,375.1188,211.92,61.4476,267.4624,541.8989,39.1975,184.5536,156.5688,230.7773,502.8006,41.28,927.5209,209.3599,315.2152,50.85,33.253,134.9723,404.9815,123.4011,432.09,1016.4944,262.5363,70.787,99.7353,237.8822,180.91,76.9077,152.5618,89.1703,266.0927,69.9239,42.9485,82.6889,117.7419,249.1201,236.9135,70.65,170.7872,258.788,87.5413,35.8173,29.4039,216.1649,277.4147,58.7932,85.13,200.7713,84.3968,120.1584,124.5608,129.5828,437.373,174.4663
2024-02-08,73.3309,214.6094,239.3437,14.95,139.552,109.585,192.803,207.2514,87.7618,243.5335,246.1049,127.14,72.905,53.8869,633.9875,242.6605,164.1629,70.5563,98.4139,268.2716,375.0022,209.22,61.3804,264.0486,538.5903,39.334,184.0776,156.2176,230.4151,505.5169,41.62,932.3597,208.9975,313.6664,50.96,33.1573,135.1997,402.0625,126.8813,430.67,1000.1526,260.0422,71.7399,100.2574,247.9144,185.25,77.3026,151.4672,88.2958,266.4438,70.8732,42.4918,82.3017,118.3126,255.0216,236.5902,71.61,170.8654,258.7014,87.4216,35.8947,30.9248,219.479,250.5964,58.9227,81.77,200.5222,85.2052,119.2135,124.141,130.1813,434.7906,173.891
2024-02-09,73.0949,214.6932,241.125,14.88,141.8426,109.7663,192.7836,209.5856,87.2508,244.2813,247.4378,126.91,72.9442,54.8167,637.2702,243.8428,166.3346,69.8731,99.2021,272.8822,370.5896,209.2,61.7237,269.4286,543.4494,39.4899,183.4656,156.6274,231.2444,511.2731,42.33,943.1184,211.1523,308.9517,50.91,33.5211,135.1503,401.5917,128.2325,434.03,992.4603,261.7336,72.2654,100.6371,245.0818,185.33,77.582,151.7274,88.4998,271.0762,70.8826,42.2489,81.9975,119.2315,256.7355,237.1892,70.91,169.7403,259.7978,87.0323,35.7204,31.0779,221.7824,247.2052,58.3551,83.13,201.0396,85.7241,121.0838,124.3167,128.7203,438.3559,175.1314
2024-02-12,74.4561,211.6208,245.9804,14.93,141.8426,110.4677,191.4757,211.0719,87.8582,243.4089,244.0019,130.47,73.7473,54.846,650.1851,244.4816,166.2556,70.489,100.2403,270.1774,378.4623,209.33,62.0521,266.0832,535.5978,39.5582,182.8827,158.0323,232.979,508.1547,43.02,931.514,212.1317,313.306,50.48,33.5163,135.5359,403.07,129.8462,427.07,982.9601,263.4919,72.9957,100.6466,251.5733,187.12,78.2948,150.6156,88.7525,267.263,71.9174,42.3363,83.8967,119.57,257.836,235.24,69.12,168.2825,259.1246,87.3018,35.7011,31.3648,220.587,252.2072,58.5841,82.88,202.4,85.295,120.1097,123.5261,129.7676,435.0315,177.3875
2024-02-13,72.906,209.076,243.7299,14.61,139.4448,111.7287,187.5324,206.3238,87.328,239.91,241.8297,123.79,72.3566,52.8201,625.6079,240.0004,165.8805,69.7384,100.6248,267.9539,368.6263,204.46,61.5894,263.4911,528.7931,39.0025,193.7919,155.9444,225.3065,501.7121,41.62,919.9095,211.6322,304.7435,49.23,32.9945,134.8734,401.6105,125.9772,420.19,994.5606,262.8898,70.974,99.8587,243.8622,182.18,76.3394,148.7184,87.5379,265.6344,70.3321,42.6084,80.3103,117.1519,253.5608,233.538,68.99,171.8145,256.9896,85.8346,35.4493,31.1161,217.9629,246.885,61.721,81.64,199.2576,84.9357,118.5803,122.2669,127.5234,429.9245,174.3854
2024-02-14,72.7172,212.6219,249.4472,14.86,140.6437,115.4564,190.3518,212.1093,88.0992,241.8176,243.0244,123.44,73.4339,53.8282,642.4642,242.2887,171.1815,70.7007,102.1244,269.4459,373.9817,203.38,62.3805,266.856,535.0053,39.8116,193.4714,156.9786,225.7258,511.7928,42.83,928.7505,213.0916,308.5133,49.22,33.5738,133.5781,393.767,127.5229,427.53,1016.6007,267.8589,71.7845,101.5242,246.2227,186.73,78.1888,150.701,88.2569,268.7941,70.0947,42.9971,81.7301,118.8059,256.8232,237.8168,79.15,174.8768,258.7976,86.154,35.8269,32.2831,220.6356,247.874,63.1151,82.32,201.3653,86.3129,120.9474,122.7354,126.925,430.1172,175.1584
2024-02-15,73.893,213.2137,254.5517,14.9,143.5776,116.9301,192.1248,213.5257,88.4848,243.8115,243.528,120.68,73.8746,54.8558,649.2617,244.8725,171.5073,70.7103,102.1244,270.8416,354.4263,205.33,63.1493,267.0027,541.1977,39.9676,193.4228,158.6861,225.4304,511.7536,42.83,928.0523,214.2865,314.7087,49.73,33.5833,132.4607,398.4091,129.5935,431.48,1026.0478,272.331,73.254,102.8472,256.2353,186.92,78.0251,152.7549,89.9442,268.9599,69.9618,40.5387,82.6336,119.8989,258.7709,238.2352,81.39,175.9726,259.6632,86.0442,35.8269,32.7231,221.277,253.3941,63.0056,82.96,202.4192,87.6102,121.2007,122.9111,129.354,433.615,177.9268
2024-02-16,72.9892,208.8343,255.2029,14.64,143.8116,117.5527,191.7567,210.9123,87.7328,241.6068,241.6026,117.28,73.3751,52.8495,638.8002,242.098,171.6554,70.4024,102.5494,270.4452,350.558,203.89,62.9328,266.2299,538.8175,39.1098,195.7834,157.5347,226.4502,509.9787,41.99,920.293,207.352,313.5787,48.96,33.6264,132.7771,399.3036,128.7283,432.26,1015.9449,272.4265,71.9982,102.5712,253.8354,183.79,77.1485,151.1905,88.9884,270.6471,68.5854,39.8877,81.4535,118.1965,257.8238,234.4698,78.41,176.5303,259.1246,85.5252,35.5558,32.4553,221.0729,251.7362,62.5575,81.4,203.0899,89.2868,120.587,121.1932,132.0772,434.5401,177.2257
2024-02-20,73.4451,206.8419,250.7593,14.7,141.6964,117.1271,189.0826,208.6779,87.7039,243.2843,245.3644,114.39,73.0715,52.2916,632.5135,243.6998,172.5635,71.1818,101.2452,263.5806,347.3506,203.37,62.4999,270.1329,537.3756,39.5777,196.0262,156.1883,228.3088,509.459,43.46,919.6538,195.6278,305.6202,48.52,33.5498,132.8958,399.4919,128.3783,430.76,1027.1289,272.1494,71.2768,102.2286,253.6092,182.9,76.715,151.1856,88.7738,269.2525,68.0063,39.9364,81.5549,118.7285,257.8629,234.9928,76.6,176.1194,258.6341,84.4173,35.6914,32.3883,223.8719,253.4318,62.8462,81.24,202.9461,86.5624,121.2416,112.8085,132.2819,437.3827,178.8167
2024-02-21,73.3571,209.3127,252.0521,14.79,140.9069,117.4818,190.4584,210.6928,86.9616,246.9558,234.6616,113.62,73.0911,52.6244,633.4761,246.0357,172.5537,71.0949,101.3998,265.5239,347.2631,201.57,63.0,270.5339,542.2248,39.7336,198.3965,156.4908,230.0911,513.5579,44.05,925.4462,199.0069,308.9322,48.89,33.6695,134.5372,402.5804,127.4548,426.48,1031.8613,275.3315,71.2501,103.4278,252.8027,183.66,77.2834,152.1744,89.4175,270.296,68.8227,40.346,81.7485,129.2037,255.5001,238.9673,76.44,177.4402,261.4904,85.0561,35.9238,33.0388,226.8653,253.5071,63.2545,83.98,204.8335,88.7579,120.6456,115.0828,131.9526,443.2509,179.347
2024-02-22,73.773,215.4823,253.3726,15.24,142.538,119.5308,193.6169,232.3486,86.8743,245.585,236.972,111.75,73.7375,52.7027,647.1399,246.6269,175.9198,71.8098,101.7186,269.3816,346.7675,201.5,64.016,276.1193,548.4369,41.0594,201.3206,159.1154,232.7122,519.726,45.26,942.3022,206.6957,313.7541,49.41,34.4977,136.4781,403.8421,126.0452,430.94,1057.207,275.7731,71.2411,105.1885,261.215,188.37,77.6494,154.2504,90.1295,277.5322,69.9144,40.7947,81.7485,129.5519,266.9917,242.0005,78.03,179.3676,261.904,85.2158,36.6887,32.7518,228.5175,255.4947,64.7881,82.47,204.4695,90.6041,122.2185,118.0111,133.252,440.4083,180.4975
2024-02-23,74.053,217.1049,254.4232,15.13,143.5635,120.8391,195.2155,233.805,87.3401,247.3296,241.731,112.79,75.1772,53.0452,646.58,248.0189,175.91,72.3991,102.3176,271.209,354.4263,200.83,64.3298,275.6693,549.9776,40.7663,202.1074,160.1106,232.045,520.7753,45.51,943.0397,208.6938,315.4977,51.38,34.5552,136.9436,405.9419,125.4911,432.87,1063.3573,276.589,71.8239,105.436,262.003,188.67,78.4104,155.7262,91.2121,277.8736,69.6296,41.5261,82.1819,131.0705,267.2358,244.2826,78.2,180.982,263.2696,85.8047,37.1148,32.3118,230.3835,256.9933,65.5947,84.79,205.4563,90.3446,122.7363,117.279,132.273,446.1362,180.3357
2024-02-26,73.4451,219.9012,256.5821,15.28,143.0654,121.9739,195.1283,235.0519,87.3498,244.0129,240.0328,110.45,74.3839,52.8495,658.9177,247.6566,176.5911,72.7566,102.5881,268.5985,353.017,200.54,64.2625,278.6136,541.1285,40.8347,201.5343,160.774,229.8147,520.5203,44.97,947.6619,203.7182,316.9589,52.5,34.9477,136.3395,404.1152,124.9079,426.23,1052.2885,276.7714,72.1915,106.8351,261.284,190.44,78.5934,155.9329,91.5047,277.2592,69.7055,41.8674,80.1997,130.79,264.463,240.2225,78.36,180.8743,262.5675,86.9425,36.9695,32.6657,229.4213,257.2399,65.5847,83.98,202.8599,90.5741,122.8145,116.4493,131.2674,444.4333,179.0414
2024-02-27,73.829,217.5191,258.8279,15.54,143.8565,121.3592,193.7816,238.9721,87.7379,242.0285,239.8452,111.35,74.9324,53.8673,664.507,249.3346,175.4855,74.0318,102.5301,271.6537,350.5386,201.4,64.3372,277.3322,540.3286,41.0203,201.8451,160.1008,230.0816,521.1871,44.9,953.4739,203.2676,319.1507,52.92,35.0195,136.3593,405.2922,125.6856,424.9,1040.6082,277.8849,72.5681,105.9595,264.3179,193.16,79.2773,154.5087,91.534,276.5472,70.4555,41.6334,81.5918,130.2774,261.6609,240.8405,78.75,180.5319,263.2215,87.5014,36.7565,33.0197,229.4116,259.6586,65.6943,84.89,202.8599,90.1949,122.7949,115.8929,131.9526,443.4851,178.1336
2024-02-28,73.1571,213.4948,260.5821,15.46,143.7002,122.6359,195.1767,238.0344,87.2527,243.0542,238.9368,111.06,75.0891,53.5933,674.0452,250.4406,176.4233,74.0995,101.9795,276.9133,354.5721,207.0,64.4642,277.4496,536.7237,41.0496,201.34,160.8642,232.9123,520.8047,44.76,958.5484,200.9855,321.0307,53.08,35.2158,138.1319,407.2225,124.5871,425.43,1038.6408,280.1503,71.8777,105.9975,263.3132,193.27,79.8457,155.1408,92.5776,279.8533,70.6168,42.3941,81.1032,132.8018,260.6455,242.752,77.73,181.931,263.8081,87.4315,36.6011,32.9718,230.0239,261.0149,66.481,86.35,204.2491,89.666,122.7363,115.932,131.5077,444.056,177.5853
2024-02-29,73.6851,218.2194,258.8953,15.68,143.2314,123.6447,197.2404,240.9072,87.0102,242.8913,238.8381,112.51,76.186,54.3958,680.9999,249.9448,177.8645,74.1574,103.2257,275.6274,354.8054,203.72,63.5977,276.6353,537.9879,41.3037,199.776,161.8625,237.2966,525.0703,45.49,957.329,202.0727,325.3169,53.15,34.9525,139.9144,406.1886,124.3051,427.27,1043.7277,279.9295,72.0839,105.5407,269.4993,195.18,79.8553,154.6218,92.9482,281.8428,70.904,42.9792,82.3202,132.8502,259.3665,242.4653,79.5,179.6318,262.7887,88.8987,36.8536,32.7805,229.2658,261.4607,66.2719,87.03,202.7833,91.143,124.1236,116.7422,131.9437,446.0588,179.6098
2024-03-01,73.4771,219.1071,260.4857,15.66,143.2021,125.0318,197.3954,240.2888,87.1363,246.8312,238.5912,114.18,76.7148,55.2571,688.1903,248.0761,178.3581,74.9689,104.4719,279.4658,357.5268,200.0,63.9787,280.5695,541.1779,41.1962,199.912,163.7417,235.0377,527.3748,44.84,964.6457,199.1539,327.9859,53.58,34.8711,140.6967,404.5002,123.265,425.0,1048.6284,280.7358,72.4067,107.7297,266.9283,199.98,80.8571,154.5603,93.3188,286.4264,70.7126,42.9109,82.5783,132.9276,259.7961,241.7867,81.03,179.6709,261.5385,88.5095,37.1353,32.484,232.7354,263.0162,66.72,88.27,201.0109,91.4424,124.9931,117.7573,131.7658,440.1374,179.5555
2024-03-04,73.1411,220.0688,261.4977,14.81,143.71,126.8917,199.1587,242.7327,87.243,248.4416,236.893,113.22,76.8519,55.9324,699.7029,247.0082,178.7727,75.2394,105.7955,278.615,354.1931,200.54,63.3437,282.6788,540.4471,40.6197,200.8931,164.2898,235.1998,525.1292,44.14,971.2347,197.2243,329.8855,54.1,35.8047,140.6868,409.6981,125.1995,428.45,1039.8904,284.5467,73.2853,106.8731,265.1453,200.84,81.9745,154.7768,93.036,289.235,67.4296,43.9642,82.6152,135.0942,259.0443,242.255,81.3,180.9428,264.1928,89.2181,37.281,32.6275,230.9375,269.8548,67.5067,88.59,206.9029,91.3525,124.9052,117.0936,134.0351,445.1493,180.0707
2024-03-05,74.141,212.3515,261.5363,14.67,143.6905,124.4092,194.9345,239.1117,87.3886,246.6969,234.7307,110.09,75.853,55.3843,667.3459,245.8736,177.1439,74.0028,105.3221,278.1412,356.4382,201.14,62.8581,278.6858,530.3634,40.8444,200.9611,163.7123,237.0583,517.7648,43.74,969.4252,195.9804,324.898,53.86,35.5892,139.9243,409.736,123.9746,423.21,1028.0063,279.6511,70.3715,108.5768,256.7921,198.3,80.6163,153.8298,92.207,284.7002,66.6639,43.184,82.0159,135.5004,255.5978,242.4748,79.09,179.7883,263.1253,89.1682,37.1548,33.089,228.7216,268.4606,67.676,87.35,204.8623,89.7858,123.2834,116.2932,133.1897,443.3884,178.3625
2024-03-06,74.005,215.0079,263.5507,14.88,143.4951,125.7016,196.6978,241.1965,87.5827,243.8595,232.5882,110.9,77.5375,56.4902,664.8312,248.1428,178.0422,73.8289,106.0756,281.5252,356.341,201.0,62.9253,280.9226,533.5238,41.0594,201.9811,167.2847,236.7534,520.9322,44.07,966.3175,195.716,326.9436,54.62,35.5797,140.0035,411.1588,124.8301,425.41,1035.6986,282.2045,71.4025,109.8997,260.5452,200.26,81.3965,153.9306,92.8409,289.3911,68.8749,43.7009,83.0577,135.365,258.9076,239.8943,78.64,179.8275,263.2215,90.4058,36.9994,33.2333,230.4224,270.9456,68.4925,87.68,206.558,90.0752,123.4397,118.1185,135.7616,446.1072,181.2095
2024-03-07,74.085,218.7653,256.5821,14.9,145.2629,131.2183,198.5193,243.7102,87.8641,244.7893,233.151,113.71,79.8782,58.2812,667.2575,249.306,179.5252,74.5245,106.5394,284.387,364.7872,203.03,63.508,282.0116,539.5582,41.802,201.34,168.2438,238.5071,529.0222,44.12,972.6508,198.1352,331.4148,55.21,36.3552,140.6075,407.8485,128.2228,428.14,1041.0247,280.1503,71.9584,108.8147,266.8987,204.13,83.4676,154.5652,94.5477,293.6724,69.497,44.1203,84.7695,136.7965,261.0653,238.021,79.41,180.0231,262.5772,90.1463,36.8342,33.4929,232.0162,279.4346,69.09,85.35,205.1902,90.9935,124.0454,119.1434,136.527,441.5887,183.1165
2024-03-08,75.1088,211.4677,258.8857,14.68,143.5049,132.369,197.2113,241.4559,88.1843,248.7963,233.5361,117.1,79.5452,56.8132,664.173,249.02,179.3868,74.2734,106.4138,284.8221,363.6014,198.49,63.5379,279.4608,539.1928,41.2744,201.816,167.3924,237.2618,526.9335,43.3,954.241,196.4799,330.4115,54.96,36.2068,141.1324,410.6086,127.2021,425.98,1032.4285,281.5613,72.9267,109.1193,265.9629,199.84,82.6681,153.8249,95.2207,291.031,69.3439,44.3251,85.1044,137.2898,258.4975,239.8561,78.7,180.209,261.8847,91.9528,37.0965,32.9448,231.8802,280.0321,67.4569,86.11,206.7122,90.205,124.1529,118.3625,137.0164,444.5881,181.4354
2024-03-11,75.2288,213.734,260.3797,14.65,144.4034,131.2656,196.0584,238.5431,88.6888,247.5693,234.474,116.55,79.5746,55.9226,652.5426,249.5921,178.8134,72.6117,105.9307,275.347,364.5247,192.49,63.4034,277.5673,547.0246,41.7043,203.3023,167.3043,242.0706,525.6489,42.89,948.0159,196.4408,326.3007,54.53,35.5797,139.6272,412.3634,127.3868,424.9,1020.6862,276.9634,71.7432,108.5292,259.2154,192.7,82.1768,153.5986,93.9333,286.345,71.7845,44.5981,85.5509,141.2072,257.0037,238.8143,77.47,180.2873,262.808,91.6334,36.9508,32.4832,232.337,277.1487,64.7283,86.81,206.7218,89.3565,123.2736,117.8452,137.7195,444.3463,181.0197
2024-03-12,78.9643,217.7581,260.0134,13.96,145.7024,131.9749,197.657,241.1666,87.2819,250.0041,235.0664,115.3,80.2504,56.6664,663.5346,250.6409,179.7724,72.9981,106.8485,274.4672,362.1921,184.24,64.397,282.2667,548.3283,41.7825,203.7977,171.5422,243.5267,527.8455,42.17,956.316,197.1362,328.512,55.19,36.0297,141.6869,412.5151,129.3699,424.87,1048.5044,278.528,72.066,109.243,264.18,199.66,82.774,154.152,95.0451,291.2756,72.4354,44.6566,85.0206,143.5866,257.6286,240.0663,78.32,181.432,264.1351,91.5536,36.7371,27.6559,233.9891,279.814,65.7939,87.13,205.7489,90.6941,125.5011,118.6163,140.0601,443.9496,179.9713
2024-03-13,83.2436,214.1982,260.4664,14.0,147.1284,134.1028,196.6591,241.2264,87.8738,252.2377,233.2695,114.62,80.3385,56.6272,656.5995,250.4406,179.4758,72.544,106.607,274.9506,368.2181,182.35,63.8442,280.5204,542.7186,42.9062,204.9732,173.4507,244.4846,529.1007,43.035,958.5878,197.3321,332.6812,56.25,35.9244,140.9244,412.2211,129.0588,421.24,1052.2885,278.2784,72.1377,110.3756,257.8658,201.14,82.9956,153.3108,95.8742,293.7213,72.0813,45.1248,85.6998,143.4898,258.683,238.2217,78.25,181.8723,264.8179,92.0227,36.6982,27.1944,234.0377,279.5769,65.3557,87.81,207.791,90.3647,125.0713,118.5089,137.7284,443.3594,180.5135
2024-03-14,82.4837,210.6185,254.0473,13.99,145.8489,131.4154,194.276,241.7551,89.0382,247.7802,230.2834,112.74,78.9478,56.089,660.5778,252.5859,179.5648,71.4137,106.6649,270.7159,369.5594,181.15,64.0832,286.4167,540.3088,42.0756,205.0317,171.3464,244.7816,525.8548,42.85,975.2569,194.1488,333.0708,56.42,36.0345,139.4786,413.3308,126.8929,415.56,1050.9592,275.3699,70.6135,109.6523,252.8717,195.42,83.4387,154.8899,96.0595,293.7702,71.6888,44.8029,83.3461,142.9163,257.9312,235.1729,77.65,182.3028,264.8564,92.0926,35.9697,27.0309,234.5626,275.8683,65.2263,87.87,205.5177,90.8438,125.0126,116.0491,136.9542,445.904,177.4587
2024-03-15,83.9875,207.9226,264.9,13.96,145.4973,133.1019,194.7332,242.1441,90.1735,245.2399,231.935,111.88,78.9674,55.8345,663.623,254.4928,179.4659,71.6456,106.8388,271.5667,372.6307,182.53,63.762,285.8967,540.5755,42.1342,205.2461,171.7966,242.6358,525.0409,43.62,977.8925,189.9371,337.9901,56.13,35.9196,138.4587,413.3783,127.2148,415.12,1038.8181,277.4337,70.6942,112.6218,249.158,195.49,83.8914,154.3193,96.0692,291.4321,70.77,45.2028,82.0065,141.6722,256.9744,233.3283,76.07,182.2832,264.6737,92.7514,35.9114,27.2617,233.2214,274.3033,65.9632,95.18,205.0361,90.3048,124.3385,116.9959,136.4914,446.7651,178.6698
2024-03-18,83.8275,206.7524,275.7721,14.11,144.4718,133.9057,194.0328,243.2015,90.6877,245.6137,233.1316,111.91,78.9772,55.8834,671.5108,252.5287,180.0196,71.3751,107.2929,268.9466,374.4968,179.84,63.6649,286.2499,539.4002,42.4469,206.3575,170.7103,242.5304,525.8646,43.55,978.0105,187.273,342.7926,56.09,36.2403,140.1718,410.8932,128.1417,414.68,1046.6167,278.9408,70.3356,114.5348,251.2562,195.3,82.7066,153.724,95.6206,292.2636,70.234,45.5051,81.9879,141.9249,257.4138,233.5481,75.7,183.5258,266.9722,92.9611,36.2417,26.9347,233.7948,272.5296,66.4611,96.15,203.177,91.0435,124.5535,114.4288,134.9963,447.3844,177.8293
2024-03-19,84.2435,209.3841,270.8469,13.93,146.2787,136.7035,196.7272,245.7751,92.0462,245.978,234.8228,113.29,80.0839,57.234,681.3437,253.9302,179.8713,72.8049,107.5151,268.9659,380.5228,181.14,63.7695,289.4482,545.0395,42.7401,206.7572,171.4149,245.8257,528.3946,43.91,985.0617,186.9106,344.7408,56.27,36.4845,140.7363,414.6777,129.771,421.5,1064.2701,279.0368,70.4522,115.163,255.9549,199.54,83.5928,154.3906,96.4008,296.3822,70.8848,45.8464,84.3415,142.3817,256.3788,231.9711,77.08,184.0835,268.9918,93.9793,35.9211,27.0886,233.2797,274.3127,66.8893,94.1,203.649,91.3928,125.4914,114.868,136.3401,452.3092,179.8899
2024-03-20,86.4752,214.4154,276.7455,14.57,147.0991,137.0739,198.585,248.8873,92.0365,250.4163,233.7943,118.32,80.5834,57.3025,696.7756,256.2376,182.1156,73.6454,108.2203,272.4369,382.9915,187.78,64.158,292.9703,547.2024,44.3426,206.5428,171.8162,249.054,535.8669,45.98,999.3214,191.0537,347.2248,56.9,37.1786,141.4691,417.7319,131.9858,423.7,1076.7302,280.4862,71.8956,115.5913,260.7323,206.61,84.4212,156.1911,96.8788,303.0835,70.7796,45.6709,86.0998,142.5761,258.683,235.4118,78.64,183.741,271.7327,94.8279,36.5331,27.7329,234.1155,276.9685,67.2478,96.31,204.4485,93.5089,125.7454,116.7129,137.7284,455.473,181.824
2024-03-21,86.2832,219.6294,280.8611,14.78,147.8902,139.2096,200.4234,255.6603,91.464,247.1187,233.3097,119.93,82.9731,58.5455,706.3236,257.744,182.8176,75.5293,108.7807,280.4713,386.4808,187.7,64.397,298.1406,549.3949,44.9484,207.0985,174.1162,253.7095,549.772,46.63,1012.4895,193.7864,355.1249,57.21,37.5425,143.4496,420.3403,131.9955,423.54,1092.1503,282.1469,72.6936,118.418,262.003,211.12,86.579,157.9548,97.7468,308.6695,71.1624,45.3686,89.1326,143.9953,263.7503,237.1322,80.25,185.0325,270.569,95.2472,36.7857,27.579,238.9554,278.0782,67.3971,97.73,205.3154,94.9264,126.9959,118.6358,138.2268,452.3188,182.0048
2024-03-22,85.4113,217.7778,279.8395,14.82,146.5326,138.0354,197.9528,255.2813,92.706,243.6007,232.2712,115.91,82.2092,56.6272,701.6282,256.1517,181.0775,74.4859,108.6357,276.8843,387.6665,188.85,63.9936,294.6087,549.4937,44.5478,206.4648,172.6579,272.3606,544.1335,46.47,1010.0801,190.7893,348.8418,57.41,37.3893,142.3801,422.9202,130.854,424.03,1091.1046,280.8222,71.3039,117.7803,260.2103,210.54,86.001,157.2734,96.8885,309.7065,71.2773,45.3881,88.0814,143.1691,262.1686,234.1311,80.23,186.3924,270.3959,95.6864,36.2805,27.3578,237.0117,276.6081,67.8154,95.72,204.1499,94.567,126.2339,118.7822,139.0722,453.538,181.4173
2024-03-25,83.8595,214.7956,277.3528,14.92,146.5815,136.7271,196.8147,254.9022,92.7934,237.7627,229.4428,118.01,81.0143,56.1477,691.9722,253.4821,180.6919,73.4328,107.9402,273.0943,386.8598,191.41,63.0747,293.9612,544.121,44.3817,206.455,171.6303,270.6842,539.858,44.89,991.0409,188.0566,346.7377,57.18,36.8675,141.4394,423.3281,129.6735,422.01,1084.201,279.1424,70.2459,117.4424,257.1566,208.78,84.8065,156.3559,96.5959,305.1086,71.6123,44.7639,87.8488,142.5761,260.831,233.0607,79.41,185.6293,268.2994,95.5566,35.7851,27.4155,235.1651,276.8547,67.0785,95.82,203.9091,94.3075,124.8172,117.1912,139.3392,454.0895,179.3838
2024-03-26,82.0918,213.9513,281.2659,14.92,146.8745,136.7744,196.2019,258.5331,93.2106,236.9863,228.6615,118.84,80.936,56.3141,692.3356,253.1293,179.6142,73.9932,108.1527,275.0183,387.3361,187.5,63.4184,293.6178,547.5678,44.88,206.455,171.0626,276.8341,538.5146,45.42,988.7102,189.7314,347.1663,57.22,36.7574,142.5088,423.0246,130.093,423.45,1083.9351,278.2496,69.4211,117.076,256.5754,207.04,84.6524,155.8,96.196,305.3042,69.7076,44.7054,86.965,143.276,262.0807,230.0405,77.91,185.5902,267.6935,95.7962,35.0955,27.3194,235.2817,275.9821,67.3673,95.18,203.3697,94.2775,124.954,117.074,127.9657,454.6603,181.6614
2024-03-27,83.6596,211.2999,284.0321,15.3,149.365,141.9522,198.2738,259.1017,94.5594,241.3,231.3515,124.59,83.2669,56.4511,707.4041,257.0783,181.641,75.2105,109.6018,281.5542,399.1303,191.95,64.2625,294.0397,552.259,46.2285,208.5998,173.4507,275.7708,547.2322,47.24,1003.265,191.1908,355.2126,57.24,36.9967,144.4498,433.259,130.9711,429.01,1093.4088,278.1344,70.0935,118.4561,258.4766,209.68,85.5868,168.6497,97.3957,307.5738,71.1337,45.5441,90.2955,143.8398,267.2651,233.8062,78.11,187.3806,271.1076,96.0857,35.7851,28.1464,238.1974,281.6446,67.7955,96.22,204.6893,95.0861,126.3999,118.343,131.1161,461.8685,185.394
2024-03-28,84.8434,216.5682,283.9936,15.35,150.1464,138.3349,199.2659,259.1516,94.637,244.3196,233.1316,126.14,83.6782,56.8915,708.3471,257.1934,180.8303,76.2055,109.5728,281.6702,400.6912,192.99,64.2625,294.5204,553.8985,46.7757,207.8004,173.4213,277.5526,545.0161,47.88,1000.4425,195.1577,356.9465,57.92,36.9297,144.2616,431.4473,131.4296,429.32,1091.4591,279.7855,71.0798,117.9136,263.52,208.55,86.1744,168.9916,96.8202,305.8912,72.8757,45.1248,91.1048,144.7049,268.0462,235.0486,76.99,187.3023,271.675,95.7663,36.0086,28.0694,237.1575,280.9617,68.144,96.6,205.2673,94.7766,126.2632,118.6651,132.273,463.1264,185.5025
2024-04-01,90.2458,215.393,283.8779,15.41,147.7046,138.2009,197.6804,258.6129,94.8602,241.5684,230.2142,127.41,82.6695,56.177,697.5811,254.222,178.4179,75.0559,109.6888,273.9741,394.2526,189.5,63.2166,291.1161,546.7679,47.1177,207.5664,171.7966,268.3468,540.3287,47.35,992.9094,192.4446,354.3261,58.07,36.6664,143.4496,429.4744,129.0978,424.93,1075.8086,276.0706,70.0935,117.1617,256.8315,205.41,85.8083,167.3953,96.1375,305.2553,70.1957,44.5884,88.807,143.2371,265.2636,232.535,76.4,186.2525,280.3881,95.1673,35.7269,28.0598,234.0961,279.4536,65.8337,94.52,200.8942,93.4491,125.677,116.2248,131.3742,456.0536,182.5742
2024-04-02,89.1132,213.8624,285.1695,14.4,146.2201,134.7623,197.0482,255.4608,95.6268,240.3797,229.4329,128.15,81.5236,55.5898,679.5461,252.976,178.3289,74.5632,109.4279,270.9382,394.1161,188.04,63.3661,291.8813,539.1829,45.8278,205.8116,170.0349,263.7104,536.8279,45.65,983.9209,190.9558,355.3879,57.25,36.5276,144.5092,429.9013,128.3759,422.47,1066.8401,275.9458,69.0625,115.734,251.8768,199.75,85.2978,166.2146,95.3377,307.9162,69.1237,44.4031,87.9046,141.6624,263.8772,231.7991,76.98,185.3597,279.4168,93.9694,35.4646,27.2425,232.8423,277.0444,64.9873,93.17,197.6577,92.381,125.169,114.7899,132.7358,451.2255,180.9654
2024-04-03,89.4491,217.0915,284.0129,14.16,146.3763,143.7979,194.0328,261.6354,94.6564,241.4054,228.4637,128.26,81.7391,55.7269,693.6421,253.2444,179.0606,75.2588,109.6888,270.5999,396.0964,184.92,63.3063,295.6389,537.9385,45.5054,205.1389,170.6417,266.7758,547.7422,44.62,990.0182,193.1302,366.0643,57.37,36.5515,146.7571,424.8362,128.2783,420.93,1088.7207,274.9091,68.0852,114.6109,252.0639,202.77,85.3941,166.9796,95.8254,313.9718,68.693,44.3446,89.5326,141.954,266.5426,230.8624,76.81,185.6736,280.5228,94.199,35.3772,26.954,232.5605,277.4428,65.7242,93.37,196.7618,93.2195,125.8919,114.8876,135.5124,442.1789,178.9229
2024-04-04,86.9055,215.3338,284.09,13.83,145.6634,145.5457,193.1671,257.6454,96.3642,238.2229,224.0232,131.34,81.0927,54.6601,681.55,250.9152,177.3106,73.9835,109.2057,267.1676,397.15,183.29,62.5816,291.8813,531.3618,44.8312,201.8925,169.5162,263.9211,544.8788,43.22,976.7124,190.5248,360.2195,55.74,35.9866,145.9055,430.6601,127.8295,416.85,1067.3187,274.7364,67.61,114.7156,248.2715,200.75,83.9396,163.4523,94.7818,313.2088,68.6069,43.4668,88.3232,140.8459,264.3946,230.0405,74.92,183.26,281.9942,95.337,35.0858,26.8963,230.1308,278.1067,65.2561,91.81,201.8863,92.1315,124.319,113.3746,133.4923,444.5688,177.1876
2024-04-05,87.3758,221.7624,289.7959,13.76,144.4718,154.3442,197.2135,262.5431,98.6736,239.68,225.1407,134.41,81.8468,55.2375,694.3592,252.0271,180.158,74.2927,110.6549,269.9811,402.4471,183.14,62.9552,298.9059,537.0286,45.007,201.7365,172.1,262.0148,555.6852,43.19,998.0134,191.3182,369.4834,56.55,36.6855,149.0347,431.9311,129.0881,416.86,1094.7203,274.6116,67.5114,116.3146,252.32,204.14,84.3249,165.7103,95.3572,323.3341,68.1283,44.247,88.7605,143.4024,264.7168,231.3021,77.16,184.8495,283.8791,96.4851,35.2606,27.2521,232.648,277.6799,66.7797,94.75,201.2795,94.6369,125.3155,114.5459,134.7026,439.7504,178.1818
2024-04-08,88.2397,221.8809,289.4874,13.9,142.7138,154.5615,199.2756,261.695,98.858,239.9004,223.8847,135.51,81.5921,56.6077,690.5184,251.1644,178.8727,74.5052,110.7804,272.6979,400.7009,181.56,62.9178,298.0916,537.2462,45.9353,201.5123,172.3349,263.9786,554.9595,43.31,997.9053,190.8774,363.8043,56.28,36.3313,148.0048,429.0855,129.6247,414.57,1092.9568,274.2276,67.7714,116.6001,255.157,200.5,83.7758,166.6278,95.6108,318.7459,68.9706,43.9545,88.6116,144.8312,264.834,229.6582,75.03,184.9672,281.9076,96.8145,35.0178,27.5502,232.1717,278.2015,66.4511,94.22,200.8364,93.8383,124.8075,115.4635,133.5901,441.55,178.7331
2024-04-09,88.8924,219.738,291.1067,13.95,143.2998,152.5569,201.5809,255.8476,98.5863,242.9009,226.8319,140.22,81.9937,56.8719,684.4281,251.682,179.1298,74.1284,110.3747,277.3194,401.4131,178.12,62.8954,295.5211,537.4935,46.2382,201.2978,173.5779,264.745,550.4683,43.44,991.0114,190.4563,362.2749,56.69,36.3361,146.4204,424.5232,130.6199,416.06,1077.5721,264.4557,68.0404,113.4308,258.8115,199.19,83.2942,166.7016,96.6739,307.0554,69.8033,43.8959,90.4164,144.2286,267.2846,230.1361,75.14,185.2419,277.7819,96.1456,34.9206,27.9348,234.7861,278.8465,65.5748,95.69,198.5727,93.3293,125.9603,118.1087,133.9995,439.9052,179.3205
2024-04-10,88.9116,212.3515,291.3669,13.41,140.9753,154.6503,198.0111,253.7521,98.3534,239.3157,223.4298,136.87,80.7499,55.6779,670.057,248.5286,177.7159,71.4813,110.2105,272.7076,401.8911,174.63,62.1782,292.8918,530.086,45.1829,202.9746,170.1328,258.9303,544.6042,42.37,984.2651,184.3248,362.4405,56.03,35.7807,146.1035,428.45,125.9855,402.48,1081.0993,264.1197,65.4224,112.9644,244.7746,187.14,82.3887,165.0388,94.8988,307.5445,68.9227,44.0325,86.4347,141.8763,265.3417,226.3704,74.35,186.1151,278.9359,95.4768,34.3961,26.8867,229.742,277.0349,64.9773,90.65,197.937,92.8202,125.2373,115.4927,131.0538,443.0497,176.8261
2024-04-11,89.4395,217.0422,291.9066,13.62,142.4891,155.7069,195.2681,257.4441,97.7906,239.3924,220.898,136.08,80.0937,55.4137,673.554,246.9854,178.4575,70.9886,109.6695,278.9534,402.7398,173.36,62.3725,291.6164,533.6958,46.5411,200.7713,169.5945,260.7312,545.0161,43.04,950.2581,185.2455,362.3529,56.0,33.4541,146.2719,429.0286,126.5904,403.66,1094.4102,265.2332,65.5928,113.1452,245.4936,189.33,82.9859,165.0806,95.5523,310.3717,69.0567,43.5351,86.8161,141.9929,262.5298,225.7109,76.18,185.6148,277.8535,94.4585,34.4155,27.4252,229.606,276.5227,65.3159,92.79,194.9509,92.9999,125.8235,115.9222,132.6112,442.9723,177.9287
2024-04-12,87.6446,218.3654,287.8296,13.15,141.278,152.9667,193.4006,254.1413,97.1308,235.5675,220.0771,131.76,79.4277,55.629,662.8666,242.9884,177.6764,71.0563,108.829,275.3761,387.5507,169.55,61.5656,291.3417,529.9277,45.7887,200.2156,168.4004,256.5354,539.6521,41.8,948.9797,181.6607,356.1672,55.38,33.727,144.7567,427.2075,124.3172,398.48,1081.5158,264.6669,64.6155,112.46,243.297,189.53,83.3231,164.4116,93.787,311.5848,67.4583,43.2523,85.1044,139.106,258.3901,224.0288,75.28,184.2804,278.2111,93.7996,34.3281,26.4828,226.1267,274.6637,63.7325,90.34,195.1725,91.7522,125.1592,114.8388,128.9624,441.3082,177.287
2024-04-15,87.635,217.2002,285.0827,12.94,140.6237,152.0467,190.3269,248.3538,97.0532,235.4046,219.731,128.51,78.6638,54.2784,654.9394,243.2952,177.014,70.5829,107.9691,276.4202,384.1656,167.82,60.9605,288.32,522.4411,45.5835,200.2059,167.04,255.52,532.8368,41.04,939.5879,181.2983,354.4917,54.75,33.2195,143.8259,429.7495,123.8489,399.99,1070.1014,263.9757,63.2617,112.3267,239.2878,184.55,82.0227,163.504,93.6797,308.4347,66.0513,42.2088,84.4997,137.6771,256.9061,223.5891,73.4,183.7113,275.1958,92.9012,34.1338,26.7713,224.008,271.1068,63.2247,87.53,195.7504,91.1133,124.3581,113.9212,128.909,436.6446,175.371
2024-04-16,87.395,217.7235,283.9261,13.03,141.6003,155.0738,188.3231,248.1542,97.8488,232.8547,219.6519,129.1,78.3994,53.5933,644.36,240.7839,177.0634,70.0998,107.7083,272.0598,383.3949,170.55,60.5422,290.0369,521.1752,45.4858,199.8354,167.5196,253.7957,533.5919,41.5,940.8369,179.2316,350.566,54.38,32.9323,144.0438,430.9162,123.3025,401.0,1083.9706,263.0158,63.3872,111.8699,235.0029,182.09,82.2635,163.9565,93.6114,308.5032,64.9794,42.238,83.895,138.2118,256.4472,221.0277,74.13,183.9468,275.7273,93.0809,33.8424,26.9732,222.8028,267.9009,63.7524,86.29,192.9763,90.7141,125.0517,112.9061,127.1647,435.7351,172.3704
2024-04-17,87.3086,208.1744,280.8226,13.89,139.6372,153.9956,188.1675,245.4301,97.7615,229.4325,219.8002,130.25,77.5473,53.0942,624.9596,239.1832,176.0352,69.9066,106.0853,269.4106,387.1702,170.21,59.9146,287.5449,520.6708,46.7854,200.9761,165.8949,252.0044,530.0911,48.74,934.1791,164.6768,349.0464,54.02,32.7838,143.1426,432.5666,122.7171,400.27,1086.2304,260.3473,62.141,110.3375,234.1262,179.31,83.2846,164.4362,92.6166,303.4455,65.8599,41.9454,83.1042,137.1231,254.6312,219.0875,71.94,185.3891,274.9155,92.0526,33.1819,27.6752,220.4509,268.8969,63.1948,85.46,193.9973,89.4064,123.3127,111.6078,126.5952,437.3799,172.0451
2024-04-18,87.8078,205.2218,280.8804,14.02,140.1548,151.2949,187.7103,245.1507,97.7227,230.324,220.8683,133.47,77.0857,52.2427,621.6787,238.5027,175.264,69.7713,105.6023,264.4314,390.7992,170.23,59.8997,284.0817,521.462,46.7561,199.9232,165.0238,252.2918,527.6592,51.42,922.0042,160.8275,348.6665,53.2,32.3147,142.8653,432.6045,121.8,400.14,1075.4186,258.0627,62.3651,108.2722,214.2578,182.28,83.5061,162.9431,93.1335,302.2324,66.8745,41.3896,83.0949,136.7829,252.9909,219.6419,71.3,185.4087,275.6983,92.422,33.4053,27.9444,219.7414,248.2767,63.2346,84.18,194.6523,88.8075,124.2311,112.0178,127.0312,437.8153,172.6958
2024-04-19,88.566,209.1718,277.16,14.11,140.4771,146.4674,188.0994,242.7359,98.5475,231.2922,220.0673,135.15,77.1348,52.3895,617.2191,240.065,175.6891,69.4719,104.897,261.0088,390.5261,169.82,59.3842,282.8161,528.4937,46.4825,201.873,166.2277,255.7595,524.2859,51.38,927.0295,163.8639,346.7405,52.88,32.3482,142.7663,439.9839,122.161,401.36,1052.5544,260.7696,62.9658,105.8262,212.9674,177.03,82.9089,162.6603,92.7629,296.4409,68.1666,41.4578,83.0949,135.6165,253.4498,221.8114,69.2,186.1838,278.9359,93.1408,33.3567,28.2521,220.655,254.9541,63.145,84.26,197.8985,88.2386,124.8954,111.8714,127.0579,447.5682,175.5698
2024-04-22,88.902,208.9447,279.8973,14.53,140.7506,148.5745,188.9262,245.0309,98.5475,234.4843,220.7101,134.12,77.7929,52.4776,618.1621,239.5858,175.8473,69.5781,104.9453,264.4024,389.8335,170.48,60.0342,285.6416,533.1716,47.8994,202.3214,166.6583,258.7866,529.2576,53.94,926.4591,163.9422,349.6246,53.3,32.2908,144.2715,437.5747,122.3659,404.08,1064.279,263.4862,64.1045,107.1492,215.6565,178.21,83.7084,163.5728,93.9138,301.4008,67.7263,41.4091,83.1228,137.0745,254.3578,224.0957,68.98,188.1461,281.5357,93.61,33.6287,28.5887,223.4248,254.7264,62.667,85.31,200.4896,88.4682,126.0091,111.3638,129.3629,455.6956,176.7628
2024-04-23,89.2667,216.5385,282.1141,14.23,141.2585,160.8708,190.5603,251.4072,98.3728,234.8869,219.8002,136.1,77.0758,53.9652,649.6153,240.2376,177.8148,70.5346,106.0466,267.1676,387.4922,169.18,60.2882,289.5071,533.676,48.1046,203.5401,168.6256,260.3193,539.7305,54.03,939.9518,164.1087,355.1387,54.31,32.3195,147.0344,436.389,123.8781,407.06,1101.0302,263.467,64.1314,107.8535,221.1039,187.24,84.6909,163.9,95.0647,306.0477,67.3339,41.5944,84.416,138.5228,255.8809,225.8352,70.8,187.0178,282.8984,95.1174,33.7258,28.3291,225.7379,257.3632,64.4893,84.62,200.0465,90.4046,127.7091,110.3682,132.4866,459.2755,177.287
2024-04-24,88.3261,192.6213,281.7671,13.92,140.6237,157.4777,189.753,252.6345,98.0235,226.4416,219.8002,137.18,77.5866,53.6031,643.5938,241.3111,176.2033,67.3754,105.9017,266.4231,384.9655,164.33,56.8143,290.8806,532.0837,46.8441,205.1486,167.7936,254.8782,535.7591,52.67,942.4399,161.2487,355.4026,54.93,32.618,161.7893,435.4974,123.4586,362.5,1100.3389,264.7821,64.1045,108.2532,222.3352,186.69,83.8047,163.3588,91.0658,311.8685,67.8986,41.8089,83.9787,138.795,253.9087,221.7159,69.36,188.3718,271.6779,93.8496,32.7059,28.1752,218.3225,259.4973,64.4296,91.95,200.0754,92.3311,127.6602,110.173,130.4842,459.1691,176.0488
2024-04-25,87.7406,194.2013,281.0635,14.13,140.819,159.5254,190.2199,254.6402,98.693,230.8608,220.3343,138.85,77.7929,58.5357,678.6915,237.8605,175.9165,67.501,105.8824,267.767,384.4192,166.81,56.9338,293.7061,534.4573,48.7397,207.3617,175.3005,254.3514,538.7303,53.51,932.1335,160.377,330.4525,55.22,32.8106,161.5912,440.847,121.8293,376.98,1113.5967,264.9165,63.2976,107.1872,222.8966,185.26,79.7782,163.6343,90.7245,310.2152,67.2478,43.1743,82.6391,139.0283,253.5181,232.7739,69.31,189.9122,275.3407,84.7551,33.0556,26.2135,217.0007,256.244,64.5292,90.34,199.7383,91.862,127.6016,110.4463,131.1695,472.2213,174.4491
2024-04-26,88.1437,180.1394,280.6105,13.88,141.532,160.6037,188.8484,261.0963,98.4019,230.0076,218.7025,140.12,78.5394,59.211,678.5736,237.9755,175.5013,67.4817,106.1626,270.8319,383.7071,167.22,56.7545,298.7685,520.9774,48.7788,204.8269,176.338,254.6579,542.9077,52.84,913.8614,158.6825,335.7124,55.73,32.8251,162.7597,437.5367,120.8341,374.64,1115.8742,265.8668,62.1769,106.5591,220.0794,187.66,80.1539,163.8754,89.9247,317.2589,67.2095,43.7887,83.4577,139.4365,254.2406,232.0476,69.05,188.3031,274.8672,86.3624,33.0167,25.9924,214.4544,256.7562,66.1225,92.65,206.6544,93.3293,129.3504,110.5927,131.3475,464.8583,174.8378
2024-04-29,88.4605,181.9366,283.0297,13.98,142.4501,162.7207,190.9299,261.7748,99.4014,231.4455,219.4046,137.3,79.1189,61.3739,700.0762,238.8957,175.6793,67.6942,106.037,270.6869,391.1504,173.49,57.524,295.1679,507.9228,49.2967,206.8255,176.2107,254.6771,543.6922,52.97,919.0146,158.8294,341.989,55.71,32.9743,161.6407,443.4744,121.7707,382.89,1115.4932,267.3834,62.7776,108.158,222.148,187.46,81.5283,163.777,91.0658,319.4209,68.626,43.6619,84.6206,141.1181,256.2812,230.289,67.4,189.765,278.1338,86.2526,32.9779,25.8097,217.5839,258.2263,66.8295,92.5,209.0817,93.2195,129.536,111.071,132.2018,470.441,175.127
2024-04-30,92.6358,179.4382,272.2734,13.51,140.1841,160.0794,188.1286,258.0029,98.5087,220.7859,215.5575,135.96,77.6848,60.1799,656.1673,233.9786,172.6835,66.1292,104.1241,261.9756,381.8341,167.84,56.2316,311.3361,505.8262,48.9254,202.7991,175.4865,250.7687,534.347,51.46,906.0825,159.231,327.0991,54.31,32.7143,159.5117,440.9893,118.5999,381.48,1106.0196,265.8284,61.9886,100.9913,216.8977,182.82,80.1068,161.9346,88.9494,311.35,67.956,43.4571,85.03,140.428,252.0829,226.6667,66.27,188.0873,277.4573,84.4456,32.2688,24.9442,214.26,254.1573,66.471,91.53,206.1824,93.1496,127.6895,108.6502,131.2496,469.2896,174.187
2024-05-01,94.4884,180.2085,273.6034,13.58,139.8521,157.9822,188.148,255.4584,98.2176,221.0351,230.2438,127.63,77.6652,59.8178,642.1892,232.2149,172.0112,66.2548,102.8393,260.8057,378.0197,171.46,56.3586,309.0208,509.0898,48.8765,201.5708,174.0673,249.7628,532.4348,50.67,905.0499,160.1615,323.6772,54.44,32.8299,158.9769,437.9541,118.112,383.03,1107.1628,265.9532,62.0872,101.2102,217.3705,184.39,80.0584,163.226,89.1737,305.2553,68.9993,43.5741,85.4951,158.8478,254.7776,224.564,67.79,182.4947,276.9161,84.6253,32.2494,24.6846,215.1542,253.9487,66.5009,90.36,203.9669,92.8302,127.9435,109.314,129.8613,470.5861,176.5098
2024-05-02,92.9238,181.1071,270.1529,13.86,141.5515,160.8906,190.0156,254.4506,98.8677,225.4417,231.1834,128.66,77.4491,59.8276,652.8078,231.9945,161.4916,66.6412,102.8006,261.0861,386.2728,178.85,56.8517,310.7966,505.1932,49.8634,201.9607,173.7737,251.0082,520.3928,51.68,908.5902,161.1899,327.9497,54.4,32.7865,160.3039,439.3484,119.2828,385.6,1127.0671,235.3608,62.3831,101.3244,221.1433,188.74,80.7933,162.9062,89.5053,308.425,77.4603,43.6326,79.0667,160.7043,256.5839,227.1732,68.57,182.9264,277.7182,85.2243,32.6088,25.3962,214.4253,253.1235,76.7778,89.76,203.572,92.6805,132.8577,111.1881,131.0182,459.5851,175.0095
2024-05-03,93.2502,182.7464,270.5866,13.85,144.6476,162.3448,193.42,255.7777,98.3922,227.1292,234.714,133.38,78.1956,60.9566,654.8608,233.7965,164.6752,67.2015,102.9262,264.9632,391.1504,179.79,56.8367,313.2493,511.5128,50.3715,202.6626,175.1831,249.6862,525.7862,51.65,916.497,162.1596,329.2304,55.2,32.9503,160.6307,438.1248,119.8877,385.34,1146.5815,236.3591,62.9031,99.7349,223.6551,195.81,81.5283,165.7964,89.8467,314.479,77.7187,44.9785,79.8202,161.3264,259.3274,229.7251,69.23,182.0139,278.472,85.4439,32.8808,25.1461,214.2212,257.0692,78.5603,91.23,204.4389,86.5617,134.0496,112.213,130.3151,453.8669,176.9707
2024-05-06,92.7126,177.9274,273.3336,14.65,145.6048,166.1633,195.2,268.9194,98.8871,222.2308,239.1941,136.3,80.4253,62.8907,671.2456,235.0138,166.1483,67.8488,102.6364,268.1924,392.0089,178.35,57.5091,319.5772,509.8612,51.72,205.2754,177.8648,249.3413,540.113,53.97,924.4628,163.1293,334.4609,55.74,32.1365,161.4328,438.95,121.839,390.44,1153.5205,236.7047,62.7686,100.0776,227.881,200.88,82.3406,168.6645,90.7927,321.0924,75.3738,45.9342,80.9459,163.183,264.2482,228.626,71.51,183.1913,281.6033,86.7517,32.7156,26.3674,215.9025,260.4458,79.8449,91.3,206.8566,88.3184,135.9937,112.8768,130.5287,453.6444,176.2386
2024-05-07,91.7048,182.4797,276.5335,14.25,138.3382,166.9645,195.8615,266.305,100.1679,224.0146,244.2774,136.42,81.545,63.087,663.9198,236.8828,167.661,68.2836,103.757,263.0198,395.6476,176.71,57.5539,319.7244,514.5292,51.0067,205.2169,177.9626,248.5558,539.5148,52.69,930.2158,164.6572,337.2962,55.93,31.9776,162.9875,442.6492,121.3414,393.03,1161.2926,238.6053,62.7417,101.4576,233.2002,162.62,82.4082,170.406,91.573,321.2789,76.1203,46.0317,81.2064,165.2048,265.6248,231.6557,70.43,185.0064,283.5266,87.3407,32.9876,25.9635,215.5138,262.5989,79.4964,92.46,207.974,89.6859,136.8046,112.1545,130.9025,458.3757,177.9106
2024-05-08,92.4823,179.4284,278.6057,14.42,135.2812,167.0437,185.2591,264.4091,100.8569,223.8411,241.8742,137.16,81.879,63.1361,667.435,237.132,167.226,68.2739,108.829,264.5184,395.5013,180.35,57.1729,321.402,515.3105,51.0848,204.7294,179.8418,247.1572,544.1531,53.02,933.1956,164.3046,336.8074,55.16,32.1558,163.9481,442.156,121.1073,391.72,1165.3692,237.0214,62.8672,101.8859,230.7967,163.46,82.7564,169.855,92.1875,324.1931,77.4986,45.4856,79.8947,165.2048,264.5899,235.02,66.4,183.7996,282.9177,86.572,33.2402,26.1366,215.8248,261.6978,81.0797,90.32,207.8777,90.5843,137.9477,114.0383,131.5077,456.3051,178.9952
2024-05-09,93.4229,180.8701,283.9261,14.48,136.5313,165.6983,187.7881,269.5879,102.6035,218.2388,242.2797,139.16,82.3603,64.0491,678.6305,239.3653,167.9774,69.5975,111.6692,261.5309,398.9937,181.25,57.8826,326.6214,517.5654,51.5441,205.2169,181.0163,251.0369,551.4409,52.63,940.3648,166.9462,343.9248,55.26,32.5602,165.7008,444.2711,122.6098,392.62,1168.79,240.9091,62.8941,103.6657,235.6432,169.26,83.5396,171.2595,93.7577,326.9993,77.7762,45.9944,82.0158,164.5633,271.2681,235.6985,67.93,184.5845,286.0393,88.339,33.5121,26.2328,216.4759,265.672,81.7374,91.34,211.4224,90.8338,139.3252,114.2336,131.7658,458.0661,181.327
2024-05-10,94.9587,182.7266,287.8104,14.4,135.9941,161.6226,190.3463,270.8951,103.1663,222.0572,245.573,137.52,81.8397,64.3044,687.4136,239.9404,168.8672,69.8583,111.6306,265.7464,397.9109,178.51,57.4344,325.6992,517.7335,51.3975,206.182,181.6035,254.5525,551.8736,52.72,944.8195,167.5157,346.8676,54.74,32.6854,166.701,444.7359,122.922,393.49,1161.3724,241.9266,63.441,103.9132,237.9777,166.96,83.53,172.2483,94.7038,324.3599,79.1736,45.6226,83.5787,164.2036,272.2933,236.4536,66.99,185.6736,286.4935,88.3989,33.3956,26.3097,219.7997,266.4403,80.5815,89.88,211.5284,91.0934,139.7062,115.5025,132.6116,459.3916,183.3966
2024-05-13,95.6306,179.7444,280.9093,14.93,135.0956,157.7844,192.3987,264.8581,102.6617,222.7225,243.6247,140.07,81.1619,63.1557,685.976,239.9021,168.1751,68.3898,110.9254,261.2103,398.0084,178.44,57.397,320.4602,516.0127,51.8772,205.5289,180.341,255.6637,541.9402,54.4,935.5357,166.3177,348.7154,54.59,32.435,163.2945,446.3294,122.6488,390.82,1134.848,243.7504,63.8265,101.6956,241.0708,167.37,83.2205,169.7492,94.2064,322.3386,80.8485,45.4073,83.9136,164.6216,267.2846,234.8097,66.02,184.6827,283.6812,87.73,33.5316,26.9059,219.0806,265.5108,79.9338,88.58,212.4724,90.6741,138.0161,114.7997,135.5181,461.1816,184.192
2024-05-14,96.0625,179.6654,284.5044,15.19,134.6561,158.279,194.4122,262.7926,102.5647,221.7197,244.2082,143.08,81.712,63.7742,683.8097,239.0299,166.6229,68.6893,110.4713,263.0753,402.6812,180.76,57.8751,323.8155,515.093,51.9458,204.593,179.8027,248.1439,540.3371,55.09,936.807,165.1295,350.1819,54.4,32.3724,163.542,443.1234,124.2391,396.0,1130.6031,241.4274,63.7638,103.194,243.6713,169.71,83.5493,169.488,94.6745,324.2421,80.2743,45.9063,85.4021,165.1562,265.5565,234.1024,65.32,183.8094,284.1934,87.9496,32.9585,27.0501,218.3419,264.7425,80.5915,87.78,213.0021,91.3729,138.7976,114.7119,133.1245,458.6853,183.6587
2024-05-15,97.176,181.6206,281.5744,14.94,134.4998,161.7117,196.6007,270.2066,102.2251,223.0889,245.1082,145.1,83.5684,64.5989,701.435,238.7519,167.7105,69.752,110.9254,267.3394,403.8909,176.99,58.1142,326.0033,525.5861,52.1416,203.7545,181.2316,248.4121,544.1433,54.96,944.2971,164.5698,352.0003,55.31,32.2521,167.3447,440.1831,124.8245,403.52,1142.5049,241.5426,63.7996,103.1559,247.5425,171.94,83.9071,170.6463,94.8696,331.611,79.7766,46.1509,85.0206,165.7783,268.0657,235.6316,66.62,183.4464,284.7056,88.0295,32.871,26.7039,217.8949,265.4064,82.4548,88.48,213.9268,92.6408,140.478,114.9949,133.1245,454.4087,185.3307
2024-05-16,100.6507,179.8925,277.4395,14.79,134.5389,159.3869,198.4586,263.2516,101.7565,224.2364,248.708,143.0,82.1049,63.8135,670.6844,239.4037,166.0099,67.9551,109.4986,263.3375,384.7802,182.96,57.7705,318.5765,532.865,51.4073,206.8742,180.2235,247.8949,530.5906,54.78,934.1066,166.4355,342.8885,54.58,32.1702,165.0373,440.8945,122.3366,402.26,1139.9526,245.891,64.0865,101.1038,246.2029,165.39,82.5436,170.3949,94.5562,323.9772,79.5851,46.0531,83.5322,165.2242,264.1603,235.02,66.05,184.1626,285.8267,87.3307,32.9585,26.9059,216.6568,262.5515,82.2356,88.13,213.9268,91.253,139.3936,114.829,134.6723,455.415,187.7346
2024-05-17,101.0346,180.7812,275.2323,14.73,133.2594,158.1702,197.9333,263.8303,101.6979,223.195,248.8465,144.77,82.4585,64.0393,675.263,240.1992,164.9125,67.7812,109.5569,262.0263,387.3068,184.95,57.6435,322.4224,535.921,51.5933,205.1584,180.1746,246.4292,536.1179,54.97,931.9877,161.83,348.3145,54.5,31.9824,166.6812,442.1939,121.4,406.43,1144.942,245.3535,63.5396,101.1706,245.0307,167.05,82.8531,170.5823,94.7815,324.0361,80.504,45.1334,83.8392,166.1574,265.2245,234.1311,65.67,184.614,288.987,89.0178,32.5602,26.7905,216.7445,266.3997,82.6341,87.5,215.3525,92.501,140.0188,115.0828,134.2943,454.9602,187.144
2024-05-20,100.9866,176.7325,274.5384,14.52,133.6989,157.5667,194.918,267.0833,102.5179,222.0958,249.6278,151.22,83.1067,64.7756,690.3675,240.1896,166.6921,67.1726,110.3527,263.4444,381.9024,186.61,57.6286,324.6494,540.3516,51.8772,203.2378,181.1435,243.9961,538.9602,54.62,939.6158,161.1427,354.6498,54.92,32.098,168.9885,443.0286,120.239,407.55,1163.3841,245.3439,63.1182,100.617,247.9267,169.23,82.9788,171.8934,95.0654,326.9895,80.906,45.7791,83.3182,165.4284,262.7205,232.8504,64.65,182.4751,290.1564,88.8681,32.4534,27.1174,214.2683,266.7435,83.7601,87.52,215.4006,93.9886,142.4124,115.5806,132.8096,453.7218,185.9174
2024-05-21,98.9997,173.2664,275.6179,14.03,135.5546,159.2682,194.5094,271.4639,102.9181,216.6767,248.7278,154.23,82.7728,65.0112,683.9279,238.4548,167.2161,67.53,110.3527,262.609,377.2783,184.78,57.5987,329.2311,535.4364,51.1332,203.1014,182.1027,241.7162,537.8489,53.03,942.9371,156.4881,351.052,54.93,31.9294,168.3943,444.1953,120.5414,407.9,1184.7241,243.5872,61.6389,100.7888,234.4907,167.94,82.9111,172.5071,96.1132,330.4041,79.0587,45.4954,82.0251,165.9533,237.9861,224.564,63.97,182.9656,287.0927,88.6684,32.1231,26.8963,211.6654,263.6496,84.4875,86.85,216.9707,95.0469,142.5883,114.9071,130.8569,456.5857,184.9089
2024-05-22,97.4159,170.3335,276.6299,14.1,134.6561,159.0803,198.3905,270.5159,103.7772,222.3754,250.8442,151.79,82.596,64.1571,672.122,238.4164,172.1595,66.902,111.3039,263.0461,376.5662,186.28,57.5763,327.2198,541.4197,50.4968,204.6514,183.561,241.4671,537.0621,52.42,949.9739,155.133,347.9919,53.95,32.098,167.9487,445.5232,120.0731,409.22,1175.2859,244.288,60.4375,103.3945,238.49,165.97,82.2632,172.9606,96.6518,329.8645,80.7241,45.1138,81.0948,157.5258,237.9666,224.3251,65.48,183.2502,288.0109,88.928,33.0362,26.8097,212.5135,263.7164,83.1623,87.19,217.0381,96.1252,141.8555,114.3995,129.3721,459.2852,184.2638
2024-05-23,96.1788,169.425,275.2435,13.82,135.5761,163.4824,196.1825,275.9542,102.8986,218.2098,246.5026,144.14,81.0637,63.1754,656.5349,231.429,170.7655,66.6898,109.1783,254.5276,369.9618,172.21,56.4632,326.6214,538.6209,50.1248,204.2322,180.3605,238.804,517.8837,51.76,940.897,155.0348,342.8689,53.52,31.6839,167.8299,443.0286,118.5999,400.98,1179.3005,242.7425,60.4014,103.9099,233.9909,166.36,81.2962,171.5508,95.1144,332.0624,80.9682,44.3996,80.0063,158.1771,232.8572,222.4136,63.6,182.8185,286.5709,87.6002,32.5408,25.6269,210.1251,258.0921,82.126,85.69,214.9094,94.9471,140.4096,113.9017,125.1698,452.0479,181.1655
2024-05-24,96.3334,170.8964,276.2227,13.84,137.514,165.5301,195.0639,282.8193,103.7381,218.7498,248.8069,148.66,81.2798,64.4516,663.2109,230.1063,171.6949,67.0391,110.081,256.6062,365.7865,174.52,56.6948,331.5268,538.6605,50.7514,203.5693,180.2627,237.1755,521.0899,51.73,952.4279,154.7794,341.1091,54.02,31.7898,168.2463,443.2847,119.6145,402.49,1196.6614,245.9294,60.1393,104.4444,236.8127,171.1,81.9828,168.2828,95.5453,334.486,83.0021,45.1921,80.1272,159.2269,232.8964,221.7828,64.26,183.2894,289.5668,88.4787,32.8128,25.8097,209.7449,258.6745,84.4178,85.93,215.0442,95.3465,140.9274,115.1413,124.7739,453.2919,181.438
2024-05-28,95.3766,171.1433,269.7755,13.44,134.5876,166.7469,190.8716,279.0375,103.006,214.8446,246.1268,151.26,77.5473,63.4895,654.546,227.5567,166.4054,65.4674,108.7513,251.1862,360.2357,175.08,55.7012,322.0986,527.1487,49.2241,201.2783,179.5776,237.6066,517.8542,50.64,925.5423,155.5356,338.7334,52.73,31.1831,167.2747,434.8714,117.4876,394.95,1167.9747,242.6177,59.2085,103.0318,233.3496,162.69,79.8167,165.207,93.2734,331.0223,82.3417,45.1627,79.0016,157.8563,228.6288,218.8773,63.52,180.0516,287.3633,87.3207,32.5214,25.5019,205.9331,257.2708,84.9758,83.26,210.8252,93.3097,137.127,116.2443,123.802,442.6697,180.9747
2024-05-29,94.2941,169.1584,265.975,11.62,131.2696,161.8403,188.8192,277.3711,102.0786,211.1805,244.1983,149.49,77.0365,61.9187,634.9908,225.2563,164.8235,65.3218,107.6546,247.9614,356.0507,171.65,54.5731,315.9767,525.0916,48.8521,199.036,177.6788,234.7999,514.5595,51.83,897.405,151.863,330.56,52.14,31.0338,166.0552,429.408,116.4827,385.94,1162.9676,238.3461,58.332,100.4452,227.7751,155.97,78.4338,163.5287,92.823,326.6363,80.3891,44.3702,77.1596,157.137,225.1247,215.8858,64.93,178.1678,283.6329,85.8932,32.2882,24.5307,202.1018,253.4226,83.7701,80.13,207.3286,90.9435,134.7725,115.0047,120.9495,433.8164,179.0575
2024-05-30,94.9126,170.8766,270.6092,11.44,134.4505,162.4338,190.356,279.1573,103.2012,212.7908,246.6213,149.61,77.9206,62.1838,649.1107,227.9305,165.7924,66.3405,107.6352,249.8069,359.3382,172.75,54.9691,318.8512,520.7796,49.0577,201.0736,177.7669,239.0818,515.8085,51.34,894.3499,154.1215,331.6746,52.53,31.2312,167.5919,437.2048,117.5169,393.7,1171.4397,241.149,57.8801,100.932,226.522,160.16,79.3525,164.9359,94.3898,327.9217,81.2505,44.8692,79.4016,158.216,226.3971,219.0971,64.12,178.6388,286.1456,86.1028,32.3465,25.1077,200.0449,256.1345,83.9295,79.05,211.1142,91.8521,136.5455,117.3473,123.1541,433.9427,182.5465
2024-05-31,96.7877,173.059,273.1397,11.5,136.3787,163.3637,195.2876,275.3455,105.2414,216.7635,249.9937,147.21,79.9341,62.0365,659.1344,232.675,167.661,67.8346,108.8581,250.1469,365.5914,177.61,55.6721,321.2647,526.8915,49.9486,205.4411,180.4183,243.2776,522.7521,52.99,908.1376,157.853,330.9609,53.06,31.7705,167.7803,446.1207,118.8535,396.95,1190.387,244.2174,58.0428,102.6023,228.298,160.79,80.8804,167.09,97.1414,326.597,82.6671,44.7029,81.0948,159.2657,229.7446,223.7878,64.56,181.7,289.7118,87.4605,32.9022,25.8097,203.3984,260.5557,84.348,78.17,216.5661,92.9004,138.1323,118.0111,125.0168,438.073,183.7095
