Date,03CF95,061366,070B45,07EC43,09DE1F,09E31A,0B57D7,12DE76,17EDA5,190B91,1D9E55,2158DF,228D42,26CC63,30A565,351EC3,39BFF6,3DC887,41B0E2,442769,49BBBC,4AC91D,504FE2,507AE7,55C9B5,60F8A4,63F892,64E346,66ECFD,69345C,6ABCB8,6F6559,790C34,7B0BA6,7C62A3,7E1D5D,7F9984,808319,87B81A,89F693,8D4486,91B8B1,934CC3,93D207,93F143,A247F5,A4BCDE,A52B6B,A5B913,BB07E4,BB127B,BB5271,BB88B6,C44D01,C9881C,CC6FF5,CDFCC9,CE96E7,CFF15D,D29B44,D2AC74,D437C3,D4AC65,D60BB2,D6489C,D8442A,DBB28E,E09E2B,E49AA3,E4CE73,E68C3D,EB5E78,EC99D0,EPAM,F11638,F40EE2,F57F6F,VERALTO
2023-03-16,73.9546,206.56,294.93,56.0752,60.9692,119.99,50.049,46.2363,29.4263,109.49,97.8924,314.08,269.8031,77.8181,9.723,170.6705,161.7781,40.67,140.92,331.42,55.7329,25.5157,89.5789,379.2855,341.9728,117.8376,61.88,200.59,202.135,96.6,486.7119,98.8313,80.5,48.6752,97.15,374.0,273.6697,55.9583,187.6071,15.2217,113.1457,240.9301,58.0643,212.5677,104.6817,679.97,120.0663,94.885,191.7857,37.7578,185.0364,72.53,442.39,201.1,353.29,207.82,76.2713,26.5967,112.5489,191.96,216.98,119.47,49.45,142.3242,81.8061,153.6393,13.3445,25.519,260.6084,155.39,177.9934,104.5646,29.7662,279.93,409.9739,30.9374,305.95,
2023-03-17,72.6018,199.62,288.71,55.4895,60.4395,118.15,49.3855,46.3009,29.0654,108.17,95.5935,311.09,272.9583,78.404,9.55,168.5786,160.4812,40.815,140.73,326.61,55.8215,25.2724,87.5844,377.1941,343.604,116.2528,61.22,199.11,199.7184,97.84,477.2703,97.7945,78.28,48.1992,96.65,372.53,270.6209,55.8212,182.2478,15.3629,112.2293,238.1485,57.5865,212.509,103.8223,654.94,119.8415,94.56,190.9659,37.306,182.616,73.61,441.0,183.64,358.14,206.88,74.8433,26.401,112.7544,187.2,213.12,118.71,48.75,140.7387,82.2305,152.8014,13.1486,25.7029,256.3972,155.16,177.2495,103.0648,29.5306,279.79,405.6011,30.464,302.49,
2023-03-20,72.8207,204.68,290.84,56.3632,61.6599,118.4,49.8644,46.9928,28.4316,110.81,96.8351,313.6,265.9251,80.5289,9.852,171.6784,163.6322,41.05,142.62,327.1,56.787,25.4075,88.6688,379.3245,343.2699,117.5169,61.54,200.42,202.2006,96.81,483.164,99.768,79.98,48.1151,99.21,375.59,264.2008,56.7447,185.5332,15.6642,114.2708,240.5776,58.9918,213.2519,105.2053,682.55,121.2491,94.715,195.7363,37.837,183.0112,75.14,435.15,192.51,362.88,207.07,76.3084,26.4913,113.7724,199.08,213.72,119.12,48.98,146.0719,83.8701,155.1674,13.4657,25.8777,260.1523,155.56,178.4035,104.0225,30.1526,275.04,403.7873,30.8445,308.15,
2023-03-21,76.312,209.25,294.43,56.8241,61.4322,123.69,49.2884,46.7437,27.749,113.04,99.3765,314.42,267.4392,81.9588,10.825,171.5928,162.9472,42.02,144.83,329.57,57.7624,25.7861,89.6951,374.5773,348.429,118.3188,62.46,207.15,204.2894,95.93,487.1713,100.3046,81.35,49.5525,100.92,374.36,271.0215,57.429,188.4891,16.0595,114.8425,245.4073,60.1347,216.9666,105.067,696.88,117.691,97.245,198.1265,38.178,186.3997,75.7,445.46,207.63,374.22,207.88,76.3084,26.6945,115.6216,210.63,219.68,120.39,49.9,146.2256,84.4681,157.0207,13.7548,26.1765,263.597,157.25,179.6815,105.4997,30.294,279.66,413.7781,31.253,314.06,
2023-03-22,73.9447,205.01,288.11,55.1534,60.8697,121.17,49.1854,45.6274,27.4273,111.35,95.9524,309.13,265.9837,81.7503,11.254,167.9415,161.0383,41.515,140.67,320.71,57.3092,25.1011,88.4074,371.4644,344.9503,116.7999,61.21,198.38,199.7559,97.58,478.7364,97.3761,78.82,47.8538,99.47,371.35,260.7611,55.9679,184.7966,15.4759,112.556,241.2635,57.6615,215.0995,103.1012,678.7,116.1856,95.445,194.7289,37.8175,184.2559,74.15,433.51,202.15,361.71,204.0,74.7134,26.115,113.9124,202.16,213.51,118.57,48.53,141.7957,84.7767,155.5913,13.4564,26.4452,259.5993,154.83,177.9743,103.2906,29.606,275.13,406.111,30.4176,312.1,
2023-03-23,72.1741,210.19,288.75,55.8447,61.6715,120.3,50.8651,45.8765,28.3048,111.1,95.4868,314.65,271.2293,82.5546,11.4,173.0952,164.6551,42.3475,140.3,322.55,60.4323,24.9839,87.4101,378.2252,348.2324,118.064,63.25,201.14,200.0931,100.28,498.9586,98.1128,80.97,46.6404,102.48,379.4,266.1063,56.9666,185.2037,15.3912,111.939,258.7817,57.6428,217.5923,106.3018,680.85,120.0174,96.945,198.1462,38.1829,185.1747,75.05,440.47,204.66,369.0,207.0,76.3177,26.544,115.9484,199.76,215.72,119.98,48.69,140.9501,84.661,156.6757,13.3072,27.1676,260.2009,156.44,180.6829,105.1338,30.2752,284.45,424.0335,30.3155,308.54,
2023-03-24,73.4871,211.1,288.73,56.3152,61.3762,116.92,48.7735,46.5961,28.6266,112.52,95.4771,315.7,274.0719,82.7829,11.083,167.8749,163.9518,42.235,141.12,329.48,60.255,24.9839,88.4752,364.8593,345.5399,117.6207,62.99,200.22,200.5708,97.95,474.4261,98.9859,77.81,46.3884,100.92,376.56,265.3636,57.0036,185.7948,15.4383,113.6811,259.1056,57.2025,216.0771,105.0472,690.94,116.8406,95.775,199.3907,38.2949,187.763,76.05,432.9,195.99,374.96,204.48,73.6563,26.5365,116.5181,200.82,216.58,121.7,49.44,141.4882,84.8828,157.9769,13.2699,26.756,263.6164,156.7,179.0043,103.8508,30.803,278.5,421.1706,30.4918,312.11,
2023-03-27,72.9102,210.14,288.86,56.6609,60.4761,117.91,48.1624,46.6238,28.4512,111.77,96.1755,316.94,269.979,82.3957,11.09,165.6404,161.705,41.99,139.35,332.25,58.9052,25.1372,88.4752,363.8378,348.4781,118.0923,63.98,198.75,200.7862,96.61,471.9142,99.2041,75.67,46.8644,98.52,373.92,266.2626,57.3458,185.7561,15.8054,117.3286,260.9727,57.7645,216.8298,104.0693,688.63,116.1954,96.265,201.4154,38.139,188.9485,76.37,431.31,195.83,373.15,205.27,71.913,26.4989,115.4348,203.58,218.59,123.17,49.72,143.5926,86.9371,156.0349,13.9972,26.5082,266.0616,155.75,176.2194,102.1974,30.9161,285.0,418.592,30.9559,312.46,
2023-03-28,72.3134,210.01,290.15,56.6033,60.2696,116.61,47.1239,46.4854,28.5584,111.28,96.5926,317.71,268.8556,82.6539,10.278,164.6991,162.1069,40.75,139.85,330.99,58.4028,24.9028,88.2041,360.9098,348.1931,117.3942,64.27,197.27,200.5895,94.56,464.3003,99.1132,76.53,47.2751,97.61,369.87,266.8001,55.8846,180.0866,15.7207,117.3558,261.9634,56.9401,215.383,102.9431,679.52,113.781,95.38,201.6031,38.0416,189.976,76.58,429.08,193.52,373.4,203.28,72.2004,26.0473,113.3241,202.24,215.6,123.24,49.9,143.8713,86.6574,155.4138,13.9413,26.3873,264.7808,155.31,175.1036,102.369,31.0669,283.0,411.1308,31.1416,314.73,
2023-03-29,73.7855,215.35,296.12,57.141,60.3468,118.8,50.1034,47.2049,30.7326,111.84,100.2301,320.07,274.0133,84.0241,10.565,170.2046,165.3492,40.625,141.95,341.05,62.5997,25.5157,88.5333,374.6649,353.3031,120.1489,64.81,199.16,205.9754,96.09,479.8115,105.5249,79.87,48.0405,100.19,375.04,279.3471,58.9919,182.49,15.6642,117.6915,266.6692,58.1299,218.2863,106.0845,698.13,117.1534,96.095,202.8377,38.8795,194.2635,76.73,438.44,203.95,379.16,206.0,74.9916,27.545,116.8263,207.43,216.83,124.71,51.44,142.7182,87.4001,158.4896,14.4728,26.9608,268.5941,156.65,180.4158,105.2422,31.4534,285.76,424.8179,31.8934,318.36,
2023-03-30,73.9944,213.32,309.11,57.4291,61.1428,122.28,51.6199,47.4448,31.2883,113.0,100.0943,326.04,277.4713,86.1292,10.334,172.6958,168.2719,40.6225,143.26,344.1,62.1564,26.0475,88.6785,385.2487,353.0377,121.8281,65.81,201.61,205.5914,97.88,487.5291,103.2604,81.83,48.6938,100.88,375.94,289.5294,60.0924,184.2054,15.796,117.2469,269.2603,58.6171,217.3674,106.2919,696.4,119.3625,96.785,203.5587,39.3972,194.224,76.55,439.63,205.27,381.9,207.01,76.7628,28.0567,118.9837,205.56,217.7,125.68,51.31,142.1993,87.294,160.057,14.6593,27.3594,273.2905,158.07,185.2226,106.0012,32.0849,293.69,431.4849,32.3204,319.7,
2023-03-31,75.5362,217.5,318.0,58.5045,61.8943,124.4,51.4994,48.2243,31.854,113.03,102.0828,332.8,281.6229,87.5392,10.655,177.3123,169.8885,41.965,145.69,354.64,59.4471,26.453,89.1336,388.3032,357.1159,123.7243,66.46,208.16,208.5326,98.01,490.2224,104.2153,82.32,50.7099,101.57,386.25,297.0732,61.1467,188.8767,16.1537,118.9437,272.2609,59.8162,220.3978,106.203,702.69,120.0663,99.87,208.7242,39.915,197.3656,78.3,464.72,210.28,385.37,210.09,77.6901,28.3502,119.1518,210.85,224.85,128.23,52.42,144.8323,89.6183,162.561,14.8552,27.7531,277.6375,161.48,188.0933,106.5975,32.4431,299.0,437.1127,32.7474,325.77,
2023-04-03,74.8896,208.49,311.65,58.927,61.984,121.46,50.663,48.2566,32.0684,112.83,102.0925,329.4,280.5777,86.8441,11.272,173.0381,168.1988,41.935,144.67,354.01,58.7279,26.9397,90.2373,388.1281,360.1229,123.479,66.31,207.58,203.0811,96.56,482.8084,101.2504,81.14,50.4859,100.87,388.94,291.8062,60.8045,187.7137,16.1537,119.8238,272.2895,60.1347,223.8583,105.5016,689.84,119.5678,98.165,210.7094,39.6708,194.1153,77.88,464.49,202.6,380.08,211.39,76.6979,27.9965,116.4995,211.57,227.39,128.07,51.75,144.7073,90.5828,163.813,15.2282,27.9409,276.9583,161.07,187.1968,106.0645,32.4525,297.22,432.0536,32.4411,324.71,
2023-04-04,74.8598,208.14,308.71,58.2548,61.2064,118.46,48.9901,48.1637,32.2731,111.59,100.2107,328.76,280.5288,84.5008,10.946,167.4661,164.7647,41.685,146.04,359.22,56.4225,26.6333,88.6785,382.1552,357.5974,119.1206,65.97,203.32,200.4865,95.87,473.0537,99.9499,78.49,49.4219,97.25,384.93,286.0994,60.4253,183.4301,16.0595,119.4064,272.2895,59.1979,222.5484,101.8367,689.29,117.4173,98.28,211.2131,38.8941,194.8167,77.57,476.05,202.54,385.15,211.51,75.7057,27.0483,114.2206,206.78,223.0,127.6,50.34,142.9969,90.66,163.2806,15.023,27.4294,277.4143,157.3,186.0905,103.0467,32.1792,291.06,431.2104,31.9584,314.08,
2023-04-05,73.2185,201.61,300.15,58.2452,60.6855,115.34,47.94,48.1637,32.0099,112.34,100.8121,323.3,277.7546,82.6141,10.803,164.5184,161.842,40.715,147.2,347.72,56.1762,26.5071,88.601,371.2212,358.0501,117.4414,65.15,197.55,199.6716,92.56,463.5635,98.9768,76.54,50.1406,95.0,378.36,279.0833,59.9814,182.1702,16.2008,119.8964,267.9933,59.3112,223.047,99.9993,676.62,114.6803,97.09,209.8205,38.1224,192.9496,77.41,467.33,193.67,382.02,207.56,73.7398,26.386,114.9118,207.47,217.29,126.14,49.16,141.4209,91.5183,161.4371,14.8365,26.8579,277.6472,155.96,181.5603,101.6282,32.3394,282.53,430.5633,31.8006,313.16,
2023-04-06,74.5614,204.51,300.26,58.0148,60.0709,109.69,47.9701,47.6525,31.9904,113.01,101.947,322.08,284.8465,81.502,10.069,161.7419,162.6823,39.9625,146.71,352.8,57.81,26.399,88.5042,364.4604,355.7667,116.9414,65.52,197.34,202.4254,92.47,463.8475,99.1678,75.34,51.7366,94.73,375.92,282.8454,59.556,179.7764,16.2572,118.4083,268.3458,59.4906,220.9159,99.1696,672.42,111.8749,95.965,210.4328,37.9222,190.2229,78.92,473.13,191.0,380.6,208.52,72.9794,26.4537,114.8744,207.68,219.71,125.29,48.96,142.8047,92.5117,162.3244,14.7899,27.0137,275.0467,155.75,178.5084,100.6072,31.755,286.28,438.8039,31.6521,313.75,
2023-04-10,74.1237,212.03,301.96,58.6773,60.5292,112.6,49.2981,47.7082,31.7076,113.71,101.656,321.84,282.6876,82.4652,10.655,163.9384,163.8696,40.7825,146.6,351.95,62.4597,26.8046,89.6564,372.2524,354.4577,118.1961,66.91,198.14,200.6551,95.48,478.6852,99.4042,77.7,51.0459,95.2,379.99,287.6629,61.3594,183.2072,16.2949,118.8892,268.3267,61.4264,221.346,101.4811,679.57,113.8787,96.31,209.9588,38.3031,189.1758,78.23,472.64,195.8,376.25,213.61,74.6949,28.6287,116.0792,210.42,222.63,126.34,49.68,142.9104,90.8072,159.7317,14.9764,27.5553,275.202,157.41,182.1135,101.0047,31.9718,290.93,436.8002,32.3761,314.68,
2023-04-11,73.1887,210.03,304.03,59.2342,59.9677,114.25,49.3029,47.0483,31.5419,114.83,102.6842,321.41,276.2796,82.5347,10.468,163.4344,164.2806,39.9025,145.75,357.48,62.7559,26.9848,89.3466,367.6219,358.3848,118.6112,67.0,197.78,201.5824,94.03,474.6502,99.477,77.22,52.2686,95.1,379.4,289.158,61.8495,182.6839,16.7279,118.3357,272.7563,62.8901,223.3207,101.0366,678.96,113.7614,96.405,211.0551,38.1957,186.6072,80.72,469.82,196.88,371.11,213.89,74.6949,28.8771,115.4067,215.88,224.01,126.01,49.67,147.398,91.0106,158.5191,14.9671,27.1456,275.0856,156.17,180.6447,99.785,31.7079,294.32,429.7088,32.4689,316.21,
2023-04-12,73.1091,207.89,301.41,57.8804,59.4978,112.42,48.2887,46.5743,31.2202,114.49,102.0537,316.49,276.9243,82.8524,10.811,161.856,162.1617,40.3525,144.25,359.01,61.1665,26.7325,89.7338,360.0635,356.0718,118.281,67.19,193.16,201.9571,92.33,456.2866,98.5948,76.46,51.6246,93.52,376.52,287.4968,61.3871,182.2865,16.5773,116.6299,271.3696,62.7012,222.6951,100.2463,684.43,110.6139,97.64,209.9785,38.1517,188.0199,81.18,471.43,196.03,369.89,212.18,73.4708,28.5986,112.3247,213.99,222.22,126.39,49.11,145.6875,90.9428,157.8291,14.9018,26.4722,277.2397,157.69,178.6228,97.481,31.821,289.99,427.3417,32.2461,320.25,
2023-04-13,75.1184,211.26,306.17,58.1972,60.2253,113.95,48.4131,47.2156,31.3275,115.72,103.7512,319.85,283.1272,83.5177,10.824,163.4724,163.5865,41.1975,147.41,363.46,62.1932,26.9488,89.8307,364.1978,363.8177,118.8659,68.39,196.31,203.4932,92.09,467.0109,99.3588,77.59,52.922,93.62,381.56,296.0178,60.4346,183.372,16.6714,116.0492,272.8137,63.0884,227.4655,100.7007,698.78,110.9169,98.935,214.1959,38.4155,191.6752,83.17,483.5,209.69,378.8,217.01,74.3054,27.7557,113.1279,219.53,223.31,128.46,49.78,152.1258,92.5408,163.2116,14.9484,26.4402,280.8104,159.76,180.3491,98.2309,32.132,300.01,433.942,32.4225,320.96,
2023-04-14,76.123,208.4,303.08,57.6499,59.7718,114.65,48.655,46.974,31.0935,115.59,104.3332,317.47,279.5129,83.1702,10.915,163.8813,163.4678,40.9,145.45,364.37,61.8279,26.8767,88.9883,364.8301,366.5538,118.7904,68.07,194.66,202.0414,91.75,467.4321,98.1492,77.92,53.5847,93.58,381.68,296.2328,59.1491,181.1914,16.5396,116.267,267.0565,62.654,228.7656,99.5252,698.06,110.3597,99.72,213.7909,38.1664,192.2976,82.55,463.03,208.9,379.38,214.55,73.749,26.687,112.222,221.2,223.91,127.73,48.93,147.9457,92.6958,162.8666,14.8365,26.735,282.8093,159.56,179.7864,99.4597,32.0378,296.0,433.7554,32.2833,314.88,
2023-04-17,76.9188,218.89,300.46,58.3316,60.5263,116.17,47.8603,46.7323,31.3372,117.11,106.4575,320.18,282.1113,82.9319,11.043,165.9352,164.445,40.855,145.28,362.6,61.739,27.8771,90.1308,361.9798,366.8786,119.564,67.71,197.09,204.3456,89.87,472.4171,99.6498,78.41,54.1727,93.62,380.19,300.2393,59.4173,183.0909,16.9068,115.9766,267.7546,63.9099,228.2377,96.9173,696.47,109.2747,100.58,214.4527,38.4057,194.6982,82.93,470.55,224.92,377.92,213.16,74.6856,27.1085,111.4935,222.09,225.57,129.09,48.69,150.8573,92.5795,162.8863,14.7806,26.9788,282.2853,153.03,180.7973,99.9295,31.6419,294.65,432.2527,32.2461,319.57,
2023-04-18,76.0136,219.48,300.63,58.6869,61.0048,119.19,48.1236,46.7602,31.0349,117.11,105.8173,321.38,281.6913,83.5674,11.588,167.1428,164.6916,40.6725,142.89,375.0,61.1369,28.1385,90.1018,361.1043,366.4455,120.5168,67.82,197.45,203.5588,89.78,465.8161,99.4042,79.21,52.8847,93.53,380.43,298.2947,59.4358,184.4186,16.822,115.9404,267.7355,64.1743,228.3551,98.4386,697.37,108.7664,100.0,215.2823,38.3031,196.101,82.82,475.99,227.87,377.55,213.77,74.8989,26.8827,110.5409,222.11,227.53,128.15,48.27,148.5415,93.4318,164.1087,14.7153,27.6432,281.8778,150.27,180.8069,100.1464,31.2366,295.15,434.7082,32.0234,317.75,
2023-04-19,74.9194,218.19,292.76,57.8515,61.2151,120.1,47.701,44.6504,30.3719,117.08,106.6903,324.38,281.7694,81.1346,10.982,164.2997,161.7324,39.5225,137.05,377.97,59.8733,27.2282,89.5015,351.4252,366.918,120.9885,67.32,196.56,203.2965,89.94,453.9459,99.8317,76.92,52.278,92.6,378.77,298.0015,58.1319,160.0253,16.822,114.6156,267.6781,62.4651,227.3482,97.3618,695.31,107.8573,97.66,212.9613,37.7805,196.516,82.2,475.59,224.27,380.11,213.67,73.6099,26.0548,110.709,219.74,226.34,126.16,47.6,147.9745,92.7926,165.2522,13.9506,27.907,280.2962,148.63,179.8245,98.7188,29.9359,288.84,437.5565,31.5593,307.24,
2023-04-20,73.1887,215.53,290.52,57.5827,61.0723,118.4,51.1497,43.2934,30.0891,116.81,105.827,323.45,279.4836,80.8169,10.801,161.2855,161.3123,38.8475,134.16,375.06,60.6729,26.7054,89.6177,365.4818,369.0833,120.3848,66.9,194.64,201.9664,90.11,456.8057,99.1951,74.26,52.53,92.96,377.56,292.9788,52.7866,159.5988,16.5961,114.6519,263.5181,59.8306,229.3326,98.2015,703.44,111.8162,96.135,212.6156,37.6877,195.123,80.85,467.69,224.79,380.26,213.73,71.8666,25.0765,110.8024,216.05,224.47,125.67,47.23,149.8483,91.8435,164.2861,13.5589,27.0807,279.1803,147.8,178.3272,98.0141,29.0875,282.33,439.4325,31.5407,304.14,
2023-04-21,73.7855,216.89,287.9,57.1218,61.0607,115.5,50.2433,43.7116,29.5432,116.96,105.6233,323.57,279.1417,78.2551,10.732,161.4756,161.6776,38.9675,134.02,373.39,60.3471,26.5702,88.8334,361.8437,369.3195,121.13,66.78,194.09,201.5824,88.43,453.4562,99.6043,73.74,52.53,92.95,377.26,293.6921,52.1763,158.0967,16.6149,114.0803,264.264,59.6889,228.7949,96.7987,719.23,110.9071,96.625,214.8774,37.5314,196.6246,80.94,473.31,223.61,377.67,213.0,71.2175,25.1668,109.9806,216.83,225.02,126.59,47.46,151.0399,92.1534,162.6793,13.4843,27.0957,284.061,148.37,177.7168,96.4239,29.5117,280.73,438.4503,31.188,302.72,
2023-04-24,73.8949,209.9,288.19,57.1314,61.219,116.12,49.9703,44.0462,28.919,117.3,104.9928,322.97,275.2441,78.7217,9.859,161.5422,160.6547,39.14,133.63,372.03,58.7479,26.5612,88.4655,362.1841,368.8175,120.998,66.25,195.84,201.8259,87.57,463.1815,100.8503,74.38,52.138,92.01,375.67,291.728,52.7219,160.82,16.5114,113.7809,265.1439,59.7739,227.5339,96.4135,713.56,111.0538,95.975,212.981,37.6096,192.5643,80.65,473.0,224.6,377.34,212.98,71.6533,24.7604,109.5976,216.25,224.5,126.09,47.51,152.3179,92.4343,162.9849,13.3724,27.0187,284.6917,146.83,178.3081,95.9179,29.4551,280.79,434.443,31.2437,302.56,
2023-04-25,71.3983,210.53,284.1,56.1328,60.0111,112.505,48.5462,43.7674,28.1587,120.09,102.5484,312.7,269.0412,75.2067,9.328,156.417,154.7089,38.395,130.29,364.01,57.3954,26.3719,88.5042,348.0108,362.7153,117.149,63.17,190.21,198.2853,83.8,441.5273,98.1765,70.35,51.5966,89.69,364.53,282.1223,51.8711,160.0156,16.342,114.2255,258.8799,58.0175,224.4351,93.203,709.52,108.1213,91.285,210.2057,36.5692,188.3657,79.47,442.28,220.6,369.59,203.9,68.9641,24.1508,106.5157,209.31,220.85,124.21,45.82,149.8387,91.0977,161.447,13.1859,26.2184,280.7134,141.97,172.7574,91.8792,29.2007,273.97,412.3535,30.5289,294.89,
2023-04-26,71.6768,199.51,280.42,56.0752,59.4486,113.68,48.3208,43.2562,28.3244,118.38,101.4523,311.24,288.5291,76.6862,9.489,157.2253,150.2062,38.99,130.67,367.08,60.2385,26.1015,86.6162,347.6314,360.9733,113.3943,63.4,189.9,197.4798,85.94,444.6809,95.83,71.95,51.1859,89.79,365.1,279.181,52.1023,160.0253,16.2008,114.1892,259.3676,58.8957,223.0274,92.1954,714.36,107.828,91.895,209.5835,36.1003,189.2054,78.7,454.03,163.83,363.06,203.61,68.723,24.5948,106.6184,209.55,216.13,125.2,46.15,148.724,90.7587,161.4371,13.1393,26.9328,279.1512,141.25,172.2996,92.8821,28.3146,275.41,406.3326,29.9256,294.42,
2023-04-27,73.875,200.83,284.12,56.8529,59.6628,115.25,50.4085,43.2748,29.1141,119.6,106.3605,315.0,297.77,77.3018,9.858,153.2697,150.946,39.19,132.06,386.2,61.1072,26.7865,89.1336,374.1687,367.7742,114.5169,63.06,190.11,202.4722,87.44,439.3628,98.0764,69.98,52.558,90.33,368.39,282.308,52.5277,162.8455,16.7091,115.2054,263.4225,59.9061,223.8681,89.2714,734.68,109.1672,92.56,214.2255,36.5301,193.572,81.72,454.34,164.18,371.42,207.86,66.5809,24.655,106.3942,212.15,215.55,123.34,46.66,153.4326,92.0469,166.0212,13.2978,27.2026,284.9343,141.89,169.4003,93.885,27.8811,279.25,421.5173,30.399,302.43,
2023-04-28,75.5958,182.58,288.03,57.333,60.4433,119.67,50.9127,43.9161,30.2842,122.12,109.3287,313.92,300.1438,77.5997,10.543,155.6944,152.7087,40.04,134.36,379.03,63.5357,26.7775,90.2954,376.017,374.0339,115.4414,63.05,194.79,206.0691,89.37,452.4474,99.9135,71.96,54.8074,92.08,371.32,283.7444,54.3495,164.3573,16.6338,114.6973,268.0511,59.3867,227.5046,90.2691,727.95,110.4868,91.23,219.0651,36.8622,195.9726,81.97,459.42,164.2,377.56,209.45,67.6844,25.9194,109.084,213.92,210.71,125.79,47.1,156.9593,91.7369,167.2732,13.3538,27.7251,282.7511,144.64,171.5557,95.683,28.4183,282.44,436.0439,30.8353,302.46,
2023-05-01,74.7106,180.85,287.45,57.4579,61.548,121.42,50.8884,43.9998,29.5432,121.44,99.91,314.17,298.4831,78.7515,10.511,157.8528,152.2338,40.04,134.26,381.82,61.5515,27.0028,91.3217,373.9645,373.8666,116.2245,62.81,196.47,207.1182,89.69,462.0161,100.1045,78.33,52.9127,92.84,371.62,290.7606,54.1553,165.0648,16.6244,114.4069,267.2191,60.1422,227.2895,91.1779,745.99,110.4086,91.65,216.6947,37.336,195.3996,80.54,450.41,160.59,374.15,210.65,69.9007,25.6334,108.1874,213.89,216.0,125.62,46.91,156.7575,91.8822,167.1844,13.4657,28.8851,285.827,144.54,174.0926,95.3848,28.1638,279.01,434.6296,30.7332,307.6,
2023-05-02,71.8956,176.4,255.44,57.0162,59.0772,120.58,50.6989,43.0889,29.0264,119.26,97.6984,308.82,298.3366,77.4905,10.443,163.0826,149.7313,33.745,131.79,379.16,61.1072,27.147,78.0475,368.1472,370.097,115.6867,61.44,192.42,202.8282,89.91,458.4805,97.8581,79.17,49.5899,93.43,368.83,282.1614,52.5739,162.6807,15.9372,113.5631,264.6561,58.7635,221.8837,91.1878,739.71,109.6364,88.445,216.9021,36.8085,191.4974,78.96,443.68,152.88,368.66,208.97,70.5869,25.1894,108.4396,207.09,220.22,125.28,45.98,153.7113,91.8144,166.1493,13.2885,28.1857,284.4588,142.42,175.1608,95.2312,27.504,270.67,428.6873,30.1577,301.99,
2023-05-03,71.0501,174.33,258.5,56.5361,59.1601,118.86,49.9868,42.7171,29.8844,119.34,100.686,307.99,297.35,76.855,13.395,159.3267,149.1924,33.1825,131.12,382.31,60.1299,26.9127,78.3186,367.8749,368.9848,114.5358,60.49,193.7,202.3036,81.62,456.5021,97.9218,78.58,49.3379,93.62,368.0,286.9984,51.7139,159.8799,15.7677,112.0116,263.1642,58.9618,220.9061,91.0396,752.39,110.741,88.83,219.8355,36.5496,190.2822,78.46,437.08,155.42,345.25,207.45,70.7075,24.8733,105.3762,207.34,220.88,125.01,47.41,151.799,91.795,165.0748,13.0088,27.7781,280.0536,142.57,173.9496,95.0686,27.2778,273.13,421.9986,29.3965,305.85,
2023-05-04,71.4281,171.59,265.0,60.3576,58.8668,117.63,49.7624,42.4755,30.5894,117.78,98.4356,302.96,298.3366,75.2365,13.64,155.7419,148.2334,33.835,131.13,385.59,59.735,26.4981,76.9244,363.0694,370.1856,112.5736,61.18,193.03,200.2711,86.61,449.4701,97.4944,77.83,49.6832,93.99,366.62,273.6013,50.974,158.8041,15.4853,111.2131,254.8633,59.0279,220.5347,88.8861,736.65,109.9199,89.505,218.0478,36.4275,190.055,77.04,430.51,155.42,335.83,205.03,70.5035,24.8657,99.5391,223.6,219.1,125.22,47.6,142.3146,91.9791,163.4383,12.8689,27.5383,281.7905,141.27,172.9386,92.2857,26.7971,270.41,414.9268,29.1181,300.65,
2023-05-05,74.5713,178.6,273.8,60.7705,60.7925,119.9,51.4645,42.9867,30.3445,120.3,101.6366,301.68,303.4552,76.7259,13.723,158.623,152.6143,34.495,133.22,389.74,60.4458,27.1561,78.2605,375.161,378.5908,115.9792,64.59,194.94,201.8353,89.84,402.7925,98.0673,81.22,52.0353,92.91,371.56,266.4092,51.7324,160.8684,16.1443,112.193,254.0504,60.2933,226.5759,91.5039,731.98,113.4486,91.965,216.7836,36.9795,195.202,78.56,434.8,159.65,348.4,205.24,69.7152,25.1743,101.5938,231.19,219.91,129.06,48.05,146.9559,93.9161,171.108,13.158,28.6553,273.2031,143.66,174.9033,94.0747,27.193,242.47,418.3645,29.2202,303.57,
2023-05-08,75.1184,177.46,277.86,59.1862,60.6903,125.65,51.1759,43.0703,30.1293,119.5,101.5396,294.33,301.5016,77.8281,13.663,159.7926,151.1418,34.5175,135.04,387.28,60.0904,27.2101,76.5565,373.0792,379.4274,115.6962,66.08,191.99,200.7019,95.04,409.991,96.7031,80.52,52.2313,94.17,371.74,268.1193,52.056,161.0041,16.0501,111.9662,253.2566,60.4349,227.0158,90.3086,736.41,113.1456,95.76,217.1589,36.8036,195.5083,79.35,438.99,163.29,344.06,205.56,68.8714,25.7237,101.1548,229.82,221.86,129.59,47.55,148.1763,93.7417,171.039,13.2326,29.1259,276.444,143.13,175.981,95.0867,27.2401,231.82,419.2877,29.2109,304.18,
2023-05-09,65.5545,178.0,270.16,59.1766,59.6724,127.07,50.1054,43.1911,29.4731,119.39,103.5184,293.65,299.8898,77.2124,13.225,156.978,150.0189,34.63,134.76,387.84,60.1497,27.3003,77.7377,365.5208,376.898,114.2905,66.4,192.73,200.1306,95.06,393.1064,97.5398,78.81,51.942,93.14,366.95,262.608,52.9993,162.5838,16.0031,111.442,251.9751,60.1988,228.0227,89.1923,737.24,111.2786,97.92,215.2823,36.7255,198.7486,78.88,441.39,157.83,342.65,204.03,67.4248,25.2872,98.7826,230.93,226.88,129.12,47.29,146.2737,93.1122,169.3335,13.2046,28.5464,278.0644,143.0,171.3078,90.1896,27.4286,231.34,420.0637,28.9231,304.43,
2023-05-10,63.0429,180.74,271.77,60.0696,60.4211,113.19,51.2255,43.4142,29.3459,118.35,100.6472,295.81,305.0768,77.6891,13.428,157.0826,150.0649,35.31,135.26,394.01,59.2217,26.9127,77.515,375.8614,376.5043,113.7622,67.01,196.32,201.3951,97.02,407.4054,99.6124,79.87,51.4659,92.59,370.12,266.9467,52.9623,163.456,16.229,112.2237,257.1489,59.7456,226.0774,89.8542,757.9,112.8133,99.7,220.191,36.8574,202.3743,85.54,454.14,161.42,344.02,204.19,68.7787,24.7453,99.4271,228.21,192.73,130.39,47.66,147.3115,94.4488,171.0932,13.1393,28.8602,280.956,145.67,173.034,89.0511,27.4004,232.2,423.8353,29.0438,304.52,
2023-05-11,63.8387,183.19,265.28,59.4167,60.5562,111.2,51.243,43.0982,28.259,119.35,100.4241,296.01,302.9278,78.543,13.643,155.3235,148.3347,34.7525,134.8,388.62,60.821,26.4891,75.7819,376.017,377.3409,113.2622,67.5,193.1,196.5243,97.1,390.3935,97.7691,80.32,51.3353,90.56,367.96,259.2562,52.5277,162.3318,16.1537,111.1936,260.3813,59.5378,226.2635,90.0715,749.29,112.8621,98.59,217.7515,36.6913,201.011,85.92,452.57,160.79,341.58,201.46,67.8328,24.497,97.1856,227.17,204.595,129.48,46.74,148.9258,94.3713,171.2854,12.8502,28.5534,279.8595,144.51,172.2329,87.5603,27.259,232.66,417.3234,28.7561,305.85,
2023-05-12,61.3619,231.69,266.16,59.2054,60.8919,105.275,51.206,43.4142,28.3471,119.45,99.522,297.49,301.8142,79.1096,13.45,156.4646,148.9881,34.6575,137.66,390.68,60.1398,26.0475,76.4016,377.7056,375.8941,113.6396,67.77,194.45,199.2688,95.26,390.9615,98.0259,81.34,51.4006,90.24,368.84,262.3832,53.2398,164.9873,15.2688,112.9779,265.0865,59.6228,226.6259,89.8246,743.83,113.478,99.65,219.9836,36.6815,199.371,85.32,455.2,167.55,335.45,201.16,68.4448,24.8582,96.7747,227.04,201.5,130.1,46.74,149.7234,94.7684,170.3575,12.8969,28.3156,284.2648,145.27,172.2138,87.7681,27.4098,229.7,420.0047,28.7653,310.63,
2023-05-15,61.919,221.59,270.7,60.2616,61.7264,105.78,53.6512,43.7767,29.1793,119.72,99.9585,298.96,302.2928,79.5668,13.784,159.6785,152.0989,34.495,139.94,393.73,63.8122,26.6513,75.8303,394.4255,377.3606,115.0075,68.56,196.91,200.8143,97.4,404.0559,99.1997,82.39,51.83,93.02,373.28,265.52,56.4673,166.1212,15.4477,113.4561,265.3925,61.1431,228.0265,93.0746,756.14,118.385,96.5,223.3022,36.9941,200.8727,85.92,463.14,168.71,345.67,202.31,69.9007,27.6579,99.259,230.15,203.47,130.78,47.81,148.7048,94.1969,169.8639,13.3258,28.9281,283.2168,148.8,175.838,89.8914,27.6077,236.7,418.6199,28.9603,315.11,
2023-05-16,60.4767,212.8,266.38,59.5127,61.8847,105.41,54.2987,43.6094,28.6114,118.68,97.4947,299.15,304.52,80.1532,14.584,157.7387,150.3687,34.035,137.7,386.87,62.9138,26.7325,74.4748,399.0227,374.2406,113.2151,68.31,193.25,198.8941,101.48,394.2425,97.2647,83.04,51.2513,90.59,375.14,259.2367,56.2268,164.7838,14.5534,113.5481,266.9991,60.4821,225.7346,92.2942,754.13,118.1993,95.715,221.7022,36.5106,202.0878,86.87,468.24,160.96,345.11,202.46,68.6674,27.5525,96.9334,226.52,201.21,129.73,46.7,142.1128,95.1558,169.8639,13.0927,29.1879,282.7317,146.52,174.3311,87.1266,27.2118,230.58,413.9053,28.4312,321.21,
2023-05-17,61.1332,209.76,271.67,60.2616,63.4312,108.33,55.7729,44.2693,28.2688,119.69,100.6666,301.71,307.3982,82.2505,15.431,162.8354,152.1726,33.9575,139.18,395.13,64.0886,27.2822,76.053,406.8507,380.8939,115.1207,68.43,198.46,200.4116,103.75,407.141,98.4111,85.63,52.25,92.48,377.08,266.5851,56.5412,167.9044,15.0994,115.6175,272.2016,61.7664,227.8698,93.7661,749.21,122.8717,95.76,221.1984,36.8622,206.8495,86.77,492.92,163.73,356.63,204.15,71.032,27.831,97.8861,232.11,197.68,131.62,48.13,142.4491,96.6279,170.4759,13.3445,30.152,283.964,157.66,179.2618,89.53,27.0799,232.93,424.1692,28.6075,323.3,
2023-05-18,60.9442,206.28,279.33,61.371,65.4022,111.87,58.1656,44.7991,29.0619,120.16,100.9479,306.9,311.8232,83.3936,16.456,167.0097,156.2866,35.365,141.98,399.77,66.7046,27.7059,76.4113,418.3097,385.8347,116.6848,68.14,204.84,201.7885,107.93,422.5761,99.7408,86.49,53.9954,95.02,409.71,275.8097,58.0301,169.3387,15.1747,116.0221,274.9272,62.8334,228.8002,97.3717,765.94,126.9968,94.86,223.1343,37.1895,210.7419,87.77,510.17,163.72,360.43,216.84,72.6084,29.1555,99.894,234.85,201.7,133.8,48.82,144.813,99.117,172.8057,13.4377,31.6508,287.7288,157.72,183.3628,92.2586,27.7397,238.12,439.6879,29.0438,331.31,
2023-05-19,60.596,203.53,280.8,60.7825,65.8219,107.38,57.2058,45.6635,29.3066,119.54,98.9012,305.56,311.6469,83.4929,16.419,166.3631,156.5627,35.9775,142.53,394.04,67.2969,27.5256,75.9078,413.4977,379.4865,117.6233,69.63,200.89,202.491,105.82,423.1148,99.1447,84.36,53.0527,95.04,408.5,278.8487,57.577,167.2648,15.374,117.043,277.2511,62.1535,228.5162,95.9196,755.79,124.0936,94.33,224.6059,37.0234,207.8177,87.27,510.3,162.37,371.25,216.71,72.5619,28.8394,98.8667,233.65,196.86,134.21,47.86,142.9873,99.6012,172.9143,13.3631,31.2371,288.6215,157.19,181.7129,91.852,27.8434,247.5,438.0869,29.0716,330.77,
2023-05-22,62.6948,201.69,280.13,61.7472,65.4476,109.93,56.8376,45.3753,29.6493,119.54,100.5502,306.35,314.4272,84.0694,16.481,168.6547,157.253,36.3425,144.75,397.97,65.3818,27.6788,77.4666,410.7354,378.4629,118.0499,69.52,203.49,202.8188,108.0,439.1572,100.8688,85.24,53.6407,96.12,401.68,282.6011,58.2151,170.2885,16.1901,117.2638,278.2456,63.3906,226.5279,96.6209,776.73,123.7026,96.055,225.722,37.2628,207.7189,87.95,511.39,164.65,372.05,211.63,73.7919,28.8771,98.325,237.7,201.75,134.74,48.62,144.8899,98.5649,171.9666,13.475,31.1492,285.041,158.72,182.4568,92.611,28.0507,263.67,446.023,29.2387,331.4,
2023-05-23,61.6703,200.89,271.22,61.0623,66.232,106.25,55.7127,45.459,28.8955,118.27,98.746,298.8,308.6317,84.7255,16.191,166.4582,156.2221,35.1175,144.27,390.11,65.1646,27.5436,78.5026,404.762,367.853,115.8127,68.09,196.64,201.9009,108.12,414.9663,99.8233,82.54,52.0726,94.12,393.09,277.4905,57.6787,164.9485,16.0952,117.8892,275.5201,62.7579,219.9656,94.4947,760.21,121.689,94.87,220.27,36.4666,204.1427,87.03,500.14,162.83,370.42,205.76,72.3289,28.4481,96.7186,236.58,195.8,130.86,47.53,143.0737,95.4366,169.3604,13.4097,30.6616,276.9583,157.49,179.2237,91.1021,27.6454,264.84,441.7898,28.5611,325.29,
2023-05-24,61.4713,198.55,261.39,60.3967,65.5595,105.71,54.9724,44.9943,28.396,116.47,96.0203,298.75,307.2513,84.1688,16.762,158.3378,153.7648,35.305,142.65,385.09,65.6779,27.0389,78.0863,399.1106,362.6858,112.5707,66.59,196.75,200.449,108.27,407.1606,99.3465,79.79,50.2712,93.75,395.39,274.4319,56.7077,163.1299,15.9813,115.5899,274.296,62.5596,217.6835,93.3574,765.21,119.2977,102.155,219.3021,35.6412,206.5334,87.64,502.55,164.05,365.76,203.67,68.6016,28.0191,96.2143,232.46,192.81,130.35,46.55,140.46,95.2236,169.6368,13.2046,30.5117,275.1632,155.46,165.1849,89.2589,27.5417,253.07,408.5131,29.2666,329.54,
2023-05-25,59.0543,200.94,259.69,59.9626,70.313,104.42,58.492,45.5705,26.8293,112.81,96.5247,306.31,319.0676,87.7471,20.686,162.9209,156.1117,39.05,144.95,387.28,68.7185,27.8501,76.7695,423.8537,364.2015,113.0447,67.17,197.56,197.077,120.35,478.2543,98.9338,82.0,49.7299,94.29,434.2,272.6534,55.5887,165.9502,15.9813,116.5832,279.0203,64.9109,218.7902,96.1957,772.13,127.8631,103.99,221.0898,36.1149,207.3731,89.06,531.78,164.59,392.06,224.49,69.0861,28.4857,97.1483,232.82,193.96,130.93,46.4,143.0252,101.0055,170.7721,13.6802,37.9473,273.6301,157.1,164.4123,90.3341,28.0224,256.47,405.7433,28.8118,338.24,
2023-05-26,59.8997,201.77,264.72,60.6571,78.4103,106.81,61.0324,46.342,28.396,113.77,96.9709,319.4,325.891,91.0173,21.918,172.2774,162.2505,42.5875,148.2,393.6,72.9832,28.2106,77.7474,450.1487,368.4632,116.391,67.77,198.9,199.0253,127.03,510.1823,99.1997,86.62,50.8313,100.04,444.73,274.9138,57.6047,169.4318,16.2376,118.5422,290.3433,65.9402,220.3867,102.5645,791.62,133.3414,105.85,223.2034,37.4191,212.8363,90.57,537.46,165.2,415.39,228.33,72.9812,29.8855,103.0601,233.75,194.95,131.03,47.19,143.2663,100.8022,173.1808,14.305,38.9125,276.1238,161.63,168.3608,95.5073,28.7482,258.08,410.9784,29.2666,343.26,
2023-05-30,61.72,202.4,267.78,60.2423,77.5044,107.19,61.1986,46.6301,29.3654,112.34,96.1561,329.16,324.2464,90.7091,23.599,173.1237,162.4898,43.605,147.63,397.25,70.7719,27.8771,76.7211,447.7476,361.7016,116.7133,68.54,195.04,196.8147,125.27,504.355,98.1818,83.97,50.3739,99.28,464.83,273.8081,56.4118,169.8111,16.342,118.8503,294.9624,65.2508,217.086,101.5855,790.41,133.8412,106.24,222.0775,37.4972,216.2249,92.11,549.12,174.12,417.21,234.75,71.6114,30.0662,107.2488,230.94,193.16,132.69,47.46,143.2663,101.8385,175.0268,14.4728,40.0765,276.5701,162.27,169.2191,95.4345,28.9273,257.95,398.8582,29.1823,342.51,
2023-05-31,61.6603,202.96,262.57,60.2809,77.9501,109.77,59.9104,46.1654,30.7853,112.19,94.7593,323.59,321.4856,88.9796,22.395,170.2996,160.0324,41.585,147.58,396.96,67.3266,26.1917,75.5786,432.3844,359.2607,116.1066,68.33,199.39,195.7563,118.21,479.8115,96.2284,83.6,50.9339,97.26,454.96,274.1114,55.5795,166.9714,16.6456,118.2662,292.562,62.654,216.4885,99.0834,787.67,130.6365,106.695,220.5663,36.8525,220.6803,92.12,544.78,173.88,417.79,230.91,70.1298,29.148,106.6535,226.55,192.91,134.4,46.67,147.442,102.6036,174.9775,13.447,37.8015,273.5525,161.8,169.4671,94.1071,28.8324,256.62,411.6561,28.8545,342.86,
2023-06-01,62.7147,208.74,266.2,59.9915,76.2126,112.16,60.2174,46.2304,30.4817,112.75,95.8748,323.24,325.5875,89.407,23.102,172.1063,161.8087,41.67,146.25,398.98,68.2052,26.5161,75.9756,441.696,365.0283,116.1729,68.64,203.3,198.3977,119.47,488.9982,98.3102,87.95,51.3353,98.43,454.55,275.0703,56.6892,168.5177,16.6551,119.3975,291.8734,67.9515,221.8461,101.9613,793.24,132.136,108.395,220.5268,37.0332,210.327,91.45,542.96,181.47,426.75,232.39,71.4343,29.3286,108.9293,228.0,192.14,135.07,48.03,145.7833,102.652,177.7811,13.6802,39.7358,273.8435,163.14,172.0612,96.2709,29.0033,257.94,414.6027,28.9107,340.24,
2023-06-02,63.6199,206.74,278.01,61.506,78.3399,118.06,59.616,46.4907,30.658,113.9,97.3783,325.0,328.3483,91.713,22.194,172.6768,161.2749,40.625,146.75,397.69,68.2841,27.5346,78.8996,447.0936,367.8333,119.6994,68.13,204.24,202.8095,117.86,487.0002,101.1072,86.83,51.6899,98.04,449.36,287.018,57.5308,169.4318,17.0727,121.7888,297.7931,67.0261,224.0891,102.08,790.84,131.94,108.62,224.1713,37.888,210.4554,93.51,548.18,181.86,436.37,229.69,71.9375,30.2844,108.7318,234.84,193.25,137.93,49.56,147.2974,102.5552,178.63,14.2117,39.2932,274.3384,163.26,172.3008,95.5709,29.402,259.65,422.8236,29.5101,345.01,
2023-06-05,64.1669,203.67,269.11,59.133,77.4041,115.69,58.833,46.6673,29.2381,112.23,95.157,326.02,328.8769,91.0272,22.366,167.8845,156.7007,40.6575,144.96,398.22,66.9021,26.399,78.0959,447.0839,364.6739,117.7371,71.27,208.43,202.5472,117.93,477.1084,102.3911,85.63,51.0553,95.9,450.16,299.3571,56.2823,164.6859,17.0537,121.9911,291.1562,66.3651,222.1106,100.3987,791.6,131.0579,113.395,222.1861,37.463,207.3237,93.84,556.71,182.73,434.18,232.33,70.1391,29.3512,106.014,232.67,191.86,139.28,48.52,149.6986,103.5624,177.2776,14.0066,39.1373,274.843,161.45,167.6818,93.298,28.5191,203.25,434.9537,29.0793,343.51,
2023-06-06,64.6742,196.82,270.1,59.9722,76.2174,117.3,59.4732,46.2955,30.3152,114.23,97.7954,325.59,326.6644,92.2696,23.315,172.3535,156.7928,39.92,145.2,394.08,66.675,26.7234,78.7446,449.9632,373.965,120.6378,69.54,208.01,203.0155,124.23,487.1569,102.171,88.48,51.3166,96.87,443.84,300.8346,54.183,164.4136,17.2056,122.0371,294.5894,66.1573,223.5308,101.9316,789.99,131.2637,112.36,221.5935,37.8538,210.2776,93.31,555.8,182.61,432.89,228.78,72.2171,29.7124,109.4277,238.24,194.88,141.01,49.58,149.8626,103.727,176.9124,14.305,38.6208,269.9914,161.47,170.5471,94.1617,28.0159,208.77,440.5031,29.2947,339.38,
2023-06-07,63.6994,191.76,277.56,60.387,76.4711,116.55,59.3353,46.2676,30.6286,115.78,98.8527,312.85,316.581,93.1742,23.978,177.2885,158.3022,38.8975,145.58,388.32,66.2012,26.9758,80.0711,452.6572,365.5302,121.8133,67.06,201.16,202.7626,117.83,484.3853,102.6296,89.24,51.3913,98.76,435.32,296.4411,54.8396,167.4868,16.8639,123.5914,297.4488,67.0167,220.6414,103.0689,757.18,132.3124,108.125,218.107,38.4692,203.2437,92.88,528.32,182.09,418.32,222.47,75.4692,30.1188,108.318,237.59,197.88,135.95,51.17,150.6437,101.9353,175.5402,14.6966,37.4466,272.5239,161.47,172.847,95.4709,28.5286,210.12,414.8384,29.866,339.44,
2023-06-08,63.8984,192.33,278.03,60.0976,77.5874,115.5,59.7006,46.1747,31.1573,115.29,97.8439,316.05,318.4215,93.6115,25.435,178.2489,158.5138,40.58,146.13,389.47,64.4834,27.0749,79.9259,462.5154,361.7902,121.3393,69.0,200.16,202.7344,121.05,487.4409,101.7584,89.99,51.3442,99.04,437.69,298.4569,55.376,165.3862,16.8734,123.619,293.9104,66.4123,218.467,103.5139,766.69,133.4786,111.41,217.791,38.5132,206.9977,92.62,535.34,181.4,439.03,228.08,75.2455,30.1791,109.4183,238.3,194.74,137.43,50.7,150.4026,104.0951,178.2549,14.7339,38.4809,270.9229,162.38,174.1024,95.6982,28.5381,211.22,415.8206,29.6693,343.99,
2023-06-09,63.1524,192.0,274.66,59.8565,77.6279,117.86,58.9282,46.1561,30.6874,116.82,97.0873,325.53,319.9193,94.029,26.166,175.9097,157.0045,40.63,146.78,388.67,64.592,26.8586,80.2744,454.5019,363.3944,121.3393,68.01,201.39,202.7626,124.92,491.525,102.4278,89.02,51.5043,98.36,438.78,298.1535,56.31,165.7557,16.9114,124.4375,295.2397,65.8268,218.9665,103.8601,774.71,133.4002,110.05,218.2453,38.2103,212.7079,92.48,534.03,174.58,454.0,229.3,74.6119,29.9382,112.0139,239.37,194.82,138.57,50.11,152.2638,106.3904,178.6399,14.7246,38.7407,269.7391,161.57,174.8498,94.9981,28.6615,211.33,423.8648,30.6995,344.55,
2023-06-12,63.3911,196.24,279.99,61.0816,82.5232,124.59,60.9625,46.9182,32.3812,117.63,97.679,329.97,324.8729,97.8756,25.865,180.046,160.1797,42.5,148.65,393.52,66.5862,27.4355,81.3685,464.0478,369.3884,123.349,69.84,208.1,205.7209,129.19,515.3731,103.7117,91.06,51.3347,100.6,446.04,305.8544,58.6405,168.5079,17.3764,125.4676,297.8792,67.4416,221.5229,108.251,800.18,137.2125,114.57,221.1491,38.8844,211.1075,92.39,546.35,176.89,474.63,233.22,77.2676,30.3371,114.8634,239.27,196.85,140.62,51.01,153.4404,112.7632,181.4336,15.1815,39.4521,272.9509,164.03,179.833,97.3892,29.421,218.0,438.1753,30.7463,352.34,
2023-06-13,63.222,195.99,283.39,61.9594,82.1141,124.9,60.9372,47.2156,33.2037,118.76,97.5917,333.23,327.2616,98.1042,24.424,187.7893,163.2813,42.15,150.37,389.87,67.0008,28.0809,81.078,468.401,365.5204,125.444,70.49,213.29,207.7276,124.53,524.6479,104.0969,92.67,52.0132,102.88,449.98,315.8059,59.8242,170.5794,17.4903,126.5529,301.3985,69.1791,218.8098,110.1597,801.58,138.9569,116.815,220.6947,39.4754,206.4544,91.77,554.72,179.66,478.99,239.0,79.8674,30.5403,117.0169,240.3,196.66,140.97,52.03,152.9485,113.0053,180.9598,15.5173,40.991,271.6797,164.93,184.3465,99.7348,29.6488,218.95,439.5798,30.8961,354.85,
2023-06-14,63.2618,193.03,280.38,61.4578,85.4966,125.14,61.3746,47.3643,34.839,120.0,98.3697,334.31,330.2475,99.0882,24.777,187.0723,163.0144,42.27,149.72,392.1,68.2348,28.1354,80.7377,469.0354,368.847,124.8752,71.48,213.55,203.5823,127.33,526.1365,102.2903,92.74,51.542,103.6,446.05,313.0367,60.3791,171.727,17.4143,126.185,301.2933,69.2169,218.849,109.1411,795.25,138.3493,119.28,218.0675,39.451,206.8693,91.99,567.31,179.2,479.53,236.06,80.734,30.45,116.0483,239.79,197.81,141.38,51.92,155.1569,118.4193,181.5916,15.7897,42.9645,270.901,164.18,183.8865,99.9076,30.076,222.53,438.2735,31.1303,352.37,
2023-06-15,65.4998,192.88,284.55,62.4514,85.2313,127.85,60.4949,48.2659,35.074,120.35,99.1379,336.81,340.7812,104.0084,24.392,187.1297,163.9072,40.8675,151.51,394.6,67.9386,28.2718,82.8867,461.266,373.0595,126.4868,73.59,221.43,208.1798,124.24,508.5761,103.9135,91.0,50.9296,102.51,446.37,316.9899,61.1651,173.3024,17.8888,127.2887,309.6326,69.6512,221.5229,108.8741,802.11,137.3105,121.9,221.9392,39.9882,209.3588,92.07,574.37,180.51,490.91,237.77,79.5506,30.9166,116.2458,244.45,202.09,143.59,52.92,159.4773,122.5645,183.6252,16.3908,42.6207,274.7556,165.41,181.7495,99.6167,30.7976,227.84,448.1838,31.6922,356.19,
2023-06-16,66.0767,188.99,282.4,62.7794,83.7533,128.68,59.6815,48.396,35.6125,119.96,97.9029,334.37,335.1326,104.724,23.077,189.1372,162.6831,39.4475,151.98,393.8,66.7935,28.1809,83.5187,453.7601,370.5891,128.5913,72.78,213.5,208.5095,120.08,506.9405,104.1703,90.15,51.6174,102.62,441.19,313.0465,59.4635,173.2538,17.6801,126.4425,305.5873,70.2273,224.2066,109.8334,799.96,136.154,123.265,220.9318,40.2282,209.2008,91.5,565.48,181.81,495.18,235.84,79.6624,30.4575,115.3712,243.63,202.36,143.15,52.67,157.7125,121.5088,182.5491,16.5035,42.6597,272.7894,164.86,180.5038,99.3348,30.8261,219.51,446.9266,33.5746,356.54,
2023-06-20,68.5236,186.1,277.55,62.3549,83.7456,126.45,59.8403,47.9127,34.2711,119.57,98.253,331.31,330.9425,105.2508,22.24,186.7951,160.4742,38.625,149.14,391.66,66.0432,27.4173,82.8381,453.3307,368.7092,128.1742,71.66,211.99,207.5297,118.93,499.7127,102.9322,89.38,51.4949,102.86,435.5,315.5319,58.5099,172.4272,17.6326,125.0445,303.5407,68.773,221.8167,107.4895,795.54,135.7522,120.8,218.9564,39.6895,214.3478,90.68,559.49,171.99,485.86,232.53,78.6374,29.4415,112.6816,242.48,204.77,141.74,51.58,157.9247,118.1965,182.638,15.9775,43.7749,271.6797,162.58,180.1396,97.5529,29.9052,219.15,447.0248,32.6849,353.36,
2023-06-21,67.8274,184.58,270.88,60.9465,82.216,127.46,59.0142,47.2621,32.2147,120.03,96.911,325.05,326.5469,104.4855,21.991,184.7684,156.9032,37.8775,145.66,392.19,64.9573,27.1355,84.0827,445.5027,370.2053,128.7335,71.11,207.98,207.7935,112.11,494.6688,103.5008,88.07,50.5244,100.8,426.34,305.7272,57.5656,171.8631,17.3005,122.9568,299.5241,68.6031,222.5807,105.7045,790.5,133.9392,119.46,217.6428,39.8462,207.057,88.07,546.8,167.99,477.48,228.01,77.3049,28.9147,108.8635,243.03,197.54,141.96,50.67,158.4165,118.2546,181.6015,15.799,43.0124,273.6752,161.16,177.7055,94.789,29.2406,215.7,442.5068,32.2354,350.45,
2023-06-22,68.2053,187.08,267.91,60.387,81.7087,127.96,60.3848,47.513,32.0287,120.54,96.8721,325.68,332.5676,103.2231,22.646,186.0781,158.882,38.31,144.86,399.25,65.4015,27.09,83.6257,456.1905,371.8391,127.5106,71.86,206.7,207.6428,110.7,501.6812,102.0427,88.95,50.449,101.02,426.13,300.1595,57.2477,173.6234,17.1676,120.6391,293.8339,69.283,223.6973,106.6094,786.85,136.1442,124.575,217.5539,39.6895,210.7123,88.26,549.87,162.53,477.58,227.0,77.454,28.862,109.4653,240.99,196.92,142.71,50.51,156.4781,116.7825,184.6025,15.7615,42.9924,276.1281,159.89,178.3476,94.3163,29.0222,218.35,442.8112,32.2635,345.95,
2023-06-23,66.584,184.52,264.33,59.8468,79.7417,124.73,59.3025,46.7788,32.3128,120.49,96.1136,319.54,327.9762,102.418,21.606,180.3806,154.3262,37.205,144.45,396.93,64.444,26.9173,82.381,446.0102,373.8174,126.1834,71.59,202.0,201.4531,110.01,495.5699,99.3923,87.52,49.7046,97.32,419.56,299.6213,56.3969,172.5244,16.807,119.0388,285.399,69.1319,224.8335,103.9985,776.05,133.3512,121.97,218.6009,39.2684,207.551,88.63,542.99,158.69,484.72,225.32,76.3824,28.4932,106.6723,238.56,188.71,140.86,49.55,156.9989,114.9036,184.2866,15.5173,42.1771,271.193,157.98,178.1847,92.7525,28.3957,214.0,444.6283,31.7109,338.19,
2023-06-26,66.0867,178.55,273.11,60.252,79.6913,123.13,60.4296,46.6673,32.6456,120.16,93.8576,316.2,321.6912,100.8177,21.65,183.736,155.3064,37.705,144.38,402.05,64.6118,27.0627,83.5771,447.5719,371.4651,126.9702,71.06,200.78,203.0641,107.51,500.3786,101.4741,88.62,49.6387,98.77,417.21,304.1225,56.6119,172.0576,17.1391,120.7955,284.4236,69.6418,221.6502,104.8194,768.48,137.0067,121.9,216.7441,39.4496,204.854,88.45,537.97,159.21,479.51,223.01,77.1931,28.2675,109.6816,239.23,189.63,138.3,50.61,157.8475,113.1022,182.8947,15.3951,40.6013,272.9257,158.92,178.568,95.0981,28.4621,220.35,445.2274,31.9731,336.93,
2023-06-27,65.8778,182.73,282.81,60.8983,82.2878,127.89,63.2381,47.2714,33.3899,122.4,93.2547,323.32,327.5357,102.8653,22.617,191.4984,162.2689,39.0325,146.35,407.74,65.9346,27.1264,84.0438,465.5119,375.7661,129.6151,73.66,206.85,203.13,110.39,521.8272,101.8592,91.87,49.3937,102.03,426.78,307.2243,58.0705,172.7773,17.5187,121.7152,287.6751,70.8033,222.6689,109.0719,775.54,143.6218,125.795,218.7095,40.2723,206.2963,89.35,539.96,161.03,489.27,228.8,80.8645,28.7567,112.6534,245.67,195.38,139.77,51.67,158.7926,114.1288,185.6489,15.4327,41.8443,276.3228,162.56,184.3561,98.2984,29.1077,229.08,450.8554,32.4882,339.09,
2023-06-28,65.6789,184.22,283.49,61.1298,82.2432,127.63,62.5581,47.2807,32.8709,122.95,94.3633,324.31,328.7888,103.899,23.594,188.86,161.0264,38.965,144.82,408.89,66.211,27.2173,84.2772,463.0717,374.2307,129.9468,74.33,206.3,203.13,110.17,516.4014,101.5291,91.21,50.0344,100.66,427.15,305.5217,57.6123,172.6022,17.3384,121.1817,288.5454,71.0394,223.2761,106.461,787.84,141.1521,126.705,220.0626,40.4094,209.6058,89.05,548.67,161.42,482.43,229.36,80.0258,28.4857,110.5374,245.88,194.59,140.64,52.28,158.3972,112.8601,186.8236,15.367,41.0859,275.9918,162.95,181.9795,98.3256,28.9748,227.85,451.4447,32.5725,338.56,
2023-06-29,65.5098,184.01,288.68,62.2585,83.6621,125.1,62.3809,47.5967,32.2246,124.05,94.2952,326.05,328.0056,106.7418,23.593,190.9631,162.7107,39.8225,145.77,411.73,63.5061,27.5627,85.3566,465.8047,381.5533,131.1887,75.09,206.18,203.9308,111.24,525.7527,100.2635,92.08,49.8648,101.34,427.9,306.9406,57.9115,175.6851,17.4903,123.2971,294.8667,71.9081,229.5055,108.1917,796.54,141.3481,126.665,220.1811,40.8648,207.8869,89.19,548.08,158.77,483.77,228.54,81.0509,28.2976,111.0264,248.05,195.83,142.63,52.77,160.5478,114.0707,187.1593,15.6394,40.7911,280.9074,165.34,181.577,99.8985,29.3166,224.69,447.7025,32.507,342.54,
2023-06-30,66.3751,190.09,295.83,62.9723,84.1335,128.16,62.6244,48.0893,32.7437,126.15,95.8025,330.27,333.3802,107.2785,24.925,195.6664,165.6835,40.515,146.26,416.47,62.3017,27.9173,86.0372,473.4082,387.0945,132.8666,75.59,204.61,207.0681,113.91,530.0996,102.5929,94.58,51.542,102.03,435.41,314.3381,57.8461,178.4568,17.6041,123.0672,295.1058,72.1442,232.6005,110.1004,809.21,141.6519,127.755,223.1837,41.5993,208.7068,89.87,561.97,167.48,488.99,234.52,83.4829,28.5459,111.9481,251.08,195.12,142.3,52.94,161.3675,115.3394,191.4831,15.7803,42.27,285.4725,167.45,186.6847,100.6349,29.7438,224.75,450.0303,32.816,350.31,
2023-07-03,67.7378,191.39,296.27,63.2424,85.0074,132.35,63.4164,48.1637,32.9198,125.95,99.3421,326.95,330.8838,108.1731,24.92,198.0085,165.4442,39.975,146.12,412.31,63.0816,27.9536,85.9789,473.213,387.7441,133.0751,74.66,203.7,206.0695,115.82,532.3958,102.2261,96.83,54.6515,103.12,434.01,312.753,58.1359,178.1845,17.5092,122.9384,297.3915,72.1914,233.0805,110.2982,795.0,142.5634,127.32,220.1614,41.1733,209.0921,91.32,562.87,169.55,485.21,235.4,84.508,28.9824,112.9355,253.47,194.58,140.34,52.18,162.245,113.4605,189.9925,15.6957,42.3809,284.9664,166.98,186.2248,101.5532,29.7438,226.58,443.5282,32.9284,347.08,
2023-07-05,68.4839,186.95,292.85,63.2135,83.5933,131.69,61.2333,48.2386,31.833,124.9,101.8704,323.92,331.0404,108.183,25.5,194.7009,162.4714,39.92,146.24,412.32,61.2652,27.89,86.2025,456.7078,388.502,132.1746,74.31,203.85,206.9833,113.95,513.4479,103.5191,92.95,56.3476,97.59,432.74,311.0601,56.8644,179.1667,17.1201,123.4626,296.3682,72.0403,234.53,106.8962,791.97,139.4175,128.94,219.7071,41.0656,211.2359,90.22,565.76,165.34,487.26,232.52,82.402,28.3427,110.1519,250.99,193.61,138.25,52.16,160.6442,112.308,188.877,15.6581,42.285,284.9469,164.97,182.0754,97.5529,29.5729,232.79,449.6866,32.7598,346.99,
2023-07-06,65.7883,183.14,291.14,62.4224,82.249,128.16,60.4949,47.864,31.3042,125.39,102.3566,321.39,334.0948,107.4077,25.053,195.3701,160.8976,39.725,143.17,410.48,60.4458,28.09,85.9983,450.4903,387.4966,131.7006,74.65,201.05,208.8204,113.48,504.8423,104.2895,92.61,55.6786,98.54,431.11,316.9214,56.8644,177.6788,17.0063,121.5496,294.5225,71.9833,233.9718,105.8677,782.4,137.5751,126.7,220.3787,40.9872,207.6004,89.5,555.83,161.38,481.29,230.07,80.967,28.1169,108.3556,250.06,188.82,137.52,51.28,157.6354,111.8141,189.3508,15.6488,42.0711,287.7502,164.64,178.4243,98.8166,29.6014,229.85,443.4595,32.4508,349.74,
2023-07-07,66.4348,189.14,295.22,63.0302,82.1277,130.32,60.19,47.7516,31.1866,125.2,102.9303,320.17,330.13,108.5309,26.001,195.0737,159.8668,39.5,143.42,406.48,59.9908,28.2991,85.6094,444.917,383.1006,132.5443,74.68,201.57,206.0789,113.17,504.2634,104.0327,93.3,55.8482,100.23,431.29,317.5379,56.3595,178.2914,17.1581,121.4761,292.409,72.4775,231.5917,105.1655,793.79,136.7813,123.795,219.7071,40.948,207.057,89.77,552.98,166.17,485.27,226.89,80.7154,28.3502,109.0327,253.49,188.1,137.25,52.07,157.2014,111.0005,188.2353,15.846,42.4708,284.1,163.77,177.581,98.4984,29.5064,229.2,440.9702,32.4976,347.74,
2023-07-10,68.9116,190.82,306.16,64.2842,85.1325,131.71,61.1417,48.1356,32.0581,126.89,103.3095,332.21,324.8533,110.6381,26.993,201.1536,165.1497,39.8875,147.55,413.12,61.8009,28.6718,85.5997,456.4638,386.5307,133.8904,77.86,207.33,211.2794,113.58,524.3103,106.8206,95.98,55.019,103.84,445.72,327.6753,56.4717,182.2301,17.4333,122.2302,294.9815,73.9509,233.2666,108.2115,802.38,137.7515,123.735,222.3145,41.565,210.2381,90.83,565.6,175.47,496.35,234.42,82.8307,28.5008,110.1424,256.31,195.36,139.1,52.81,157.4039,110.7778,186.1918,15.9587,42.1481,287.1175,168.83,183.0816,102.035,29.5254,234.95,456.8502,32.7973,351.78,
2023-07-11,70.2444,189.62,309.16,64.8051,85.5515,137.54,60.341,48.8098,32.6066,126.99,105.3419,333.72,325.4799,110.9661,27.095,201.6603,164.579,40.0425,148.69,412.96,62.9088,30.4081,87.0388,448.4796,392.0897,133.8904,78.32,212.05,213.2767,111.32,532.3565,108.3429,96.64,55.867,104.08,438.7,331.5307,57.0887,182.9693,17.7939,123.6466,296.196,74.8634,235.6074,108.2115,808.41,134.8114,125.115,211.0946,41.5504,218.4971,90.94,561.44,173.78,504.74,231.87,82.3647,28.8695,109.9073,258.73,195.58,140.9,53.14,158.9565,111.6525,185.6686,16.2781,42.3729,288.4121,169.43,182.9857,101.0895,29.8672,232.3,456.2304,33.1532,354.56,
2023-07-12,70.2146,194.96,315.93,64.7955,86.3178,137.02,60.6508,47.5175,33.2723,127.57,105.8767,336.85,330.1104,110.1312,27.664,202.5302,167.8463,41.01,148.32,417.33,63.0967,29.9081,86.6693,454.9119,394.9382,135.2554,76.72,215.32,211.9671,114.58,550.5194,108.7281,98.63,55.8199,105.32,441.35,333.5758,57.6123,181.4132,17.8699,122.175,301.2638,73.5231,237.2333,110.0114,810.97,136.1148,116.32,213.1687,41.898,224.5332,91.03,561.34,182.8,507.36,232.74,84.5266,28.9147,111.6095,257.88,195.88,143.2,53.8,159.3905,112.7605,187.337,16.0433,43.8688,287.0104,168.17,187.2501,102.5987,29.3735,233.4,469.1587,33.303,358.28,
2023-07-13,72.005,196.95,318.47,65.2971,86.3575,140.09,62.1802,48.2573,33.1646,128.68,109.2315,347.27,335.4556,112.1787,29.405,206.985,168.5366,42.1525,149.74,420.65,63.8287,30.5081,87.3889,464.4284,394.8101,134.9711,78.245,216.59,214.0115,115.92,565.8073,110.5348,102.04,56.1874,106.87,448.84,342.1378,57.9863,183.0082,18.2305,123.1683,302.5404,74.8348,238.3107,112.7607,810.8,139.7997,119.505,213.7415,41.9764,227.5859,93.03,577.45,182.64,517.28,239.51,86.0641,29.6221,115.785,260.5,194.03,145.47,53.99,160.5188,114.1503,188.0971,16.2687,45.9422,284.3823,169.07,190.0004,103.8715,29.5634,244.61,473.5961,33.5465,361.33,
2023-07-14,71.7166,191.3,309.28,66.1749,86.1849,143.34,62.2055,47.1803,32.4596,128.0,108.8718,344.25,337.9814,110.9363,29.538,203.1803,166.4474,41.395,146.86,410.98,63.3835,29.8081,87.35,463.4231,396.7321,133.8904,78.92,214.14,216.1878,115.94,554.415,110.8374,99.68,55.754,104.87,454.11,347.3826,57.5656,181.2673,18.0407,122.6901,303.0779,74.0174,238.1638,111.8409,824.45,139.8879,120.63,213.9588,41.4328,226.5584,92.32,580.38,177.94,514.83,240.74,83.6041,29.8479,115.2584,258.99,192.24,144.67,53.4,160.8081,115.9192,188.2452,15.846,45.4346,283.3116,167.01,183.9632,101.5986,27.7406,241.94,476.1935,31.43,362.67,
2023-07-17,73.0992,206.71,309.51,66.0206,88.2964,145.36,64.3009,47.583,33.6544,128.51,109.2024,347.83,338.4611,112.0893,30.205,209.9485,168.7943,42.605,148.11,421.75,64.4518,29.8354,87.982,478.6399,396.4265,135.3408,80.28,213.73,220.1918,118.32,577.6804,110.9933,104.33,54.9907,107.38,461.18,351.2771,56.9859,184.3989,17.9078,123.4626,306.9267,74.16,238.9768,114.966,837.24,142.5928,125.025,212.6551,41.712,225.2445,92.46,592.38,189.67,522.0,244.44,85.8964,29.4566,116.0483,258.48,196.16,146.55,53.72,162.3222,115.5498,191.5029,16.0151,46.4258,283.7302,170.43,188.1701,104.4807,27.845,242.89,482.9135,31.4674,371.07,
2023-07-18,73.9745,201.57,313.17,66.7248,87.6252,146.53,63.8986,47.9857,33.7815,129.32,110.5249,348.98,351.9318,114.1468,31.84,213.8106,169.052,43.3775,149.75,422.13,64.2342,29.799,87.8556,472.4712,392.4445,135.1512,80.24,217.24,222.2456,117.93,577.0818,112.0571,104.84,56.6962,106.77,462.93,355.9348,57.3973,183.0665,18.24,124.4927,309.4702,75.0154,235.8229,115.8561,843.67,141.6225,124.17,212.8033,41.7756,224.879,93.8,597.13,184.05,532.23,244.09,86.9773,28.9448,115.5405,259.73,192.25,146.78,53.04,164.0098,117.377,191.2462,16.4002,47.4581,282.9709,169.89,188.3042,104.5898,28.4241,245.71,487.4493,31.4955,374.04,
2023-07-19,73.8253,198.58,318.37,66.6476,87.4254,145.535,62.3565,49.1001,33.7424,127.63,109.7567,348.81,347.6145,114.445,30.367,210.5794,169.0428,44.065,150.7,417.64,64.254,29.9354,88.0501,459.3237,392.553,135.6441,78.69,219.07,223.5928,116.43,563.7368,113.0842,101.91,57.3181,105.84,457.33,357.6179,55.9668,184.535,18.3349,124.6031,305.9861,75.3862,236.4596,114.0364,844.85,138.9471,123.0,212.3588,41.6875,231.5375,93.98,603.25,185.49,527.17,242.49,85.4771,29.2985,117.0075,255.26,189.53,146.64,53.67,166.604,115.3554,192.5986,16.2217,47.0414,284.1877,172.58,187.6239,104.0988,28.69,249.81,492.4966,31.4674,367.68,
2023-07-20,72.6317,198.5,304.54,64.4,86.1616,145.28,59.9611,49.044,32.675,129.38,108.9884,340.5,339.5771,112.7254,30.295,202.6163,165.5914,42.8525,149.09,404.14,63.9869,29.599,88.8377,439.3242,392.346,134.5634,77.7,210.97,223.3573,110.25,519.1293,113.5794,97.3,57.6479,104.79,451.71,349.9267,55.4432,183.2318,18.1166,127.2703,299.9105,76.1086,234.6966,111.03,852.16,131.3617,121.025,210.9662,41.2908,225.4026,92.18,578.88,175.92,516.88,238.79,82.225,28.8093,113.528,253.16,184.03,143.6,52.37,165.8036,112.6244,190.6539,16.156,45.4856,287.6431,167.4,181.74,101.3532,28.4146,239.01,483.8581,31.0834,357.45,
2023-07-21,72.6018,197.91,306.46,64.4482,86.9773,148.77,60.7511,49.2874,33.3114,128.53,107.4423,341.76,336.5423,111.7215,30.315,203.9068,169.641,42.91,148.82,403.33,64.9365,29.3081,88.7891,447.5817,391.7842,133.6629,78.16,209.9,223.932,110.95,523.6627,113.1759,98.76,58.006,107.09,454.0,342.6564,55.7331,183.3388,18.2779,127.7853,302.1468,75.5763,234.3342,113.7793,844.5,133.6746,121.91,211.2526,40.948,225.3038,92.38,582.02,177.48,520.23,242.86,83.6041,28.8244,117.2897,252.44,179.96,145.53,52.75,165.495,114.3447,189.4791,16.2123,44.2755,288.305,168.32,183.9536,102.7169,28.4906,237.46,484.5861,31.1115,355.85,
2023-07-24,73.2981,197.66,302.59,65.0656,87.4468,147.62,62.2513,49.737,32.9297,129.75,109.3969,339.84,337.8541,110.8269,30.937,201.5934,169.2453,42.93,150.21,402.7,64.7683,29.4809,88.9058,449.9437,398.9794,133.1604,77.27,210.53,225.6372,110.61,523.2211,114.8633,97.69,58.2698,106.75,450.75,343.4392,55.4245,184.7684,18.3254,128.3371,300.6975,74.5687,235.7935,113.8683,834.78,135.5856,121.665,209.2674,40.9333,222.9328,92.8,578.04,177.81,523.86,241.27,82.812,29.291,116.7066,251.71,178.3,143.09,52.95,167.1151,114.7529,190.2788,16.2969,44.5782,287.6918,168.29,184.3465,102.3623,27.883,235.21,480.6309,31.0834,357.21,
2023-07-25,72.572,200.01,301.43,65.4418,89.0374,148.65,63.3433,50.1958,33.3899,130.06,108.4828,344.17,343.6007,111.2941,32.135,210.2066,171.2609,43.5225,158.98,408.08,64.9662,30.0899,89.6643,454.9509,395.5197,133.8525,78.34,210.76,226.5605,113.0,541.1877,114.6524,100.04,58.5337,107.13,456.45,346.2182,54.4522,185.6923,18.6006,129.0637,304.8247,75.1485,233.7857,115.9352,852.49,137.2615,121.455,208.4476,41.2859,223.2983,93.57,582.38,179.47,525.34,238.29,84.6477,29.0803,117.6188,252.41,180.03,144.24,53.81,167.2405,114.6362,191.1376,16.5223,45.6444,290.0279,169.15,187.4993,102.626,28.3102,234.43,488.4725,31.842,363.82,
2023-07-26,73.0395,197.41,306.12,65.3646,86.6223,150.17,62.5767,49.84,33.6444,127.3,108.2591,338.48,330.6684,110.1809,31.736,208.8587,161.9836,41.1125,154.89,408.42,66.6477,30.0354,91.0937,446.8887,396.6335,136.9144,77.26,212.75,238.7798,110.09,518.884,117.156,99.25,57.94,106.97,449.33,350.3084,54.1997,184.4183,18.7335,129.7443,303.7881,74.5212,232.2283,113.3738,834.75,136.2422,122.505,208.2402,43.3867,222.8538,94.19,577.27,173.36,514.55,233.96,82.3088,29.2609,116.6314,250.97,180.04,144.19,53.94,164.7813,112.2551,192.0063,16.3908,45.4176,287.5361,169.0,183.532,102.4714,28.1678,232.54,488.8562,32.2166,357.16,
2023-07-27,71.6469,198.8,299.43,63.9466,86.665,148.5,68.3807,49.6339,33.8305,123.51,104.9432,334.33,323.7667,108.2923,32.734,212.0229,163.5666,40.2475,155.55,383.39,70.2976,29.8899,89.6156,470.8021,388.8371,136.3646,76.58,209.46,236.3585,111.1,527.1167,116.5141,102.11,57.4501,106.98,448.74,353.332,58.1079,182.9012,18.5057,131.4918,306.0053,74.3596,229.623,109.3982,820.32,143.22,122.64,206.8674,43.4699,222.429,93.99,559.89,166.8,513.97,234.9,84.2657,31.3682,118.3523,245.19,182.09,145.29,53.36,163.4601,113.1298,190.7427,16.3063,45.8653,283.9248,166.07,187.298,102.2714,28.1868,226.85,488.5315,31.6641,353.75,
2023-07-28,73.5866,208.4,299.18,63.4353,87.2722,153.33,70.2617,48.7817,36.0629,124.99,105.8864,338.23,331.2558,108.2725,33.45,213.476,165.3183,37.7725,156.03,390.67,70.4262,29.6627,91.1617,498.776,387.3192,135.3408,76.8,209.79,236.1042,112.96,535.3199,116.028,105.09,56.2063,109.49,450.9,360.5436,59.3233,181.1604,18.4867,131.9332,302.8667,73.4186,230.9061,111.0696,824.97,148.8943,124.22,205.7118,42.8823,222.8735,94.64,569.54,154.33,528.87,234.24,86.7537,31.6316,121.7661,247.18,182.64,146.63,53.07,162.2258,112.7313,193.3193,16.2123,46.7146,283.3019,162.69,190.1442,103.7897,26.2311,230.9,503.5949,31.6173,350.86,
2023-07-31,75.4168,207.4,307.96,63.6958,87.1616,152.19,69.9919,48.7349,35.0251,126.21,107.2089,342.1,328.8573,110.002,33.027,213.1605,166.8291,38.7725,158.24,396.63,70.6141,29.8445,90.9478,501.6456,388.6202,136.0233,77.72,211.99,232.9481,114.4,548.9985,115.0651,107.75,56.8941,110.02,451.8,360.8372,59.3701,181.9287,18.4582,132.6046,303.6345,74.1505,232.8454,111.6926,837.97,148.5611,124.98,208.3489,43.2447,222.2906,94.5,583.0,151.83,546.17,234.01,87.5364,32.0304,124.2958,248.91,185.93,145.81,53.8,161.5989,113.9365,193.9313,16.3251,46.6936,278.9995,161.08,191.2079,103.9806,26.3925,236.81,503.4572,31.7858,353.59,
2023-08-01,75.1283,202.68,254.77,63.5221,89.2324,148.91,69.7396,49.3155,35.0545,126.97,117.4193,336.73,329.2685,108.3023,33.756,213.6385,165.3183,46.4025,159.88,398.28,69.9909,29.9536,97.2197,501.9677,391.3702,136.1465,78.03,212.45,233.9467,117.6,539.971,115.3769,108.09,57.5443,110.21,453.51,362.8138,61.0717,182.1815,18.3254,131.8229,308.0688,74.9679,234.8533,110.0015,829.69,149.5803,126.585,208.7933,43.3965,221.5596,94.02,590.39,150.32,549.1,233.63,86.9866,32.2637,124.2112,251.06,183.33,146.51,53.53,165.5142,114.5974,193.0972,16.3532,46.4718,280.4596,161.07,191.16,103.5715,26.5919,239.48,500.3087,31.5985,343.92,
2023-08-02,72.8107,194.28,241.15,63.0302,86.5457,144.56,66.8152,49.2406,33.6738,124.56,118.5959,325.37,320.6144,107.5469,31.961,206.8703,159.8222,44.32,158.91,388.13,67.4291,29.5445,95.8292,487.6098,384.4214,133.9567,74.32,206.78,233.0423,109.35,520.4834,114.0747,103.57,56.0743,106.11,441.18,293.1827,60.7818,191.5857,17.7939,132.5954,305.0071,74.5782,232.6789,106.6094,822.19,144.3862,118.085,205.3266,43.279,217.8352,92.42,563.17,140.69,530.3,228.74,84.1166,31.9251,121.5686,244.86,178.02,143.75,53.76,163.7977,112.4592,190.1109,16.1935,44.2355,279.9924,159.86,184.4327,100.6895,26.8577,236.9,490.0271,31.6641,340.81,
2023-08-03,63.8387,196.24,249.55,67.9788,85.8357,140.88,67.5439,49.7744,34.1439,125.18,118.2945,305.47,319.792,108.1929,32.121,206.4401,159.2291,44.44,161.31,382.61,68.4281,29.7263,95.6834,490.3038,387.3685,132.6391,75.76,202.62,233.6452,113.15,522.6912,114.3314,102.7,53.9825,105.84,440.12,290.57,63.8392,193.8031,17.6706,132.8529,304.3832,75.3957,233.8542,106.372,855.18,144.8566,118.725,205.5636,43.3279,212.9549,92.74,560.4,140.36,523.76,228.59,83.4177,32.5573,111.6283,247.0,177.1,143.44,55.51,165.061,111.3318,188.719,16.2687,44.4813,280.0508,158.57,183.5032,99.1712,26.8482,245.02,488.9743,31.4393,340.68,
2023-08-04,62.4163,194.38,251.41,68.4901,85.5127,140.17,67.2614,49.2874,34.5369,124.82,119.2669,304.65,320.8885,107.9743,33.809,204.2892,156.1149,44.9,159.49,381.92,69.1502,29.4809,94.4193,484.5841,385.7323,131.293,56.77,201.57,231.5349,115.82,526.9695,112.7907,102.31,55.4148,106.88,441.42,284.1803,62.4461,192.4318,19.0751,132.6598,299.4594,73.9319,234.0795,106.2237,841.02,142.7496,109.16,202.5809,42.7501,211.9966,92.63,551.63,140.0,526.88,229.0,77.7708,32.7002,114.2615,245.72,180.86,141.22,55.77,163.0165,111.2248,179.6567,16.3157,44.6462,271.4267,158.71,180.4942,99.3712,26.8102,246.97,488.9743,30.9992,336.83,
2023-08-07,64.0774,195.6,248.23,68.8084,87.0074,143.2,68.7128,49.6433,34.6255,125.88,119.2085,306.7,323.1695,108.1432,35.329,209.0977,156.5969,44.8175,160.77,383.08,68.6259,29.7717,94.9346,494.3154,391.1731,132.1651,57.7,203.715,236.302,116.81,531.5617,114.6983,103.59,54.9625,106.72,444.0,286.8125,64.0542,197.2652,20.0431,134.444,303.1738,74.4166,236.5477,107.717,861.27,147.3753,107.62,202.7192,43.5238,213.4488,95.33,554.89,135.45,529.73,232.44,79.0288,32.7379,112.2302,246.78,179.67,142.9,55.07,165.8711,112.8382,176.557,16.4847,45.3821,272.9451,159.13,182.1712,100.1622,26.6678,246.84,497.1209,31.0085,341.7,
2023-08-08,62.854,196.1,253.68,67.7762,85.6592,139.55,67.801,49.6901,34.419,125.2,120.9394,302.39,319.1948,107.6562,34.74,207.3387,154.5301,45.1125,159.82,377.59,66.9147,30.0626,94.322,486.7021,387.5459,130.2502,58.57,203.23,233.9656,113.23,519.7671,113.6253,101.38,54.3311,106.2,435.99,285.2958,62.6985,197.1096,19.2459,134.1957,302.4828,74.0364,234.3733,105.0963,856.16,145.0526,105.74,200.7043,43.4699,209.023,94.95,552.83,135.77,520.6,228.93,78.7679,32.482,110.6503,244.54,175.73,142.84,54.53,164.4438,111.9927,177.4948,16.9732,44.6302,270.4046,156.91,178.8267,98.8802,26.3165,243.55,492.7426,30.7463,337.14,
2023-08-09,61.6902,203.6,257.89,67.4676,82.5138,137.87,66.8318,49.6246,33.6916,125.05,120.6185,297.44,315.4552,106.5728,26.613,204.9297,155.0305,44.365,159.13,378.66,65.9751,29.8263,94.8666,482.6222,388.019,128.6481,59.78,204.77,235.8215,110.47,511.2695,114.5675,99.09,54.4442,105.1,428.96,280.7164,62.5115,196.0496,19.7869,132.5584,299.0083,73.1049,234.8337,105.3039,854.77,142.2596,106.735,202.087,43.3083,203.3721,102.99,550.33,138.46,513.78,225.3,78.3299,32.0455,109.6252,260.04,200.44,142.68,54.41,165.7746,109.9225,175.9054,16.6068,42.5218,273.7336,156.67,177.1018,97.4801,26.364,239.52,488.6988,30.4934,338.4,
2023-08-10,62.4561,205.01,255.42,68.5673,81.7543,135.97,66.8649,49.9804,34.0848,126.01,124.197,298.01,316.1404,105.9863,27.712,202.645,155.2993,44.075,157.73,388.47,64.7288,29.9717,94.6429,484.4084,391.4392,127.9751,60.56,208.06,236.0571,110.23,508.7575,114.8215,97.73,53.9919,104.36,431.39,285.2469,62.7827,197.0902,19.692,133.2654,297.9333,73.0384,235.6678,105.2446,859.09,141.7205,107.03,201.4549,43.0488,205.7332,103.95,555.0,136.46,515.83,225.61,77.631,31.7219,108.7224,268.61,204.12,142.51,55.26,165.6878,109.8156,175.6883,16.5505,42.3559,274.4831,157.52,177.006,98.1347,26.44,243.17,493.392,30.5871,337.88,
2023-08-11,61.2127,204.87,261.94,67.6026,80.4798,133.68,63.5118,50.3738,34.2912,125.59,123.3413,301.21,314.2608,105.1912,25.443,195.2076,154.0388,43.735,157.1,387.56,63.6704,29.7899,94.9638,467.5128,389.3102,126.1171,59.68,207.96,238.1863,107.57,492.7533,115.9068,94.57,53.0402,101.88,428.46,285.7264,62.5022,197.8877,19.7964,133.1445,296.628,72.9623,235.55,100.6064,860.11,136.056,108.98,203.4204,42.706,206.1778,104.34,557.44,135.2,508.45,226.07,76.196,31.5187,107.782,265.54,211.23,143.26,55.59,165.5817,109.8836,175.7476,16.5317,40.8241,278.3474,156.54,175.5686,97.4983,26.2786,238.74,489.7516,30.3717,339.96,
2023-08-14,62.9335,211.43,263.86,68.5865,82.8406,133.24,64.9955,50.4581,35.0677,124.47,122.3106,303.38,317.2271,106.345,26.946,198.1232,158.0057,44.53,157.95,387.79,67.5379,29.1536,95.4597,480.4416,392.8585,126.5152,59.66,211.48,237.376,111.98,514.8216,115.4542,97.12,52.7576,103.19,434.85,287.928,63.3997,200.9414,19.9862,132.0188,299.181,72.6677,238.3565,103.5832,875.66,139.0549,109.67,205.692,42.848,209.4972,103.95,566.21,138.59,522.25,227.9,77.3794,32.0605,107.2271,266.9,206.62,145.79,55.52,165.8325,112.3231,177.3984,16.5317,43.7199,277.4519,157.04,177.6576,98.9439,26.364,243.0,497.6522,30.3061,338.86,
2023-08-15,59.1537,199.83,267.98,66.9274,81.7175,129.85,63.8879,49.9617,34.1733,123.17,120.1518,296.5,315.0929,105.3603,26.422,192.8559,155.8554,44.9125,155.55,380.25,64.62,28.9445,94.9054,473.2383,388.7878,123.6808,59.17,209.53,236.4433,111.35,509.1598,114.161,94.13,52.6539,99.52,436.74,285.6872,61.24,199.0547,19.7299,131.9816,295.0443,72.5156,235.3439,100.7449,871.09,137.2811,107.83,203.5883,42.5101,206.2568,103.11,559.6,134.56,518.7,226.16,75.376,30.894,105.0265,264.51,203.05,145.01,55.64,162.3125,113.9948,175.4115,16.2499,43.9068,273.8017,152.87,173.7574,95.9164,25.9463,241.92,489.1711,29.866,334.15,
2023-08-16,59.3626,191.89,265.94,66.7827,80.7931,128.83,62.9585,49.5965,32.9546,121.78,120.2296,296.27,314.3277,102.9033,25.373,188.0761,153.594,45.3425,155.6,377.09,63.522,28.4536,94.1178,463.9111,388.7089,122.7139,58.18,203.65,236.3774,107.19,484.6482,113.1542,92.18,52.588,97.22,428.21,284.5619,60.0152,196.001,19.4262,130.8373,295.2746,71.6791,234.814,100.1317,848.8,135.4876,106.985,202.3438,42.0547,204.4884,101.68,549.5,132.875,514.49,223.24,74.3323,30.4199,103.5877,264.34,200.78,144.32,54.1,150.8944,112.0996,174.5416,16.0057,43.4531,274.1424,150.8,169.7805,94.1435,25.7469,239.47,487.6657,29.7348,331.04,
2023-08-17,58.2884,183.44,266.03,66.638,80.2218,127.99,63.1797,51.2541,32.0209,120.33,121.5326,290.09,310.8744,101.8489,24.406,185.9634,153.631,45.69,155.2,373.6,62.8692,28.1445,93.6511,462.8835,386.9841,121.7425,57.41,198.7,235.7933,104.44,476.2488,111.7686,90.03,52.8235,98.25,424.1,274.3756,60.707,194.8145,19.132,130.8559,293.355,71.3179,232.93,99.5087,843.48,134.8408,103.785,198.6302,41.8099,201.3765,100.21,543.64,131.44,511.67,220.31,73.708,30.322,103.5219,262.01,195.39,141.18,53.41,149.3225,111.6525,172.0011,15.9399,43.3107,270.0737,150.05,168.1705,94.4072,26.5349,233.7,478.6139,29.9971,326.85,
2023-08-18,59.104,181.91,271.98,66.6476,80.0996,125.06,63.6063,51.5444,32.1879,120.08,120.638,292.59,310.482,101.8688,24.355,187.9136,154.3076,45.135,155.32,372.17,62.8989,28.2354,93.4469,467.7868,386.5405,121.6092,57.16,199.68,236.5187,105.45,473.2461,111.2883,90.73,52.1922,98.96,426.02,275.2758,60.1648,194.7951,19.4519,131.5537,290.7635,71.5841,233.715,99.9438,846.13,139.8095,104.845,198.8574,41.7364,202.3545,100.9,541.5,130.34,508.13,220.55,73.9969,29.9081,103.5407,262.23,200.1,139.93,52.78,149.5058,113.1881,172.4855,15.9681,43.2662,270.2878,129.37,168.4197,95.189,26.7722,239.39,478.1318,30.1095,328.15,
2023-08-21,59.1935,181.7,267.53,66.6089,83.9114,124.0,65.1942,51.919,32.5713,119.09,120.2296,296.52,315.7797,102.3264,25.264,192.7412,155.6608,46.1675,156.17,375.05,63.2649,28.4445,93.8066,480.2655,387.5557,122.1615,58.39,202.02,236.5752,108.22,489.5348,111.3714,93.03,52.4655,100.62,436.47,277.5558,61.24,195.8843,19.853,132.363,294.1901,72.6772,234.9809,101.6053,845.4,145.7974,120.405,199.4401,41.854,206.5038,100.59,554.7,130.16,520.47,225.0,75.4206,30.4048,104.0861,258.05,196.94,140.97,52.88,149.6022,113.3144,173.82,16.0057,46.9315,269.7816,129.59,169.8284,97.3165,26.5824,240.44,480.3948,29.969,332.11,
2023-08-22,60.6557,176.5,269.36,67.4129,83.0045,127.08,64.9585,51.9377,32.3255,119.26,120.0448,295.97,316.3487,102.774,25.809,190.8675,154.8823,46.88,156.09,375.6,62.7208,28.1991,92.7565,476.3604,392.1291,121.6759,58.32,200.58,235.0867,105.66,491.2422,110.3369,92.37,52.0037,100.16,436.39,280.6968,61.6046,197.3041,19.6047,131.6281,296.484,72.7247,236.0701,101.6151,843.51,144.8958,117.28,200.487,42.0156,204.2612,101.23,561.82,128.32,519.48,225.51,75.149,30.4199,102.9482,262.24,198.96,141.52,52.12,151.0391,113.2659,175.194,15.7709,45.6334,268.5455,128.67,169.2917,95.7073,26.9052,242.62,480.0406,29.9315,332.62,
2023-08-23,61.4316,180.58,270.09,68.2557,85.021,128.13,66.0563,52.4247,33.3968,120.41,119.8698,302.83,320.8026,104.1666,27.761,192.2441,157.4032,47.4575,158.28,380.32,64.4815,28.3173,92.8634,483.7986,395.3029,122.8186,59.19,204.36,236.3962,109.43,509.7093,112.3413,92.88,52.0885,102.22,448.24,283.6421,61.857,199.2006,19.7671,133.4143,302.6651,72.7437,237.7677,104.1568,859.91,145.3574,117.83,202.6599,42.2898,206.6026,102.44,568.0,130.36,530.71,233.58,75.4862,30.894,104.5469,264.51,200.3,142.86,53.22,150.9523,114.5293,179.0393,15.9869,47.0803,270.3949,130.1,170.0775,97.4892,26.7153,248.83,492.7918,30.1563,339.64,
2023-08-24,60.3871,174.42,265.92,67.8392,82.8755,124.72,63.8976,51.7317,32.0307,120.66,117.8861,298.56,313.9059,103.0625,26.25,185.2847,153.4735,44.7975,155.8,375.12,62.9978,27.9536,93.7483,466.26,391.9616,121.4759,58.15,208.6,235.3363,101.8,478.8589,111.5469,89.96,52.0697,99.73,435.86,278.4658,60.679,196.3136,19.2514,133.5445,301.5134,71.7932,234.9907,100.9822,846.91,139.9753,113.725,200.0722,41.8882,203.0263,101.65,549.54,122.34,512.43,228.04,72.8354,30.006,102.0454,262.03,196.01,140.24,52.26,152.2542,109.7378,174.3538,15.6863,47.1273,268.2632,127.7,166.4456,94.7617,26.4779,242.09,490.4698,29.9221,339.26,
2023-08-25,60.8646,177.45,268.39,67.8682,82.6195,125.79,64.3204,52.1625,32.6793,121.48,118.3528,304.89,316.8588,102.6745,25.396,187.5599,155.531,45.225,157.29,378.79,63.0275,28.0354,93.1454,471.4766,397.1066,122.5044,58.81,215.92,238.4029,102.25,479.9088,112.5723,92.32,51.5797,101.53,442.24,280.6116,60.2302,198.9665,19.2896,135.219,305.9477,71.0232,238.0327,102.6338,851.89,141.7824,115.38,203.2031,42.2604,206.9385,102.82,563.65,124.09,525.06,232.51,74.3434,29.72,103.7476,265.24,198.43,144.85,52.15,152.7267,112.7993,176.5581,15.6112,45.9832,271.3585,129.2,170.7292,95.8164,26.6583,244.08,510.6888,30.3717,342.49,
2023-08-28,61.342,176.76,269.92,68.4107,83.5176,126.155,64.9098,52.6307,33.043,122.74,121.8341,308.15,317.5652,111.7762,25.516,190.4564,156.3559,45.49,158.82,384.25,64.6002,28.4809,94.1859,476.1353,401.5913,123.5614,58.7,217.09,239.6654,102.61,484.609,112.8771,93.63,52.7293,103.78,443.68,281.8462,61.7682,201.7462,19.4901,135.8423,308.0113,72.2494,239.2691,103.415,865.0,142.8235,116.21,203.9834,42.4318,209.1613,103.22,568.31,125.3,529.92,233.55,75.2052,31.165,105.0265,270.84,200.71,145.49,53.26,153.0257,113.5574,178.12,15.7709,46.7996,273.4026,129.26,172.8087,97.1798,26.7817,245.37,510.5117,30.5777,344.49,
2023-08-29,62.1676,181.61,273.49,69.1663,86.3158,132.25,66.6954,52.9678,33.7211,122.73,121.4062,314.21,322.1859,114.7902,26.163,196.1253,158.2003,46.3625,161.19,391.59,65.9553,28.5172,94.1567,487.2828,405.7409,124.9328,60.63,219.4,239.6277,105.92,503.2036,112.6739,97.61,52.5031,105.75,451.57,287.1274,62.0814,202.4191,19.6143,136.2424,310.4492,72.6391,240.7509,106.1841,888.34,147.3021,116.96,204.7933,43.0488,209.3984,104.4,578.87,129.05,540.57,237.79,76.7788,31.2703,107.0014,271.69,205.14,146.59,54.24,151.8974,117.2604,182.0048,15.8178,48.7471,274.522,132.26,174.9457,98.6256,27.0665,253.15,527.8478,30.8118,348.98,
2023-08-30,63.0827,184.96,279.11,69.2535,86.5438,130.61,66.8785,53.202,33.9374,122.59,123.6428,315.96,322.5587,115.1582,26.792,196.8136,156.8471,46.775,162.74,397.96,67.35,26.6264,95.2555,487.6939,407.9684,125.6375,61.22,221.55,240.1741,106.59,505.4801,113.1819,98.85,53.0402,106.46,457.28,287.7349,63.7363,202.9751,19.3469,136.6238,310.2572,72.6486,241.6242,106.1841,898.69,148.2547,118.95,206.5414,43.2349,212.4411,104.64,588.24,128.11,545.36,239.88,76.7975,32.0003,107.2761,273.24,211.1,146.43,54.25,154.0576,117.7172,185.4943,16.3063,49.2267,275.6511,132.58,173.997,98.8086,27.0665,255.37,531.8719,30.9441,351.64,
2023-08-31,62.1776,189.12,275.01,69.3697,89.5127,131.55,68.4245,53.7077,34.5369,121.39,123.1955,318.87,321.5482,113.8154,27.508,196.6606,155.7627,48.8075,163.66,398.43,69.1799,27.0082,94.8179,491.1879,406.7167,126.0755,60.21,221.94,239.8726,105.72,511.4363,112.9048,98.46,52.6351,107.39,458.89,288.8911,66.1859,205.9401,19.3374,136.5959,310.7563,72.9053,241.0845,106.788,904.59,150.0324,121.65,205.2278,43.279,218.7836,105.09,588.83,126.53,559.34,240.44,76.657,33.8668,108.4694,271.73,212.91,147.17,54.79,151.1934,117.0077,185.7118,15.9587,49.3177,276.021,133.3,174.1982,99.5041,27.8606,258.99,533.0821,31.0008,349.68,
2023-09-01,63.2319,186.37,275.95,69.486,84.6272,132.69,68.3816,54.1666,35.9817,122.81,125.7529,319.03,322.4312,114.8101,28.216,200.7139,157.4032,49.34,164.61,396.66,69.625,27.6082,96.1112,496.2283,409.6046,126.9135,60.87,220.02,240.9467,109.45,515.0767,113.0618,99.4,53.4077,108.45,460.45,289.8219,68.9067,207.92,19.5474,137.6285,314.5667,73.7608,243.4691,107.3721,896.56,151.2405,121.36,202.6204,43.372,218.8527,105.35,590.88,128.73,563.21,243.56,77.0785,34.5893,109.2792,272.86,215.39,146.75,55.06,152.4471,117.5325,187.2835,16.8886,48.4723,276.1281,133.88,175.6521,100.3642,28.0424,258.55,540.7466,31.0385,350.04,
2023-09-05,63.401,186.48,273.25,68.7498,84.5933,142.29,68.2657,53.6234,36.08,121.81,123.0107,317.46,327.2285,112.1641,28.028,198.4292,157.3198,49.365,164.59,392.13,69.5261,27.3991,94.7693,501.6406,405.593,124.7613,61.91,219.46,238.2145,110.78,518.8055,112.1104,99.31,52.4278,107.17,466.85,288.1856,66.2794,207.3933,19.6811,137.8053,313.0502,75.5572,240.7509,105.5505,892.71,150.8673,122.535,203.7068,43.0782,216.047,104.55,597.16,127.77,564.88,245.51,76.3948,34.4613,110.3825,273.18,212.25,146.11,53.47,150.5473,120.4968,187.5207,16.729,48.5113,273.5876,134.56,174.7952,99.861,27.7554,259.92,541.7109,30.4151,350.35,
2023-09-06,62.466,182.09,272.38,69.0694,84.603,141.77,67.8244,53.5297,36.3453,122.5,123.8372,320.97,326.5712,111.0898,27.403,198.6395,155.7535,49.385,163.82,390.64,69.6447,27.39,93.8455,502.541,407.2489,123.8566,62.23,222.2,236.5187,109.28,513.3694,111.1867,99.49,52.1262,106.24,465.69,287.2254,66.5973,208.0175,19.3278,137.7402,313.1846,75.966,241.5555,104.521,907.88,150.4449,122.605,203.0451,43.0733,218.9416,103.8,598.51,123.03,561.94,246.7,75.9264,34.1979,108.6115,275.48,213.5,146.0,53.04,148.2231,120.837,180.8087,16.6726,47.0293,273.4415,133.98,175.4114,97.1615,27.985,261.74,542.0749,30.094,350.58,
2023-09-07,61.3221,180.5,264.24,69.021,83.1248,143.27,65.9209,53.1832,37.5248,123.1,123.1468,318.48,323.6575,108.0759,26.748,195.0259,152.6579,48.885,161.45,390.91,69.1106,26.6537,93.0968,486.5977,408.6683,122.0663,63.17,221.01,236.8217,106.59,496.6489,111.0204,98.51,51.7362,98.72,458.09,282.777,59.314,207.6469,19.0986,137.2378,315.0082,74.9584,242.5172,98.69,904.22,145.5833,122.72,205.1883,42.4808,219.8406,104.07,599.32,122.23,560.46,241.46,74.0905,32.6852,100.7696,272.07,216.06,144.89,52.04,146.0943,121.5756,175.5202,16.2405,46.2098,274.8919,131.6,171.8296,90.024,27.4205,263.2,544.6921,29.7728,354.01,
2023-09-08,60.6557,183.21,256.37,69.1082,83.1752,145.82,65.1591,53.0709,37.3576,121.6,122.437,314.35,327.9349,106.7628,28.066,194.1082,152.6115,49.1175,160.55,392.17,69.4172,26.7718,93.1551,487.136,408.8851,121.7616,64.07,219.19,236.1116,106.09,491.4777,111.3437,97.92,52.6304,99.34,459.14,278.5736,61.1184,207.4225,19.0891,137.3866,312.388,75.177,242.6644,98.6999,899.72,144.8958,124.37,204.013,42.0596,222.0437,104.68,600.07,120.23,560.36,237.99,73.7908,32.7153,100.5234,271.84,214.71,143.64,50.98,146.5007,122.7711,176.1331,16.2875,45.5413,274.9795,132.3,170.8764,90.9391,27.8128,265.35,541.6912,29.6311,354.15,
2023-09-11,61.6007,179.37,254.77,69.0985,83.3295,147.33,64.6526,53.2301,37.9278,121.68,121.659,315.0,331.5353,107.0513,27.732,194.5384,153.7052,48.2975,160.66,387.67,69.2689,26.8718,93.2524,483.642,410.7085,122.2663,65.07,218.74,235.0038,105.32,477.0436,110.7433,97.85,52.8111,97.21,461.82,280.1805,60.1274,206.0083,18.4397,138.0379,312.7719,74.6447,242.5957,97.908,904.93,144.0905,126.57,199.766,42.3339,222.587,104.75,605.94,122.19,564.5,243.24,74.4277,32.2863,104.4443,272.65,213.19,143.28,50.79,146.4814,123.1501,177.2995,16.1842,45.1475,275.9626,132.72,171.0497,89.8868,27.5928,266.42,540.4515,29.31,350.42,
2023-09-12,62.476,180.94,251.31,67.936,81.9114,147.5,63.7751,52.8086,38.1931,121.65,121.659,312.6,325.4822,106.6435,26.768,191.6658,151.5271,47.2575,160.22,382.31,69.5458,26.5417,93.1357,475.46,410.2946,122.3425,63.5,211.8,234.8333,105.31,465.0527,110.6232,96.79,53.0014,94.51,454.36,278.407,58.6408,203.7846,18.6116,136.1028,302.2332,74.4451,242.6742,96.8487,890.35,141.3994,122.865,196.0326,42.4073,218.9811,104.01,588.84,123.35,542.21,236.46,73.4068,31.8348,105.344,272.07,211.93,140.12,50.49,148.049,106.5305,174.2747,16.0433,44.8397,273.8114,131.65,168.5463,88.6789,27.4971,262.82,537.2046,29.65,350.27,
2023-09-13,62.5058,170.5,250.18,68.4882,82.7271,144.715,64.3575,52.7056,38.0457,121.3,122.3397,311.28,329.6909,106.8424,27.096,192.5305,152.3335,47.0225,160.36,378.61,70.08,25.9822,92.4064,473.3068,410.3241,122.133,62.62,212.26,234.6345,107.71,461.5398,110.1983,96.83,52.5543,94.34,466.86,273.7626,59.2672,203.1896,18.1628,136.3354,301.2926,74.1125,243.1943,96.6804,897.46,141.9985,123.145,197.0104,42.3632,216.1557,104.79,591.38,119.6,553.56,241.13,73.6878,32.5272,106.6794,272.29,209.86,138.68,50.37,146.5782,108.6979,172.2087,15.8635,45.4543,272.6239,131.89,169.6247,88.4318,27.1814,262.31,533.2199,29.5272,353.19,
2023-09-14,64.0973,177.0,254.79,68.7498,84.5419,144.12,64.1396,52.7899,38.0063,122.2,122.4566,317.98,332.2809,108.1057,27.077,194.7305,153.8998,46.89,160.72,381.42,71.0097,25.5145,92.8554,469.6855,407.4066,123.0281,63.1,216.67,235.089,106.63,470.1846,109.8658,96.47,53.6291,96.1,466.15,274.6837,60.0713,204.6136,18.3538,137.0796,303.8649,74.6638,236.9827,96.9774,906.52,141.9887,122.91,197.9388,42.3632,216.1359,105.52,590.11,122.31,552.16,242.82,74.9616,32.8809,108.0053,273.67,212.51,140.8,51.69,147.8071,110.4668,173.7211,16.2797,45.5503,278.1213,133.12,172.9946,90.811,27.1239,269.38,538.7789,29.735,356.52,
2023-09-15,63.8685,174.05,251.38,67.9748,82.6059,142.75,60.8839,52.4809,37.2299,121.05,121.151,310.72,323.9616,105.4995,24.926,189.6291,150.7208,46.18,158.47,375.38,69.1205,25.0743,91.7915,444.5521,408.3627,120.6379,61.02,213.35,232.2674,101.49,455.5248,107.1224,93.1,54.1238,95.93,451.93,272.3125,59.6038,201.8925,18.1819,135.8144,299.9681,73.8748,236.5608,94.5322,891.4,135.7815,120.1,198.245,41.9764,212.0163,104.5,579.58,120.3,528.89,234.08,72.7136,32.8131,107.153,272.86,206.21,141.45,51.34,149.4908,110.7097,172.9995,16.1473,43.8704,276.5395,132.86,171.5215,89.8684,27.2005,263.66,529.4122,29.4989,350.14,
2023-09-18,62.6053,167.74,253.2,68.0232,82.443,142.55,62.1092,52.5464,37.3381,121.2,120.1377,311.92,322.8236,106.2655,24.43,191.464,150.9154,46.505,160.81,390.16,69.7338,25.0559,91.3327,446.7934,411.1422,120.914,60.45,213.52,234.1327,102.37,454.5043,107.4364,94.6,54.4662,96.87,460.01,270.5292,60.0526,203.5408,18.1532,134.9772,303.1834,72.4015,240.0836,95.7894,903.12,137.7654,119.945,197.2573,42.3298,212.4016,105.59,578.51,117.16,532.42,236.83,73.0134,32.8508,106.7836,275.09,208.18,143.27,52.12,150.1681,109.0575,175.9255,16.0811,43.9364,280.6308,132.75,173.0428,90.1338,27.057,259.37,526.3917,29.8201,351.83,
2023-09-19,61.8593,169.18,252.17,67.8973,82.3654,141.85,61.0832,52.2936,35.7163,120.69,119.7869,309.25,322.4214,106.534,24.774,191.3199,151.2027,46.2075,161.27,392.65,69.9415,25.2852,91.4498,447.5764,407.5939,120.9045,60.44,212.06,232.7692,101.61,449.1957,107.2887,94.24,55.3889,95.65,460.02,271.3229,60.6509,203.5212,18.1437,136.3075,304.5752,72.2779,239.0042,96.8091,909.97,135.2511,118.085,197.929,42.3593,213.0932,106.62,572.33,122.09,541.69,236.56,72.8541,33.054,104.861,274.32,203.8,142.7,52.31,147.749,109.6018,177.0129,16.1473,43.4907,279.0685,132.96,172.1088,89.5116,27.2483,263.11,520.6654,30.1129,354.7,
2023-09-20,60.5363,169.24,235.83,67.3354,80.9972,138.01,60.4686,51.9752,34.0946,119.69,119.5433,310.21,314.6907,106.7628,24.307,187.3041,150.2388,45.6875,160.72,392.53,68.9227,24.8175,91.606,442.5555,404.6271,119.457,60.15,207.73,230.8993,100.34,444.368,106.8268,92.84,55.3033,95.21,453.28,263.063,61.3615,203.8431,18.2869,139.3868,304.0665,72.316,237.336,95.0272,903.87,134.5244,117.65,198.2746,41.6328,210.4554,108.49,570.55,123.97,535.78,234.2,71.8613,34.356,103.4404,275.18,203.35,142.89,52.27,147.9329,109.699,173.474,16.1757,42.2105,279.0099,132.54,169.538,88.1481,26.9996,267.0,515.1556,29.8673,357.22,
2023-09-21,58.3083,166.24,228.68,67.0448,78.8312,132.75,59.641,49.9524,34.0553,116.72,116.6592,300.76,313.4742,104.8132,23.154,186.3818,148.6632,44.465,157.51,384.27,67.162,24.579,90.1907,437.4075,397.5699,117.3429,58.78,204.06,226.0278,96.11,432.122,104.6653,90.93,54.2665,94.55,444.27,256.41,61.1932,199.9808,18.1246,137.1076,299.4594,72.1449,232.1842,94.651,889.84,132.7761,113.72,197.8598,40.9111,206.0889,107.93,549.53,124.85,513.88,228.58,71.2712,33.4453,102.2471,269.95,196.13,141.79,50.86,143.801,106.3556,171.9319,16.0622,40.9893,272.5946,131.0,167.3812,88.1024,26.5308,260.29,496.2452,29.4517,349.2,
2023-09-22,57.5722,162.45,227.15,67.4323,80.8519,132.2,60.4931,50.1677,33.5934,116.08,116.1039,302.91,311.002,107.0314,23.575,189.0622,148.5798,45.085,158.66,388.58,68.1314,24.5515,88.951,442.2032,396.4463,117.1715,58.24,204.04,226.6243,96.2,440.8649,104.3328,93.81,53.3818,94.13,446.85,251.9714,61.614,200.683,18.01,136.6703,303.385,72.2589,230.6828,94.4431,889.51,133.7386,114.255,197.2573,40.9062,203.9352,107.55,554.09,119.92,512.9,230.66,72.1985,33.9721,101.9819,269.98,195.42,140.65,50.22,143.1043,105.9668,172.782,16.1,41.5819,271.1983,130.98,168.9603,88.2305,26.7221,261.0,500.3776,29.4895,356.26,
2023-09-25,58.547,164.34,228.15,67.5486,81.3209,134.14,60.6372,50.0835,33.7015,116.09,116.4936,301.73,311.5219,107.1607,24.886,190.34,149.1267,45.295,158.52,389.04,67.8346,24.1205,89.1755,445.6972,396.7124,117.162,58.11,205.67,227.2587,97.38,444.6526,105.626,94.46,53.2487,96.5,447.83,253.108,60.9052,199.9418,17.8572,136.2703,304.2488,71.7742,228.995,95.4726,889.98,134.1511,113.265,198.4623,40.8719,203.8463,107.61,559.48,121.1,511.6,231.25,72.5263,33.5808,104.5864,271.27,193.24,140.87,50.16,142.9592,105.2574,174.0572,16.0527,42.1935,270.1437,130.79,168.9122,89.4567,26.6934,265.17,500.1218,29.2533,357.91,
2023-09-26,58.6166,161.39,223.96,66.4927,79.5948,132.28,59.2121,49.3624,33.2494,114.56,114.389,295.12,306.2243,104.4451,24.921,187.3329,146.4018,44.48,155.61,380.84,67.2016,23.5885,88.8046,435.685,389.7044,114.7717,57.43,201.66,224.6265,95.96,436.204,104.1203,90.15,52.8872,94.81,444.35,248.4832,59.9319,195.2992,17.2938,133.2561,298.1253,71.1468,225.3544,94.8688,871.22,131.686,113.395,197.8203,39.9883,200.0428,106.25,544.63,119.15,506.3,229.26,71.2337,33.3174,103.9139,261.55,189.61,138.2,49.16,142.7657,101.9334,169.9845,15.873,41.8827,267.0582,130.03,165.937,87.7821,26.3298,256.86,495.0843,28.4504,349.99,
2023-09-27,57.0351,158.61,225.91,66.0664,79.6553,134.03,59.986,49.8212,34.0161,113.19,112.2941,294.34,306.8619,104.6242,25.754,188.9758,146.5686,45.4,157.59,385.31,67.4687,23.5152,89.7905,436.0765,389.803,114.6955,58.14,202.28,229.7299,98.07,432.907,107.6212,92.05,52.8301,94.56,446.71,251.893,60.754,193.7875,17.0933,133.191,301.7437,71.2419,225.2072,95.5122,885.61,132.6485,115.95,197.9981,40.4301,200.2799,106.96,546.38,120.11,502.6,230.65,71.6552,33.5356,103.412,258.86,194.65,138.47,49.21,143.6365,101.6807,168.4721,16.1473,42.4394,266.5504,130.4,166.3895,88.1207,26.3107,256.8,500.0529,28.3938,349.19,
2023-09-28,57.8706,161.5,236.87,65.7177,81.1366,136.47,61.3148,50.4581,34.5762,113.55,113.1223,297.86,307.6958,124.2897,26.938,192.6554,147.4491,46.1075,161.27,389.58,64.4914,23.451,89.9369,448.3398,393.7062,117.9048,58.6,207.89,230.3738,102.76,444.453,108.1846,94.05,53.0965,95.47,460.71,252.2653,62.077,197.8741,16.9978,131.7118,288.6808,72.4775,227.3268,98.6801,886.84,135.752,117.59,200.092,41.2744,200.7442,107.04,553.52,120.02,504.67,234.01,73.6316,34.4688,105.2209,258.53,196.08,141.2,52.41,146.762,103.1678,168.7291,16.677,43.0599,267.7319,132.64,169.8558,89.5756,26.636,259.85,503.9885,28.6393,346.42,
2023-09-29,58.1491,161.59,236.53,65.6208,80.9981,137.21,61.2415,50.3457,34.9399,112.96,112.4306,297.55,309.7658,126.2195,27.422,192.0693,147.3749,45.9825,161.14,386.14,67.2906,23.5702,89.9564,448.8976,390.2268,117.6381,58.68,206.91,227.7889,102.82,454.3665,106.5312,92.95,52.5733,95.47,458.97,254.0388,62.3227,196.7817,16.8832,130.521,294.7659,72.1259,225.7076,99.4523,868.53,135.9779,117.22,200.0327,41.2302,200.3293,106.54,558.96,120.15,509.9,234.3,73.107,34.3409,105.183,255.34,198.99,141.68,53.86,146.2492,102.9442,169.2432,16.4311,43.4697,265.8278,132.31,168.5848,90.2162,26.5882,255.69,502.7094,28.781,343.61,
2023-10-02,58.2486,156.34,233.63,65.6402,81.4243,136.56,61.6431,50.9357,34.8515,112.85,112.9372,297.4,315.7012,128.189,28.886,192.3287,148.2462,46.9525,161.96,382.36,67.2214,23.5427,90.9715,450.8257,390.1677,117.3429,58.63,208.99,226.6432,103.27,451.7504,105.0995,93.37,51.5936,95.12,463.82,254.7933,62.5495,196.021,16.7399,130.9862,295.8697,72.0498,226.9441,99.6602,863.59,137.019,118.385,199.845,40.5724,201.2481,106.83,555.23,116.84,521.13,236.49,73.4068,34.2205,105.2209,255.88,196.15,140.84,52.84,145.0203,103.712,171.754,16.4973,44.7518,266.4918,131.7,168.9122,89.9051,26.8369,251.84,509.4589,28.5354,346.0,84.3186
2023-10-03,56.9953,151.25,230.33,65.1946,79.4622,127.73,60.3954,50.6055,35.0774,111.05,108.9911,287.39,307.4506,126.9058,26.997,187.5347,145.7437,46.2225,159.51,380.84,67.0928,23.9645,90.4347,442.2228,385.4465,116.4001,57.61,203.28,227.6374,100.08,441.5124,105.5244,89.76,51.1275,93.73,450.72,256.263,61.8219,196.7915,16.5776,130.6048,293.9213,71.1563,224.5301,97.5714,836.54,134.2788,115.855,198.8277,40.3417,197.415,105.62,541.24,114.22,507.03,228.69,71.8894,33.7313,104.3591,249.77,192.06,137.84,51.75,141.8948,101.5835,170.4195,16.0149,43.4877,265.0955,131.3,165.1378,88.7887,26.3585,240.52,499.3051,28.356,341.7,76.3245
2023-10-04,58.2585,151.82,230.94,65.4271,80.3379,127.41,61.7897,50.4169,35.3134,112.97,110.0434,290.82,312.9101,129.5418,28.04,190.4072,146.411,46.5075,155.82,384.58,67.3697,23.882,89.1463,451.2368,388.1077,117.5238,58.26,207.06,231.0081,104.07,449.6163,106.485,89.99,51.6506,94.1,461.32,255.9005,62.3416,200.3514,16.3675,131.2374,296.9543,71.6031,226.895,99.2642,860.85,136.8128,118.22,201.9784,40.9111,199.4303,106.54,548.64,117.18,518.42,235.05,72.8448,34.085,104.0371,251.32,194.61,139.63,52.3,142.727,104.0716,171.665,16.0906,44.0113,267.771,130.37,167.3331,89.2828,25.9089,241.61,509.1244,28.4032,347.3,77.0675
2023-10-05,57.1743,145.35,222.54,65.5821,80.3428,124.99,61.1497,50.0584,35.2741,113.15,111.1931,290.18,313.3074,128.3183,28.76,187.7748,143.7603,47.0075,155.58,381.8,68.2995,24.0563,88.2873,451.2661,389.1046,115.1621,58.02,203.96,230.4211,102.91,444.2957,106.1063,88.17,51.508,93.92,459.75,257.3016,62.9559,198.0302,16.2243,131.656,297.2134,72.2633,229.1127,98.5416,862.53,136.7931,118.39,202.5512,40.5675,199.5686,105.66,547.17,116.01,516.44,234.77,72.4514,34.7021,103.9897,252.07,196.11,139.82,51.4,143.772,105.3059,172.9007,15.8825,44.6579,266.7945,129.28,165.7059,88.5416,25.3253,238.01,508.8681,28.0348,352.14,73.749
2023-10-06,57.4628,148.56,223.85,65.7177,82.4297,126.36,61.3725,50.4169,35.5688,114.06,111.768,296.51,321.0577,129.2633,28.967,191.2047,145.512,48.505,156.32,388.24,69.3201,23.7536,88.8046,458.0878,392.8259,118.0571,59.93,210.04,233.2805,107.24,465.8535,108.4433,90.93,50.8326,94.83,473.26,264.8266,62.4172,200.5563,16.5681,132.1305,299.6417,72.2155,230.6435,99.6602,873.52,137.7851,123.345,204.655,40.9259,204.854,105.76,560.72,119.16,526.68,243.95,74.5027,34.9204,105.0126,254.54,199.7,140.34,51.34,144.1494,106.8707,175.451,15.9203,45.7311,269.636,131.06,167.5064,89.9691,25.4592,244.15,525.6234,27.9404,353.6,77.2458
2023-10-09,57.6518,143.8,222.58,66.047,83.4654,127.77,61.3314,50.8602,35.4412,114.36,110.8813,300.91,323.5692,133.2919,29.0,190.34,145.2525,49.1,155.98,392.95,68.8445,23.9187,92.1526,456.835,389.6377,117.2286,59.51,210.56,236.8785,106.97,468.1548,110.069,90.93,49.7387,94.9,479.92,270.1275,62.5873,202.9848,16.5394,132.2886,299.469,72.7513,230.0548,98.0565,889.39,137.6476,126.39,205.2081,40.7982,204.7156,105.73,564.43,119.75,529.29,247.34,74.3996,34.1678,105.8839,259.63,208.81,139.94,51.82,143.0172,107.2206,176.9338,15.9392,45.2425,279.5664,131.16,166.8806,89.8776,25.6601,247.23,527.2102,27.8081,354.06,73.9075
2023-10-10,57.413,151.56,222.4,65.7371,83.7121,131.59,61.9851,50.813,35.8048,114.65,112.2649,303.28,322.1663,133.6201,31.031,193.8274,146.1237,48.6825,157.89,392.0,68.4382,24.2397,92.0355,464.0481,395.1949,118.3999,59.4,212.47,235.9033,109.01,481.9039,109.3947,93.32,50.5092,93.26,490.11,269.4514,62.9181,204.9647,16.8927,132.2049,299.7665,72.7226,232.1744,98.5911,889.15,138.8753,128.39,205.7217,40.9701,204.3798,108.19,558.3,125.75,532.72,249.75,75.6642,34.1302,106.3669,261.45,215.29,142.34,52.07,144.0042,106.6277,176.3407,16.0149,45.7671,278.3361,132.31,169.4321,89.9508,25.3253,245.62,532.3354,27.6287,355.82,74.2938
2023-10-11,57.7612,151.5,217.16,66.202,85.2871,130.0,62.7033,50.615,36.247,113.55,112.2259,304.88,326.1199,137.7681,30.886,195.4703,145.8179,47.965,157.33,392.42,69.5678,24.6065,93.3532,472.3574,394.6421,119.4475,58.97,213.2,236.1968,108.31,493.7449,109.6072,95.14,50.5282,93.42,494.95,272.4791,65.7342,208.5442,16.9309,133.2468,301.2218,73.7273,231.2716,98.5614,904.68,139.6413,129.605,207.4995,41.5493,204.3501,108.37,558.67,128.61,549.91,252.98,76.0857,34.9129,105.2399,256.24,220.0,143.52,52.53,142.4173,106.9496,177.7345,16.2325,46.7744,280.8261,132.92,168.4211,89.5665,25.0669,248.92,533.7842,27.487,360.82,73.7688
2023-10-12,56.0553,149.39,210.87,63.8965,88.3141,125.97,63.996,50.7942,36.2078,112.68,111.1054,300.68,324.8838,138.3848,29.321,194.4135,143.6584,48.2525,155.01,387.06,69.112,24.5332,92.2502,490.4441,394.731,118.6571,58.0,212.77,234.483,108.79,484.8936,109.5148,93.05,49.0824,92.99,496.23,263.1218,65.5357,206.3594,16.5203,131.3955,293.3381,72.6556,232.351,98.3931,892.34,142.411,130.31,206.3538,41.3039,203.1943,107.66,560.15,124.58,559.63,252.2,75.4113,34.3334,105.5571,248.9,215.41,144.14,50.28,139.7853,106.4326,178.634,16.0338,46.9133,281.49,129.74,167.1502,88.7155,24.7799,237.55,535.5879,26.5707,357.9,73.5311
2023-10-13,55.4535,147.92,206.92,63.7221,86.1277,124.08,63.0345,50.7187,35.3527,112.48,110.1408,293.13,321.5188,135.2614,28.52,186.8621,141.573,47.4625,150.51,375.16,68.577,24.3039,92.6211,476.4485,392.8851,115.6573,57.76,209.47,234.341,105.09,467.8893,108.979,89.14,49.2916,90.92,489.67,259.6238,64.6663,202.146,16.3484,128.8093,290.8997,71.7275,233.2244,94.6411,895.34,138.6199,129.7,204.9118,40.2043,202.1174,106.61,549.66,123.81,548.76,250.25,72.5544,34.3936,102.91,249.42,215.43,142.86,49.91,140.7239,105.5937,176.7954,15.5892,45.4303,281.3631,128.93,164.7142,86.5651,24.5503,238.59,525.377,26.3818,358.22,71.1735
2023-10-16,56.6969,151.29,214.97,64.6812,88.0186,125.19,63.5797,51.0866,35.9326,113.58,112.2552,297.17,326.3357,136.4153,29.169,191.9348,143.0096,49.21,153.94,383.98,68.4482,24.6524,93.1287,480.7548,395.9747,118.3523,59.14,211.78,236.0074,106.46,475.1375,109.6718,91.69,50.0336,92.22,491.96,264.6797,65.1577,203.6675,16.7113,129.507,294.2826,72.6748,235.5795,96.027,886.6,138.4824,130.76,208.576,40.9308,206.0098,107.38,551.63,127.11,550.74,251.42,73.95,34.4312,104.6621,249.94,220.05,144.42,50.7,143.114,106.0425,176.6669,16.1852,46.0639,286.4113,131.44,166.3317,87.6997,25.153,245.2,533.114,26.8258,354.94,73.5113
2023-10-17,56.856,158.06,212.99,65.0686,86.2467,125.71,63.5064,50.8791,35.4412,114.99,113.21,297.69,325.7667,136.6938,29.854,189.9557,142.9725,48.8525,152.98,387.57,68.3689,24.8542,93.1873,475.9983,396.5768,118.5809,58.65,213.99,236.0737,105.14,468.6859,110.0505,91.69,50.9943,92.76,492.05,269.6768,65.1483,203.7456,16.9023,130.5396,297.0872,73.6029,236.6883,95.5518,918.29,140.1717,130.87,211.6279,41.0682,207.304,107.64,568.47,129.24,560.09,250.02,73.9126,33.2195,106.2627,251.65,222.54,146.17,50.49,144.2074,106.3644,175.1149,16.0622,43.9084,283.0231,129.34,166.1969,87.535,24.9713,243.47,531.0245,26.6274,351.73,73.7787
2023-10-18,55.5033,153.13,209.12,63.9643,86.5031,122.17,62.7531,50.7187,35.0283,113.08,112.0993,290.48,323.8537,134.6845,28.503,185.6132,140.7111,48.55,150.99,379.4,68.5076,24.7991,92.016,469.1962,388.1274,116.1811,57.67,209.64,235.0606,102.17,453.442,109.2469,89.59,49.3297,91.7,485.73,262.818,64.7136,201.0732,16.8068,130.214,292.7694,72.5025,233.0281,93.1363,914.7,138.9244,130.67,210.4131,40.0275,202.3545,107.11,550.68,123.84,557.87,246.56,73.0508,33.4528,105.1073,247.76,219.53,145.14,51.57,142.3205,105.5937,173.82,15.7784,42.1675,281.4315,126.01,164.9067,86.2173,24.4259,235.02,519.8281,26.0701,349.82,71.7679
2023-10-19,54.5185,151.97,205.99,63.3928,84.6308,119.97,58.8164,50.2943,35.0579,111.97,109.527,285.92,325.0408,129.6512,26.505,180.5501,139.8954,47.87,148.51,377.0,66.9123,24.258,91.1765,455.1516,382.8565,113.6575,57.77,206.07,232.9965,102.4,426.5833,109.173,87.01,48.9112,90.98,482.37,260.1431,63.1921,197.8448,16.6063,128.3906,291.9695,71.804,229.4366,91.8098,919.26,132.0297,126.565,209.0501,39.7085,205.8024,106.99,559.98,115.9,555.74,245.06,71.9268,32.4067,105.3914,241.97,212.31,141.32,49.53,140.8981,105.6815,173.4443,15.4189,42.0726,275.2994,123.99,162.4515,85.6317,23.9858,230.73,514.013,25.9095,353.03,69.6282
2023-10-20,53.1061,150.77,204.55,63.6834,83.246,116.49,58.66,49.9264,34.3207,110.5,108.2798,279.72,320.4789,124.3593,24.858,178.4654,136.9945,46.5275,148.36,367.71,66.6052,23.8545,90.4933,452.5972,379.4412,111.9909,56.36,202.69,228.8304,101.81,413.0998,107.1501,84.83,47.9409,90.0,467.64,253.8624,63.022,195.4748,16.3866,127.5999,286.2446,71.0864,229.0146,90.8198,912.0,131.7252,121.55,205.5538,39.2028,201.2678,104.02,542.51,98.89,540.96,238.64,70.5874,32.2562,102.8816,239.0,210.86,137.75,48.79,138.4887,99.3508,170.894,14.4068,41.3591,274.6256,122.82,160.3332,84.3598,24.225,223.33,499.5147,25.6639,348.76,69.2716
2023-10-23,53.1658,151.32,205.29,62.9859,84.0837,120.39,58.5848,49.2378,33.2691,109.61,105.9901,275.94,323.0787,123.5735,25.489,175.1893,135.6135,46.63,146.42,366.78,66.2683,23.7353,89.6831,452.7146,378.7107,110.5149,56.1,199.72,228.3381,100.01,406.658,107.732,83.61,47.1609,88.39,467.82,252.4515,61.6612,194.6263,16.1192,126.8743,284.2592,70.1103,227.1992,90.008,927.19,131.8333,123.085,203.8747,38.869,199.5587,103.48,541.38,96.29,540.41,239.92,69.6788,31.466,102.91,238.32,210.08,136.1,48.41,138.4693,101.1164,171.0126,14.3784,42.946,272.8485,121.91,157.7817,82.7767,23.8806,222.33,496.7747,25.4373,342.53,71.223
2023-10-24,53.9516,155.9,205.91,63.1118,85.9258,122.01,59.0186,50.0018,33.9963,115.45,108.6403,277.31,324.2657,123.8123,26.2615,176.3998,136.1696,47.6225,148.24,374.16,67.4474,23.9921,88.8339,460.2507,381.9089,112.429,57.54,205.04,227.6658,101.67,411.0935,108.1846,85.09,48.036,88.84,468.03,256.1748,64.3545,194.9579,16.3007,128.186,285.3676,70.6558,230.2608,90.6911,862.12,132.4913,126.035,204.3192,38.9083,201.7519,104.27,554.39,94.84,539.56,237.41,71.215,32.3315,103.6014,240.79,213.33,139.66,48.45,138.9144,100.6677,171.4475,14.4635,43.6336,274.8112,122.24,158.8023,83.7467,24.091,223.0,498.539,25.3711,337.3,71.332
2023-10-25,51.2162,151.36,198.91,62.085,82.8559,118.5,56.998,49.4265,32.2665,114.12,102.9014,270.74,334.2136,121.1365,25.399,169.031,131.415,46.5225,151.68,366.64,65.8918,23.8728,89.1365,445.1589,381.3166,110.9244,55.94,200.21,206.7219,96.055,393.1254,103.6308,81.16,46.4665,86.2,455.26,243.0746,63.4095,193.7972,15.7564,127.5255,282.081,69.3544,232.4197,87.0282,825.1,127.7868,122.395,203.9241,39.1047,194.6784,102.6,530.17,94.35,521.14,231.03,66.8595,31.7445,99.2354,230.89,207.87,137.97,47.24,137.3662,98.9411,169.1344,14.3216,41.7508,273.9031,120.47,153.8533,81.0472,23.9475,214.54,476.077,25.2956,331.66,70.1235
2023-10-26,51.4748,151.15,204.83,61.436,80.6246,115.47,57.1729,48.4549,31.9619,114.26,101.6932,268.79,321.6758,121.2757,23.946,172.5088,133.4725,42.455,151.51,365.28,63.9398,24.0012,89.8686,448.4866,359.8774,111.9433,55.72,196.12,207.2048,93.67,397.3838,103.2243,82.79,45.8673,86.28,453.54,239.9979,62.2188,193.5242,15.9092,133.7399,281.4642,68.3497,226.9539,84.2662,829.72,128.5038,118.595,202.008,39.3697,193.8782,101.85,550.95,96.18,514.28,230.44,68.1521,28.7943,100.0309,228.57,204.57,135.85,46.85,135.789,97.9364,164.9728,14.3122,40.2988,268.3666,119.66,154.8835,81.0838,23.9954,213.47,472.5486,25.4373,329.43,69.3409
2023-10-27,50.122,143.26,207.18,61.3197,81.7568,114.09,57.0644,48.6341,34.93,112.46,100.144,270.75,323.5594,121.9024,24.14,172.0957,132.6476,44.0475,149.77,363.6,65.0495,23.6986,88.3263,448.1832,359.374,110.0006,56.26,195.15,203.4174,96.43,399.2229,101.2107,83.52,44.859,86.47,457.0,235.4907,64.449,193.9923,15.7659,132.5863,279.5366,68.7133,224.9815,82.999,848.1,128.9556,119.395,190.2548,38.9328,194.1944,102.01,554.01,82.09,508.12,230.87,67.6837,29.3286,100.8265,221.9,200.755,136.06,46.08,133.6311,98.5119,166.2875,14.3879,40.4727,265.9743,119.31,154.6043,80.7361,25.4592,210.44,472.6176,25.1161,325.76,67.3498
2023-10-30,50.7785,136.32,209.77,61.7556,82.0387,116.95,57.0136,48.6436,35.0774,112.94,101.1378,275.14,330.9172,119.7837,23.662,163.4972,131.413,43.93,149.22,367.77,65.4657,23.9921,89.5953,449.7589,367.6062,110.791,56.32,197.79,204.5915,96.18,397.3248,102.1344,65.34,46.048,86.07,460.94,235.2164,64.6569,192.188,15.8996,132.6886,282.1003,68.1105,228.7202,82.6228,851.29,128.6904,119.275,195.6869,39.2617,196.8617,102.57,568.54,78.66,526.94,233.72,66.1851,31.4585,102.124,222.56,201.73,139.4,46.36,135.2664,99.1557,168.3337,14.473,41.1332,269.7141,119.74,150.0885,79.1073,25.2774,212.74,480.4827,25.1822,329.67,67.7164
2023-10-31,51.5245,142.45,209.43,62.4531,82.0504,118.29,57.4748,49.1718,35.8736,113.75,103.4957,278.26,331.7021,122.1511,23.947,165.6588,132.8254,50.0925,151.59,372.9,66.2584,24.148,96.75,459.7026,371.4854,112.229,57.17,197.63,206.6177,98.5,434.4412,102.5777,62.64,46.7139,87.42,469.44,240.0273,64.4962,195.4553,15.9092,134.5585,286.3313,69.6415,230.7024,82.4348,845.87,129.9869,121.51,197.1981,39.5415,198.4029,103.33,581.85,79.58,532.06,239.85,66.7752,30.2167,103.2226,225.17,204.49,140.42,47.13,136.4276,100.8628,168.8082,14.5487,40.7525,271.9013,122.05,151.4846,79.3727,25.7558,217.57,487.8254,25.2767,332.04,68.3503
2023-11-01,51.3853,142.84,197.99,62.9278,83.1787,119.47,59.2766,49.2284,36.6501,114.93,106.2239,278.75,339.5112,124.1604,25.227,165.7453,133.9103,52.71,151.92,370.7,68.7652,24.2855,98.7607,466.3873,372.9364,117.0001,57.31,198.93,199.1851,108.04,449.0164,100.5548,64.84,46.8756,87.82,475.38,147.6496,67.3218,194.2459,15.8805,135.2656,289.7528,70.1869,234.1173,81.9299,870.99,132.8744,122.43,192.1313,40.0717,201.4457,103.89,593.48,76.73,544.5,244.88,66.541,31.4133,105.022,228.6,207.15,138.89,40.96,135.8083,103.1551,171.9714,14.6906,42.2965,273.8933,120.8,153.3237,79.6655,25.5166,216.65,482.1286,25.1822,331.92,66.8744
2023-11-02,54.7672,147.59,207.0,61.6588,84.9691,115.5,60.9005,49.7566,37.053,117.81,109.1275,272.85,341.7186,124.2798,24.59,170.6162,137.7826,52.92,152.87,405.75,69.7957,24.6157,100.7129,478.9246,377.7434,118.1238,57.59,199.24,206.9397,107.83,463.9259,103.8894,66.63,48.8541,85.48,478.64,159.3781,67.8604,201.5706,16.3962,136.7633,296.9619,71.5074,238.7,85.0384,900.69,136.0369,125.18,197.8796,40.7933,205.5949,105.27,599.43,78.92,558.71,244.48,68.9389,31.7294,111.1497,236.66,210.27,146.32,41.84,137.3372,104.2476,175.5301,14.7473,43.4767,274.5475,123.2,158.2342,81.8982,25.708,232.31,493.1477,25.8623,337.59,69.6183
2023-11-03,55.8017,151.94,214.3,64.1968,86.0789,122.64,61.9558,50.0018,37.4855,119.54,110.8424,287.74,346.1137,127.7215,25.5,174.4207,140.5137,53.1225,154.08,416.25,71.9161,25.1476,101.4548,488.9858,381.06,119.7617,50.48,203.98,207.6498,112.25,484.7854,102.0328,68.25,49.4248,88.33,487.94,155.8115,68.3046,204.2918,16.8354,137.5913,302.1374,72.6269,239.0434,86.8203,930.41,137.2547,121.765,199.9932,41.6131,204.9626,108.5,606.76,80.81,563.66,249.54,71.5896,32.3691,113.1954,236.66,217.25,147.51,42.41,140.1627,105.3987,174.6207,15.0689,44.9747,292.3677,125.76,161.6812,83.3166,26.0811,240.7,491.3342,26.3818,386.71,70.1334
2023-11-06,54.3295,146.97,206.02,64.2065,85.8985,118.17,62.4414,50.266,37.4262,119.64,108.1824,280.93,349.773,126.488,25.259,175.6216,137.9603,53.2025,154.53,412.72,72.253,25.0651,100.8496,488.242,381.1686,119.8855,50.1,201.99,208.8144,111.75,485.3854,102.9842,66.23,49.1965,88.14,489.94,157.6438,67.2178,205.8328,16.6635,138.5867,301.7519,72.5504,238.9355,86.7312,927.76,137.8538,118.5,200.8031,41.4069,204.9132,108.44,609.25,78.18,565.45,249.77,70.3626,32.4895,113.5837,233.41,216.86,148.66,41.81,140.6562,106.4326,177.171,15.05,45.7201,297.4061,124.02,161.3442,82.3558,26.1863,244.9,493.2956,26.1835,392.57,67.6173
2023-11-07,54.3395,144.33,208.04,63.7124,87.5554,121.08,62.6573,50.115,38.2349,119.21,106.9839,281.8,353.6972,125.6326,25.438,178.5038,137.1091,53.15,156.11,411.62,72.1341,25.0651,100.3518,492.4113,383.8435,119.0761,49.52,205.31,210.4335,113.45,484.4216,103.9448,66.8,48.6068,88.12,499.02,164.4535,66.9438,202.8678,18.0768,138.4565,303.7759,72.3399,240.1915,86.157,938.4,139.2092,121.04,201.3463,41.4904,209.2798,108.86,613.91,78.83,585.2,253.73,70.5406,32.4293,114.3319,233.43,216.37,149.25,42.45,138.7887,106.3156,179.7313,14.8987,45.924,297.7967,125.02,161.8641,81.7701,25.7749,244.65,506.5125,25.9473,397.89,69.4103
2023-11-08,54.7871,137.83,206.44,63.4703,88.8534,117.66,63.2749,49.9924,37.3967,120.13,107.0521,286.94,356.3166,125.921,26.027,176.15,135.8277,52.4,155.84,415.69,71.6189,24.955,100.547,500.2802,384.6628,119.0761,50.24,206.93,213.4917,113.59,484.7953,105.3489,66.25,50.4141,87.94,506.16,164.14,67.9077,204.1162,18.4493,137.7123,306.3106,72.5025,239.8572,85.5136,940.43,141.6547,120.54,202.492,41.8046,208.9143,110.56,625.33,76.9,585.31,256.4,70.5874,32.5535,113.7068,235.54,229.58,149.63,42.02,145.088,109.5736,180.789,14.8892,46.5426,301.9075,124.79,162.6344,80.4341,25.6697,246.94,514.8606,25.7962,401.14,69.1428
2023-11-09,53.9913,132.53,202.52,62.6275,88.8777,115.52,63.5367,49.0492,37.2783,119.38,104.4896,284.42,353.8541,124.9661,26.488,173.2486,134.0039,52.91,155.92,413.28,72.8971,24.7808,100.0589,495.6117,382.9453,118.1809,49.67,204.68,214.4764,113.49,474.0951,105.3212,64.35,49.2536,87.43,505.17,164.3752,68.04,203.3554,18.1437,137.9475,302.841,72.5504,237.6249,84.0781,962.7,140.6137,121.295,201.5241,41.7555,207.4719,109.79,619.76,75.56,577.74,256.45,69.0325,33.2496,113.7447,228.75,215.7,148.75,41.23,144.3816,109.4273,180.3145,14.7757,46.9183,301.5267,121.91,160.9205,79.153,25.6218,237.02,507.1335,25.5695,401.35,68.9744
2023-11-10,54.4787,133.92,206.18,63.8868,93.3773,118.15,66.9732,49.6057,38.3237,121.51,106.3798,291.5,362.6639,127.5822,26.603,179.3396,137.6703,51.71,159.05,418.7,74.6707,25.3311,101.0741,522.8787,389.2823,120.6093,50.82,210.58,216.3417,118.59,496.243,106.6236,67.38,49.8529,91.66,518.83,167.7066,68.4369,206.4472,18.4111,140.2055,308.1129,73.8134,241.1749,87.2361,996.7,147.9896,126.755,204.7044,42.5164,211.0482,110.77,634.76,77.98,597.22,261.56,72.6481,33.8668,117.6372,231.21,217.94,151.61,41.85,143.2011,110.2955,184.5014,15.0973,48.3024,303.6944,124.25,165.9177,82.3832,25.9663,235.36,521.2769,26.1457,411.63,69.8857
2023-11-13,54.1008,133.84,202.61,63.6253,92.3446,119.15,65.8007,49.2661,37.7025,121.56,105.9121,291.0,359.7306,128.8853,25.58,177.5815,136.4357,52.57,158.62,416.38,74.096,25.4778,101.9135,517.0064,389.2527,119.0094,50.3,210.1,214.3155,116.79,498.741,106.5677,66.65,49.8338,90.37,522.88,168.5296,68.4841,206.7398,18.0482,139.3399,304.1999,73.4307,240.6046,85.7511,1012.27,147.0664,127.82,205.5538,42.3986,212.6782,110.98,638.41,78.55,590.34,263.94,71.7676,34.0022,117.2962,229.14,218.66,152.14,40.82,145.4557,111.349,182.9177,15.1352,48.5872,302.3469,123.32,164.3194,81.3584,25.7175,234.69,524.5195,26.1835,414.5,72.2929
2023-11-14,56.3786,149.14,215.66,65.2721,94.883,126.68,67.9004,50.1528,38.8661,122.16,108.9813,297.94,363.2526,131.2641,29.387,187.2368,140.2331,53.8,164.44,419.55,76.4642,25.9364,102.4699,535.2999,392.51,124.3233,51.32,217.36,218.1691,119.88,526.6226,108.2247,69.96,51.2797,94.62,538.32,172.7233,70.5064,213.0697,18.7548,141.5133,308.8839,75.3062,242.8368,89.7407,1027.15,151.3289,130.585,205.534,43.5472,218.5069,112.12,654.17,91.39,604.33,272.62,76.1325,34.5215,120.6205,234.01,221.58,154.83,42.54,148.1844,113.2511,185.5308,15.5325,49.6225,304.9052,129.17,170.9823,84.9637,26.3394,247.62,547.5236,26.8824,422.13,72.9367
2023-11-15,57.9402,152.42,216.96,66.2698,95.121,128.35,68.1916,50.2565,40.0496,125.24,111.5244,298.57,363.4,132.1102,28.778,192.8667,142.0477,53.435,164.75,417.67,76.4344,26.1106,102.4504,535.2606,391.7006,125.4851,51.06,216.11,218.207,118.0,538.5522,109.0439,71.13,51.8028,95.2,529.32,173.5365,70.4497,213.5183,18.8694,143.5549,313.7125,75.5167,243.9874,90.4535,1020.96,152.5958,128.09,204.0031,43.7092,216.7682,112.06,650.9,92.81,595.31,265.79,77.2752,34.6419,122.0979,235.86,221.08,154.68,43.37,148.8618,111.2612,186.095,15.5608,48.855,306.7214,133.19,174.0634,86.0526,26.4734,253.31,547.5433,27.3453,417.78,73.2141
2023-11-16,56.5178,154.51,215.48,66.3377,93.5753,126.28,68.4398,45.3139,42.7518,124.83,108.9424,301.66,369.7898,130.1693,28.367,192.9148,142.0664,53.325,161.05,417.68,75.9687,25.8722,102.1673,535.2508,391.9672,125.6381,50.42,215.02,217.6862,119.83,528.1076,108.4388,69.46,51.2702,93.86,533.45,170.1463,71.4325,210.1925,19.4806,144.0065,315.4666,73.4785,244.4398,89.8298,1034.06,152.0458,121.15,206.739,43.9596,218.7737,111.37,652.28,90.67,602.06,266.99,76.9568,34.6269,121.8896,231.99,222.76,152.83,42.81,148.4457,111.8562,187.7777,14.8892,49.4466,309.7875,132.8,173.1583,85.4395,25.6601,255.95,548.933,27.0687,420.1,70.2126
2023-11-17,56.2393,155.02,218.02,67.3548,95.3482,127.15,68.43,45.045,43.2055,124.08,109.1762,299.46,363.577,130.7764,28.859,193.0493,144.6198,53.6575,163.08,411.34,76.8506,25.9639,102.7432,534.4166,395.1258,125.7529,51.26,217.33,217.1939,120.62,531.0974,109.3976,70.03,52.0026,94.08,534.78,173.9186,71.7066,209.9779,19.8554,143.8466,315.9581,74.1771,245.4133,91.1663,1042.27,145.9369,123.795,207.5291,44.0332,218.5465,112.37,654.36,92.86,602.66,268.27,78.24,35.086,122.6188,232.81,223.48,153.94,43.33,147.3716,112.5293,187.7579,15.0689,49.2648,310.7542,133.18,176.2491,86.199,25.8228,258.24,552.0968,27.1641,417.61,70.3216
2023-11-20,56.6869,159.29,220.54,67.8996,97.1016,129.7,70.268,45.5308,44.1226,124.08,110.4624,302.44,371.0382,131.8016,30.46,195.355,145.4803,53.835,164.21,411.99,77.9009,25.6704,103.3874,547.381,399.1728,125.5616,51.91,219.7,219.3905,121.53,542.0927,110.5612,70.68,52.1262,95.14,541.52,178.759,72.8217,211.8798,19.9803,145.2202,318.917,74.5789,245.8165,92.1464,1051.45,149.8458,130.285,208.2797,43.9596,222.4092,112.47,666.92,98.5,612.7,270.25,79.3453,35.6354,122.6567,235.3,226.22,155.54,43.93,148.6973,114.051,189.5,14.9743,50.375,311.9064,134.92,176.9905,87.3235,25.7558,260.31,556.3743,26.9828,424.58,70.0938
2023-11-21,55.1054,158.6,222.41,68.3373,95.6866,126.82,69.1169,45.0875,43.0378,125.09,109.1762,299.55,366.7424,130.3584,28.985,192.5689,143.5068,53.83,165.94,411.04,76.0084,25.5604,103.1434,540.4523,403.664,125.0355,52.58,217.67,218.9171,119.16,529.1993,110.1796,68.39,51.2702,93.13,540.38,174.5261,71.8767,211.4897,20.2494,144.8063,318.3001,74.0909,248.039,90.8396,1054.9,146.5851,132.015,209.9785,44.0185,221.609,113.13,668.4,98.32,610.99,270.39,77.6881,34.8,120.2985,232.58,228.42,156.04,43.25,147.9716,113.2316,188.6982,14.7757,49.9103,312.4532,134.56,174.5159,86.3465,25.708,258.0,554.0877,26.8112,427.79,71.6292
2023-11-22,56.0404,159.72,225.86,68.9502,94.7894,129.04,70.1028,45.3516,43.0673,125.45,109.4978,298.52,371.4413,129.8906,28.666,191.7427,143.9744,54.4225,167.07,411.87,76.3948,26.2849,103.7778,543.8676,405.0261,125.6286,52.97,202.66,218.8603,122.51,537.0474,110.7288,68.56,51.7743,93.35,541.03,173.9186,72.3397,212.2722,20.3648,145.9541,321.0662,74.6268,249.5042,91.5128,1065.17,147.1264,131.57,211.5193,44.2247,221.1348,113.57,669.66,100.2,619.72,270.35,77.641,35.3042,120.7531,233.67,226.87,154.35,43.68,148.1361,113.3877,189.3614,14.927,48.6831,311.9942,135.72,175.8832,86.8903,25.8706,255.0,556.1082,26.8588,428.34,72.2532
2023-11-24,55.4635,154.38,228.92,69.2323,95.4594,128.37,70.1067,45.6157,43.3533,125.8,109.7413,297.9,371.0284,130.5575,28.567,192.2615,143.6564,54.5975,168.09,410.12,76.1669,26.2665,104.2073,545.3103,407.1681,125.3703,53.43,203.42,218.3963,122.31,540.3617,110.3099,69.28,52.7921,93.39,542.69,175.2639,71.8956,211.9494,20.4416,146.0011,321.9433,74.9617,250.0746,91.6714,1069.54,147.9729,133.04,210.6008,44.3572,221.6683,113.65,673.9,100.22,619.43,270.61,78.3943,35.0709,120.9898,234.01,228.42,154.92,44.14,148.8231,113.3974,188.035,14.9743,47.7438,313.2832,136.04,176.2491,87.471,26.1481,255.47,555.9505,26.897,426.85,73.3132
2023-11-27,56.0901,154.65,231.5,68.8432,92.6674,129.0,70.5904,45.2101,43.4717,126.53,110.7839,297.23,372.1884,130.7068,29.037,191.8195,142.7304,54.6675,167.58,411.27,76.8011,26.1565,104.1976,546.5959,403.6837,124.9781,53.74,202.26,216.9761,122.65,537.49,110.7288,68.68,53.2582,93.34,543.53,172.9269,73.2942,210.1985,20.4993,146.3681,320.3916,74.7225,249.9172,91.1163,1081.96,148.4355,134.545,211.3218,44.2394,222.0733,113.75,670.55,97.8,619.27,271.55,76.9819,35.53,121.416,231.66,228.16,154.75,44.4,149.0069,113.612,187.8569,14.7568,48.2095,313.1172,136.35,176.9423,87.1945,26.1002,255.41,553.1514,26.5822,431.36,72.808
2023-11-28,58.1591,155.02,233.89,69.3587,92.288,127.56,69.412,45.1347,43.6196,127.47,112.5377,294.62,376.209,130.0697,28.561,192.175,143.011,54.3125,169.0,407.15,75.4238,26.2665,103.7974,536.9683,403.7232,124.5381,52.79,207.37,216.8151,122.01,534.4609,111.3152,69.1,54.1333,93.51,543.73,175.038,72.7177,208.0271,20.4993,146.4433,320.5168,74.7416,248.7372,90.4324,1073.31,145.7288,138.915,210.8575,44.1363,222.2017,114.65,665.24,99.1,623.32,270.72,77.0384,35.2892,119.8912,235.12,227.07,154.45,44.66,150.1197,113.3877,188.4607,14.6811,47.7888,310.9592,136.32,176.3935,87.3604,26.3011,257.29,556.9361,26.4773,428.69,72.6297
2023-11-29,57.6617,155.43,236.62,68.2108,91.7497,126.48,69.7638,45.3233,44.3198,129.36,113.3757,298.86,372.4243,114.7018,28.763,196.3061,143.2916,54.825,170.05,407.31,75.9886,26.6609,103.6802,533.9554,404.5227,124.7676,53.6,213.85,216.9761,123.85,543.3319,112.7767,71.62,55.3413,95.89,552.46,178.0133,74.1636,207.45,20.9222,147.1584,321.2686,85.6787,250.0057,91.939,1075.1,147.0083,144.455,209.0896,44.2689,227.5661,115.7,678.93,100.96,617.39,275.21,78.1307,35.6128,121.9118,237.23,225.86,155.49,45.92,150.9616,113.3584,187.4412,15.627,48.1075,311.5255,137.88,175.9217,88.4849,26.8274,261.98,568.9211,26.9161,430.12,73.5212
2023-11-30,57.3036,157.78,236.98,68.4638,90.2772,126.34,69.9524,45.6346,44.0831,130.61,113.4536,293.36,372.4833,114.7815,27.347,196.0659,142.8333,54.9275,171.19,408.84,75.4238,26.9085,104.7539,534.4951,408.4809,125.3129,52.56,218.43,217.6957,121.16,539.6536,113.5401,71.33,55.7789,96.5,543.23,178.3766,74.7495,206.2665,21.2201,149.1812,321.0758,87.4489,252.415,91.4137,1087.6,147.4217,147.545,209.5835,44.6665,248.8557,115.53,685.74,101.02,611.01,273.27,78.5638,36.3579,122.9984,240.5,229.87,157.36,46.4,154.0684,113.3584,188.0152,15.996,46.7385,315.2653,135.89,176.5668,89.3421,27.4349,258.19,563.2341,27.1736,434.84,76.5227
2023-12-01,59.3328,160.29,241.22,68.8918,90.6936,135.02,70.5542,45.7195,43.1364,130.61,116.7177,295.48,368.1579,116.364,26.963,197.6031,145.1716,54.16,172.6,413.73,75.2355,27.0553,106.3352,538.7937,409.0041,126.2695,52.49,224.93,220.5551,121.39,550.3637,115.3553,74.18,56.9774,97.42,545.96,182.3927,74.8251,207.9097,21.47,151.0535,325.8177,87.3437,252.1888,93.0292,1127.71,149.2032,148.08,215.0848,45.2997,256.8578,116.03,690.79,106.52,612.47,270.35,79.7125,36.4181,123.5893,251.63,231.51,159.41,47.355,156.1072,114.2851,189.2921,15.977,46.7335,317.6576,137.88,177.0989,90.5035,27.5506,258.89,566.053,27.5074,441.14,75.7896
2023-12-04,59.5317,159.54,239.37,69.2225,90.1055,133.7,69.3798,45.3233,41.7656,130.35,116.7372,287.54,362.879,114.8113,26.635,198.1796,147.2387,53.775,173.15,412.94,73.6105,26.6334,108.6388,529.5587,402.9533,125.3129,52.25,221.31,220.2143,118.57,550.2949,115.5973,73.1,57.0059,97.67,531.2,182.8345,74.2675,207.9489,21.6045,151.571,324.2467,86.4155,250.2122,92.3354,1122.43,145.9355,143.305,216.0329,45.0985,247.6307,115.9,687.62,108.87,604.56,263.48,79.5524,35.7257,123.8562,251.6,236.28,159.9,46.81,157.9422,112.939,187.5005,15.646,45.4793,316.0367,138.14,177.2827,91.1948,27.8592,261.46,562.2584,27.5265,439.58,75.0665
2023-12-05,57.612,155.39,234.36,68.2206,89.0474,133.71,68.1174,45.2101,41.3415,130.45,114.8177,279.27,366.2017,113.7264,26.296,197.7472,147.0797,53.9275,170.07,410.87,73.016,26.4683,107.3699,527.2425,403.4073,124.0598,52.52,220.45,219.2485,118.38,544.2465,114.5361,72.28,56.6825,97.11,535.71,178.8283,72.7272,205.8068,21.3835,151.8438,323.6684,86.6739,250.3794,90.4324,1131.04,143.8489,146.39,214.502,44.8285,247.9863,115.62,688.22,110.0,602.22,262.18,78.6673,35.1989,124.6186,250.94,231.72,160.74,45.94,156.6315,111.7196,191.4499,15.2108,46.5387,316.9155,138.22,174.7384,91.2869,27.7242,255.33,563.5495,27.145,434.83,74.8387
2023-12-06,59.2134,145.29,234.13,68.2108,88.1229,135.31,67.8956,44.9932,40.7004,131.09,116.3864,282.0,362.5448,113.8558,25.342,197.8337,145.9573,53.35,168.66,404.25,72.4611,26.129,107.077,518.7828,405.0755,125.5329,51.83,219.55,219.9965,116.82,545.0824,115.8207,73.44,56.0833,97.51,527.49,182.157,73.5304,205.0047,21.2682,150.7995,323.2636,85.5448,250.0647,90.4126,1111.61,142.4217,143.6,213.3168,45.2752,246.1191,114.47,686.23,106.77,595.7,257.68,78.7332,35.2365,123.8657,251.23,232.34,159.85,46.21,160.583,109.281,190.3611,15.0216,45.4763,314.8748,141.03,174.6804,92.4483,27.782,258.83,558.0794,27.4597,442.0,75.116
2023-12-07,58.169,144.18,233.23,68.5027,89.9388,139.84,69.1814,45.5214,41.5683,131.42,116.7957,286.11,364.6583,115.8763,25.615,203.3867,147.4819,53.8225,169.1,402.14,72.9764,26.9727,106.0814,531.1682,407.8097,126.6234,51.32,223.84,219.082,128.37,559.1068,116.2024,75.84,56.5439,100.32,534.15,181.9115,74.4471,207.9293,21.4027,150.743,322.9649,85.2386,251.5693,91.7903,1118.06,146.0536,146.805,211.944,45.3979,245.8425,114.93,687.68,107.17,608.78,259.47,80.7953,35.6053,126.7059,256.06,235.33,163.24,46.75,160.3402,110.1004,192.2912,15.2487,46.5687,315.7438,141.89,178.3661,94.2733,27.8302,264.36,563.2637,27.6696,446.0,73.9273
2023-12-08,58.6266,145.38,236.13,68.4151,92.0881,140.68,68.7066,45.6346,42.1107,132.36,117.0782,287.2,367.8827,118.4443,27.265,207.0855,146.8739,56.0075,170.82,403.07,74.2744,27.0186,105.896,524.4946,406.8325,127.5322,52.16,224.01,218.3962,128.92,566.2174,115.4484,76.14,56.5631,103.97,535.93,183.1978,76.1575,208.5259,21.2874,152.3801,325.0177,85.5352,251.4906,91.4731,1134.39,145.3942,149.21,210.344,45.7661,247.7788,114.41,699.08,103.01,610.01,259.93,81.0495,36.0192,126.7345,256.09,236.38,166.61,46.9,159.8936,110.8222,193.7166,15.3433,47.4781,316.8765,144.33,178.8498,95.6559,27.9556,268.5,565.639,27.765,452.0,74.7198
2023-12-11,58.726,146.11,239.65,69.7284,100.3714,142.91,71.8743,46.5873,43.9254,133.92,119.5726,290.13,365.0024,120.425,26.226,211.8892,149.6238,56.6425,173.52,403.91,77.0785,27.8532,105.7203,548.8139,410.3366,129.8663,53.64,226.09,222.2255,134.41,582.6119,116.5468,79.4,56.352,106.04,556.02,185.8098,77.4805,211.0006,21.3547,153.8384,329.9138,85.8797,252.2577,95.8738,1145.82,152.6973,149.94,211.3514,46.7528,249.0533,114.72,705.12,103.55,625.2,268.75,83.7141,37.0578,129.7178,258.43,238.78,168.58,48.045,159.5927,112.3049,191.2123,15.7595,46.5997,318.722,147.15,183.9286,98.3381,28.3317,275.12,578.2153,28.1369,457.6,76.0967
2023-12-12,58.5768,139.9,239.38,70.0883,104.5687,140.55,71.6441,46.5307,43.4323,134.49,120.2546,296.36,368.0301,119.5889,26.537,211.4935,147.7064,57.465,175.37,407.69,77.4451,27.9828,106.4035,550.6197,415.3115,129.6175,55.04,227.94,225.4547,137.61,585.9754,117.8128,78.39,55.5075,106.27,567.06,186.016,78.0853,212.859,21.4892,154.9674,330.7908,84.3965,255.2472,95.4873,1159.22,154.7446,152.79,214.1366,46.8608,253.3507,115.33,716.48,99.82,633.66,274.23,84.0154,37.3438,130.2706,258.22,241.97,169.37,48.09,161.282,98.3363,192.7268,15.6069,47.629,321.2119,149.37,184.7412,98.3196,28.3028,276.14,585.6271,28.0511,460.62,76.7208
2023-12-13,61.4017,146.56,244.43,71.1875,106.2665,144.51,71.9782,46.8702,43.955,135.22,125.9448,297.06,368.0203,120.0368,27.332,213.6168,151.3448,57.3875,173.97,412.46,79.0602,27.9087,107.5456,560.0903,419.1907,131.9038,55.35,234.91,227.8742,138.19,598.6623,119.265,81.06,57.5804,108.32,568.09,194.5685,80.7313,213.2503,21.643,153.9419,331.1956,85.6787,258.0203,97.2912,1166.78,154.5182,156.93,217.307,47.1897,254.2102,117.5,715.64,107.61,624.26,276.57,84.6086,37.9534,132.2911,264.57,248.06,169.82,49.22,163.2723,100.4628,195.9437,15.8071,48.0598,319.2395,152.31,185.9988,100.4396,28.3028,279.55,601.4362,28.3086,466.05,77.008
2023-12-14,61.541,158.25,272.16,72.6467,107.9049,147.26,75.1683,46.6344,44.5565,135.01,122.7037,294.9,359.7235,135.7829,29.44,224.5713,157.864,57.7575,176.92,410.2,81.4382,28.6307,106.4583,571.5924,413.1498,137.1172,57.05,240.81,224.7784,138.0,626.8586,118.0642,86.21,57.9258,112.55,551.45,200.028,80.6368,215.6173,22.0562,153.2739,330.3186,85.3629,254.4309,104.4572,1129.59,159.1934,150.22,207.8945,48.5053,254.1015,118.33,680.39,120.22,584.64,270.1,87.5274,38.4952,134.8645,272.1,253.12,171.24,51.78,162.0393,97.8486,196.0921,16.2648,48.3216,309.3085,158.72,193.6411,104.532,28.5342,291.46,592.5263,29.1575,454.01,78.5831
2023-12-15,60.9342,168.67,270.18,74.0961,110.1722,146.6,75.7845,47.04,45.523,133.01,125.1345,295.47,364.442,132.2893,30.011,224.8126,157.733,58.9,177.62,410.42,80.6654,28.4919,105.3417,574.252,413.1596,135.4719,57.83,242.29,223.0352,139.15,622.846,118.0735,85.65,57.0142,112.26,556.27,199.105,79.6445,218.3463,22.2773,152.6341,331.6871,85.0855,253.7426,104.2292,1129.78,159.4001,153.65,204.1019,48.736,258.4384,119.14,698.24,123.92,584.68,271.52,86.8118,38.1415,136.4181,277.43,255.98,171.07,51.77,159.5732,100.7847,195.5576,15.9406,48.8613,304.0982,158.53,194.328,103.7762,28.2642,293.07,599.7508,29.0526,444.42,78.1076
2023-12-18,61.1431,165.94,266.68,73.8335,111.8554,147.5,75.4338,47.389,45.0595,134.49,124.3536,297.45,366.3295,129.6019,32.219,221.338,156.5919,59.7025,179.73,418.47,80.814,28.0105,105.6748,566.0082,418.9439,134.8596,56.11,239.14,223.7115,138.9,623.8491,118.9113,83.76,57.6187,111.91,559.69,199.9397,79.3516,218.7962,22.2773,153.114,329.4704,85.8318,254.0769,104.3481,1148.77,157.8351,153.79,203.7068,48.49,260.4044,119.94,703.72,124.03,599.13,273.5,85.9738,38.0211,135.0075,277.95,255.69,171.84,51.65,161.4373,102.4235,193.8947,16.0074,50.0476,308.4663,158.75,190.1779,102.5595,28.2545,300.35,609.528,28.7092,449.68,80.0789
2023-12-19,62.6749,172.66,269.42,73.3763,111.6428,146.91,76.5203,47.3324,46.0161,134.18,125.3688,298.44,366.9291,130.6172,31.594,221.3863,157.6021,59.175,178.94,414.59,81.4184,28.029,105.4985,567.3625,419.9704,134.9936,57.76,238.16,222.6161,140.15,624.7638,119.8887,84.74,57.5036,111.49,558.65,204.2209,79.2854,219.0505,22.383,152.0038,329.1427,86.7217,255.67,104.9428,1152.51,159.7741,154.305,202.6105,48.4851,261.1453,120.18,707.71,135.32,604.64,274.33,86.0492,38.3372,136.5134,278.6,255.92,171.98,52.44,160.4373,103.6428,194.9341,16.0455,49.5749,306.5173,159.2,191.3774,102.8729,28.3703,295.4,612.5144,28.9763,450.48,82.6544
2023-12-20,61.4117,164.6,261.61,72.0144,108.7821,141.07,73.9651,46.974,45.1285,132.74,121.5029,296.74,364.3339,127.9895,30.208,215.1321,154.4968,58.29,176.87,409.03,77.9703,27.5755,103.706,552.8279,414.0283,132.4969,57.45,236.71,221.2158,135.47,600.9341,119.023,81.17,56.5055,108.55,551.72,200.3423,77.999,217.5442,21.9025,150.5831,327.2055,85.095,252.8379,102.6929,1155.15,154.4493,150.49,201.7611,47.8603,257.1048,119.36,693.8,128.0,596.06,270.79,83.3751,37.1857,133.8542,275.16,252.77,169.17,51.42,158.0781,101.5944,192.8455,15.9597,48.0828,303.0111,156.66,185.9214,100.9926,28.0231,290.6,606.8472,28.3754,442.59,79.8807
2023-12-21,61.73,170.04,265.31,72.1409,110.4388,142.09,76.1196,46.8797,46.4302,133.21,123.3676,303.16,367.2044,128.1488,30.418,221.2608,156.0214,58.835,178.09,412.49,84.6982,27.8995,104.4015,569.659,417.9667,133.8074,58.51,241.89,218.1294,139.91,611.4573,110.6822,83.65,57.3021,111.21,559.96,202.8658,81.2866,220.1754,22.2773,151.2699,336.1206,85.6883,255.2275,105.6466,1165.46,158.8489,149.7,201.9389,48.3572,264.0202,119.49,700.76,133.86,600.14,275.57,84.6274,39.4209,135.7604,277.03,256.84,171.19,52.36,158.515,103.2624,192.6971,16.2076,48.9613,304.1472,158.83,189.878,103.3983,28.1678,294.3,612.0512,28.7855,443.34,80.3562
2023-12-22,61.5111,170.39,269.41,73.1039,109.9186,140.8,76.4204,47.2475,47.3376,133.61,123.8752,357.98,368.2267,127.2828,28.972,220.9713,157.3589,59.565,178.99,415.0,85.6989,27.9365,105.4201,571.8181,418.6182,134.8501,59.27,242.76,220.0155,139.6,607.4349,111.5759,84.01,57.5228,112.6,524.46,201.8839,81.1532,221.6719,22.2388,152.5495,341.6141,85.5448,254.1359,106.6773,1168.88,159.4985,149.105,203.8451,48.7114,263.1212,119.62,697.55,133.99,598.75,275.82,84.9193,39.6316,136.7612,277.42,259.03,173.97,52.44,160.2723,103.5941,191.6281,16.2934,48.8014,303.4616,159.21,190.6712,104.0066,28.3992,296.69,615.0868,28.8332,446.49,80.8713
2023-12-26,62.2273,171.94,275.5,73.4152,110.8894,138.72,77.9606,47.4268,49.8031,132.59,123.309,360.88,368.3054,127.8502,29.433,223.8667,159.7627,59.3825,180.23,416.41,86.2637,28.1494,105.6846,580.376,418.1937,135.1944,59.8,245.07,221.5111,143.41,626.5144,111.8738,85.47,57.8395,114.38,520.25,202.5909,81.8298,223.726,22.3157,153.5562,340.6311,85.5256,254.8538,109.3733,1164.62,161.6934,150.41,204.2797,48.9476,263.0026,119.48,701.23,137.34,598.26,274.96,85.9738,39.7069,138.6388,278.75,258.11,175.31,53.19,160.7383,103.5843,191.0837,16.4268,49.2501,303.6085,160.0,192.3835,105.5459,28.5342,301.06,615.8556,29.043,446.47,81.3567
2023-12-27,62.3467,172.44,275.79,73.5416,110.3291,136.55,77.8842,47.5777,50.0595,133.01,124.3731,358.9,367.7254,126.8548,29.5,224.0115,160.1555,59.4325,179.84,415.6,85.8674,27.992,105.6062,580.4742,418.8748,134.6588,59.34,245.11,220.6252,146.07,626.0423,110.8405,85.05,57.9642,114.61,518.1,201.9723,81.6488,223.5499,22.1043,153.7914,341.007,84.7793,254.6276,109.7697,1170.61,161.6245,148.75,203.213,48.9377,263.4966,119.0,703.76,135.63,596.08,274.64,85.7949,39.451,138.8866,282.98,259.08,175.72,53.33,158.4859,103.3404,191.1827,16.2934,49.388,304.0199,160.34,192.8479,105.4537,28.3896,300.51,620.0641,29.148,446.63,82.4364
2023-12-28,62.7445,173.22,275.35,73.7751,109.9607,137.0,77.3688,47.6154,49.6946,133.38,124.9003,361.86,368.9149,127.3824,29.145,223.0174,160.6138,59.2425,179.7,418.29,85.2134,27.9365,105.7237,575.3708,420.8095,134.9457,59.4,244.91,221.4634,148.76,622.7523,111.2408,84.98,58.3481,114.18,517.41,203.8085,82.7065,223.6966,22.0851,154.0642,338.8577,84.4061,256.0732,109.4625,1169.34,160.5517,147.79,203.7365,48.923,262.3703,119.02,702.46,134.79,595.52,273.24,85.5313,39.8348,139.0201,282.46,258.59,175.92,53.64,159.1072,103.6428,191.6083,16.3696,49.493,304.6565,159.93,193.7088,105.0021,28.4571,298.79,618.98,29.2147,452.27,82.3472
2023-12-29,61.0834,172.28,273.33,73.4736,109.3572,136.14,76.7408,47.6531,49.5565,132.84,123.9826,362.88,369.662,126.8051,28.426,221.6758,159.4353,58.8775,178.98,418.12,84.6776,27.8532,106.0176,570.4932,420.997,134.4005,58.53,243.48,221.9207,147.41,621.3339,110.8777,83.53,57.6475,112.61,514.91,202.9836,81.3533,222.3468,21.9313,153.8761,338.2023,84.3582,256.024,107.5595,1164.01,159.5182,147.44,203.4204,48.7704,259.9598,118.35,706.49,132.14,596.6,272.37,84.9099,39.4134,137.8478,282.61,258.33,174.96,53.2,158.6509,102.8429,190.569,16.1885,49.493,306.6348,159.09,192.0836,103.6195,28.4281,297.34,616.033,29.043,451.11,81.5737
2024-01-02,61.1332,172.16,267.98,72.3743,106.3329,134.48,73.4135,47.6437,47.1403,133.08,124.1485,353.0,364.5797,127.5416,28.545,213.472,158.3129,57.89,176.24,408.2,81.7009,27.6125,105.7825,549.972,416.4367,132.8891,57.78,234.12,222.3493,138.58,594.9549,109.7234,81.45,58.5112,108.91,498.97,200.902,78.7994,215.8423,21.9025,151.9473,334.3568,82.4923,254.5686,103.8427,1131.16,151.9394,144.46,199.0747,47.6389,253.0345,116.88,687.52,131.24,580.07,262.9,81.5014,38.277,133.6541,281.56,251.63,168.63,52.45,159.8645,101.5066,183.7491,16.1408,48.1397,305.2147,155.49,187.2661,100.5686,28.2931,291.22,595.0692,29.0812,437.25,80.3441
2024-01-03,58.3182,167.42,252.52,71.6642,103.7074,133.42,72.2015,48.0144,46.4007,131.75,122.528,343.22,364.3143,126.7553,28.064,208.5498,155.9559,57.35,174.09,406.9,81.6215,27.6773,105.4495,542.317,413.3571,131.1768,57.85,227.19,221.4825,135.32,569.6398,108.7646,79.31,57.7819,105.69,492.4,190.9354,76.6458,212.546,21.5853,150.6301,325.6827,82.588,253.6934,100.8494,1122.37,149.0654,143.235,198.729,46.7779,248.7964,116.31,675.3,122.63,571.79,257.28,79.6277,37.8856,131.1474,278.99,247.43,166.46,50.58,158.6703,99.9458,182.3733,16.2457,47.5411,305.5673,150.65,182.7967,96.9739,28.9489,282.66,582.6308,28.7378,427.54,77.3988
2024-01-04,58.1392,166.31,252.97,71.5864,102.7698,133.72,71.6284,47.6057,46.2232,133.0,122.8404,344.16,361.6994,124.4461,28.88,200.5197,153.8281,57.64,171.78,401.39,82.068,27.4737,105.6062,536.2813,414.3441,126.7095,58.39,228.92,222.5779,136.01,562.5082,109.7048,76.2,58.1274,102.99,490.18,192.9484,76.9698,210.3746,21.4604,151.3452,324.8828,82.8286,255.2963,100.6809,1117.46,146.9591,141.65,196.0326,46.5565,248.2036,114.63,671.87,118.07,567.05,255.92,78.5261,37.6448,129.7845,280.88,244.93,167.72,51.02,161.816,100.0726,180.0571,16.2076,47.9698,305.3225,149.61,180.001,95.1397,28.7078,290.23,578.373,28.8809,426.54,75.9708
2024-01-05,59.8003,166.87,252.69,70.8568,102.7963,135.98,71.7577,47.6152,46.2429,132.57,124.3633,344.08,361.5126,126.178,29.213,198.5508,154.422,57.73,171.45,400.82,82.8023,27.7236,106.5073,534.1909,413.9987,126.6043,58.34,229.52,224.0544,138.58,565.3943,109.8258,75.7,58.9335,103.12,484.81,193.5866,76.5028,209.3573,21.5276,149.7457,324.4298,81.8758,255.375,101.8604,1115.46,146.654,141.465,194.482,46.4729,248.0851,114.33,676.16,115.39,564.6,252.71,79.0816,37.6674,130.3182,280.76,244.21,165.85,50.77,161.8645,100.2092,179.3346,16.3696,49.0682,302.7859,148.96,180.4654,95.1858,28.8428,288.85,580.5414,29.1575,425.37,76.2584
2024-01-08,61.4117,166.13,261.09,71.6836,105.3013,140.08,74.1836,47.9669,47.7814,135.23,129.9084,348.63,368.3349,127.9198,32.028,204.776,157.6395,61.4625,174.68,414.42,84.2906,28.6955,107.908,551.9053,417.182,128.0392,61.26,235.45,225.5309,146.18,581.8639,111.2128,77.94,60.7953,105.39,499.98,200.4503,77.1699,213.4361,21.9025,151.6086,328.0247,82.7516,258.1776,104.9527,1152.43,149.1737,144.75,196.5462,47.5159,257.7173,115.99,696.26,116.0,580.55,261.91,80.6352,37.7727,132.5104,284.39,251.61,169.65,51.64,164.7577,102.0918,183.67,16.894,52.2224,306.4096,153.01,182.8161,97.7666,29.1417,297.44,589.7666,29.8728,435.82,76.8633
2024-01-09,60.7253,166.91,256.44,71.1681,106.0498,139.53,73.68,47.4441,47.3869,135.1,128.2195,353.95,369.4162,127.7705,34.373,204.3321,157.7237,61.3,174.08,412.67,82.6832,27.918,107.9569,545.9973,417.795,127.3791,59.4,235.96,224.064,149.26,584.8584,110.4681,77.03,59.6628,104.0,501.87,199.3505,76.3408,213.4068,21.6814,150.6113,330.3378,82.8382,258.9545,104.3085,1159.66,148.652,150.21,195.1338,47.1567,258.1816,115.7,698.67,117.06,586.2,261.75,80.3527,37.2008,133.33,283.69,249.1,167.62,51.14,162.3208,101.0871,183.2542,15.3877,53.1088,305.5771,151.42,183.5707,96.3932,35.4966,298.75,597.3672,29.1766,436.98,76.0998
2024-01-10,60.6358,162.33,255.27,71.3529,105.8617,139.76,73.4517,47.7578,46.8149,135.4,130.1036,354.86,376.2778,128.9152,34.238,203.9267,156.4329,62.3075,175.72,418.4,81.7406,28.0846,107.4574,545.7519,423.4005,127.3887,61.37,238.82,224.1306,148.54,580.3667,110.6729,75.61,59.9316,104.49,505.18,198.3489,78.7709,215.4511,21.9313,151.6933,332.8244,83.4061,260.1641,103.9517,1200.23,147.4512,158.045,200.9117,47.3338,260.9379,116.08,714.3,117.54,591.03,263.26,80.4469,38.0136,132.7772,280.26,249.02,169.1,50.95,162.7286,101.7628,184.2935,15.6641,54.3181,308.5446,153.0,182.226,96.1628,36.2488,299.64,600.8418,29.2719,441.56,75.7923
2024-01-11,61.0237,160.29,255.03,72.8412,107.7633,139.45,74.4814,47.9479,46.9826,136.39,128.854,357.79,378.1063,128.6166,34.331,204.1197,154.8896,62.935,176.27,425.27,82.7427,27.7699,106.5857,551.6894,421.8681,126.3651,62.25,240.65,224.1783,148.02,579.6181,110.9057,74.43,59.7876,103.71,498.46,196.6699,77.8941,216.3314,22.1331,152.5683,335.3688,83.6852,259.6429,104.1697,1214.84,149.5575,161.745,201.2475,47.4372,268.1002,117.28,726.46,114.29,597.49,266.79,80.6917,38.0813,132.5104,279.48,249.54,172.07,51.5,162.3985,102.5951,183.6997,15.6069,54.7898,307.8003,152.09,182.7967,95.0199,36.403,299.7,600.8516,29.3196,444.66,75.4453
2024-01-12,60.6756,160.44,248.87,75.8471,108.5176,137.14,74.4295,47.8528,46.4697,136.92,127.1749,346.48,381.8812,127.5416,33.956,201.8227,154.2069,63.0075,176.15,429.0,81.7505,27.594,107.9275,550.1879,424.2211,126.2025,62.44,242.44,224.7593,146.56,570.0929,111.4456,73.47,59.2982,102.3,494.4,193.999,78.8852,214.3458,22.1908,155.993,343.4261,83.4157,259.7806,103.8823,1230.99,148.8686,162.62,201.6623,47.4765,268.6436,118.1,729.18,110.22,596.54,268.5,80.4186,37.6335,133.6255,283.99,250.69,172.17,51.26,162.7092,104.3872,184.0263,15.1493,54.6779,309.7884,151.95,182.2163,94.4576,36.1716,307.73,603.9018,29.1861,454.21,75.1279
2024-01-16,58.1392,149.1,243.52,74.1253,109.2308,135.02,74.5735,48.0905,46.4105,137.0,125.8374,327.42,383.6506,124.8244,32.631,201.7068,153.2809,63.315,176.16,417.21,83.9533,26.9275,106.5073,556.2726,423.4796,125.0642,62.0,241.5,224.1211,158.74,587.4786,111.5293,73.8,58.6936,101.41,509.68,191.2202,80.8197,215.8912,22.2484,157.0844,341.7202,82.7324,260.8328,103.1687,1224.39,151.3391,166.025,199.9438,47.2994,265.9367,118.47,727.56,108.75,597.68,277.56,80.1833,39.308,134.5023,283.99,249.47,171.59,50.31,160.3694,104.3578,181.7596,14.5963,56.3489,309.142,150.7,181.6649,94.2917,36.0173,300.17,596.0346,28.8237,453.1,73.928
2024-01-17,59.5715,147.26,239.17,73.6389,108.1248,134.98,73.7662,47.8148,45.4243,137.44,124.9979,330.24,382.8642,120.9426,31.823,198.3192,151.9106,62.2475,177.41,419.54,82.6336,26.5202,106.282,552.0427,422.5602,123.5241,60.62,238.47,224.2259,160.17,575.5992,111.8086,72.27,57.3884,99.89,507.87,188.7163,79.4093,214.2773,21.9313,156.2564,342.0877,82.2223,262.1997,101.9496,1230.16,150.9552,165.03,199.3512,46.9009,268.1595,117.71,727.54,105.55,596.1,275.39,78.4696,39.3758,132.7868,277.93,250.51,171.74,49.3,160.9325,104.2207,180.8193,14.3389,56.0201,310.4936,149.76,179.3819,92.3746,35.892,294.4,592.0962,28.4708,454.38,75.2469
2024-01-18,61.7598,147.45,249.59,73.6,112.067,137.04,76.9749,48.2426,46.095,137.81,124.3926,328.27,387.1896,122.9233,31.144,204.2355,156.1149,64.39,180.19,424.16,84.1616,26.5202,107.477,579.0315,425.8227,124.7963,61.41,241.18,224.8832,162.67,601.7516,112.0506,73.22,56.6303,103.78,494.34,192.1039,80.0192,220.1069,22.0754,156.9715,347.7948,83.2136,263.6846,105.0816,1250.42,157.8154,167.885,201.4747,47.5749,271.143,119.33,745.96,106.66,593.7,279.01,81.1248,40.3015,138.4768,277.56,254.1,173.19,49.4,160.7189,106.4436,186.7087,14.2627,57.0735,314.3524,152.37,183.7738,95.6098,35.9884,299.52,603.4674,28.7664,463.09,75.3759
2024-01-19,65.47,145.92,249.09,74.7868,118.6593,139.93,80.9596,48.7369,47.4854,139.02,126.3841,337.0,391.9082,124.0082,42.336,210.7503,162.419,65.8775,180.09,430.33,86.8307,26.9553,107.6239,601.5941,431.8138,126.786,60.9,248.64,226.9407,174.23,621.8756,113.6518,73.87,57.446,105.56,517.31,190.091,81.401,221.5056,22.5656,161.337,352.0026,84.5129,266.3987,107.7577,1260.21,165.2958,168.87,202.8377,48.0226,277.4854,120.35,749.11,103.59,611.55,292.14,84.2131,41.2196,144.834,282.86,256.79,174.7,50.01,161.5441,107.3934,189.6088,14.6535,59.4561,319.5529,153.63,188.4172,97.7389,36.0752,300.02,614.1478,29.0335,464.88,76.903
2024-01-22,63.401,149.91,254.57,75.1662,119.5704,142.01,81.667,49.0221,47.5546,140.52,129.5276,341.02,389.7848,124.8144,43.624,211.2136,163.5227,66.65,181.89,440.12,88.5473,27.0108,108.9854,611.5161,434.75,127.4174,62.66,250.79,228.0457,168.18,628.2093,114.3034,75.19,59.3366,106.7,541.71,191.6817,83.002,221.9458,22.6425,162.6071,355.2044,85.2925,266.6937,109.1156,1288.32,165.6501,172.825,202.729,48.1997,276.9124,121.89,752.45,107.15,603.59,295.73,85.4372,42.8979,145.7013,287.46,259.66,177.08,50.48,163.8936,107.8145,191.9151,14.7775,59.619,318.2895,154.99,190.8744,100.0893,36.133,298.83,622.4689,29.2052,468.0,79.0251
2024-01-23,64.4355,151.46,256.09,75.0105,120.1396,142.3,81.3584,49.2027,48.2153,140.6,128.6978,341.86,392.1343,122.5948,45.738,216.1262,163.0644,65.51,180.78,444.0,86.8506,27.3718,108.2997,607.8162,433.7712,128.8044,64.41,252.78,228.9602,168.42,632.3858,114.3313,76.75,57.993,107.77,548.9,193.6848,85.0317,219.8917,22.6521,163.6515,357.7678,84.8498,266.7527,110.2554,1281.51,164.4198,172.09,203.8056,48.185,273.4251,123.23,753.42,111.3,597.18,295.54,86.6141,43.4473,146.3018,288.46,255.01,178.82,51.22,163.1558,109.5086,193.192,14.7775,59.8379,322.6771,155.04,194.802,101.1954,35.9595,298.11,627.6117,28.9,466.22,78.2318
2024-01-24,62.6849,148.87,254.17,74.8549,122.8396,141.19,83.0994,48.7749,48.4125,140.0,126.9211,339.57,395.7322,123.3513,47.019,213.9643,159.0705,65.6175,181.33,439.29,87.3963,27.3626,107.8982,626.5808,433.7119,137.3946,66.11,252.66,227.1312,178.29,622.5356,113.4656,75.15,58.5976,105.96,540.46,189.924,84.9746,221.3785,22.5848,163.6421,356.8391,85.3599,267.1363,109.6904,1275.55,171.3982,170.12,201.4648,49.5232,273.5338,123.76,763.42,108.07,606.48,294.91,85.2677,43.6731,147.131,287.4,251.24,178.71,50.74,161.7771,111.9371,192.5189,15.0254,61.326,321.5802,155.22,191.8321,99.3612,35.863,288.33,627.967,28.9667,463.08,75.6238
2024-01-25,60.3871,149.23,256.99,76.1681,120.5011,142.11,84.8081,49.7445,48.8662,140.66,128.2585,339.42,398.003,123.6001,47.558,211.7637,156.5919,66.105,184.64,429.25,88.5076,27.5014,108.4565,629.7605,431.8335,137.9972,65.55,251.75,225.4928,180.33,606.46,112.6464,72.69,59.7396,106.44,536.68,189.2956,86.7089,223.9803,22.9116,179.1661,359.7798,85.8892,268.0803,108.9768,1284.27,169.9119,170.095,200.5364,49.597,275.6578,123.66,766.69,106.83,622.58,291.19,84.4109,45.404,147.2263,293.8,252.7,180.03,51.69,163.3888,112.6128,192.1923,15.1779,61.5809,321.8153,155.6,190.8647,98.6514,35.9016,285.13,633.2085,29.3959,461.19,76.0601
2024-01-26,61.4515,147.83,252.17,75.1759,118.0401,149.62,82.2059,49.5639,43.0476,141.34,130.7186,332.24,397.0789,122.6446,47.415,207.6232,153.4773,66.1,183.63,430.62,87.3666,27.7699,109.2596,588.2273,433.5439,138.2077,66.12,253.07,224.9022,177.25,592.1377,112.5812,71.71,60.9488,103.68,528.13,190.307,86.1848,224.665,22.8443,176.3342,358.9382,84.7535,263.4879,104.5266,1196.36,164.2722,171.22,200.6055,49.5478,276.5568,123.06,769.44,105.37,613.93,290.73,81.8404,43.8236,143.6522,294.01,251.36,180.65,50.98,164.6315,112.2603,190.4601,15.1016,60.9952,319.3766,155.93,187.6046,96.4025,35.8727,288.36,633.0801,29.4341,460.83,76.3477
2024-01-29,63.4209,149.3,255.93,75.7498,119.303,152.7,82.8682,49.7065,43.235,142.91,132.1635,333.19,402.7707,123.7394,49.567,209.8913,155.3012,67.395,185.37,436.41,88.3786,27.0664,109.2204,588.9241,435.5706,139.346,66.45,257.23,226.4359,177.83,610.4986,112.9722,73.02,60.9392,103.7,539.9,192.3788,84.46,224.0977,23.2383,176.0707,361.1437,85.1674,269.1129,105.1312,1222.38,165.8273,172.625,200.3981,49.9118,284.3811,124.53,787.24,109.17,630.23,294.37,82.1323,44.9675,142.6228,297.27,254.73,184.85,51.58,164.6024,111.3887,189.7771,15.0635,62.4284,320.0132,159.33,190.768,97.8403,35.9016,290.28,644.4514,29.7107,463.69,77.2501
2024-01-30,63.3413,149.03,250.91,75.4872,118.3615,149.44,81.8875,49.659,42.3277,144.05,132.7102,330.96,401.6599,127.0041,51.297,207.6715,152.7653,67.99,186.84,432.06,85.4912,26.983,109.3184,584.282,440.1281,138.9251,66.71,256.47,227.2741,172.06,604.2338,113.959,72.57,60.6033,100.26,543.18,191.9861,83.4689,225.1834,23.0365,176.7575,359.1607,85.6101,272.5449,103.6643,1197.06,163.6226,172.945,199.3117,50.5662,284.2526,124.66,785.73,106.35,627.96,294.62,80.9365,43.7408,139.1344,296.93,254.25,184.05,52.84,164.515,111.7902,186.1247,15.1493,62.7372,320.7673,157.72,188.3882,96.1628,35.8534,282.89,639.358,31.7613,465.54,77.6765
2024-01-31,61.0237,146.3,239.55,75.0203,115.6027,144.14,80.847,47.7007,42.4855,141.87,130.0646,327.83,390.8366,124.7049,52.961,203.2318,150.9459,64.67,183.7,422.75,85.0844,26.5758,108.2018,582.9964,444.1222,136.0171,64.49,253.81,234.1231,167.69,593.6941,113.3166,71.13,59.7492,99.74,533.35,186.8015,81.6488,221.7599,22.5656,172.7966,351.9833,83.9258,268.7195,95.7351,1198.83,161.7131,169.255,196.4277,49.7396,277.6929,123.23,765.4,104.13,617.78,288.46,80.2021,43.0861,141.5458,289.93,249.06,180.65,50.86,161.0004,109.3813,182.5218,14.5773,61.4909,312.9127,153.26,186.0859,96.2826,35.6412,278.11,623.1796,30.9888,457.44,76.0502
2024-02-01,61.6902,147.89,242.6,75.7596,117.563,146.49,81.5367,47.7007,42.7615,143.94,132.0951,332.66,396.9315,130.7267,58.35,205.5868,150.5405,65.745,185.86,429.68,84.9455,26.7887,108.574,587.9623,455.6793,136.0745,66.45,255.07,235.3615,170.48,604.9332,112.7302,70.19,60.3346,105.75,540.0,189.2367,82.7161,225.0464,22.9884,175.8449,358.7834,84.1664,272.4465,94.2979,1243.17,164.3411,169.985,197.7808,50.3891,280.3701,124.04,771.0,105.44,627.91,290.52,80.6446,43.1989,134.4928,294.55,252.7,179.4,52.39,161.816,113.1318,184.9567,14.644,62.99,318.4462,154.52,185.7473,94.9001,35.5737,285.58,624.6899,30.6073,467.01,76.1493
2024-02-02,62.0881,141.82,246.48,75.7693,119.9466,146.55,82.1726,47.7007,42.0121,144.9,133.2569,335.25,404.2453,130.6072,57.963,207.4978,150.0786,68.275,185.23,430.86,85.8087,26.548,108.6523,593.0853,455.3432,136.6198,66.44,256.45,237.0094,177.66,626.3378,113.3539,70.83,59.778,103.59,552.05,191.4656,83.4022,227.57,20.4032,174.8006,360.7567,84.5418,272.5744,95.517,1255.3,165.532,172.53,197.1388,50.9007,282.2077,124.41,781.3,101.76,634.76,296.55,79.3641,43.7709,135.0456,295.95,256.99,178.73,52.59,160.816,113.3864,183.957,14.6917,66.1212,320.8653,155.7,185.8343,93.241,35.6219,290.32,631.3231,30.7599,469.89,76.1989
2024-02-05,61.2127,139.8,242.07,75.4775,121.7845,144.78,83.409,47.0639,42.1797,144.15,132.8566,337.5,398.7698,129.4725,66.335,213.3176,149.7958,68.2425,184.55,427.39,86.3049,26.224,108.4565,603.449,451.5666,134.6779,66.09,252.81,236.5045,174.23,636.5328,111.6038,77.59,59.2214,107.33,559.14,190.7194,81.4772,225.6822,20.2639,172.5708,358.2321,83.9258,271.001,95.3981,1256.13,168.3962,172.24,195.9042,50.6695,284.6281,124.61,784.84,97.8,630.5,296.65,80.4657,44.0042,137.2759,291.58,257.47,177.21,51.64,158.4859,113.9739,185.7684,14.5677,69.2913,318.5931,154.15,186.2793,92.8999,35.6219,288.99,632.33,30.531,469.79,75.1379
2024-02-06,63.3712,141.11,242.49,76.5864,119.781,144.53,81.7728,47.5106,42.2786,141.09,132.6321,336.66,398.6125,129.154,68.159,215.2286,149.2962,66.2225,182.47,430.52,83.9433,26.187,109.8571,590.4355,455.2641,135.4049,67.48,253.98,238.9146,167.88,623.5009,113.7449,76.32,59.135,108.61,542.43,194.0874,82.1443,225.4572,19.7881,172.5613,352.7765,84.3108,272.1614,96.8848,1259.81,166.0438,170.745,196.2598,50.5613,282.3756,124.48,777.45,100.51,607.14,292.8,78.3849,43.9892,137.3426,286.99,259.46,177.11,51.69,159.1364,112.9066,187.3719,14.5677,68.183,318.6714,155.97,183.5223,94.983,35.6702,289.15,627.0984,30.5596,461.7,76.9724
2024-02-07,62.9037,145.46,247.11,75.8763,123.1521,147.55,83.1367,47.311,42.3183,142.71,133.7548,336.93,407.0273,130.9357,68.36,213.6554,149.6732,66.7625,183.29,435.88,84.5089,25.8723,110.7582,597.5801,456.658,135.8258,70.03,258.43,238.4002,170.94,635.7448,113.6611,76.96,59.183,110.85,554.28,195.4326,82.6779,232.4019,20.0957,172.8718,354.6627,83.9547,274.7477,96.6469,1280.45,168.2092,182.25,197.8104,51.2943,285.3492,125.57,790.39,117.51,615.85,300.73,78.4414,43.6053,139.0487,291.99,265.47,180.21,51.91,164.2529,114.8357,187.4807,14.5487,70.0579,321.1689,158.14,185.7086,95.5913,35.7087,285.69,634.8668,30.3211,449.95,80.4829
2024-02-08,55.8315,143.17,247.12,76.1681,124.8862,150.54,84.6866,47.4821,42.0413,143.55,133.3838,345.33,407.0863,135.2952,69.8,219.8903,151.0307,68.9725,185.23,435.15,84.2212,26.187,110.9443,606.9919,453.0495,136.8972,67.85,261.51,239.1718,169.35,726.0321,114.2661,80.71,58.9623,112.62,570.69,192.2119,83.5547,238.6228,20.0572,175.0365,356.4329,85.5812,271.7033,97.5984,1321.44,171.1521,183.51,198.5413,51.5895,288.4216,126.78,799.41,116.88,615.86,307.36,79.4206,42.9882,141.2313,265.12,269.0,181.54,52.08,168.981,114.2579,186.4019,14.7775,69.6002,321.5802,161.18,187.7304,96.4025,35.6316,287.17,644.639,30.2639,456.18,81.8712
2024-02-09,58.5967,151.5,253.09,75.0008,125.7365,147.595,89.3131,47.6532,42.8426,144.23,132.7688,342.28,413.4171,139.1173,74.029,225.4109,153.0953,70.6125,186.61,440.99,84.8959,26.3073,111.199,637.7198,452.6739,137.7964,70.44,266.68,238.1334,172.48,741.0439,114.5268,80.8,59.2694,112.32,575.3,186.5658,85.2033,239.865,20.5185,176.9164,359.5186,86.4763,272.3437,101.4044,1323.81,182.914,188.45,195.9339,51.8011,287.7795,128.32,812.94,122.47,627.21,311.94,80.4469,42.7624,143.919,273.4,270.98,183.1,52.51,170.8063,114.2187,187.165,14.7584,72.0907,324.0678,161.52,188.6591,96.8264,35.7087,286.27,649.6633,30.5596,463.52,81.4448
2024-02-12,59.7704,157.22,259.4,74.4463,123.93,153.8,88.9623,47.5201,43.5547,144.23,134.4772,337.88,408.2168,139.8041,77.301,228.4319,151.8509,70.22,186.16,434.85,85.0348,26.5572,112.2078,636.0023,453.4944,137.0694,70.26,262.04,238.2097,171.91,718.94,114.4954,80.92,59.8068,113.73,568.93,188.2351,84.9079,236.7057,21.0471,176.7455,355.4172,87.2559,271.0038,101.9991,1298.35,182.6187,185.985,193.4252,51.6731,283.8476,128.15,787.35,128.9,611.84,306.58,79.044,43.1387,145.9206,270.96,266.71,178.54,54.69,170.5927,113.4354,185.4801,14.8824,72.2056,313.4905,159.07,187.7207,97.8127,35.6798,290.76,648.5084,30.6931,450.97,82.8034
2024-02-13,57.9502,152.34,245.8,73.4444,122.6221,150.82,87.4525,47.1874,42.6942,143.58,132.8371,327.52,399.4284,137.9528,79.149,223.9825,147.8633,66.3775,183.0,431.7,80.8972,26.0481,118.7898,629.1521,455.2245,134.6301,69.4,256.76,237.7524,171.54,701.4558,113.8296,78.59,58.7704,111.71,548.53,183.5906,83.0591,232.2748,20.5281,174.4099,350.9483,83.9643,271.7329,98.0345,1269.48,177.471,184.13,192.1116,50.7138,277.7522,125.05,773.76,123.56,601.89,294.33,75.9556,41.6486,143.0041,268.75,264.45,177.81,55.96,167.583,111.3202,183.389,14.5201,72.0857,312.6384,153.15,178.666,95.2872,35.7377,272.67,630.0498,29.8347,446.24,81.5043
2024-02-14,58.5569,158.24,252.96,74.6506,123.6577,148.2,89.7167,47.7958,43.7131,144.98,135.6779,330.0,403.289,140.7413,88.055,225.8067,148.8248,66.4175,184.26,440.13,81.1948,26.4554,119.0053,641.6847,459.9007,136.6006,70.88,262.17,239.0003,178.7,734.0207,114.6079,81.67,60.1139,113.59,562.73,185.8294,82.7256,234.2408,20.4897,174.2865,358.8511,84.4648,273.457,100.671,1293.84,183.2584,184.165,192.9215,51.2205,285.6555,114.8,792.0,131.62,604.66,300.74,75.8709,42.2055,146.7212,272.38,270.84,180.75,58.21,170.1558,111.8881,182.5069,14.5201,73.8567,312.8049,154.89,180.2429,97.5454,35.7087,278.14,648.6466,30.283,449.86,83.5174
2024-02-15,59.3825,159.78,283.75,75.8958,123.9369,157.69,89.5286,46.6361,43.5746,148.01,134.5455,330.98,400.4034,140.4624,100.4,226.3182,151.5021,66.625,183.54,441.11,80.9964,26.872,119.6812,641.6748,465.9215,137.5228,70.26,261.25,240.0957,176.76,723.3233,115.1424,80.62,61.0832,113.88,557.83,190.8667,84.0121,237.4392,20.6831,177.4196,359.3638,83.9932,276.8265,101.7725,1302.7,184.7053,183.44,195.3808,51.988,288.4118,111.57,780.0,136.39,590.44,295.67,77.6881,42.1528,148.6655,275.38,272.79,181.99,60.15,169.0102,110.4389,182.2195,14.5487,72.6154,317.2219,154.66,181.4231,97.3057,35.6894,301.2,655.7042,30.55,453.81,85.8676
2024-02-16,58.8255,156.975,275.46,75.1927,122.0177,152.51,90.7288,46.0467,43.0404,148.04,131.0018,329.85,397.9413,137.9328,80.332,224.0694,151.191,65.4375,182.35,440.98,78.8829,26.4554,121.2875,650.4976,462.8073,136.7831,68.48,258.3,240.9721,173.87,719.5605,115.6956,78.64,61.0832,112.17,552.91,187.371,83.4022,236.0894,20.6541,178.1506,357.4002,82.4918,274.4422,101.4549,1282.06,196.4278,183.205,191.8449,51.9142,286.2186,109.19,765.0,131.87,546.66,290.3,76.8407,40.6401,145.5298,271.62,269.8,178.19,60.29,167.4568,108.9994,180.6833,14.2341,72.5704,313.8823,155.22,182.1002,96.2482,35.6027,311.98,647.2745,30.4356,448.61,85.3718
2024-02-20,58.3182,153.25,271.93,74.9388,120.1631,148.15,88.2216,45.8946,44.0395,147.93,127.6923,332.14,396.6905,136.7676,78.757,223.2876,153.4158,64.9025,183.14,435.38,80.0835,26.5017,120.9643,641.0748,446.6135,134.6891,67.91,255.26,240.9435,165.69,701.6528,116.7365,77.47,60.421,111.86,547.98,186.6149,82.6875,236.5003,20.9828,174.163,351.0837,82.2511,271.0827,99.4008,1259.2,186.162,183.045,189.8597,51.4665,282.9288,108.36,752.84,127.55,541.91,292.07,77.5845,40.738,144.834,272.91,267.7,176.89,60.13,168.0587,106.1988,179.94,14.3103,69.4113,316.3797,154.43,183.2224,96.4059,35.5834,297.81,637.5714,30.798,445.0,85.0544
2024-02-21,57.1743,150.03,274.43,75.6516,120.2513,149.24,88.3676,46.0847,43.0008,147.64,129.3129,328.63,396.0897,136.5187,73.417,227.1193,154.679,63.6225,181.09,432.71,80.8575,26.3166,121.405,641.2224,453.8305,135.1886,65.34,252.52,241.8771,164.29,703.2288,115.7425,77.62,60.8912,111.89,543.57,178.7301,80.9055,236.0601,20.8378,170.6122,349.1104,81.4234,272.6689,98.8153,1246.56,187.6507,130.985,190.4029,51.6584,280.1232,107.16,747.94,126.24,538.52,290.76,78.6014,40.181,144.8817,274.3,263.73,176.62,60.31,167.117,105.9148,180.6932,14.215,67.4324,318.123,144.04,187.4015,96.0348,35.6702,298.83,630.03,30.7599,440.76,84.6478
2024-02-22,58.0397,144.73,279.48,77.5949,127.8389,155.26,92.5247,46.1703,42.516,150.11,129.3031,340.34,405.4163,139.7056,97.552,231.1536,155.9517,67.19,184.99,436.6,85.2432,26.7979,122.1886,672.5497,466.1983,137.9646,66.96,256.98,242.6772,181.86,730.1988,116.9428,78.36,61.515,113.45,580.9,178.4257,83.8787,242.144,21.0312,174.8941,359.1704,82.7997,279.5555,101.6931,1288.26,196.9184,133.91,191.8745,52.3718,290.1011,106.95,769.21,123.44,537.57,305.57,79.425,41.9195,147.4932,275.83,271.54,179.38,61.4,168.583,108.7056,182.725,14.3675,78.4919,324.2147,149.04,185.6505,97.3428,35.8341,304.53,649.4264,31.1795,453.46,85.223
2024-02-23,58.8454,142.89,274.99,77.9465,127.0033,152.66,90.9708,46.446,42.526,150.76,129.9377,340.89,404.1262,138.9487,86.001,230.5262,154.3114,66.915,185.83,437.48,85.3325,27.0941,123.4717,657.8451,468.0372,137.4651,67.64,257.2,243.7346,176.52,710.3309,116.8772,76.19,61.6878,112.8,575.65,181.3322,83.8405,242.3107,21.4083,176.3277,364.9839,84.1183,279.4077,99.371,1282.33,194.3846,141.045,194.1363,52.8736,289.2614,108.17,770.97,118.19,553.44,303.53,78.4216,42.1905,147.6457,281.2,270.63,180.94,61.46,170.8257,109.6261,180.8915,14.4057,78.7708,323.4606,149.97,183.9092,96.3409,35.8534,301.8,651.292,31.1795,460.64,85.9866
2024-02-26,59.0145,144.58,278.06,77.6437,128.2533,149.27,91.9761,46.0087,42.526,150.96,130.1622,336.32,401.3686,139.4865,87.634,235.2941,154.8864,68.435,186.88,441.19,88.7656,26.6591,123.1093,672.5989,469.1148,137.1578,68.4,257.35,241.5246,176.01,714.0345,115.6863,77.57,64.6148,113.52,575.7,176.8251,84.4886,241.4478,20.7895,174.8182,365.1386,84.1472,279.9496,101.3656,1288.25,200.6846,151.39,190.64,53.1835,296.7596,108.07,779.66,119.84,560.48,303.69,78.4784,42.9581,149.6663,278.31,271.59,181.67,61.81,169.3403,108.6664,179.5436,14.2341,79.0456,321.7761,152.35,182.8451,96.2296,35.757,302.41,655.2699,31.0079,460.97,85.5899
2024-02-27,59.8401,144.99,275.78,77.2824,126.9896,152.06,91.1893,45.9231,42.2688,150.65,130.0646,335.77,401.3095,142.1156,85.111,237.1665,155.4897,67.9775,185.44,436.39,91.1371,26.6868,123.981,666.4613,469.352,137.9646,69.95,256.95,239.3908,178.0,698.6682,115.2455,76.97,64.2789,114.01,574.0,179.7906,86.4326,239.5259,20.7121,175.5207,365.5546,83.8969,278.9841,99.5,1276.03,200.0044,157.375,191.1733,53.1048,295.8804,107.76,767.14,121.11,552.49,300.01,78.5162,43.2592,150.8767,278.55,271.82,182.36,61.78,170.0878,109.0679,181.0005,14.1959,78.6548,321.9034,152.76,182.9032,96.6378,35.8341,307.04,660.7187,30.9315,461.05,87.0576
2024-02-28,59.9296,149.25,272.8,76.6379,126.3224,153.43,90.3996,45.6855,41.5368,147.95,126.9699,333.09,401.5458,141.5081,81.654,235.4775,153.6986,68.2925,185.72,438.71,89.0137,26.585,123.9614,661.9565,473.4054,137.4555,69.51,255.25,239.629,176.54,699.929,114.7861,76.47,64.1733,112.05,570.28,180.2815,87.2998,240.1534,20.6928,175.929,365.6706,84.7246,281.4077,99.5794,1274.63,194.7592,158.075,192.0128,53.3065,296.1471,108.14,759.79,119.1,551.82,300.58,77.7968,43.2441,149.2961,275.66,309.22,184.29,60.91,168.282,109.3617,179.8013,14.1673,77.6175,324.4204,153.75,181.6359,94.4577,35.728,305.51,650.6503,30.8738,465.69,86.8394
2024-02-29,60.0191,153.89,279.48,77.1652,127.4069,157.47,91.9261,45.9802,42.5853,149.27,126.6184,334.17,407.3762,143.4999,86.612,241.0271,157.7428,69.385,187.22,437.14,89.9067,26.224,125.2347,671.1039,469.3619,137.8974,69.11,258.17,239.2194,192.53,709.2572,114.983,78.92,66.3997,114.55,573.73,179.0934,88.672,241.4282,20.7798,175.6726,362.5269,85.7737,278.4619,102.7946,1269.91,198.7818,155.275,192.882,53.7444,305.0878,110.92,771.34,127.01,560.28,304.38,79.6522,44.7568,151.1545,279.27,307.37,183.01,61.19,168.7092,109.3617,179.1373,14.5201,79.0656,323.5781,154.3,185.5635,97.3336,35.922,304.4,654.3322,31.0181,465.56,85.699
2024-03-01,60.218,158.05,289.64,76.7649,137.0744,159.72,96.1665,46.0087,43.347,150.35,126.9992,339.62,409.208,146.5773,90.548,248.536,161.2497,71.935,189.97,440.9,94.4114,27.2237,124.8234,705.7951,471.2107,138.0703,70.44,264.74,237.8477,202.64,732.6121,114.6173,81.14,66.4189,119.62,591.35,181.7895,92.5886,242.5166,21.1086,178.6823,368.5339,101.3558,278.9742,105.067,1295.2,207.2903,151.2,192.8227,54.5168,313.0504,110.24,773.63,129.66,570.93,315.24,82.3597,48.3919,156.2316,276.6,314.25,187.76,62.35,166.9519,111.4181,178.057,14.8347,82.2307,328.6415,157.07,189.7619,98.7437,36.2519,306.83,657.9153,31.2202,471.48,86.0362
2024-03-04,59.661,156.7,291.65,77.2238,137.3771,158.09,95.7736,46.7026,45.1177,149.99,125.4958,340.48,408.6368,148.0114,107.434,245.4378,162.56,71.985,193.3,438.14,95.0266,26.8997,126.8607,706.0312,463.1632,137.4171,71.39,260.7,234.5232,205.36,724.663,114.7204,79.88,66.6493,120.22,594.32,175.1968,93.7512,241.8793,20.9828,183.2965,371.1649,99.4502,276.3831,105.0174,1301.25,206.541,149.72,189.8103,55.0629,310.8374,110.76,776.09,123.97,567.94,317.31,82.2839,48.4069,159.5557,281.67,319.88,187.22,62.55,168.4956,111.6923,173.5377,16.3506,85.187,328.8472,157.5,189.1982,97.315,36.5138,307.92,659.7809,32.1149,469.75,87.008
2024-03-05,57.9601,159.06,284.54,75.9543,131.547,159.33,94.3608,46.5315,42.6942,149.95,125.7691,328.79,396.5526,150.4812,109.083,239.8013,160.8632,70.1175,187.46,417.18,93.7367,26.9645,126.6452,694.2871,462.2042,134.7083,69.04,247.29,232.4275,205.13,706.8931,112.7418,76.99,66.9372,113.29,565.26,171.1035,93.9895,240.2123,20.48,182.2427,364.5582,98.8246,275.2501,102.9632,1263.65,204.4706,145.565,189.0103,53.9412,295.1395,109.38,740.15,125.09,544.84,307.7,81.0722,47.7822,154.6606,280.61,315.1,179.19,61.79,167.4956,108.6371,168.6021,17.2563,85.9176,324.9689,155.77,184.4745,93.0755,36.3295,306.5,631.4712,31.2683,460.23,87.7616
2024-03-06,57.8109,158.42,287.27,74.8899,132.2573,163.87,96.1988,46.7406,44.0296,150.64,125.2126,335.86,396.0011,152.5627,112.47,242.4941,162.0227,71.125,190.6,419.86,94.8183,27.9828,127.1643,703.7197,466.2379,135.8322,71.32,251.1,232.1989,210.63,720.4175,113.2107,77.62,67.0139,115.89,575.97,173.0616,89.7107,242.3892,20.7604,186.2398,368.3791,100.865,276.2846,105.9303,1288.11,209.1833,139.43,188.9807,54.3692,300.0988,110.16,741.06,125.36,543.09,312.65,83.1265,48.6929,160.8298,285.24,314.97,182.86,62.43,169.2432,109.9395,167.611,17.8951,88.6521,330.5709,157.15,186.3212,96.9439,36.3198,310.01,641.885,31.5665,468.97,88.1286
2024-03-07,58.1889,160.35,288.59,75.6419,137.8425,163.54,97.4441,46.484,45.6518,150.27,126.0034,339.37,402.9443,153.8972,115.976,250.0126,165.2279,71.62,193.02,422.07,98.2117,28.2882,127.1251,711.3917,462.224,136.8408,73.07,253.84,234.0097,211.38,756.1049,113.5858,82.96,66.7053,118.79,583.35,178.7687,89.3962,243.5168,21.1666,186.6006,374.2603,100.3356,274.1467,109.1454,1334.99,209.6171,143.2425,190.2745,54.7825,298.7651,112.83,768.08,129.69,556.04,318.04,88.3615,48.3768,168.3305,293.07,315.13,186.29,62.5,169.2529,112.1623,167.4921,17.3326,92.619,327.3096,157.31,192.6777,100.0053,36.2325,314.63,640.9571,31.3645,470.0,88.5748
2024-03-08,58.6962,161.35,282.59,74.9681,128.2132,164.91,93.7289,47.0543,43.5251,151.24,126.5501,335.11,400.0686,150.6207,114.001,243.2469,162.428,68.2775,192.93,420.48,96.8623,28.4549,126.1163,687.7364,463.9245,134.9869,71.35,251.86,232.2372,207.39,721.2449,113.2951,78.95,67.1876,116.07,571.29,178.316,88.3289,243.1344,21.3406,186.0404,365.8061,99.3828,275.9004,105.3051,1300.45,202.6663,140.1,188.6646,54.32,301.5905,111.0,757.68,130.28,551.69,308.6,84.1015,47.4135,163.3971,294.03,312.79,185.43,63.09,170.1002,110.0863,169.2067,17.1514,87.4808,328.4946,154.33,190.4423,98.6323,36.2422,309.4,643.3163,31.4703,463.56,88.5153
2024-03-11,59.7605,162.16,280.23,75.1536,126.6849,162.99,91.2354,47.7388,44.3758,149.74,127.1651,333.57,398.3943,147.2545,108.022,244.463,164.2098,67.755,193.65,428.82,93.7764,28.5659,124.6373,674.1333,463.8256,135.4672,71.46,258.26,233.8564,198.39,708.4002,114.064,81.6,67.284,117.49,565.32,181.5435,87.4236,243.1246,21.1569,182.0338,361.0179,98.9112,276.4127,105.5334,1282.68,198.5353,141.665,190.4523,54.0593,302.3018,110.03,756.74,128.69,560.42,305.74,85.7393,46.6985,163.924,293.52,310.93,186.35,62.84,168.9997,111.7608,171.2086,17.1991,85.7277,331.0606,152.14,192.6486,99.8662,35.8929,305.08,642.4674,31.6531,465.0,88.0195
2024-03-12,59.7108,159.38,285.44,75.2805,126.5634,166.67,93.3592,47.5962,44.7517,150.65,129.9474,337.73,408.9914,148.9874,116.3,248.4877,164.7848,70.465,194.03,427.96,96.6638,28.4912,124.6275,686.9397,467.4934,134.9965,71.34,262.78,234.4121,202.76,725.5199,115.0111,82.59,67.0911,120.17,576.72,183.846,86.8233,245.0171,21.4276,187.7778,368.0405,98.6802,279.723,107.3692,1328.59,202.0551,142.365,189.6128,54.4135,302.9144,109.78,789.56,121.0,579.14,311.28,87.0646,47.3909,165.8015,294.67,311.37,187.89,63.42,167.344,124.8925,171.6843,17.2086,91.8634,333.4013,152.08,193.6108,101.4154,35.7474,309.01,654.0854,31.6435,476.16,87.6922
2024-03-13,62.1179,158.04,284.5,75.2122,123.2315,164.76,90.9909,47.6342,42.7634,151.05,130.8163,329.37,408.8141,148.1807,118.807,242.2335,162.7863,70.1775,193.78,421.15,93.4291,28.7247,125.4404,677.4087,470.2023,135.813,70.18,258.7,233.9714,194.79,697.5748,114.5235,79.89,66.4641,116.13,561.2,185.2334,84.4981,243.8012,21.3793,186.7525,366.3381,99.3154,280.925,104.6403,1245.82,197.7367,145.06,188.8128,54.3791,301.391,109.53,776.88,118.17,573.55,306.21,85.7109,47.0221,162.1326,298.93,306.78,185.75,63.33,167.8602,122.9144,169.6031,17.0656,90.839,336.5941,151.97,193.0276,99.6157,35.4952,302.99,646.6131,31.4896,476.7,88.3566
2024-03-14,62.665,149.39,281.77,74.5579,123.6625,166.44,90.8897,47.33,42.2886,149.94,129.1047,330.29,418.7808,146.8561,113.011,235.2362,161.3345,71.005,191.01,418.28,90.7203,28.594,125.5387,680.9693,474.0283,133.9495,68.04,258.53,233.0516,187.06,682.6221,113.9984,77.17,65.8081,113.58,559.31,186.7586,81.725,241.693,20.8668,183.6478,365.8448,98.2952,282.1762,103.0526,1202.0,197.9241,143.79,188.23,53.8133,300.0457,108.95,779.49,110.41,570.45,306.24,84.2341,45.7578,161.3662,295.9,306.43,184.51,62.33,166.3603,122.9242,171.4564,16.8351,87.8965,336.5843,150.96,188.9746,97.5284,35.3788,302.24,641.6481,31.2971,468.94,87.4939
2024-03-15,62.5158,147.42,285.86,73.5619,121.0399,160.64,89.359,46.5125,42.1798,149.63,127.0312,327.88,410.1141,122.6457,106.883,229.2619,162.6354,69.4325,187.9,416.31,92.5262,28.4165,125.6664,672.6776,470.4198,133.6709,66.72,254.24,231.9402,191.06,676.7021,112.7887,74.87,66.6763,111.85,550.03,186.6602,81.9632,240.7418,20.5574,181.4072,362.3528,98.507,278.856,102.2686,1211.81,195.8536,141.08,187.9041,53.7739,291.1527,107.25,743.91,107.73,492.46,298.44,83.9122,44.9976,160.1688,295.64,307.65,181.81,62.07,166.4966,122.934,171.0798,16.0668,87.7891,338.0576,149.8,189.723,96.545,35.1363,298.89,617.4446,31.2779,470.97,85.7783
2024-03-18,63.8884,149.48,285.97,73.3275,121.2104,161.86,90.8505,46.8357,42.249,152.15,127.6865,335.27,411.0005,123.6715,100.068,228.374,159.5151,72.33,187.35,416.33,93.0521,27.9681,124.124,679.366,473.445,134.4778,67.55,255.18,231.7103,190.65,664.2021,113.0325,73.82,66.8499,111.28,560.63,188.5396,81.3724,240.2613,20.509,181.9958,360.4859,97.9776,280.8363,102.0702,1222.74,197.9043,142.62,187.7856,54.0253,297.266,107.87,755.8,111.19,513.86,300.93,83.3821,44.6364,159.9006,299.42,308.45,183.66,62.45,165.961,125.1471,172.17,16.3838,88.4073,333.9717,149.71,185.8547,95.6359,35.6116,292.7,622.2518,31.1047,474.75,86.3039
2024-03-19,62.6749,147.48,285.19,72.8978,121.2858,161.79,91.417,46.7121,41.5961,154.31,128.4298,342.37,415.0285,125.2351,91.097,228.1423,157.2055,71.73,189.01,424.4,93.2704,27.856,125.6271,669.8842,478.4969,135.1214,67.79,256.19,233.8947,181.42,640.5419,113.5014,74.04,67.3902,110.8,584.71,186.5421,82.4969,243.1834,20.7024,183.5624,365.719,99.4309,283.1023,102.6854,1235.63,198.5058,140.29,189.8794,54.7057,298.1958,107.79,756.94,109.16,521.19,311.85,82.6247,45.0127,157.1992,306.39,312.13,186.86,63.47,166.594,126.5082,174.5089,16.1149,89.3498,339.6389,149.58,185.1938,96.0441,35.6116,295.6,626.3581,31.3164,477.02,86.7105
2024-03-20,64.7041,151.02,285.81,73.3861,125.54,164.71,93.1873,47.1019,41.7445,155.49,130.1707,343.32,418.7907,126.3803,89.647,233.8611,160.241,74.145,189.53,420.62,95.5029,27.7252,125.6271,684.5299,482.4909,135.7553,67.87,262.43,237.3342,179.73,657.0213,115.3393,75.57,68.2005,113.52,589.78,188.2739,83.986,245.929,20.8765,184.151,368.0019,100.5185,285.0038,106.2875,1245.4,202.1734,141.025,187.5485,55.2676,302.7759,109.6,767.56,113.7,519.14,316.86,83.6282,45.6976,160.619,306.25,314.28,189.78,63.74,167.0323,126.5572,177.0758,16.2589,90.3232,339.8648,150.68,188.8677,97.9273,35.7183,292.55,631.3922,31.4318,480.28,87.3848
2024-03-21,65.7883,152.68,295.06,70.8764,132.6238,168.18,96.4756,47.4156,41.9621,156.36,131.6378,348.2,422.868,128.6809,97.161,238.5525,162.7014,76.15,191.07,421.08,108.9973,28.0989,126.8747,701.428,483.0841,138.3104,68.57,265.75,238.5126,178.68,665.1281,114.711,75.78,69.7053,115.38,602.01,190.4288,84.9755,249.8612,21.4083,182.1952,333.7496,101.1248,286.0777,110.5942,1280.02,207.8326,143.815,188.4671,56.4015,305.0609,109.145,773.18,115.38,511.25,322.8,84.1299,47.9704,163.6653,305.8,316.09,189.69,64.69,167.3829,126.332,169.8409,16.5278,91.3857,342.9489,154.24,189.6744,98.4932,35.8347,283.71,642.8819,31.8744,483.11,89.15
2024-03-22,64.4256,153.31,291.44,70.2124,133.162,167.86,96.0171,47.3205,42.1106,156.29,129.2318,349.24,422.2475,130.6528,97.274,236.8272,162.5977,76.605,190.57,419.29,109.3545,28.0708,126.8649,698.9001,476.1934,137.6572,68.3,262.86,237.2288,179.65,662.2419,113.3138,74.68,68.0268,114.38,594.2,189.3858,85.5135,250.7045,21.3696,181.1888,326.4657,100.7976,279.0728,109.8996,1276.74,207.2903,143.39,186.5214,56.4064,304.4476,108.97,774.15,114.61,499.52,322.74,83.3442,48.1209,162.9468,303.26,316.32,190.28,64.2,164.5487,125.1373,170.7428,16.6815,94.2381,342.3497,154.39,188.0804,97.9366,35.9414,270.82,635.4294,31.3356,479.34,88.7136
2024-03-25,65.649,154.77,297.94,70.3198,132.976,167.99,95.3847,47.2255,41.3785,156.78,129.7502,347.52,416.4566,130.8022,104.279,232.9597,161.0611,76.375,188.53,420.25,116.2208,27.912,125.9611,688.2479,470.6274,136.0243,67.89,261.57,233.9618,178.63,659.346,111.5509,73.54,68.5767,113.75,584.32,188.1952,84.745,248.9198,21.0312,179.2425,322.9061,100.9805,277.0531,108.0638,1266.61,205.5255,142.535,184.8818,56.3078,302.7561,108.56,774.64,111.05,507.23,316.21,82.975,48.9036,160.4753,307.66,315.47,188.66,63.1,161.4321,123.4628,169.3256,16.7295,94.9507,341.7211,152.58,185.2813,97.3707,35.9608,267.34,630.8394,31.2394,473.61,88.6541
2024-03-26,66.3154,153.16,291.38,70.7006,130.9994,167.39,94.9694,47.1019,41.5368,158.67,131.2466,349.84,415.2649,133.0629,102.506,231.719,158.2896,74.4575,186.98,418.09,117.8779,28.0148,127.081,677.1234,471.3787,136.0435,67.45,261.67,234.7953,177.87,656.5091,112.1323,72.89,69.7439,112.64,584.32,187.5457,90.9992,249.1846,21.1762,178.9672,325.392,100.788,276.4521,107.3096,1282.47,203.7607,143.345,184.793,55.874,302.5286,108.02,778.57,109.35,507.6,316.01,81.6402,51.2893,160.0443,304.18,319.14,189.94,63.44,162.0554,123.8447,168.1958,16.9888,92.5111,341.4167,152.27,183.6581,96.4986,35.9317,268.4,631.7871,31.0855,475.45,88.5153
2024-03-27,66.216,167.45,299.16,71.892,129.744,166.41,94.8162,47.311,43.2975,159.33,128.8797,347.93,415.0482,135.3833,102.329,237.9031,162.9654,72.1025,188.84,420.6,118.3244,28.1362,128.2402,685.4348,472.5157,139.2133,67.27,260.97,237.9186,179.59,664.3054,113.9609,75.61,70.8629,114.6,573.35,194.0597,90.8647,252.8617,21.3696,181.1508,329.7933,101.2692,274.8954,110.6835,1258.51,205.072,141.13,186.7683,56.8402,298.1266,109.63,759.0,119.8,504.4,311.34,84.4329,50.9055,162.0176,305.52,315.64,189.71,63.3,167.7725,122.6696,171.7636,16.9696,90.2013,347.1133,155.84,187.9055,100.0888,36.1646,276.37,640.3649,31.7686,480.84,89.0811
2024-03-28,66.6337,168.8,301.44,71.5697,130.4013,164.96,95.3955,47.4441,43.6932,159.82,130.7282,347.16,414.349,133.4015,101.003,240.1615,164.2286,72.495,189.59,425.01,117.0928,28.2296,128.7805,687.1069,476.0945,139.5111,68.31,260.42,239.2695,180.49,668.5292,115.1518,73.55,71.5574,114.83,571.5,195.821,89.3948,250.8123,21.6597,181.3027,335.2779,101.0286,274.9546,111.9636,1249.61,203.3269,142.065,187.1732,56.8649,297.9288,108.76,762.4,120.98,504.6,311.28,84.9251,51.3571,162.1805,308.54,312.88,188.94,64.36,169.2042,123.0025,169.95,17.0272,90.3072,348.6553,156.38,192.2404,100.4877,35.9511,276.16,641.6086,31.7108,476.67,88.0091
2024-04-01,64.6842,171.87,301.0,70.0659,132.8461,163.37,96.399,47.5677,44.0395,158.57,127.2952,347.48,418.1407,135.0547,103.715,238.7173,163.2482,74.9375,189.84,416.69,123.4594,28.3791,128.1223,699.2149,472.9605,138.2816,67.82,259.44,235.0252,183.34,659.7066,114.0453,73.85,70.178,114.15,576.89,195.1027,88.1747,248.1452,21.5727,180.2299,328.0811,101.096,274.1664,112.0827,1254.37,205.7523,139.71,187.0053,56.224,298.9971,109.33,768.37,118.29,502.09,312.13,84.9535,53.3213,164.4987,305.9,311.37,188.12,63.17,166.0194,122.8752,168.5129,17.2289,90.3142,347.2901,155.0,191.1032,99.3003,35.9414,272.05,631.5798,31.4318,477.44,86.8973
2024-04-02,64.3161,167.17,296.5,69.9975,131.7147,160.11,94.9792,46.9213,43.4657,158.27,125.5445,345.78,415.0581,133.6405,100.991,233.3765,160.5992,72.7125,189.53,413.87,121.9199,27.6131,126.6782,682.543,473.9788,137.0617,68.85,248.71,237.2767,178.7,640.4526,114.4766,70.48,71.0944,113.8,569.82,194.5024,86.6856,246.7429,21.3309,179.3279,325.4597,100.788,274.324,109.2943,1247.29,203.2086,136.7,189.0597,55.736,300.7183,107.38,757.0,113.55,499.21,306.36,83.2874,51.8011,163.8473,310.37,309.36,186.61,62.83,165.8538,121.7589,167.3335,16.9984,89.4037,345.7972,153.75,189.412,98.9199,35.8056,271.43,618.5008,31.2779,469.48,85.9443
2024-04-03,64.9925,166.73,292.75,70.1538,134.1202,159.34,96.0632,46.7104,39.8947,157.68,124.3121,346.74,414.0831,137.6241,101.557,236.391,160.5803,74.6975,191.47,415.04,127.1443,27.7065,126.7372,686.084,471.9917,139.9338,71.32,246.38,234.8528,180.77,641.3112,112.77,70.73,70.0429,114.9,578.87,195.6242,88.0306,250.7927,21.3309,181.2458,321.4164,102.4819,272.8659,108.0142,1248.55,204.4607,134.77,186.6399,56.8747,301.4503,107.08,759.16,118.6,497.01,310.58,83.4389,53.9008,166.5966,316.14,309.1,185.35,62.35,165.8246,123.6195,168.1363,17.469,88.916,344.1078,156.11,189.8785,99.2075,35.9414,266.8,614.9572,31.3356,472.09,86.6094
2024-04-04,64.1968,171.46,292.96,69.9292,129.623,158.84,93.4377,46.1067,39.3012,154.91,123.2363,341.18,411.552,135.3236,95.799,231.8256,158.874,72.1925,188.48,414.77,123.2508,27.6878,126.4425,661.7106,464.4287,138.7811,69.23,244.81,231.3654,165.83,634.6992,112.5168,69.1,69.358,113.0,567.11,194.5812,87.1948,247.6353,21.3019,178.4355,319.6656,101.3408,269.9496,105.1364,1219.85,200.5269,132.6,184.7238,56.7416,290.9648,105.99,757.55,120.78,487.11,306.48,81.6592,53.088,162.6211,304.83,306.83,182.95,61.49,164.9968,121.612,167.3137,17.2289,85.8586,341.7309,154.85,186.5642,97.1666,35.8638,265.86,613.2594,31.1432,464.34,86.0535
2024-04-05,64.8035,174.6,290.38,69.4604,131.7806,161.77,95.102,46.5283,38.2922,157.38,123.158,341.87,419.0763,139.8948,94.802,233.6091,157.9031,74.4,192.42,415.18,122.7443,27.1927,126.3933,671.635,471.7247,138.9444,70.91,244.74,234.5845,170.42,645.7226,114.7579,69.32,69.8789,115.09,575.45,195.1125,86.455,250.2338,21.418,179.5748,322.1129,101.5826,273.0432,106.4463,1231.65,204.9241,134.505,185.5041,57.8656,298.6509,106.24,783.5,112.27,485.12,308.02,82.8993,55.0222,164.3167,306.2,309.9,185.28,61.45,165.6006,122.3073,168.0669,17.2865,87.9605,346.0231,157.23,189.2954,97.8531,35.9608,264.36,627.5327,31.3068,470.36,86.4506
2024-04-08,65.9872,179.22,296.87,69.3921,131.453,160.27,94.9724,46.2312,37.57,157.85,125.2511,344.1,418.1604,138.0125,92.85,237.3991,159.7508,74.345,191.69,418.2,122.1185,27.3796,126.9631,679.4841,474.0621,139.0693,68.39,245.89,236.2995,169.9,672.3781,116.1364,68.75,70.4963,114.46,576.36,198.6253,85.648,249.3219,21.534,180.2204,320.9521,102.3272,273.6541,106.9921,1238.88,206.0974,134.29,184.8621,57.491,298.4728,105.82,785.6,115.24,484.28,311.09,84.395,54.9018,166.3188,306.86,311.21,186.41,62.18,167.1005,121.7687,166.947,17.421,87.086,345.7579,158.75,191.1712,96.61,36.019,270.0,636.9495,30.97,471.87,87.0263
2024-04-09,66.6437,184.7,306.17,69.8803,131.2543,162.66,95.5693,47.9275,37.9163,155.38,125.3489,344.5,419.8248,135.9709,90.42,244.0969,163.5216,73.6875,196.07,423.2,121.8007,27.9961,124.8608,685.3954,467.4389,142.0374,68.22,247.93,239.5282,170.78,673.1972,118.7057,70.94,71.2584,116.49,568.99,204.4898,86.0131,249.312,21.9111,179.7362,323.5155,100.7123,272.6294,110.3362,1219.08,207.4481,139.565,187.351,56.6825,299.1059,107.57,782.22,121.98,492.55,311.41,86.7806,54.676,168.1868,304.59,311.27,187.14,62.97,169.6328,121.0614,168.1561,17.3057,85.3079,346.6713,160.05,198.3928,99.1704,36.0675,274.17,636.6629,31.3164,469.89,88.5451
2024-04-10,65.5296,185.29,299.91,68.3277,130.1022,160.28,94.4206,47.1609,36.7985,153.78,122.268,339.49,416.8505,135.8016,90.854,233.677,159.2417,72.055,191.13,411.85,121.3736,27.0433,123.9963,675.8448,464.4788,139.2229,68.13,239.01,235.4851,167.14,657.7427,116.7646,69.23,70.0622,113.38,561.23,200.0521,84.5336,242.4774,21.6017,176.6316,315.009,99.2135,270.4226,105.583,1181.23,206.3044,140.5,185.988,56.574,296.3856,104.38,769.19,119.6,487.22,304.59,83.3915,54.375,163.6749,303.79,318.26,181.92,61.52,166.0194,119.6074,166.283,17.2865,86.992,341.2595,157.05,190.8213,95.339,35.8638,266.79,621.1143,30.7391,463.78,87.5524
2024-04-11,65.4501,184.44,297.54,68.9136,136.0142,165.42,96.565,47.4675,37.2238,153.59,121.8083,340.1,421.4498,137.4548,93.728,236.8272,161.3911,74.145,192.09,412.86,126.6477,27.3048,124.4089,689.1134,463.6274,140.9231,68.22,241.06,234.1726,170.5,675.3584,116.5021,70.6,69.6088,115.81,561.97,201.2427,85.2926,243.1834,20.2963,176.4986,315.7762,101.3989,271.6048,108.6195,1191.68,209.9819,141.93,187.4399,57.1262,295.9207,105.09,771.34,121.7,484.28,310.1,84.5181,55.6168,167.7653,305.72,324.09,182.27,62.03,165.6201,121.0712,173.4782,17.2289,90.5671,342.5265,160.14,193.0665,96.7862,35.825,266.51,620.4718,31.047,474.72,86.7682
2024-04-12,64.2465,182.48,289.68,67.6343,132.2371,159.37,93.9689,46.4708,35.3047,151.2,121.0258,334.2,415.5111,133.521,89.849,226.4364,156.8001,67.805,187.99,413.36,121.6915,26.6509,123.515,669.6088,460.7267,137.3403,66.45,236.98,233.6265,163.28,649.5911,115.3393,66.64,68.4416,111.36,557.16,194.8272,81.8436,238.1923,20.2383,173.0522,306.2696,98.4495,271.8807,105.057,1175.61,204.934,139.535,183.1435,55.8641,291.1428,103.47,768.71,117.02,474.09,305.85,81.0722,54.2282,164.0868,299.91,310.81,180.06,60.54,163.2047,118.9787,174.9747,16.7295,88.1384,337.6844,155.1,186.8752,94.2072,35.5534,259.16,613.9479,30.2966,465.45,86.7285
2024-04-15,63.1723,175.96,283.0,66.814,128.953,155.6,92.9016,46.2312,35.9181,148.19,120.4683,328.16,407.3762,132.1168,88.275,223.0438,156.8189,65.8,183.78,400.68,120.5492,26.1185,122.6799,667.3564,455.1926,136.4181,64.73,229.62,233.8468,160.32,638.1433,114.8236,65.64,68.2197,110.07,543.91,189.6416,80.5851,236.692,19.9192,172.0838,304.2012,98.991,267.2699,103.6182,1150.52,202.7847,136.075,180.941,55.4057,269.954,102.22,735.81,112.47,470.1,301.56,81.129,53.0053,162.6978,296.29,303.31,177.85,59.41,160.7406,117.7703,171.1492,16.5758,85.9546,332.5475,153.32,184.9508,92.992,35.4273,254.81,605.0615,30.1041,463.59,89.2002
2024-04-16,63.0927,173.08,280.415,66.3355,130.7604,156.66,94.5767,45.9246,35.8686,146.4,120.7226,326.81,408.302,131.4993,97.63,223.5963,157.9879,65.69,183.06,399.22,120.9465,25.9597,122.4442,681.9332,455.2223,137.2154,64.48,228.24,233.9714,163.46,646.9265,113.5952,64.72,68.2005,111.15,541.09,187.1029,80.3929,235.3486,19.7645,174.4574,304.8518,99.1554,267.3388,104.1243,1152.7,206.5312,137.51,180.3781,55.4944,274.4154,101.33,744.78,110.47,476.22,300.81,81.3468,53.4794,161.4908,298.73,300.31,178.62,58.92,159.4842,118.4973,167.8687,16.4606,87.3678,334.0503,151.6,185.8644,91.8509,35.34,250.9,604.4388,29.7482,458.13,90.2227
2024-04-17,62.9236,178.01,276.14,65.9547,126.1923,158.37,89.5721,45.8,35.2949,147.1,120.2532,325.62,405.6035,129.1191,96.008,219.9518,156.2062,64.8175,181.3,402.84,115.5433,25.8663,122.1691,648.1665,455.5589,135.8994,64.66,214.92,232.7163,154.02,629.3503,111.7197,64.47,67.8628,109.95,527.58,183.8657,80.8925,232.1813,19.6968,173.8402,305.4345,97.5792,268.659,101.2862,1153.28,197.0762,138.665,179.3311,54.962,273.3371,100.34,736.45,112.05,474.45,293.71,80.5326,52.8096,157.4099,296.27,299.82,177.48,58.49,160.3802,116.5816,166.501,16.3549,83.9897,334.4432,149.93,184.1149,91.35,35.3885,249.0,606.139,29.8059,449.31,89.8852
2024-04-18,61.7698,174.29,273.03,65.5543,123.8665,160.1,87.2804,46.1067,34.6618,146.91,119.5001,324.5,398.1481,129.0593,92.848,212.6143,154.2925,64.2975,179.59,402.95,111.1731,25.8009,121.5797,633.6487,450.1535,134.9389,64.03,210.63,231.8444,155.08,612.1688,110.4538,62.93,67.5252,107.84,519.71,181.9076,80.1623,231.1223,19.7065,172.2927,306.8522,96.8347,267.3585,99.4306,1162.25,191.5846,140.57,180.704,54.6613,268.9846,100.73,731.36,109.17,473.18,285.9,79.7185,51.4173,154.651,295.64,297.59,175.7,57.86,160.4776,113.9586,165.5496,16.3646,84.6253,333.4119,146.89,182.3168,90.5614,35.0781,247.22,601.3647,29.7385,449.61,88.148
2024-04-19,61.9786,175.04,268.07,65.857,118.5261,155.01,85.4472,46.3079,33.8309,148.62,119.4218,322.11,393.0761,118.2637,71.365,208.5142,150.5311,61.5225,177.33,403.35,106.048,25.9784,122.7094,617.8523,450.8366,135.0061,63.4,216.5,233.1091,146.64,583.7566,112.0761,60.71,68.2294,104.88,510.71,180.3135,79.2208,231.2008,19.8225,172.3971,307.7067,94.7169,265.792,95.2331,1130.06,187.0986,138.855,181.8497,54.3113,267.4514,101.5,713.91,106.48,465.02,280.25,77.3234,49.7089,151.0012,294.29,293.605,176.37,57.97,161.286,112.8583,163.5278,16.1245,76.1589,333.5985,145.12,178.2152,89.1606,34.9811,245.96,598.1917,30.0849,440.38,88.2374
2024-04-22,62.854,176.28,271.63,66.5992,120.4692,156.61,85.2332,46.1354,34.0386,148.8,121.5051,324.81,394.8882,118.6422,71.702,211.9455,154.0662,61.3675,179.55,411.41,108.3821,25.8756,123.8097,623.2423,452.183,138.0991,63.69,217.13,235.9833,148.64,592.7471,113.6796,60.65,68.7792,107.12,515.49,183.7181,81.834,233.0246,19.8128,172.7009,308.2311,94.6783,268.3043,97.0093,1150.66,186.793,140.84,182.4621,55.1444,270.8542,100.88,721.95,110.51,466.89,285.02,79.0748,50.4615,153.444,300.9,293.8,178.55,58.94,160.5458,112.5145,164.3603,16.1629,79.4751,339.0791,144.74,181.0825,91.016,35.0296,246.95,602.7386,30.3543,443.06,90.5602
2024-04-23,64.0874,180.1,276.56,66.1793,122.9023,160.95,87.1331,46.3079,33.9099,155.39,124.0872,325.97,401.3981,120.395,76.186,218.682,155.9894,62.795,180.23,418.44,111.6995,25.8476,126.413,637.5733,458.1923,137.5804,64.8,217.93,236.4911,152.27,603.3461,114.0453,61.68,69.358,107.98,527.5,185.076,83.131,235.7997,19.9966,172.9763,307.6582,96.1384,270.058,99.0833,1188.19,190.5198,146.745,182.8374,56.3275,273.6932,101.76,740.95,113.48,472.9,281.76,81.5929,52.6214,154.5648,306.61,301.56,180.44,59.69,162.1431,113.0646,165.4108,16.1629,82.3785,339.3934,146.8,184.6009,92.1199,34.8064,247.8,623.6052,30.335,450.26,93.0319
2024-04-24,64.4952,177.48,277.53,65.9352,123.653,162.84,86.8847,46.3367,34.1276,152.25,124.674,328.57,402.8656,119.7476,75.472,227.8225,164.7942,63.6925,182.35,419.0,111.0241,26.2493,126.6291,645.7666,457.8755,134.4778,65.45,215.0,236.2707,151.74,633.7814,114.8892,65.53,68.3066,112.15,527.52,184.8988,83.6882,236.0154,20.1416,174.7897,304.4634,96.7573,270.9546,99.9267,1193.03,193.3001,146.91,183.2621,57.3381,273.2085,102.19,746.29,107.17,477.12,277.66,85.8434,52.343,156.7489,307.42,302.41,180.5,59.51,160.8964,113.3102,167.5119,16.2589,79.634,338.9612,146.6,190.9866,93.8083,34.302,245.0,628.162,30.3254,451.06,91.7216
2024-04-25,63.7591,175.02,292.53,65.193,127.3523,163.01,88.5126,46.0971,34.7311,153.29,121.8963,327.04,392.9973,117.9948,78.74,230.7691,165.209,66.19,181.85,458.07,110.8254,26.2773,127.5918,661.9073,457.4894,134.9389,64.03,216.4,236.0121,153.76,651.6734,114.3735,66.38,67.9786,114.7,530.11,183.5902,83.8323,238.6924,19.8709,160.3679,300.0549,97.6082,271.0925,108.0737,1193.66,194.7198,144.395,180.4275,58.6692,270.1915,101.79,716.25,107.83,473.44,277.08,87.2918,52.2602,156.4328,302.08,306.24,179.88,59.21,161.5685,112.8681,168.3742,16.2973,82.5874,342.8015,147.43,192.3862,95.506,33.9043,237.13,619.167,30.1619,446.31,93.1014
2024-04-26,65.6092,178.73,297.21,65.3688,132.2371,164.23,90.8593,45.8671,31.5359,155.89,121.8376,333.75,400.1671,117.7857,85.744,235.2472,167.3113,66.175,181.94,460.74,114.0634,26.1559,128.0634,694.6707,457.7963,134.6795,64.18,217.93,232.8792,157.4,668.3417,112.498,68.06,67.1393,116.75,543.66,185.8631,82.6602,237.5549,19.9482,158.6779,299.0935,97.9854,270.462,113.2536,1110.85,200.517,145.71,173.3162,59.3988,271.329,101.68,723.55,111.93,477.56,282.41,88.6077,53.7052,158.6936,303.8,308.23,180.99,60.15,160.5848,115.1473,167.7894,16.4894,87.6877,340.3068,148.55,196.3031,96.7584,33.6715,237.75,629.2098,30.1426,448.78,93.429
2024-04-29,66.6337,180.83,300.01,64.9684,131.7009,162.25,91.1971,45.7904,31.0215,154.32,121.9452,329.87,396.1587,119.3791,89.035,239.5412,169.0175,65.9175,182.13,465.2,113.5866,26.4081,129.3012,702.2148,452.5295,137.1866,64.3,216.78,233.7223,160.2,670.7793,113.2857,70.82,66.985,118.83,544.76,190.0942,82.6986,241.1634,20.0739,158.9627,294.3839,99.0974,267.8216,117.3817,1143.06,202.3706,146.705,172.9508,60.2073,272.7634,101.78,721.16,113.85,473.07,282.49,88.2101,52.5763,162.0847,305.09,313.3,180.68,60.67,161.7925,114.44,171.9519,16.499,87.7096,341.4952,150.21,198.1789,100.061,34.0983,239.21,631.0286,30.5756,448.65,94.1933
2024-04-30,67.5588,176.3,314.56,64.1384,127.9278,158.57,87.8194,45.0237,30.1411,152.67,120.0771,324.88,383.4343,116.8794,85.88,248.323,166.312,64.14,165.31,461.55,112.1961,26.2399,137.7497,677.9792,446.6885,135.8994,63.18,212.85,231.7486,158.38,660.5454,111.4103,70.16,65.5187,116.84,530.59,184.9677,82.5353,237.1627,19.4744,157.7949,292.1991,98.8363,264.6393,115.4268,1133.33,195.8536,145.445,167.3902,59.5368,266.0368,100.93,693.33,108.76,462.83,275.63,87.0741,53.3063,158.8756,302.14,313.66,177.44,60.07,158.4518,111.7482,168.8102,16.3261,86.3554,333.1074,147.94,194.9812,98.8828,33.7782,235.26,618.4059,32.1149,412.59,92.9922
2024-05-01,65.7883,177.58,309.05,63.8356,122.2795,156.16,85.2361,44.8895,30.0422,148.86,106.6678,321.48,388.9594,113.9116,73.83,241.7706,165.1619,63.8025,166.62,458.53,108.9582,25.9223,139.685,655.1107,437.6498,133.9495,63.53,210.71,236.9606,144.27,644.0251,111.9729,69.01,64.8242,111.89,522.18,183.2556,82.4392,210.4419,19.2907,156.1144,290.0142,97.6566,263.3684,112.8666,1140.73,191.2592,143.67,168.9705,58.7924,265.7895,100.89,685.61,105.16,469.39,274.55,84.0542,53.0655,157.2087,296.25,311.57,174.96,58.59,158.2862,112.6127,167.7894,15.7883,82.9962,330.0135,144.95,188.4498,83.7707,33.8461,234.98,608.106,32.2111,422.39,93.6871
2024-05-02,66.6238,180.51,312.71,64.7145,121.8575,158.33,86.7659,44.8416,30.1807,149.17,108.1154,314.53,391.8155,114.788,76.252,246.4523,165.7275,65.465,166.07,464.46,111.5704,26.0998,140.1467,670.858,436.6895,134.4874,65.2,209.95,231.8828,146.16,703.5337,111.0727,70.01,66.9754,95.67,523.38,164.0484,82.9004,214.1681,19.0296,156.3613,291.6456,98.7493,263.6541,116.4886,1165.35,195.124,147.66,166.2643,59.6502,269.1924,99.74,695.72,106.06,476.57,276.44,84.6885,52.4709,172.5263,298.94,316.75,170.6,60.09,158.2765,112.9369,171.4861,15.8748,85.7707,330.2492,146.99,190.9768,83.2326,33.6132,238.18,606.9594,32.2977,419.04,93.1609
2024-05-03,65.3506,191.55,309.59,64.695,125.7476,159.71,89.2058,45.1579,30.5664,149.22,108.9272,319.52,400.5019,116.74,78.27,249.932,168.6593,68.6,165.94,469.0,113.9243,26.324,139.1741,685.1594,439.1447,136.3989,58.88,215.19,231.7486,150.6,697.9381,112.6199,70.37,68.2197,95.95,536.94,168.5452,84.0629,215.2958,19.368,157.3297,294.918,101.1861,264.5211,119.5152,1193.01,201.217,148.105,166.2445,60.4587,270.7058,99.67,716.65,114.2,486.18,281.63,86.4871,53.3966,172.0857,299.29,318.55,175.77,55.93,159.903,113.7621,181.7438,16.1917,88.7411,347.3981,149.18,194.0287,85.8209,33.7976,242.12,622.0138,32.442,428.64,95.186
2024-05-06,65.2611,193.81,315.79,64.861,128.9156,162.0,90.7778,45.1483,30.7657,150.59,108.6533,321.59,407.2777,118.4828,83.035,251.6574,171.2612,69.705,168.58,476.02,119.3176,26.5482,140.1074,706.5918,444.8768,136.6102,58.81,216.7,232.563,155.78,723.4291,113.1169,69.67,67.9593,96.21,545.54,171.6447,86.3205,217.5119,19.0489,160.083,297.2,104.3869,268.6393,121.0136,1242.63,205.9199,150.285,166.8272,61.5186,272.6546,101.08,726.56,115.08,493.59,285.19,88.7591,54.6384,174.2027,302.6,327.64,178.22,56.2,160.6627,116.2574,180.0887,16.4798,92.0903,343.4105,150.6,197.6152,85.1437,33.7394,246.39,627.3218,32.1727,436.38,96.2779
2024-05-07,65.5694,194.67,317.87,66.0719,128.2073,159.81,89.8323,45.3112,30.4776,153.04,108.4186,325.04,403.1413,116.9491,81.929,250.7074,173.445,68.4975,168.32,481.38,118.4038,26.5389,140.3333,702.6575,448.5299,137.59,59.43,214.62,234.8432,154.43,693.0038,114.2047,70.79,71.6828,96.75,549.61,173.6422,85.9939,216.394,19.3004,159.8647,301.6668,103.8163,272.3733,120.1602,1240.62,204.4016,152.76,167.4692,61.4841,274.1878,101.67,713.33,114.925,492.27,284.04,87.1498,53.803,172.5742,304.72,312.73,178.38,57.0,161.3347,115.8546,180.7725,16.1917,90.5051,351.7885,150.1,197.8582,85.8673,33.4677,249.54,633.7568,32.1534,437.13,96.5558
2024-05-08,63.4707,190.72,319.95,66.1305,130.3973,157.9,89.6722,46.0012,29.8021,153.29,108.624,326.96,404.3231,117.0487,82.264,252.2195,174.6604,72.9175,171.76,481.02,118.5131,27.501,142.9367,705.382,450.2228,139.0885,59.63,213.95,232.7546,153.62,704.0074,113.642,70.67,71.432,96.02,550.49,169.5193,86.5127,216.041,19.3584,161.3078,302.9583,105.8664,273.0925,119.5052,1251.44,204.441,151.505,166.4816,62.4158,275.9585,102.12,721.03,112.36,488.1,282.57,87.0835,54.2169,172.9574,304.5,311.86,178.33,56.54,161.2763,115.3241,181.1095,16.499,90.3632,352.6234,150.8,199.112,86.4981,33.555,249.2,625.1373,32.6441,434.27,96.0198
2024-05-09,64.1073,193.61,316.5,65.2321,128.4591,147.05,89.1086,45.8,29.8915,154.67,109.1228,327.25,406.0762,117.4471,79.97,252.7914,175.9612,74.0175,171.04,481.84,117.0133,27.6972,144.2432,699.0083,450.9356,140.3372,58.11,218.63,234.8672,152.39,698.7276,114.6725,71.26,71.104,97.02,549.88,170.7985,88.0691,218.6396,19.6678,159.4284,297.734,104.6093,274.4225,121.6685,1286.78,203.4255,147.835,167.6964,62.9088,272.1995,102.46,722.94,111.13,482.65,285.28,86.6007,54.2546,172.9478,283.22,309.09,180.0,56.78,164.6364,114.5873,182.9232,16.3838,88.6991,353.6939,151.01,199.044,85.5797,33.4192,181.93,619.6316,32.9039,436.75,95.2356
2024-05-10,62.5953,191.05,315.8,65.4078,131.1283,146.32,89.8823,46.0587,29.6531,154.22,106.8341,328.25,408.4595,117.467,79.85,253.6929,177.6038,78.5075,171.62,484.76,120.4201,27.7626,144.8818,706.4836,452.4107,140.4236,58.16,217.77,236.5103,151.92,693.3196,115.8542,70.46,72.0012,97.69,556.71,170.6115,90.3171,218.1395,22.6847,160.2722,297.4621,104.9187,276.59,121.9761,1328.61,206.7776,148.735,169.1186,62.8891,273.6833,91.19,729.79,108.35,482.29,287.48,86.6197,53.8858,174.4231,283.44,303.43,180.0,56.8,164.8312,114.6168,181.6628,16.3838,89.8295,356.3851,150.21,201.3766,85.5333,33.6035,183.4,625.0187,32.875,439.27,95.7915
2024-05-13,63.6099,189.54,316.0,66.277,131.5917,149.13,88.7404,46.6529,30.3087,153.22,106.9808,328.2,407.455,117.3674,78.276,255.8253,178.335,77.4675,171.4,481.1,122.1682,27.9681,143.5163,702.4312,453.1829,142.0086,59.63,216.65,237.4108,150.56,693.8229,117.9529,72.33,73.0719,98.35,557.39,171.2905,89.4909,217.7374,23.2068,160.6654,298.5109,104.5803,275.26,123.8913,1332.53,203.7213,151.125,168.9804,62.6869,274.5242,94.32,730.12,110.78,483.11,284.46,87.6042,53.4117,176.4635,287.51,300.23,179.12,57.06,163.3508,114.3221,184.8683,16.6911,90.3502,351.6215,149.71,202.5332,87.1104,33.4677,190.72,619.9578,32.9808,440.09,95.1661
2024-05-14,64.2366,186.97,320.98,66.1891,135.7751,146.7,89.5996,46.9117,30.8452,153.68,107.773,325.86,410.252,117.2478,82.237,259.4408,181.4778,78.415,171.93,484.85,123.966,28.7341,144.0173,719.4031,449.6585,143.4014,60.2,215.83,235.2073,153.16,704.343,116.9508,72.99,73.6893,99.05,559.63,171.7136,92.4403,217.2766,23.729,160.4736,298.0642,105.4409,273.6344,126.1339,1353.93,206.8664,150.77,167.6371,63.3771,273.8119,93.13,721.62,117.11,475.95,283.33,88.8538,55.3458,181.0233,283.3,296.46,180.53,57.09,161.3737,118.7429,186.0096,16.9504,91.3067,354.6172,151.5,205.9933,87.5928,33.4095,187.05,628.0929,33.6254,436.57,96.2283
2024-05-15,63.5602,191.93,323.87,67.2437,141.2985,145.8,93.0567,47.6017,31.0637,155.01,106.4331,329.88,417.4248,115.0753,95.236,263.6475,185.6556,81.5075,175.05,489.14,126.9457,29.2946,144.6558,748.7738,453.4205,145.4858,60.73,220.24,236.2803,159.67,731.6103,117.5748,74.74,74.7408,99.91,580.2,174.6065,94.8421,219.1004,24.2221,161.3366,299.5888,106.9687,277.3388,130.9368,1368.16,214.4284,156.16,167.1631,65.0532,284.436,95.98,760.57,115.47,485.35,293.1,90.2738,56.9639,186.4261,279.06,293.95,183.85,57.68,163.4579,119.4895,188.2822,17.2577,94.5789,358.5263,155.7,209.6964,87.565,33.5453,190.48,647.5756,33.7794,442.15,98.1739
2024-05-16,63.7591,194.62,319.86,68.6792,138.9333,147.19,92.5805,46.3271,31.8187,152.84,106.8732,327.53,415.3627,114.9856,90.44,261.3309,185.1239,80.0225,173.83,487.97,127.0251,29.0237,144.9604,738.6813,454.2818,145.1304,61.24,220.43,239.5761,162.62,718.5441,118.35,73.0,74.8179,99.51,569.27,178.1685,94.381,219.7868,24.5702,162.0173,299.0838,106.1275,276.2136,130.4803,1404.43,211.0171,158.39,168.852,64.93,281.6069,96.87,758.01,116.85,482.88,288.93,89.2135,55.7673,185.1425,282.86,290.44,184.21,57.25,164.9675,120.0102,188.4013,17.1809,94.3081,359.8817,156.78,208.1122,87.2867,33.6715,189.14,645.8359,33.8852,447.78,97.7272
2024-05-17,64.1371,197.59,317.89,67.4337,137.2764,145.66,89.5534,46.1642,31.62,152.71,106.7656,327.71,414.5932,114.6268,88.789,259.4989,185.1713,79.9725,174.13,489.14,124.4427,29.1358,146.0508,736.9072,455.6678,145.0535,61.43,221.21,241.7509,164.47,720.4685,118.7848,73.17,75.5896,98.43,566.73,179.3591,91.5276,219.2965,24.3273,162.0749,294.8015,106.8237,276.4702,130.8971,1411.35,209.0946,158.925,168.6446,65.0286,282.5268,95.21,765.05,114.32,483.43,288.81,89.2987,54.2621,185.7077,279.53,288.79,184.22,57.09,164.5877,121.3266,188.4311,17.152,92.4291,361.2469,157.3,208.0733,86.8506,33.6035,187.8,653.5558,34.0103,450.26,97.8761
2024-05-20,64.4256,196.34,320.16,68.2379,139.1202,146.37,92.4961,45.1675,31.8882,151.34,105.0247,328.59,419.6546,120.5963,90.394,265.1693,189.1403,79.8475,174.25,493.92,128.1276,29.7243,146.8072,761.6653,455.0639,145.7067,62.34,221.4,241.224,166.33,745.9595,118.7092,74.28,74.9723,98.68,574.38,177.401,93.0071,223.8072,23.783,162.9283,296.8504,108.5739,274.9304,138.4387,1446.28,216.8538,161.885,170.4915,65.7434,283.9711,94.9,774.18,113.45,484.69,292.47,91.3151,54.9771,189.4437,278.94,292.03,184.0,57.32,165.0357,122.3287,189.5922,17.0944,94.7289,361.8657,159.75,211.3779,87.8926,33.6035,191.5,662.4224,34.1738,456.3,97.8959
2024-05-21,63.7591,212.11,321.78,67.4631,137.6611,144.1,94.6523,44.9854,31.5306,152.77,105.0051,326.79,423.3051,117.3873,89.895,265.9932,188.9599,79.2475,173.44,495.98,126.6378,30.537,147.6324,754.1157,454.5095,145.8124,61.31,220.28,241.5689,164.66,746.8082,119.0212,72.82,75.3485,97.99,571.53,176.7909,89.9232,225.9056,24.3467,166.3322,294.85,109.2218,272.374,139.3127,1374.8,216.7059,155.83,172.0718,66.7491,280.6968,94.5,777.05,111.5,481.85,290.1,91.0964,55.6995,192.4037,273.11,287.95,182.67,57.3,164.6754,122.4367,190.8923,17.0752,95.3345,363.1524,146.36,210.5615,86.3974,33.5162,191.26,660.1192,35.0974,449.35,98.7992
2024-05-22,61.8593,251.75,326.98,67.7181,136.9764,142.71,94.8261,45.455,31.2127,152.57,103.939,326.36,424.7654,117.776,87.327,270.2678,192.3116,79.125,173.22,497.51,125.426,30.8359,147.2788,760.591,451.9553,145.6779,61.57,219.96,243.3701,165.52,750.6373,120.0422,76.29,74.5092,99.55,573.13,177.7749,90.9512,231.6812,24.2981,166.5431,298.2196,110.3435,272.0088,141.8851,1366.64,215.4712,154.29,172.9113,66.3399,280.7562,95.29,770.83,121.23,483.93,292.84,94.6249,55.3458,194.3963,272.77,284.87,183.76,57.6,165.211,122.4073,189.4533,17.4306,94.8988,364.4587,147.48,233.4215,87.3132,33.6424,189.37,662.541,35.1937,451.93,100.0202
2024-05-23,61.2525,249.81,324.06,67.1493,137.0797,141.04,94.0759,44.6595,29.8816,150.2,100.9755,328.18,421.2924,118.3839,84.738,264.3454,187.3267,75.355,169.95,491.13,125.4161,30.4996,147.1314,754.0762,446.6984,144.7035,60.93,215.16,240.9461,160.43,736.5941,118.7943,71.65,73.6121,96.86,586.3,171.6447,89.7887,227.67,23.9774,163.6474,297.0737,110.2758,270.6763,139.2929,1353.18,215.2737,155.72,169.8791,67.2421,275.5628,93.96,758.15,117.5,483.31,294.69,93.341,55.8124,193.2755,269.95,279.99,182.6,56.87,163.9449,121.9062,185.4638,17.517,103.743,356.8762,143.84,227.9787,85.2386,33.555,186.9,654.6234,34.7511,445.69,99.1268
2024-05-24,61.3122,276.74,327.0,67.0022,138.5112,144.47,95.2974,44.487,30.5173,150.34,100.506,331.11,424.4102,119.1911,88.388,268.6587,189.1213,76.6375,169.9,492.05,128.6143,30.593,148.4871,767.8351,446.6687,145.5428,61.35,214.89,238.4647,166.36,743.4923,117.4424,72.56,75.0398,98.29,587.4,168.3116,90.4901,227.1685,24.1912,163.8583,292.2767,111.852,270.9329,143.0272,1384.64,218.1776,160.8,169.0594,67.1632,269.3506,94.14,738.51,125.18,475.43,294.28,93.4266,56.3016,201.5138,267.93,285.63,183.0,56.8,164.7559,120.747,188.5403,17.6802,106.4116,358.1039,144.05,225.9862,86.1264,33.6521,180.11,599.9907,34.905,439.04,101.4397
2024-05-28,61.8394,280.16,326.24,65.5704,138.9647,147.01,95.3651,44.3529,30.8551,148.42,99.2443,328.08,424.568,118.364,87.472,271.0432,189.5201,76.8725,168.34,479.13,131.7728,30.9573,144.98,774.8131,440.6297,145.0894,59.45,210.45,233.0995,171.61,749.6109,113.6988,73.65,72.4738,98.18,587.94,164.4756,93.036,221.4072,24.1134,162.679,289.1111,114.1148,267.4684,144.2389,1385.13,218.6023,154.005,168.9409,66.049,266.9172,92.59,728.86,129.38,478.43,296.21,93.9877,57.3026,204.1194,263.16,288.2,179.56,55.82,158.854,122.2992,188.5502,17.6802,113.8395,353.4779,142.48,226.8901,85.3694,33.3901,177.27,593.1011,34.4913,434.7,99.9309
2024-05-29,60.7253,278.19,316.93,64.8446,136.8219,146.61,93.5958,44.1612,29.9312,147.82,98.2858,322.44,423.4334,116.9289,83.972,265.4213,185.0669,77.0775,168.23,475.4,130.6902,30.6397,143.1528,761.2316,438.0458,142.7645,59.73,208.51,230.0241,165.14,736.6039,112.2618,71.01,71.8468,96.28,580.21,161.32,90.5573,216.9929,23.8121,160.1763,285.2657,113.6216,265.3758,140.9018,1356.3,216.3602,153.45,168.7038,65.6004,268.6879,90.84,731.12,125.69,477.6,291.7,90.8871,58.2734,199.5021,264.01,284.19,177.31,55.7,157.8378,121.5624,188.8479,17.4594,114.7671,350.7474,139.3,221.7485,84.1265,33.5841,178.43,591.3811,34.2027,427.74,97.8165
2024-05-30,62.1776,276.78,316.62,63.5305,134.2058,145.52,93.3464,44.1995,29.9908,147.88,98.3641,319.91,409.1272,118.8124,82.794,263.095,185.798,75.915,167.3,477.38,125.436,35.8335,142.7205,759.0338,437.6795,143.0153,58.0,199.93,230.8097,166.75,734.1367,111.9404,72.11,71.461,97.09,564.73,156.7444,90.0289,219.087,23.8899,158.8148,276.5554,112.6547,267.7842,140.3059,1302.66,213.881,146.59,167.489,65.6004,215.6566,90.22,643.29,130.66,445.87,288.25,91.6195,56.8284,196.9916,266.43,281.73,173.86,55.5,157.4664,115.0294,189.8403,17.7859,110.4443,353.2814,138.48,223.5466,84.7432,34.0789,176.05,556.4783,35.5593,414.48,98.5014
2024-05-31,62.655,271.76,312.34,64.8741,130.7102,144.93,91.5535,44.5637,30.6465,149.76,99.616,317.45,409.5811,118.4935,78.451,263.7444,185.1619,74.4125,168.97,480.36,124.1547,34.096,144.4594,748.5865,442.5998,144.4141,59.32,201.6,234.6516,166.9,725.9753,113.5948,73.04,73.1973,98.39,560.8,143.3035,89.5774,219.8539,24.1329,159.9846,274.1181,116.4549,268.9292,139.9782,1289.93,212.4389,147.455,172.1705,65.2554,231.9092,92.24,656.93,127.9,444.76,286.31,92.4755,56.6629,196.2702,267.67,281.67,176.24,55.68,160.9157,115.1277,190.7931,16.9504,109.5777,358.4084,138.48,227.9106,86.5936,34.6027,177.93,569.793,36.1215,419.67,97.8562
