date,0157B1,03B8CF,55018,61366,0624BE,063384,067779,06EF42,07EC43,095294
2003-09-10,2.3056,31.1212,43.2012,24.74,18.6624,19693,22.1641,11.1387,3.9905,34.0695
2003-09-11,2.2542,31.6429,42.7098,25.0,18.7301,19.8803,22257,11.4107,4.1007,33.9716
2003-09-12,2.2786,31.4925,43.0252,24.6,18764,19.5962,22.8673,11.6108,4.1252,33.2129
2003-09-15,2.2702,31.5381,43.3332,26.88,18.9129,19.4412,23.1526,11.9055,4.0628,33.0824
2003-09-16,2.3066,32.0781,44.0005,27.75,19.9089,17.6721,23.3583,12.1623,4.2944,32.8951
2003-09-17,2.3026,31.9573,44.6238,28.35,20.6538,17.7624,23.2123,12.1056,4.5415,32.4218
2003-09-18,2.3889,32.3173,45.1372,28.17,20.4301,18.0659,23.4379,12.2945,4.4335,32.1527
2003-09-19,2.3734,32.3469,45.1738,28.27,19.9699,18.1628,23.2853,12.2756,4.4981,32.0467
2003-09-22,2.3678,32.3788,44.4112,28.3,19.7938,17.7689,23.3184,11.8601,4.36,31.9651
2003-09-23,2.5161,32.5223,44.1472,27.89,19.8816,18.0143,23.69,11947,4.3845,31.4186
2003-09-24,2.4747,32.1578,42.8785,27.88,19.3735,17.9432,22.7347,11.8979,4.1708,30709
2003-09-25,2.4966,32.2626,42.1378,27.08,19.3668,17.7883,22.6683,11845,4.0628,30.4643
2003-09-26,2.4223,32.6818,41.2578,27.2,19.0348,17.7366,21.8324,11.7468,4.0283,30.0483
2003-09-29,2.4871,32.0188,42.3578,27.32,18.6894,17.8399,22.0447,12049,4.1563,30.8231
2003-09-30,2.4158,31472,41.8298,27.53,18771,17756,21.8192,12.3512,4.0584,30.6438
2003-10-01,2.4502,32.3059,42.9812,27.95,19.8141,17.8851,22.4627,13.2803,4.1385,31.1087
2003-10-02,2.4986,32479,43.4578,27.2,19848,18.1951,22.5489,13.4201,4.2287,31.4432
2003-10-03,2.6383,33.2764,43.7805,27.64,19.8271,18.0788,22.4826,13.6429,4419,32.6423
2003-10-06,2.7011,33.2354,44.2645,27.93,19.8816,17.9174,22.7678,13.9187,4.4958,32.7074
2003-10-07,2.7391,33.3994,44.4185,29.05,20471,17.9626,22.7148,13.9187,4.4524,32.9522
2003-10-08,2.7785,33.1261,44.5945,28.59,20.9314,18.0143,22874,13998,4.4046,32.8296
2003-10-09,2.8862,33.7822,46.4059,27.79,20.9314,18.1111,22.8209,14.0962,4.4624,32.7482
2003-10-10,2.8962,33.7366,45.4525,27.78,20.6132,17.8851,22.6086,14.0584,4.8966,32.9439
2003-10-13,2.9082,33.9553,46.2005,26.69,21.0535,17.8851,22801,14.2775,4.8977,33.5311
2003-10-14,2.9885,34.0237,45.7238,27.53,21.06,17.8658,22.8143,14.5343,4.8954,33.1152
2003-10-15,2.9201,33.5817,44.9172,27.1,20.9653,18.0724,22.5953,14.0131,4.9021,33.1152
2003-10-16,2.9885,33.5316,44.8732,28.81,21.3177,18.0143,22.9536,14.2246,4.7697,32.3402
2003-10-17,2.9775,33.7412,44.3672,29.86,20.8641,17982,22.5821,14.0395,4.7006,32.1362
2003-10-20,2.9725,34.3928,44.7778,29.84,20918,17982,22.4428,14.2473,4.8843,32373
2003-10-21,2.9605,34.4019,45.3058,28.5,20.5386,17.9626,22.2039,14.2473,4.6917,31.7287
2003-10-22,2.6952,34.5477,44.0738,28.75,19.9971,17.8851,21.8921,14.1415,4.6695,31.2883
2003-10-23,2.7096,34.5978,45.8192,28.15,20.3087,17.8528,22.1442,14557,4.6762,31655
2003-10-24,2.7191,34.4839,45.4378,28.9,19.5429,17.8851,22.2504,14.2171,4.6083,31.2801
2003-10-27,2.7346,34.5112,45.2765,29.27,19787,17827,22.6551,14.6288,4645,31.6716
2003-10-28,2.8298,35.1993,47.0219,29.16,20.0643,17.8076,22.9204,14.8705,4768,32.4218
2003-10-29,2.8278,35.3451,46.4792,29.34,19.5767,17.6914,23.1062,15.2331,4.8531,32.2017
2003-10-30,2.7849,35.5684,43.7658,29.53,18.9398,17.7237,23.3317,15.0329,4.9789,31.9408
2003-10-31,2.7151,35.9374,44.5872,29.27,19.3061,17.4977,23.1592,15.0329,5.0524,32316
2003-11-03,2.8303,35901,45.2325,29.02,19.3399,17.4719,23418,15.3653,5.1247,32.2832
2003-11-04,2.8363,36.2245,45.2472,28.32,19.2041,17.1749,23.0863,15.2746,5.0913,32.3973
2003-11-05,2.8303,36.0741,44.9392,27.71,19.0824,16.9747,22.7944,15.8828,5.0134,31.9896
2003-11-06,2743,36.2701,44.6972,27.88,19245,17.1297,23.1062,16.0376,5.1125,32.1854
2003-11-07,2.7091,36.0149,44.0005,28.85,19.1162,17.2717,23.4511,15.1009,5.2483,33.1887
2003-11-10,2.5929,35.9238,43.4725,29.15,18.8721,17.3492,23345,14.8101,5.0958,33.4007
2003-11-11,2.6054,35.7688,43.6118,29.43,19.5292,17.5817,23.2189,15.1009,4.9522,33.27
2003-11-12,2.7001,35.9511,44.3085,29.14,19.7257,17.4332,23617,15.6335,5216,36.0433
2003-11-13,2.7336,36.2929,44.0518,31.14,20.1999,17.6204,23.7497,15.9847,5.1848,36.5001
2003-11-14,2.6163,35.7825,43.1572,32.72,19.9154,17756,23345,15.5806,5.0969,36.0514
2003-11-17,2.5121,35.6276,42.4971,32.37,19299,17.6721,23146,15.4106,4.9889,34.6812
2003-11-18,2.4193,35.1811,42.2771,32.66,19.2519,17.6785,22.6949,15.5126,4.9411,34.5426
2003-11-19,2.4707,35017,42.5631,31.2,19.1437,17.3686,22.6351,15607,5.0179,34.0043
2003-11-20,2.4368,34.9942,41.8151,32.78,19.1976,17.4332,22.5555,15.8034,5.0112,33.4415
2003-11-21,2.4233,35.3178,41.4338,32.81,19.1976,17459,22.6617,15947,4.8776,33.5229
2003-11-24,2.5605,36.2518,42.9592,33.44,19.5292,17.4848,22.8673,16.4493,5.0646,34102
2003-11-25,2.6173,36.0741,43.0398,33.79,19.8072,18208,23.0531,16.6004,5.1559,33.9472
2003-11-26,2.6418,36.1243,43.8025,32.86,19.8748,18.3629,23272,16.3625,5.1336,33.6861
2003-11-28,2.6922,36.0149,43.7952,33.1,19.8816,18.3888,23345,16506,5.1058,33.7676
2003-12-01,2.7261,37.1905,44.1472,34.28,19.5767,18.4662,23418,17.0197,5.2861,34.1918
2003-12-02,2.6902,36.8852,43.6632,43.72,18.8249,18.2725,23.2322,16997,5.3874,34.5672
2003-12-03,2.5695,36.9034,44.2572,44.98,18.4797,18.2984,23.2786,16.5815,5.2639,34.2246
2003-12-04,2.5839,37.0447,44.0738,45.26,16.7109,18.2532,23.5506,16.5664,5.1303,34.1675
2003-12-05,2.5719,36.7895,43.3845,49.21,17.1385,18.9828,23.3848,16.4909,5.1492,33.7514
2003-12-08,2548,37.3409,43.3258,51.19,16.7109,19.3056,23418,16.7968,5.3206,34.0288
2003-12-09,2.4612,37.3728,42.2991,49.2,16.5083,19.5962,24.5855,16.0074,5.1092,33.7676
2003-12-10,2.4542,36.8806,40.5538,49.43,16.7789,19.6543,24.5922,14.8629,5.0056,33.9472
2003-12-11,2534,37.0173,41.0598,51.85,17.0433,19.5703,25.2224,15.3955,5.1359,34.3304
2003-12-12,2.54,37.1221,41.2505,49.01,16.6575,19.9513,25.2357,15.6146,5.0902,34.6322
2003-12-15,2.5146,37.3636,40.6711,47.75,15912,20.2095,25.4811,15.5655,4.9956,34.1348
2003-12-16,2.4692,37.8102,41.4338,47.88,16.1421,20.1127,25.2357,15.7052,4753,34.3551
2003-12-17,2.3734,38.0289,41.4631,46.27,16.5966,20.1644,25.0566,16.1245,4.5804,33.7841
2003-12-18,2.4318,38.0152,43.4798,44.1301,16.5216,20.3387,25.1229,16.4833,4.8454,33.8819
2003-12-19,2.4562,38.3068,43.7878,46.3,16.0608,20.3581,25.9521,16676,4.7196,33.1966
2003-12-22,2.4886,38.8445,44.3818,47.62,16.2709,20.4162,26.1114,16.6948,4.8042,34.1348
2003-12-23,2.6178,38.5529,44.4918,51.87,16.3728,20.7261,26.0981,16676,4.9633,35.8067
2003-12-24,2.6597,38.3843,44.4772,52.06,16.3049,21.3072,25.7929,16.4946,4.9032,36.0678
2003-12-26,2.6672,38.3706,44.3158,57.91,16.3728,21.2362,25.8195,16.5626,4.8654,35.9619
2003-12-29,2.6672,38.5028,45.1005,53.72,16.7386,21.2039,26.0848,16.8535,5.0491,36.1412
2003-12-30,2.6353,38.4025,44.7925,54.46,16.8536,21.2555,26.0516,16.5022,5.0435,36.3859
2003-12-31,2.6248,38.7443,44.9465,52.69,16.7386,21.2555,26.3568,16.3398,5.0802,36076
2004-01-02,2.5889,37.9879,44.1692,51.52,16359,21.3007,26.4165,15.7015,5.2383,36.0925
2004-01-05,2.6572,38.7124,45.8339,52.5,16.0138,21.5332,26.8212,15.3615,5.6012,37.4545
2004-01-06,2.6453,38.5939,46.7212,52.3,16.5625,21.4234,27.0335,15.6486,5649,36.9732
2004-01-07,2.5889,37.9286,46.8679,54.5,16.8671,21714,27.0866,15.5995,5.8349,36704
2004-01-08,2.5061,37.6735,47.5425,58.14,16.5287,22237,27.3585,15014,5747,36.7121
2004-01-09,2.5734,37.5459,46.9485,58.25,17.0094,22.0497,27.2192,15.2029,5.6768,36.1738
2004-01-12,2.6413,37.8968,47.0879,57.01,17.2734,21.8237,27.2259,14.7307,5.8305,36.3287
2004-01-13,2.7391,37.7646,47.1685,55.44,17.3346,21.7914,27.0799,14.5948,5.6089,35.9292
2004-01-14,2.7835,38.1383,47.5132,54.5,17.3684,21.7462,28.0485,14878,5.7336,36.3778
2004-01-15,2.8024,38.4116,49.2072,53.2,17.5312,21.9012,28.4399,15.0763,5.8549,36.5898
2004-01-16,2.7795,38.9493,49.3319,52.01,17.4431,21.8366,28.9573,15099,5.9073,36.6878
2004-01-20,2.8239,36.6391,49.7939,55.89,17301,22011,29.1232,15.1387,5.7392,36.2148
2004-01-21,2.8034,37.2497,51.2239,55.75,17.68,22.1724,28.9905,16.1528,6.1722,36.6225
2004-01-22,2.8523,37.4138,54.3773,57.29,17.4229,21.9787,29.0502,16.1981,6.1944,37.2015
2004-01-23,2.8488,37.3454,54.3113,56.46,17673,21.9529,28.9905,16.1811,6.3069,37.9601
2004-01-26,2.8448,37.5778,54.0106,57.51,17829,22.3209,29.4217,16.3228,6.2067,38.0744
2004-01-27,2.7805,37.4092,53.6879,60.15,17.5177,22.6115,28.8711,16.4588,6.2623,37.2588
2004-01-28,2.5919,36.4523,51.6272,62.23,17.1385,22.8181,28.3536,15.7222,6.0431,36.9078
2004-01-29,2.4552,36.2336,51.0406,62.91,17301,22.2434,29.4482,15.6599,6013,36.9078
2004-01-30,2.5141,36.0377,52.1259,61258,17.5447,22082,29.4682,15.9205,6.0175,36.4185
2004-02-02,2.4048,35541,52.4193,64.9399,17.9919,21.5009,29.7733,16.2831,5.9774,36296
2004-02-03,2.2417,35.9511,52.6173,62.39,17.7415,23.2765,29.1895,16.5438,6.0264,36.4023
2004-02-04,2.2642,36.2017,51.7519,61.76,17301,23.6122,28.7583,15.9319,5.7692,36.1576
2004-02-05,2.2966,35.9967,51.0772,60.17,18.5945,23.7866,29.1033,16.2321,5.8828,36.5572
2004-02-06,2.3121,36.3658,52.5366,60.91,18.5606,24.0771,29.3421,16997,5.8995,37.2504
2004-02-09,2.2876,36.1744,53.0426,63.14,18.8996,24.2127,29.1365,17.0537,5.7826,37.6257
2004-02-10,2.2741,37.0219,52.8593,63.67,18.5136,23.7414,29.0966,16929,5.3986,37.6584
2004-02-11,2.3515,37.0902,54.4139,64.89,18.5404,23.8318,29.2559,17.3086,5.7959,38.0254
2004-02-12,2.3475,36.8989,53.9006,63.95,18.7507,23.9286,29.0436,17.4446,5.7759,34.9669
2004-02-13,2.3136,36.3065,53.5706,63.64,19.1706,23.8253,29.4748,17252,5.58,34.9992
2004-02-17,2.2712,36.5981,52.8813,59.99,19.1027,24.2708,30.2775,17.7789,5.5099,35.1382
2004-02-18,2.2382,36.2974,52.5439,55.04,20.8571,24387,29.9259,17.4446,5.4787,34616
2004-02-19,2.2273,36.0422,52.9839,58.9,20.0306,24.6066,29.7202,17.2803,5.2861,34.5426
2004-02-20,2.2532,36.3156,52.1553,57.95,20.1387,24.4064,29.5544,17082,5.4175,33.8491
2004-02-23,2.1933,36.6528,51.3266,66.7,19848,24.3031,29.3753,16861,5.3218,33.5962
2004-02-24,2111,36.2154,50.3512,69.63,20.3357,24.0061,29.7866,17.0027,5206,33.1966
2004-02-25,2142,35.8007,51.8986,68.82,20.7623,24.4387,29.9524,17.2576,5.3351,33.4333
2004-02-26,2.1774,35623,52.0673,68.58,21.2702,24.7938,29.7866,17.5352,5.3418,33.2781
2004-02-27,2.1455,35.5501,51.8619,68.7,21.3587,25.2135,29435,18.0112,5.2617,34.0857
2004-03-01,2.1435,35.8964,52.2286,67.87,21.6703,25.7623,30.0188,18.6231,5.2995,34.0449
2004-03-02,2.0956,35.6823,52.0673,65.26,21.5618,25.4008,29.9989,18.6344,5.1158,33.9308
2004-03-03,2.1534,35.9739,52.2873,63.37,21.7374,25.1812,30.1249,18657,5.0312,34.3793
2004-03-04,2.2143,35.9466,53.8273,64126,21182,24.9875,30251,19.4162,5.0947,34.5344
2004-03-05,2.1958,35.8418,54.1059,65.17,21.8463,25.4008,30.2576,19.9318,5.1604,34.8605
2004-03-08,2.1699,35.3907,54.5679,63.42,21514,25.5428,30.0121,19.7165,4.9756,34.4285
2004-03-09,2.1305,35.4727,53.3946,62.03,21.4396,25.2523,30.0121,19.8242,4822,34.3385
2004-03-10,2.0726,34.6297,54.1499,64.9,20.9587,25.1683,29.4615,19.1953,4.7018,33.7269
2004-03-11,2.0592,34.3335,52.6979,65.87,20.4779,24.8971,28.1679,19.2179,4.7752,33.7106
2004-03-12,2117,34.73,53.9006,65.03,20.9587,25.3104,28.4863,19.4729,4.8754,34.3713
2004-03-15,2.0492,34.1148,53.3653,66.72,20.6538,25.3168,27.5111,19.5352,4.7786,33.6861
2004-03-16,2.1011,35.9101,53.3359,67.13,20.7962,24.7745,27.1396,19.6542,4.8376,33.8655
2004-03-17,2135,36.2518,53.7833,68.3,21.1146,25.0134,28274,19.5806,4.9455,33.8248
2004-03-18,2.1455,36.3977,54.1426,68.04,21.1211,25.5105,28.3072,19.9148,4.8687,34.0779
2004-03-19,2135,36343,53.0939,68.17,21.6365,25.4718,28.2011,19.5239,4.8865,33.6861
2004-03-22,2.0377,36.3202,52.5806,68733,21304,24.9875,27.8428,19.15,4.7407,32.9032
2004-03-23,2.0068,36.2701,52.6173,71.83,21.9139,25.0327,28.0617,19.3426,4665,33164
2004-03-24,1.9808,36.1926,52.4266,71.36,22.0291,25065,28.4266,19.1273,4.6884,32.6911
2004-03-25,2.0946,36.9171,52.9473,70.54,22.8826,25.0069,28.8114,19.5182,4.9322,33.27
2004-03-26,2.0801,36.4432,54.0106,71.29,22.8282,24.8907,29.1033,19.7052,4.9567,32.8135
2004-03-29,2133,36.8169,54.7733,70.94,22.9367,25.3426,29.5743,19.6882,5.0925,33.0907
2004-03-30,2.1849,37.2178,55.5726,71.04,22.7472,25.7623,29.6473,20.2378,5.0524,33.0745
2004-03-31,2.1589,37.3044,55316,74.34,22.9234,25.9689,29.7932,20.0735,5.0368,32.8951
2004-04-01,2.2317,36.9308,55734,74.96,23.3702,26.4726,30.2576,20.0508,5.1403,33.5639
2004-04-02,2.2991,37.2634,54.9933,78.09,23.3024,26.2143,30.4765,19.1103,5354,34.3875
2004-04-05,2.3425,37.7054,55.8806,78.28,24.0135,26.4467,30.6092,18.4248,5413,34.6404
2004-04-06,2.3165,37.7418,56.3353,79.2,24163,26.4597,30.7618,18.5437,5.2583,34.9504
2004-04-07,2.2871,37.7054,55.6313,80.82,24.4541,26.6469,30.5031,18.3454,5.2216,34.7628
2004-04-08,2.3994,37.5596,55.3013,80.21,22.6252,26.2078,30.2045,18.0848,5.2082,34885
2004-04-12,2.3924,38.1018,56.8486,84.64,22.5573,26337,30.3505,17.7392,5226,35.1461
2004-04-13,2.3235,37.5413,55074,86.35,22.0361,26.1562,29.6605,17.3143,5.1993,35.3256
2004-04-14,2334,37.6644,53.6439,88.27,22.1241,25.7752,29.2625,17.5126,5.1481,35.6354
2004-04-15,2344,37.7509,52.6026,88.66,22.7536,25.6074,29.2492,17.7449,5.1537,35.1052
2004-04-16,2.2697,38.1519,54.0619,90.15,22408,25.5686,29.6539,17.9998,5.1715,35032
2004-04-19,2.35,38.1656,54.0986,89.27,22.1376,25.4072,29.5677,17.9715,5.3485,35.1704
2004-04-20,2.2547,37.9104,52.7859,93.74,21.8258,25.4976,29.2691,17116,5.1782,35.0728
2004-04-21,2.2806,38.2385,52.3826,97.46,22.3745,25.3556,29.2957,17.3369,5.2561,34.6242
2004-04-22,2.4373,39.6191,51.8106,94.53,22408,25.0844,29561,17.9488,5.4208,34.8688
2004-04-23,2.3091,40052,50.4906,96.33,22.2187,25.0908,29.3885,17.3766,5.3674,34.7789
2004-04-26,2357,39.9836,49.6326,119.3401,21.8873,24.8584,29.0369,17.2973,5304,34.0532
2004-04-27,2.3944,40.2707,50.1826,114.7048,22.0291,23.6058,28.9706,17.4333,5.1715,33.5883
2004-04-28,2343,39.5143,48.6939,113.45,21.5278,23.6445,28.8247,16827,4.9812,33.4659
2004-04-29,2.3041,39.2409,48.4519,114.56,20.7009,23.2055,28.6124,16.3171,4.8687,33.2948
2004-04-30,2.1749,39405,48.0559,115.92,21304,23.9222,28.3072,16.3171,4.8153,33368
2004-05-03,2.2153,39.6556,48.1219,112.05,21.0468,23.4637,28.3205,16.5098,4783,32732
2004-05-04,2.1923,39.4141,48.9946,109.4,21.1754,23.5025,28.5328,16.3398,4.8632,32.7156
2004-05-05,2.2078,39.0723,49.1119,109.9101,21.5073,23.4896,28.6588,16.4644,4.9956,32732
2004-05-06,2.1519,38.6258,48.7526,111.64,22341,23.2119,28.3072,16.0565,4.9288,32.5034
2004-05-07,2.0901,38.4709,46.9045,110.07,21.9816,22.7729,27531,15.2576,4.7608,32332
2004-05-10,2.0582,38.0653,45.2032,108.75,22.0763,22.0433,27.0003,14.4871,4.7507,31.9733
2004-05-11,2.13,38.3433,46.4939,107.1601,22964,22.7729,27.1861,14.7704,4.7619,32.2343
2004-05-12,2146,38.8901,47.3665,108.0799,23.6413,22.7341,27.1463,14.8214,4.8086,31.8427
2004-05-13,2.1754,38.5073,48.0852,107.26,23.6816,22.7277,27.1927,14.9744,4.8865,32.2427
2004-05-14,2.1474,38.1884,48.2832,110.6899,23.6071,22.5469,27.2856,15167,4.6762,32.2098
2004-05-17,2.0991,37.9195,47.4179,120.3499,23.2616,22.1595,26.6354,15.0537,4.5348,31.8347
2004-05-18,2.0946,37874,48.1879,112.53,23.6071,22011,26.7947,15.1217,4.7886,34.3958
2004-05-19,2.0796,37.5049,48.4005,107.69,23.3091,22.1401,26.7018,14.6967,4.7763,34.1593
2004-05-20,2.0442,37.4548,49.0459,104.53,22.9094,22082,26.7349,14.5551,4.7507,34.4693
2004-05-21,2.0537,37.7828,49.2586,100.08,23.2552,22.1014,27133,14.8157,4.8097,34.1675
2004-05-24,2.0766,37.6142,49.3906,98.5,23.7156,21.9981,27405,15.4729,4.9188,34.5263
2004-05-25,2.1759,38.1109,50.7839,105.32,24.4811,22.9149,27.7499,16.4588,5.0847,34.8199
2004-05-26,2.2293,38.2749,50.6152,109.51,24.4541,23567,27.8826,16.2038,5.1092,34.9669
2004-05-27,2.3754,38.7078,51.3266,103.02,24.4337,23.4379,28347,16.5777,5.0702,35.0645
2004-05-28,2.4193,38.5301,51.3779,94.4201,24.6776,23.9803,28.2674,16.3738,5147,35.5539
2004-06-01,2.5056,38.6531,50.8792,95.25,24.6575,23.8899,28.0949,16.3511,5.1348,35.2195
2004-06-02,2.5116,39.0085,51.0919,91.55,24.6912,23.9674,27.8428,16.4021,5.1548,34.7872
2004-06-03,2.4642,38.6258,50.0946,87.54,25.1248,23.5412,27.6106,15.9885,4.9222,34.1755
2004-06-04,2.5415,38.6668,51.2312,81.87,24.7253,23.5864,27.9423,16.2265,5.0157,34.6242
2004-06-07,2.5819,38.8126,52.6979,85.05,25.1522,23.9286,28.4532,17.15,5.1092,34.9992
2004-06-08,2.5909,39.2455,52.3899,94.01,25.3213,23.8576,28.7052,16.5891,5.1192,35.1052
2004-06-09,2.5061,38.9174,51.9279,96.49,24.8536,23.6639,28.5925,16.0508,5.0568,35.1704
2004-06-10,2.4911,39.2865,51.4512,99.07,25.2737,23.7737,28.7583,16.0168,5.1158,35.3583
2004-06-14,2.4567,38.7989,51.5172,94.2,25.0437,24.1611,28.5328,15.6599,5.1559,34.5017
2004-06-15,2.4996,38.9812,51.9059,97.55,25.1313,23877,28.9242,15.9319,5.3986,34.5263
2004-06-16,2.5226,38.8445,52.2359,96.0,25.1455,23.2313,28.8976,15.6259,5.4954,34.3793
2004-06-17,2.4827,39.1544,52.7859,90.81,25.3484,23.7478,29.9922,15.8015,5.4887,34.4774
2004-06-18,2.4742,39.6829,52.3459,95.79,25.5177,24174,30.0188,15.8355,5.4564,35.2195
2004-06-21,2.4827,39.7695,51.9793,102.49,25.8359,23.9415,30.2775,15.7506,5.5321,35.4398
2004-06-22,2.4442,40781,51.8619,103.74,25.9104,24.3483,30.2974,15.8639,5.4764,36.0107
2004-06-23,2.5345,40.8038,51.8253,106.98,25.7278,24.6259,30.9144,16.4644,5.6501,36.5817
2004-06-24,2545,40.3618,51.4659,106.5,26.3171,25065,31.0072,16.6741,5.6256,37.1364
2004-06-25,2.5839,40.3983,51.5246,104.1801,26.4999,25.2523,31.1333,16827,5.7725,37.3404
2004-06-28,2.6632,40412,50.6226,100064,26.3983,24.91,31.1797,16.1415,5.8638,37.0793
2004-06-29,2.6792,40.9177,49.9626,100.42,25.9239,24.6647,31.1664,15.8355,5.6167,37487
2004-06-30,2.7136,41.0134,50.1459,101.81,26.2488,25.1425,31.1797,16.0905,5.6568,37.8705
2004-07-01,2.6218,40175,50.3146,98.18,25.8089,24.8713,31.7171,15.8412,5521,37.2422
2004-07-02,2.6233,39.8697,49.9332,99.9,25.4565,24.9617,31.7171,15.9885,5.5121,37.1364
2004-07-06,2556,39.8925,49.7572,98.33,25.5041,25.5363,31.6176,15.5239,5.4041,36.5001
2004-07-07,2544,40.2935,50.2119,94.79,25.4637,25.4976,31.5512,15.5069,5.3963,36.6142
2004-07-08,2.4692,39.9791,49.5372,101082,25.0638,25446,31.0139,14.7307,5.2716,36.1576
2004-07-09,2.4103,39.9381,48.7012,100.9301,24.8064,25.3168,30848,14.6571,5.5232,36.5653
2004-07-12,2.4467,40052,49.0166,103.0,24.9351,25.2845,30.9077,14.7591,5.3763,36.1738
2004-07-13,2.4742,39.8151,48.7012,112.55,25.0844,25.0973,30.6556,15.0933,5.6189,36.5165
2004-07-14,2.4692,40.1841,48.5325,112.8,24.5558,25.1683,30.45,14.7364,5.6189,36.4348
2004-07-15,2.4278,40.3801,48.4885,113.82,23.8578,25.3039,30.3903,14.8724,5.5877,36.3859
2004-07-16,2.3495,40.0247,48.4152,114.4,23.4378,25.5428,30304,15.0367,5.5477,35.7336
2004-07-19,2.2956,37.8421,47.8139,110.03,22.7944,25.0521,30304,14.7421,5.4842,36.8755
2004-07-20,2344,38.7306,48.6279,117.7399,23899,25.2135,30.4964,14.8724,5.4186,38.1967
2004-07-21,2.2327,38.0836,48.4005,126.96,23.1876,25.1812,30.1315,14.7364,5265,37.6093
2004-07-22,2.2856,38.1383,50.8206,131.53,23.6617,24994,30.0785,15099,5.2739,37.9275
2004-07-23,1.9943,37.6461,49.8452,127.92,23.14,24.9552,29.4482,15065,5.0891,37.2749
2004-07-26,1.9344,37195,50.0506,131.84,23.1671,24923,29.1895,14895,5748,37438
2004-07-27,1.9509,37.8421,50.2632,137.0301,24.3321,24.2773,30.1581,15.0537,6.1243,38.5474
2004-07-28,1894,37.3591,49.7206,137.3,24.2037,24.2063,30.5628,15.0537,6.0352,37.7643
2004-07-29,1.9245,37.4183,50.5859,137.22,24.8064,26.0787,31.0271,15.5919,6.1065,38.4496
2004-07-30,1.9414,37.5277,50.8352,135.9,24.9822,25.9108,30921,15.6542,6.1332,38.5393
2004-08-02,1.9105,38.0699,50.9819,130.0,25.1248,26.4597,30.7883,15.9205,6.0508,38.4006
2004-08-03,1.8761,37.7874,50.5419,135.7199,25.0366,25.8334,30.2908,15.9659,5.8861,37683
2004-08-04,1.8516,37.9013,50.2339,134.95,24.2643,26.0787,30.2908,16.1868,5826,37.3157
2004-08-05,1.7763,37.1677,49.0826,138.93,22.3949,25.9367,29.4881,15.9319,5.6568,36.6469
2004-08-06,1.7703,36.3931,48.3639,139.09,22.1306,25.6784,28.9242,15.9545,5.5098,35.5295
2004-08-09,1.7619,36.2017,48.2025,140.57,22.6791,25.7882,28.7384,15.9659,5.6011,35.5946
2004-08-10,1.8506,36.2746,50.0506,133.24,22.6658,25.7946,29.1895,16.4304,5.7124,36.0514
2004-08-11,1.8237,36.1015,49.3906,136.9,19.8611,25814,28.9839,16.3171,5.6234,35.0728
2004-08-12,1.8102,35.4453,49.2732,150.16,19.3195,25.7107,28493,15.9942,5.4475,35.04
2004-08-13,1.8023,35.3861,49.8819,148.38,19.5972,25.4976,28.7849,16.0168,5.5321,35.1461
2004-08-16,1893,35.6458,50.9819,149.97,20.2204,25.5622,29163,16.5041,5.6278,35.9619
2004-08-17,1907,35.8509,51.0479,150.44,20.0917,25.5299,29.4151,17.1047,5.6434,35921
2004-08-18,1.9634,36.4523,51.3999,156.2,20.5727,25.6849,29.6075,17.0707,5.8148,36.4103
2004-08-19,1927,36.4432,51.2972,149.75,20.3357,25.6849,29.7866,16946,5.7503,36704
2004-08-20,1.9709,36.5754,51.9573,158.81,20.6471,25136,29.6871,17.1896,5.9039,36761
2004-08-23,1.9679,36.6164,51.5466,155.35,20.5458,25.3749,29.5876,17.5352,5.8081,36.7367
2004-08-24,1.9479,36.7166,51.6712,146.56,20.1999,25.6332,29.5809,17.4163,5.8326,37.1118
2004-08-25,2.0103,36.9991,51.6933,148.1,19.9897,25517,29.9723,17.0763,5.9773,37.7481
2004-08-26,2.0048,37031,51.0259,169.0,19.9424,25588,30.0188,17201,6.0107,38.1558
2004-08-27,1.9903,37.1267,50.5419,167.12,19787,26.3305,30.0917,17.4333,6.0597,38.1641
2004-08-30,1911,37.0447,49.9552,224.4301,19.5563,25.8398,30.0055,17082,5.9996,37.6502
2004-08-31,1.9025,37.5277,49.6912,206.85,18.9671,25.7559,30377,17.5296,6.1042,37.8051
2004-09-01,1.9075,37.7555,50.0946,177.7,19.1294,25.7688,30.2775,17.9205,6.2289,37.8215
2004-09-02,1.9544,38.0653,50.7252,188.07,20.9925,25.8269,30.8148,17.8695,6.1888,38.0822
2004-09-03,1.9325,38.2476,50.2926,185.39,21.0399,25659,30.8215,17.8809,6.1198,37.9357
2004-09-07,1921,38.3752,51.5392,190.95,21.4801,25.8786,31.1598,18.3851,6.0998,38.4822
2004-09-08,1896,38.2066,50.9379,212.63,21.1956,25.5234,31.1333,18.0225,6.2066,38.2946
2004-09-09,1899,38.2066,51.0479,215.76,20.9721,25.5751,30.9542,18.2888,6.4337,38.3842
2004-09-10,1924,38.5893,53.2039,207.33,21792,25.1877,31.1333,18.2321,6.5005,39.0285
2004-09-13,1.9958,38.5711,53.7539,212.5,21.8935,24.7357,31.3257,18.5437,6.5673,39208
2004-09-14,2.1285,38.2385,53.9153,210.13,22.0557,24.7293,31465,18.5607,6.5361,39.6485
2004-09-15,2.1055,37.3636,53.3726,212.0,22.1509,24.3677,31.3588,18.4134,6.4003,39102
2004-09-16,2.1235,37.3864,53.2553,207.62,22.6252,23.8641,31.8763,18.64,6476,38.9061
2004-09-17,2143,37.5094,53.6659,215.88,22.6048,24.5808,32.0488,18.5834,6.4137,38.7513
2004-09-20,2.1584,36.8806,53.3506,238.18,22.1848,24.5808,31.5844,18.1981,6.3558,38.8818
2004-09-21,2.1596,37.1677,54.2599,237.15,22.4827,25.0392,32.0222,19.1216,6.4604,39665
2004-09-22,2.0641,36.5571,53.8566,229.22,21.9479,25.0004,31.7768,19.2463,6.3402,38.7593
2004-09-23,2.0866,35.86,53.3579,214.54,21.9408,24.6001,31.7171,18.9743,6.3625,38.7269
2004-09-24,2.0422,35.8509,53.9739,225.93,21.6631,25.1812,31.8033,18.9687,6.3669,38.5966
2004-09-27,1.9918,35.3998,53.8786,218.4,21.2368,25.3104,31.6839,19.15,6.2467,38.2211
2004-09-28,1.9669,36.0286,54986,235.47,21.2368,25.3491,31.5711,18.6967,6.3424,38.1967
2004-09-29,2.0372,35.8964,54.6633,250.0,21.6968,25.4524,31.4384,18.5211,6565,38.3191
2004-09-30,2.0382,36.4387,54.1939,236292,21.3384,25814,31.3721,18759,6.7921,38.4167
2004-10-01,2.0188,36.3111,54678,241.68,21.4596,25.0521,31737,18.6627,6.7142,39.4201
2004-10-04,2.0457,35.9693,54.92,248.35,21.9408,25.2135,32.5264,17.5126,6.9457,40.3418
2004-10-05,2.0432,35.8873,54.5093,251.69,21.8125,25.1877,32.4999,17.1217,6.9502,40.3174
2004-10-06,2.0631,36.9718,55.0666,231.97,21.6764,25.4976,32.5729,17.5806,6.9134,40.5701
2004-10-07,2.0527,36.2974,54.1719,247.1,23.7695,25.6849,32.4335,16.6061,6.9279,40.2765
2004-10-08,1.9953,36.1151,53.4899,247.98,24.7724,25743,32.3738,16.6231,6732,39.8689
2004-10-11,2.0028,36.0969,53.6806,245.6,25.2535,25.7494,32.3937,16.2151,6.8545,40.0807
2004-10-12,2.0063,35.8281,52.8299,266.4,24.4947,26.0852,32.1814,16.5154,7.1839,39.8442
2004-10-13,1.9943,35.5319,51.8033,272.04,24.7523,25.8915,32.1483,15.9885,7.0971,39.1184
2004-10-14,1.9504,35.3588,50.7619,280.91,24.9619,26.3951,32.4203,16.2095,7.1594,38.3353
2004-10-15,1923,35.5319,51.2679,275.5,24.7253,27.0924,32.4932,16.3001,7.1928,38.6535
2004-10-18,1.9589,34.6753,51.1066,266.04,25.2674,28.0545,32606,16.1981,7.1683,39.0203
2004-10-19,1912,34.3518,51.3339,267.14,25.0976,27.7897,32.3871,16.0452,7.0815,39.1348
2004-10-20,1913,34.9942,50.6372,267.7,24.9351,28048,32.9974,15.7166,7.0214,39.3223
2004-10-21,1.9689,35.3588,51.7886,265.87,25294,28.3321,32.7387,15.8072,7.0726,40.0647
2004-10-22,1.7259,34575,51.1872,245.58,24.9692,28.2288,32.6193,15.6429,7.1194,38.8246
2004-10-25,1.6945,34.4338,51.6933,236.84,24.9755,27.7768,33223,16.5494,7.1795,39.1998
2004-10-26,1.6875,34.73,53.4093,230.5,25.1722,28.5129,33.4751,16.9743,6.8545,39.3386
2004-10-27,1.7075,35.3451,54.0619,234.25,26.1406,28.0997,33.5414,17.0877,7313,40.5782
2004-10-28,1.7185,35.1537,53.7686,225.97,26.4523,30.1206,33.6078,17.1217,7.7293,40.5374
2004-10-29,1.7025,35.3451,54.0913,221.0,26.5404,30.8179,33.5414,16997,7.5691,40.5132
2004-11-01,1.7509,35.0444,54.6193,224.76,26.4796,31.3668,33.8333,17.1613,7.5751,40.3661
2004-11-02,1.8077,34575,54.6046,204.79,26.4932,31.5411,34.2579,17286,7.7316,40.7823
2004-11-03,1.7918,34.3062,54.8246,181.56,26.5336,31638,34.4967,17.6712,8.0277,40.9454
2004-11-04,1.8412,35.5775,56.1006,167.2,28.5658,32.1287,34.8748,17.6486,8.1056,41.5
2004-11-05,1.8237,37.0902,56.57,175.88,28.9045,31.8575,34.8284,17.2633,8.1123,40.7823
2004-11-08,1.8616,37.0811,56504,180.75,28.5591,31.7025,34.2645,17.5636,8.1546,40.9046
2004-11-09,1.8656,36.9946,57.0173,164745,28451,31.4894,34.6095,17.9942,8.1568,40.8883
2004-11-10,1.9,36.8396,57.6773,171.46,29.2975,32.0124,34.8947,18.0168,8.1212,43.7511
2004-11-11,1.9369,37309,58.1173,171.28,29.6294,31.5928,35.1601,18.3398,8.2614,44.6564
2004-11-12,2.0183,37.6735,58462,177.0,30.2662,31.2183,35.5913,19.5239,8.5241,45.0968
2004-11-15,2.0397,37.4912,58.4693,191.9,30.4896,31625,34908,19.8128,8.4595,44.7787
2004-11-16,1.9988,37.2588,57.4426,184.35,29.8598,31.5153,34.5299,19.6145,8.4595,44.2814
2004-11-17,1.9903,37.4684,57.7727,181.77,30.0831,31.5411,34.2446,19.8355,8.5931,44.5261
2004-11-18,2.0138,37.5322,58.11,185.94,29.8937,31.2441,34.1716,19.9262,8553,43.9796
2004-11-19,1923,36.8852,56.9586,192.9,29.3382,31.3797,33767,19.4559,8.4442,43.1884
2004-11-22,1898,36.7895,57.3546,177.9999,30.1037,31.6767,33.6343,20.0621,8277,43.5718
2004-11-23,1911,36.5617,58.2787,171.7099,31296,32.9293,34.4768,20.2264,8.4239,43.2617
2004-11-24,1933,36.5662,58.66,165.6,31.2009,33.7622,35.2132,20.4757,8.5597,43.7511
2004-11-26,1.9499,36.5252,58.6527,173.19,31.4852,33.9043,35.0739,20.4587,8.7245,43.6043
2004-11-29,1.9424,36.4523,57.5746,189.64,31.6683,33.6912,35.2729,19.9488,8.6278,43.4005
2004-11-30,1.9793,36.2655,57626,175.56,30.8554,34.0399,35.1667,19.9488,8.4885,44.1262
2004-12-01,1.9943,36.6574,58154,228.46,31.5194,34834,35724,20.5947,8.5708,45456
2004-12-02,2.0038,36.4113,58.6013,224.11,30.4151,34.4014,36.0292,19.9941,8.4907,44.9828
2004-12-03,1.9998,36.9444,58.11,219.39,30.5375,34.4079,36.2348,20.5947,8.4351,45725
2004-12-06,1.9699,36.6209,58.1907,211.94,30.3068,34537,36.5333,20.7533,8.4128,47.0627
2004-12-07,1.9055,35.9374,57.7067,217.0,30.7131,33.9753,36.3211,20.5324,8.1746,46.0675
2004-12-08,1.9315,36106,57.6407,211.59,31.6208,34.4466,36.3343,20.1981,8.1968,46.0432
2004-12-09,1.9863,35983,58.0733,211.7442,31.1266,34.8857,36.2016,21.4219,8415,45.8475
2004-12-10,1.9479,35.9055,59.4887,218.9,30.4763,34.5693,36.2547,22.2604,8.5263,45.4886
2004-12-13,1.9868,35.7597,60.1193,220.69,29.7038,35.2279,36.6594,22.3227,8.8514,46.6957
2004-12-14,2.0173,35.7688,60.0313,217.69,30.4018,35.0665,36.7523,22.5324,9.1096,46.6304
2004-12-15,2.0452,36.0377,60464,205.26,30.6657,35.4216,36.3874,23.4332,9.0317,46.3286
2004-12-16,1.9978,36.4068,60002,205.1512,30.1106,35512,37.0309,22.4927,8.7601,46.3778
2004-12-17,1.9958,36.7348,60.1633,207.49,29.9413,35583,37.4687,22487,8.8692,45.8392
2004-12-20,1.9429,36.7941,60.0827,202.6,29.4672,35.8219,37.7805,22.4191,8.8402,45.8309
2004-12-21,1.9649,36.9535,60684,213186,30.2866,36261,38.0791,22436,8.8781,45.7494
2004-12-22,1.9714,37.1404,60.6694,208.77,30.4018,36.4095,38424,22.7703,8.7779,45668
2004-12-23,1.9419,37.6142,60.4493,196.82,31472,36.6419,38.4439,22555,8.9938,45.7983
2004-12-27,2.1075,37432,60728,176.57,31.4244,36.6225,38.3046,22.1811,9.0205,45.3336
2004-12-28,2.2263,37.8147,61564,198108,31.9123,36.5967,38968,22.5947,9.5214,45.7576
2004-12-29,2.2357,37.7008,61718,205.88,31.7702,36.8033,38.6894,22.5834,9399,45.8883
2004-12-30,2.2432,37.7054,61.4467,207.29,31.8988,36855,38.5633,22844,9.4502,46.0513
2004-12-31,2.2093,37.3955,61.7547,200.84,31.8035,36.8098,38.2316,22.8383,9.4235,45.9778
2005-01-03,2.2208,37.5459,61454,193.9,31.3704,36.7904,38.0194,22.2944,9.3122,45.3336
2005-01-04,2.1021,37.2406,60.3173,204.02,32.0273,35.7251,37.8469,21.3086,9.2075,44.5014
2005-01-05,2.0836,36785,59716,196.97,32.1564,34.8276,37.7805,20.8497,9.1229,44306
2005-01-06,2.0477,37.1176,60464,193.66,33.9512,34.8986,38.0525,21.2689,9.0139,43.9877
2005-01-07,2111,37.5003,60.1047,209.5,33.5314,35.9962,38.1454,21.2236,9.0205,44.0612
2005-01-10,2.0871,38.2476,60.3613,219.73,33.5921,36.1899,37.6744,22.0508,8.7979,43.9143
2005-01-11,2.0771,38.5985,60.2,220.19,33.8974,35.5895,37.21,22.0395,8.4863,43.6288
2005-01-12,2.11,38.7124,60.4787,227.49,33.6325,35.4926,37.2365,21.9545,8.4061,43.8734
2005-01-13,2125,38.1793,60.1633,228.68,33.6127,35.8348,37.3626,22.98,8.2525,43.0007
2005-01-14,2.2223,38.2613,60222,231.14,34.0935,36.1189,37.9729,23.2009,8.4707,43.7676
2005-01-18,2.2238,37.3728,60816,237.53,34.1273,37.2876,38424,23.1159,8.6443,44.5749
2005-01-19,2.1928,37.4411,60.2073,249.55,35.3128,36.5838,38.7756,23.2292,8.5553,43.6207
2005-01-20,2113,37.7965,57.6847,251.6,34.8658,36.4159,38.3577,22.2208,8.2369,42.7398
2005-01-21,2.0532,37031,57.4866,278.0,34.0867,36.1383,37.6877,21.9771,7.9831,42.0056
2005-01-24,2.0143,37.1905,56284,272.25,33.6399,35583,36.6594,22.3001,8.07,41.5978
2005-01-25,2.0422,37.7373,56.5113,271.99,33.5585,35.2214,36.5731,22.2038,8.0277,41.3288
2005-01-26,2.0621,38.0107,57.7507,269.87,33.66,35.7832,37.3692,22.4077,8.1568,41.4348
2005-01-27,2.1105,37.7692,56922,271.2,33707,36.0221,37.7805,21.9658,8.2948,41345
2005-01-28,2106,37.9332,56922,268.3,33.8227,35.8671,37.6279,22.0791,8.1902,41.0595
2005-01-31,2.1559,38439,57406,274.1,33.9512,36.5063,38.2117,22538,8.4373,42.0222
2005-02-01,2119,38.3114,58.2713,287.32,33.9512,36.9518,37.6346,23.2576,8.4952,42.1443
2005-02-02,2.0891,37.9742,57.5453,295.91,33.7614,36.9002,37.5085,22.8893,8.5041,41.8753
2005-02-03,1.7833,37.9742,57.5086,287.36,37257,36.4095,37.1702,23.0083,8346,41.8509
2005-02-04,1.7818,38.3114,57.8093,285.7901,37.1825,36.5063,37.4886,24.8383,8.5263,42.5604
2005-02-07,1.7803,38.2203,57.6187,291.85,38.0971,37.0293,37.7142,24.7363,8.4484,42.7642
2005-02-08,1.8107,38.4299,56702,298.03,37582,36.1706,37084,25.4672,8.3794,42.4136
2005-02-09,1.7903,37.9788,56.3426,286.03,37.5618,35.8025,36.8186,24.9459,8.1724,40.3582
2005-02-10,1.7848,38.2294,56614,283.61,37.0265,35.8477,36.3012,24.9969,9.5927,39.1184
2005-02-11,1.7848,38.2932,57494,288.24,37.0738,35.0536,36.8518,24.3964,10.1336,39.5668
2005-02-14,1.7973,38.5529,57824,285.52,37.1077,34.4918,36.9646,23.8581,10.2071,38.7187
2005-02-15,1.8028,39.1817,57.5673,284.92,36.7831,32.9228,37.5085,23.4615,10.0201,38.6288
2005-02-16,1.7788,39.5508,57.6627,291.99,35699,34.6791,37.3825,24.0508,10.0446,38.0905
2005-02-17,1.7803,39.0541,57.1126,263.3501,36.4984,34.4466,37.1901,24.1471,9.9132,37.7235
2005-02-18,1.7614,38.9812,56.3353,276.24,36.6137,33.8913,36.9115,23.9658,9.9622,37.2015
2005-02-22,1.7319,38.3023,55.0006,268.82,35.5971,32826,35.8169,22946,9.7752,36704
2005-02-23,1703,38.2385,55.3086,278.57,36.1119,33052,35651,23.0649,9.9288,36.6469
2005-02-24,1.7304,38398,55734,276.85,36.7964,33575,35.7837,24.1867,10.2182,37.4057
2005-02-25,1.7454,38.5483,56724,275.8,36.7356,34.5499,36.3211,25.5012,10.6212,37.3076
2005-02-28,1.7549,38.2476,56.2326,284.5,36.3762,35.3247,36.0756,24793,10.5143,37.7073
2005-03-01,1.7653,38.4891,56284,284.84,37.7449,35.0084,36.0889,25.0706,10.5989,38.3353
2005-03-02,1.7708,38.5301,56.13,303.98,38.3206,34.7953,36.0225,24.4587,10.5967,37585
2005-03-03,1.7783,38685,56174,307.94,37724,34.8017,35.6311,24487,10.4342,37.8375
2005-03-04,1.7883,39.3959,57.2593,306.78,38.4626,35.0471,35.6776,25.7788,10.8238,38213
2005-03-07,1.8117,39.5098,55734,311.14,38395,34.9567,36.1486,25.5408,10.7948,38.0499
2005-03-08,1.7873,39.3594,57.7507,295.9,38.3813,34.7759,36.1552,24674,10.3807,36.8263
2005-03-09,1.7658,39.2409,57494,299.06,38.1308,34.7436,35.4586,23.5125,10.1804,36.2148
2005-03-10,1.7414,39.4824,57.7213,279.45,38.4424,35.4926,35.6046,23.2462,10.3028,37.0304
2005-03-11,1.7334,39.0177,57.1126,271.43,38.9506,35.7832,35.7373,23.2802,10.4297,37.1364
2005-03-14,1.7259,39.1407,57.9413,278.48,38.2798,35.7057,35.8699,23.2406,10.4186,37.6338
2005-03-15,1705,39.1225,57.3473,265.16,38.3071,35.2279,36.1618,23.0876,10.2138,37.1199
2005-03-16,1.6895,39.1863,56.4673,273.18,38.0222,34.5693,36.6196,22.98,10049,36.4267
2005-03-17,1.6945,39.1726,56416,252.1,38.2052,34.1238,36.7523,22.8742,9.9466,36549
2005-03-18,1704,39.2592,56.2033,267.54,37.5075,33.1876,36.3741,22.8062,9.9177,36.6712
2005-03-21,1.6795,39.0359,56438,255.96,36.9118,33.1036,34.2247,22.8742,9.9912,37.2914
2005-03-22,1.6536,38.9037,55.47,257.32,36.8096,33.2909,34.8616,22.5947,10.1648,37.1118
2005-03-23,1.6551,38.7625,55.5946,242.88,36.1052,33.0649,34.4237,22.0508,10.3106,36.8589
2005-03-24,1.6401,38.8582,55.0373,256.0,36.6674,33.1424,33.9196,22.5191,10354,36.9732
2005-03-28,1.6656,38.8081,54.3846,251.69,37.1554,33.3167,34.1915,22.3227,10.1559,36.9486
2005-03-29,1.6676,38.5711,54.0913,244.76,37.8999,33.3102,34.1783,21.8166,9.9155,36598
2005-03-30,1712,39.1771,54788,245.15,38273,33.9107,34.4304,21.9299,10.1158,37.2668
2005-03-31,1.7095,39045,54832,253.19,38.7743,34.7888,34.3707,22.0886,10285,37.3973
2005-04-01,1.6965,38.7853,54766,261.8,38.3071,35.3958,33.6874,22.7684,10.2316,37.0468
2005-04-04,1.7459,38.5939,54876,274.39,38.9371,35.1569,33.3159,23.0782,10.3429,37.4708
2005-04-05,1.7599,38.4891,55074,277.4,39702,35.0536,33.8997,22.8666,10.6768,37.4057
2005-04-06,1.7369,38.6486,55.1253,282.22,39804,33.2973,34.0058,22.2094,10.5744,37.7643
2005-04-07,1.7409,38.8035,55206,275.75,39.8241,33.8978,34.0124,22285,10.5833,37.8946
2005-04-08,1.7259,38.5256,54.5313,274.32,39.9735,33.9688,33.7869,21.9752,10196,37.2097
2005-04-11,1.7259,38.4891,54.3039,268.22,40.3325,33.6847,33.5016,21.6882,10.0535,38.7187
2005-04-12,1.7274,38.8445,54.9273,288.0,40.2237,33.8591,33.6343,22.4134,10.2294,38.6777
2005-04-13,1711,38.3752,54656,288.22,39.0724,33.4458,33.2562,21.9073,10.0513,38.0417
2005-04-14,1.6945,37.5368,54.4359,290.13,38.2461,32.7291,32.9576,20.9479,9.1741,37.7155
2005-04-15,1.6471,36.8442,53.5339,273.27,36.9118,31.6315,32.2743,20.3284,8.8914,35.8558
2005-04-18,1.6461,34.5841,53.4166,266.25,37.5618,32.4192,32.5131,20.7439,9.1652,35.1543
2005-04-19,1.6352,35.0535,53.8639,272.82,38.0156,32.9874,32.4733,21.7335,9.1385,35.6925
2005-04-20,1.6586,34.5841,52.9766,270.68,36.8504,32.5806,31.7834,21658,9.1341,34.9669
2005-04-21,1.6825,35.4909,52.5293,247.84,37921,33.4846,33.1566,22.3152,9.35,36.0925
2005-04-22,1.6481,35.1127,51.8106,253.65,36.8981,33.7299,32.6458,22.0886,9.2187,35.4806
2005-04-25,1.6726,35.3178,52.6466,256.8,37.3317,34.3627,32.6193,22.7231,9.4101,35.8801
2005-04-26,1.6317,34.6889,52.0599,262.0,36.8843,34.2465,31.7436,22.9346,9.1274,35.2685
2005-04-27,1.5823,34.9031,52.5146,265.4,37.4941,34.6468,31.2461,22.9497,9.3723,35.5295
2005-04-28,1.6222,34.2789,52.0306,280.0,36.9997,36.3643,31.7768,22.3832,9.33,35.1216
2005-04-29,1.6142,34.8439,51.9866,279.1,36546,36.6742,32.4269,23.0404,9.3522,35.4642
2005-05-02,1.6511,35.0307,52.5953,285.96,37.1825,36.3578,32.3871,23.1613,9.3945,35.6437
2005-05-03,1.6566,34976,52.4853,277.0,37.9341,36035,32.4335,23.0782,9.5192,35.8801
2005-05-04,1694,35.2448,53.1673,288.6,38.6253,36.3191,33.2031,23.3803,9517,36.1004
2005-05-05,1694,35.2995,52.8006,278.42,39.0519,36.0608,33.2363,23.69,9.7262,35.8231
2005-05-06,1.7219,35.2357,52.4779,279.27,38.6388,35.8606,33.1964,24.2793,9.8331,35.8966
2005-05-09,1.7279,35418,52.5879,281.18,39.3366,36.0285,33.0638,24.2491,9.7953,36.2637
2005-05-10,1.7075,34.9077,52.1259,266.45,39.1811,35.9833,32.5065,23.7052,9.5548,35.8801
2005-05-11,1687,35.0808,52.7713,259.72,39.7361,36.3255,32.7785,23.9393,9.6528,35.8393
2005-05-12,1.6885,34.5295,52.2286,264.09,38.6727,36.3449,32.7918,23.1235,9.4302,35.3337
2005-05-13,1691,34452,52.0819,262.46,38.5102,36.3062,32951,22.6551,9.4814,35.5784
2005-05-16,1.7229,34.8211,53.3066,266.9,39.6346,36.7452,33.8731,23.5843,9.6016,35342
2005-05-17,1.7324,35.0899,53.7246,277.57,39.9599,36.7904,34.4967,23.8638,9.6817,35.5867
2005-05-18,1.7624,35.5866,54.4139,285.0,38.4284,37.2295,35.1269,24.8458,9.9978,35.9047
2005-05-19,1.7753,35.4772,54.6413,285.03,37.3925,37.2747,35.18,24.5437,10.1559,36.5734
2005-05-20,1.7708,35.1127,54.5166,280.74,36.9118,37.5717,34.8019,24.4757,10.1203,36.6062
2005-05-23,1.7798,35.7825,54.3553,267.24,37.9341,38.6693,35.3326,25.0498,10.3585,36.1331
2005-05-24,1.7728,35.6276,54.4139,264.29,38.0156,38.7662,34.9346,25.0347,10423,37.3404
2005-05-25,1.7584,35.1127,54.2599,269.0,38.2188,38.5273,34.6493,25.0271,10.2939,37.9683
2005-05-26,1.7668,35.0763,54.5386,265.97,38.8556,38.8695,35253,26.2283,10.5522,38.3678
2005-05-27,1.7708,35.0763,54.9053,257.87,39.0185,39457,35054,26.1225,10.5477,37.8458
2005-05-31,1.7713,34.9259,55294,248.0,38.8351,40.0575,35.0938,26115,10.6857,37.7726
2005-06-01,1.8207,35.0854,55.3893,250.43,39.2828,39.5219,35.2331,26.8628,10.6835,37.9601
2005-06-02,1.8162,34.8894,55338,260.03,44.0308,39.4506,35.3061,27.0743,10.6791,38.2537
2005-06-03,1.7753,34.6297,54.9493,260.0,44.0848,39.9994,34.6957,26.4927,10.4676,37.3076
2005-06-06,1.7843,34.7026,54.8173,264.92,44.3559,40.0188,34.6626,26.6286,10.6301,37.2749
2005-06-07,1.7634,34.7846,55.0006,256.92,46.0356,40.7096,34.5431,26.7722,10.5121,37.1199
2005-06-08,1.7374,34.8849,54.9126,258.74,44.5183,39541,34.1584,25.9639,10.4297,36.9404
2005-06-09,1.7559,34.7117,55.2353,272.99,45.3925,39.9478,34.2513,26.1905,10.6145,36.9404
2005-06-10,1.7434,34534,54.6633,279.27,45.4467,39.7089,33.8333,25.8203,10.4965,36.6142
2005-06-13,1.7394,34.6707,54744,282.82,45.0808,39838,33767,25.8732,10501,36.6307
2005-06-14,1.7479,34.9304,54.5606,271.04,46422,40.0382,34.1318,26.2434,10.6056,36.1576
2005-06-15,1.7579,34.6889,55.0593,272.76,46.3204,40.1285,34.51,27.3387,10.8416,35.5295
2005-06-16,1.7748,34935,54.9273,277.0,47.2891,39.9994,36.0424,27.5729,11.0085,35.6194
2005-06-17,1.7614,35.0489,54986,278.0,46.7067,40.5482,36.8451,28.2981,11.1688,36.1004
2005-06-20,1.7803,35.1719,54986,276.65,46.7271,40.1479,36.8186,27.8978,10915,35.7252
2005-06-21,1.7648,35.1719,54.8466,260.6,46.7271,41.0648,36.6992,28.0866,10.6078,35.7417
2005-06-22,1.7569,35.4863,54.5899,247.14,47.2962,42.0333,36.5731,27.8751,10.5967,35.7252
2005-06-23,1.7673,34.5705,53.6073,237.13,46.4491,41.2004,35.9296,27.86,10.3986,35.7823
2005-06-24,1.7469,34.3928,53.7979,236.01,45.3856,40.5095,36.5665,26.9308,10.2383,35.2685
2005-06-27,1721,34534,53.9886,222.68,45.6977,40.7226,36.2414,27.5729,10.2806,35.2031
2005-06-28,1.6815,35.1309,54.5239,200.26,46.9032,40.8452,36.5665,28.4265,10.5433,35.6847
2005-06-29,1.6636,34.6479,54.1866,211.25,46.9982,41.2262,36.5068,28283,10.5277,35.5295
2005-06-30,1.6506,32.9438,58.6747,209.7,46.5371,40.9356,36.1884,28.4114,10.4921,35.6437
2005-07-01,1.6416,33.2628,57.7873,214.65,46.9233,41.1552,36.3012,28.3435,10.5143,36.1167
2005-07-05,1.7,33.5453,57934,202.97,47797,41.9235,36.6727,28.6154,10.61,36.1576
2005-07-06,1699,33.1853,58.3887,214.65,47.9126,41.7234,35.9164,28.7816,10.6457,36.0678
2005-07-07,1694,33.6318,59738,212.0,49.5454,42.1818,36.2613,29.9525,10.5633,36223
2005-07-08,1.7329,34.1741,60024,223.39,48.8541,42.0462,36.3144,30.1867,10.7859,36.3614
2005-07-11,1.7753,34.6889,60.4127,241.9,48.7729,41.6846,36.4537,30.9194,10.8371,36.3043
2005-07-12,1.8112,34.1148,60.7354,222.65,48.6033,42.0978,36394,31.35,10.6279,36.8672
2005-07-13,1.8212,34.2287,60.8454,210.89,47.9259,41.9752,36.1618,31.0479,10.5767,36.8672
2005-07-14,1.8551,34.37,60.42,221.8,47.2483,41.9106,36.0557,30.5342,10.4698,37.1364
2005-07-15,1.8531,34.3791,60.2587,221.38,47.4249,42001,36.0756,31.3198,10.7102,37.2097
2005-07-18,1.8551,33.9599,59.8407,207.13,48.5085,42.2786,35.8169,31.2216,10.8393,37.2097
2005-07-19,1904,33.8505,59.5913,180.31,49.4499,43.4215,36.0026,31.5616,11.0352,37.9357
2005-07-20,1904,34.0283,59.4373,188.91,48.6848,43.4602,36.0756,31.8108,11.0197,37.4951
2005-07-21,1893,33969,61.7254,197.26,47.7839,42298,36.0557,30.7532,10.8349,37.5279
2005-07-22,1893,34.0419,62.2607,177.86,48.6099,42.3884,35.7041,31.6824,10757,37.5521
2005-07-25,1893,33.7959,61.41,163.19,47.5533,41.7492,35.4586,30.6324,10.8727,36.9896
2005-07-26,1.8826,33.6182,61.3514,159.71,47.2483,41323,35.4586,30.5191,10.9618,37.0139
2005-07-27,2.1774,33.5589,60926,128.0,48.1496,40.0317,35.3658,30.9572,11.1421,37.1118
2005-07-28,2.2786,34.0374,61.3,127.43,48.6708,38.4175,35.4387,31.7882,10.4965,37.4951
2005-07-29,2.2522,34.1741,60.5007,118.1,48.8066,39.6378,34.7621,31.0328,10.9262,37.3404
2005-08-01,2.2412,34.3108,61124,117.45,48.1629,38.6048,34.3375,31.2518,10946,37332
2005-08-02,2.32,34.1194,61.2047,143.97,48.7865,37.8041,34.4635,31.4407,11.0085,37.6013
2005-08-03,2.3001,33805,60.97,143.11,47.5807,37.8558,34.2579,30.8729,11.0241,38.0417
2005-08-04,2.2677,33.4222,61564,123.52,44.4102,38.0237,34.1982,30.6231,10.9128,38.2049
2005-08-05,2.2582,33.2582,61.8574,141.7,42.7099,37.6814,34.3375,29.1089,10.6323,36.6795
2005-08-08,2.2776,32962,61.5834,135.0,43.1233,37.5136,34.6294,27.8295,10.6011,36.3614
2005-08-09,2.2911,32.8071,62.0163,143.98,43489,37.6621,34.8085,27.9506,10.7325,36.1576
2005-08-10,2.2327,32.8071,60.6812,141.16,43726,37.8041,34.3574,27.7538,10.4854,35.8722
2005-08-11,2.2552,32.9711,61.1653,137.24,43.8889,38.4838,33.9328,27.6705,10.6034,36.0925
2005-08-12,2.2048,32.7798,61.1286,124.74,43.5569,38.4515,33.4751,27.1482,10.3563,36.1004
2005-08-15,2.2467,32.8891,61.2387,120.53,43.0486,38.6392,33.3225,27.3374,10.2628,36.1655
2005-08-16,2.2083,32.6522,61.4074,107.91,41.4766,37.8689,32.7122,27.0876,10.0713,35.9699
2005-08-17,2.2008,32.8905,62.5151,114.09,39.8648,37.6747,33.1634,26.7242,10.2872,36337
2005-08-18,2.1814,32.9638,62207,115.75,39.7901,37.1115,33.9227,26815,10.1537,36.3778
2005-08-19,2.1809,33.0326,62207,144.07,40.6304,36.7101,33.9227,26.5047,10.1804,36.0841
2005-08-22,2.1834,32.9638,62.6765,143.7,40.3599,37.9206,34.0559,26.5501,9.9489,35.8639
2005-08-23,2.1659,32.5376,61.7082,161.91,39.4784,38.1213,34.1891,26.4365,9.9867,35.9699
2005-08-24,2.1135,32.6888,60.7692,177.52,39.1674,38.2055,33523,26.7318,10.1604,35.8883
2005-08-25,2.1105,32.6797,60.7765,152.09,39.7767,38445,33.4964,26.6561,10.2583,35.8639
2005-08-26,2.1135,32.5376,59.5221,143.6,38.9921,38.0177,33.1301,26.0428,10.1915,35.7252
2005-08-29,2.1345,32.5788,59.9329,149.67,39223,37.4351,33.3698,25.5659,10.1848,36.1004
2005-08-30,2.1195,32533,59.6835,138.5,36.5532,37.8559,32.6971,26.0807,10.0067,35921
2005-08-31,2.13,32.6109,60329,130.9,37.7828,38.0113,32.8636,27.9506,10.1359,36337
2005-09-01,2.0871,32478,58.7812,110.06,36.3698,37.3834,32.3175,28.0566,10.3429,36.4757
2005-09-02,2.0706,32.7713,60.1823,125.31,36.7363,37.4028,32131,27.8144,10.2694,36288
2005-09-06,2.1759,33.3214,59.0526,116.78,37.2186,37.1633,32.8703,28.9802,10.3785,36.7449
2005-09-07,2.1814,33.8118,58.2824,115.55,37.4904,35.9916,33.2166,28.9651,10.3295,36.7449
2005-09-08,2143,33.5139,57.9376,110.56,36.7909,37105,32.9169,28.3065,10.3941,36598
2005-09-09,2.1425,33.6972,58.1723,101.13,35.0651,36872,33.1034,29.2074,10.7637,36704
2005-09-12,2.2198,34.0226,59.2067,87.23,35.8395,36.9302,33.9693,28.8894,10.7325,37.1118
2005-09-13,2.1913,33.9172,59.0893,92.81,35.0582,36.3735,33.4498,29.0105,10.5922,36.8102
2005-09-14,2.1499,33.7889,59038,112.62,34.7863,35.7003,33.1034,28.7531,10.4097,36.4023
2005-09-15,2.1305,33.6009,58.8912,117.19,33.9712,35.8751,33.0768,28.4882,10265,36.4674
2005-09-16,2135,33.6193,60153,127.77,33733,36.0758,32.6572,27.4434,10.3162,36.8426
2005-09-19,2.1325,33.2297,60.1163,124.84,32.9591,35.4996,33.8228,27.4586,10.1158,37.1527
2005-09-20,2.0886,33.1609,60109,110.2,31.2264,35.3766,33.1367,25.9899,10.1448,37.5198
2005-09-21,2.0577,33.1518,58253,116.12,30.1394,34.5934,32504,25.8763,9842,37.1118
2005-09-22,2.0991,33.3672,58209,133.72,31.2537,35053,32.6438,26.4214,9.7953,36.9326
2005-09-23,2.1045,33.2526,58.5831,122.0,31.6001,35.2731,33.0568,26.6106,9.8865,36.6712
2005-09-26,2.1619,33.5184,59104,128.54,31.8447,34.7487,33603,26.9286,10.0001,36.4674
2005-09-27,2.1529,33.5414,58.8032,134.84,31.9737,34082,33.0301,26.8756,10078,36.9976
2005-09-28,2.1634,33.3122,58.6858,117.11,31.8855,34.3021,32.7038,26.4668,10.0758,37.5198
2005-09-29,2.2342,33.5414,58.9793,119.68,32.6261,33.6288,32.6838,27.1406,10.1871,38.0254
2005-09-30,2.2597,33.6239,58.3337,117.57,33.8694,34.0626,33.2899,27.4207,10.3718,38.5882
2005-10-03,2.2951,33.2434,58.7592,116.92,34.0801,33.4476,32.9635,28.0188,10.1915,38.4496
2005-10-04,2.2412,32.7713,57.7395,111.2,33.4551,33.8942,33.0102,26.6485,10.1247,38.3108
2005-10-05,2.2193,32.6201,56.5805,126.61,33.1422,34.0561,32.3041,26.0126,9.8376,37.2832
2005-10-06,2.1953,32.5926,55.8029,141.94,35.1261,34.1855,32.1576,24.6801,9.5726,37.1281
2005-10-07,2.1809,32.8768,55.4141,137.88,35.3846,34.4509,32.0177,25.1192,9.7151,37.7235
2005-10-10,2.1829,32.7209,54.8713,140.68,34.7323,34.2373,31.6181,24.0896,9.9912,37389
2005-10-11,2.1649,32.3359,53.8883,133.01,34.1954,35.3119,31.6381,24.0518,10.1114,36.9244
2005-10-12,2.1225,32258,53.3528,137.37,32.7751,35.9398,31.1385,23749,9.8086,37.0304
2005-10-13,2126,32.1159,52.8246,133.73,32.9452,35.2925,31.0653,23696,9.7507,37.2749
2005-10-14,2.1844,32.4138,53.5288,135.01,33.6721,35.0853,31.6647,23.7641,9.9333,36.6469
2005-10-17,2.2457,33.2159,53.2941,135.99,32.9864,35163,31.3783,23.8398,9.8954,36.4757
2005-10-18,2.2273,34.2426,52.9126,135.65,32.0553,34.8135,31.0053,23035,9.7307,36.6062
2005-10-19,2.2876,34.6735,53.9543,137.96,32.8162,34.2309,31.8446,24.2878,9.7975,36.6632
2005-10-20,2.2452,34.3297,53.2574,151.5,33.5769,34.0949,31.5981,23.3387,9.7774,36.4757
2005-10-21,2.2921,34.3251,54.6145,157.8,33.9514,33.3893,31.8046,23.5437,10.0312,36.9896
2005-10-24,2341,34.6322,55.6855,153.71,33.3935,32.8779,32.8703,24.1739,10.2694,41.1167
2005-10-25,2.3031,34.6826,54.8566,148.5,33.6178,33.0009,33.2899,23.4754,10.2271,39.7303
2005-10-26,1.9828,34.4535,55.0326,155.36,33.4479,32.6449,32.9302,22.83,10.0758,40.7823
2005-10-27,1.9484,34.2885,54.4018,162.54,31.9126,31.2661,32.2109,21.8734,9.6684,40.0074
2005-10-28,1.9429,34.9439,55.2087,149.93,33.6859,33713,32.4507,22.6099,10.1047,40.5782
2005-10-31,1.9893,34.8247,56.0083,141.1,35.3232,33.6224,33.0834,23.3008,9.7908,41.8017
2005-11-01,2.0138,34.3114,55.5975,133.38,35.6017,32.9103,33.6496,23.6576,9.6884,47.3073
2005-11-02,2.0327,34.4443,55.5682,142.58,36587,33.0786,34.5488,25.1229,9.6506,45.88
2005-11-03,2.0731,34.4397,55.4141,145.42,38.2311,33.5317,34.5954,25381,10.0179,43637
2005-11-04,2.0497,34.4351,55.9423,137.76,39.3523,33.7065,34.7153,25.1533,10.0312,44.2081
2005-11-07,2.0646,34.7651,56.7052,141.42,40.4326,33.6418,34.8951,25624,10.0646,43.3759
2005-11-08,2.0926,34811,55.1837,137.3,39.6173,33.3375,34.8552,23.2324,10.0535,42.6422
2005-11-09,2.0651,34.8751,57.2824,137.51,40127,32.8844,35075,23.2324,10.0646,42.7235
2005-11-10,2104,35.3747,59.1317,139.05,40317,32.5543,35.6944,24.3029,10.2071,43.7103
2005-11-11,2129,35.5443,59.3078,141.08,40.5411,33.3181,36.0008,24.7205,10167,43.1069
2005-11-14,2.1215,35581,59.3738,145.88,40.4464,32.4287,35.5012,24.6066,10.3785,44.8605
2005-11-15,2.2173,35.7781,59.6233,136.89,38.6525,32.1236,35.6478,24.5307,10.6189,44.0939
2005-11-16,2.2597,35251,59.9829,142.8,41.8457,31.9158,35.0433,25.1077,10.59,43.8327
2005-11-17,2.3315,35.4114,60.6874,138.27,42029,31.9612,35.6656,26.5427,10797,44.0856
2005-11-18,2.3934,35.8239,61.8908,140.46,41.4515,32.1236,35.6523,26.4288,10.7659,44.7382
2005-11-21,2.3939,36.3143,61.7734,144.91,42.7632,32552,35.6121,27.4386,10797,39.4609
2005-11-22,2.4368,36.0701,61.9202,149.79,43.4834,33.3311,36.0136,28008,10.8883,39.7872
2005-11-23,2.4063,36001,62.0303,146.3,43.0148,34.0388,36.5556,27.8409,10.8861,39.1267
2005-11-25,2.3974,36.0885,62.3311,148.94,42.8336,34.4802,36.2411,27803,10.9952,39.6404
2005-11-28,2.4118,36.0332,61.3111,145.23,41.9686,34.4413,36656,27.0058,10.7859,40.0074
2005-11-29,2.4218,36.1024,61.5019,146.86,41301,34688,36.6894,26.9526,10.8616,40.0074
2005-11-30,2.4173,36.1623,60.9515,145.6,41.7778,34.7334,36.4619,26.9071,10.8171,40.9698
2005-12-01,2.4442,36.5263,61.8248,144.45,42.0637,34.7334,37111,27.3399,11.0753,41.1085
2005-12-02,2.4472,36.5862,62.0303,133.63,42.3096,34.7919,37.4724,27.7271,10.9974,40.3907
2005-12-05,2.4358,36.0885,61.6193,129.22,41.8456,34.9996,36.8768,27.5752,10.7815,40.2683
2005-12-06,2.4572,35.8028,62.1917,131.3,41975,35.1295,36.6894,27636,10.9017,40.2604
2005-12-07,2.4358,35.6554,61.3478,134.01,42.5816,34.6296,36569,26.6186,10.9239,40.2683
2005-12-08,2.4118,35.4527,60.7534,124.84,43134,34.5387,36.3749,27188,10.8126,40048
2005-12-09,2.4313,35.8766,61.9862,137.68,43.3922,34.2011,36.5155,26.9071,11013,40.3907
2005-12-12,2.4477,35531,61.5093,107.65,42.7181,34701,36.83,27.4006,11.0464,39.9013
2005-12-13,2.4692,35.4573,61091,105.0,42.7316,34.7983,37.4188,27.9472,11.0709,40048
2005-12-14,2.4647,35.7337,62.2357,105.74,43.5489,34.9282,37.0776,28.8052,10.9707,40.4803
2005-12-15,2.4682,35.7061,62.9109,103.97,43495,34.9607,36.6961,28.5015,11.1688,40.6191
2005-12-16,2.4547,35.5218,62.9182,110.44,43.1541,35.0386,35.2307,28.7065,11.1354,40.1217
2005-12-19,2.4128,35.7429,63109,113.25,42.9294,35.2203,35.4917,27765,11.2089,40048
2005-12-20,2.4014,35.6784,64.4666,109.79,43.2428,34.9671,36.1207,27636,11318,39.6811
2005-12-21,2.4428,35.9641,64.3638,108.49,43.4397,35.6618,35.94,27.8182,11.4515,39.9993
2005-12-22,2.4552,36236,64.4152,108.36,43.8624,36.6616,36.0471,27.9776,11.6319,40.2683
2005-12-23,2.4552,36.2176,64584,120.24,44.2715,36.5448,36.0738,27.4917,11.4627,40.4398
2005-12-27,2.4223,35.6554,63.8355,119.48,44.7075,36.2851,35.4984,27.5297,11318,41.1248
2005-12-28,2.3974,36.0332,63.5273,126.5,44.6528,36.5642,35.7192,27.4461,11.2512,41288
2005-12-29,2.3939,36.0747,63.63,129.55,44.5236,37.0122,35.8129,27.4917,11.2913,41.1902
2005-12-30,2352,35.7107,63.4025,124.86,44.4079,36.7525,35.7794,27.1273,11.1911,41.3042
2006-01-03,2.3734,36.4525,63.8281,115.96,44.7752,37.3303,36.5155,28.0459,11.2846,41.7527
2006-01-04,2357,36.2682,63.4172,118.64,44.2848,38.1743,36.3749,27.8182,11.3491,41.4512
2006-01-05,2.3769,35.9365,63.4319,124.8,44.9799,37.9536,35.9935,28.3724,11.1955,44.7054
2006-01-06,2.3879,36.2314,63.4319,120.37,45.2253,37.6095,36.1207,28.2813,11.4315,44.9991
2006-01-09,2.3485,36.4111,64.6647,131.02,45.4159,36.9278,36.5088,30.3312,11.6319,44.6156
2006-01-10,2.2772,36.1853,64.3712,128804,45.6204,37.9146,35.9534,30.6273,11.5072,45.0889
2006-01-11,2.2412,36.1116,64.5766,133.98,45.9883,37.9081,36.0604,31.4245,11.2156,45.3255
2006-01-12,2.2128,35.8028,63.6227,150.39,45055,38.0964,36.4017,30.7792,11.0686,45.0399
2006-01-13,2.2148,35.7107,63.5786,147.36,43.4397,38.2652,37.4054,30.5818,10.9863,43.8573
2006-01-17,2.1948,35.5218,63109,136.76,42.8817,37.5446,36.8835,30.0503,10.9529,43.0253
2006-01-18,2.2108,35.4778,63175,132.7,42.9294,37.7328,36.4486,30.2249,11.2423,43.2214
2006-01-19,2.2173,35.4388,62.7568,135.5,42.0367,37.7588,36.3616,29.5037,11.5762,43.3026
2006-01-20,2.1908,34.6693,62.4999,138.02,41.6142,36.9408,35.8329,28.9418,11.1221,41.2309
2006-01-23,2.1814,34.8813,62.0083,134.38,42.0367,36.5188,35.8932,28.8279,11013,40.9861
2006-01-24,2.1958,34.1901,61.9202,138.16,43.2565,37.2654,35.2708,28.9115,11.2846,40.7823
2006-01-25,2.1749,33.6372,61.2744,133.12,44.2036,37.7134,35.4248,28.3177,11.0798,40.3011
2006-01-26,2.2288,33.4989,62.2284,135.69,44.0398,38.2782,35.2173,28.6603,11.2267,41.4267
2006-01-27,2.2557,33.4759,62.1844,142.05,43.6449,37.9406,35.0634,29216,11.3313,41.4348
2006-01-30,2.2427,33.4759,61.8468,144.1,43.3585,37.6355,34.6686,28.98,11.4627,41.5978
2006-01-31,2.2357,33522,61.1277,148.1,45232,38.2782,34.6352,28409,11.6586,41.3531
2006-02-01,2.1938,33.7247,61.1056,149.25,45.3548,38.8105,34963,27.4271,11.6475,41.8344
2006-02-02,2132,33.2455,60.6874,146.93,47.1941,38.4859,35.2976,26.6506,11.4605,41.8426
2006-02-03,1912,32.7617,61.1056,143.8,48.0319,38.8105,34.8694,27.0236,11.2712,41.1329
2006-02-06,1893,32.7939,61.1277,138.48,47.4463,38051,34.6017,26.6049,11.3091,40.8966
2006-02-07,1.8716,32.5543,59.9902,140.14,46.6557,39.1417,34.4612,25.6306,11525,40.2276
2006-02-08,1904,32.7156,61265,145.87,47.0443,38.5833,34.7958,25.5697,11.1644,42.0465
2006-02-09,1895,33.2317,61.7568,143.5,47.3302,36.6616,34.9563,25.5621,12.2552,41.0025
2006-02-10,1.9215,33.4575,62.5203,147.46,46.8468,36.1476,34.9296,25.0749,12.2997,41.8753
2006-02-13,1.8886,33.5957,63.1222,152.0,46.4856,36.1606,34595,24.7932,12.1439,42.4624
2006-02-14,1908,33.9597,63.7388,146.66,46.86,37.0069,34.9095,25.1814,12.1751,42.6581
2006-02-15,1.9584,33.6971,65.0087,151.67,45.8725,37.0199,35.8359,25.8209,12.2708,43.3842
2006-02-16,1.9529,33.6602,64.5243,187.29,44.9594,37.8531,36.2729,26.6658,12293,43.5472
2006-02-17,1.9549,33992,64.0545,180.89,44.4555,37.8206,36004,26.2624,12.2975,43.8084
2006-02-21,1.91,33.7293,64.0178,193.64,43.9846,36.7986,34.8476,26.6811,12.1684,44.1998
2006-02-22,1.9315,33.8406,65.8309,192.21,44.8367,37.4756,35.1031,27.9295,12.6158,44371
2006-02-23,1.8906,34.1513,65.1776,199095,45048,37775,34.6593,27526,12.6292,43.5391
2006-02-24,1913,34.2718,65.2216,195.05,44.3478,37.3975,34.8476,27.4803,12.7828,43.8734
2006-02-27,1896,34.1698,65.1702,191.05,45.9942,37.4626,35.3317,26.8181,13001,44.6156
2006-02-28,1.8676,34.1235,64304,193.63,45.9876,36.9027,34.7266,25.9655,12.8251,44.3221
2006-03-01,1.8516,34.1606,64.8105,190.65,45.9396,36.5187,35.0426,25.76,13.0878,44.5832
2006-03-02,1.8397,33.8731,65.4492,179.5,41704,36.4145,34.8274,25.5773,12.9698,44.5344
2006-03-03,1.8561,33.7942,64.8546,180.43,40782,36.3234,34814,24.9074,13.0744,44.2731
2006-03-06,1.8387,33363,64216,177.43,39.1152,35.8156,34.1483,24.5953,12.5758,44.6974
2006-03-07,1.8422,33.5114,63.7168,184.9,38.9513,34.9759,33.5432,24.0244,12.5802,43.9959
2006-03-08,1.8362,33.5624,63.1516,189.7,39.2793,34.6634,33.4222,23.9102,12.3955,44.0041
2006-03-09,1.8018,33.2934,63.0561,202.4,38.9579,33.3876,33.5029,23.6285,12.3287,43.5391
2006-03-10,1.8067,33.5346,66.0071,193.2,39.0127,32.8733,33.3146,24.1462,12.4956,45.5538
2006-03-13,1.8053,33.4279,61.0008,191.72,38.6708,33.3355,33718,24.0168,12.6092,45676
2006-03-14,1.8412,34.0956,60.4502,179.51,39.2793,33.7847,34.1752,25.6382,12.7138,46.4101
2006-03-15,1.8402,34.3136,60.9567,180.69,38.8694,33.5243,34.2694,25.3489,12.7939,46.8832
2006-03-16,1.8342,34.7263,61.6614,183.75,39.0537,34.9694,33.6374,25.8437,12.6337,46.0839
2006-03-17,1.7953,34.6799,60.1199,190.29,39.2108,34.8262,34.2694,26.3233,12.7049,46.4101
2006-03-20,1.8072,34.7773,59.4592,189.06,38.7597,34.6895,33.7853,25.4326,12.4511,46.5897
2006-03-21,1.7918,34.7448,59.4078,184.5,38.6846,34.5853,33.3079,24.6257,12.3242,45.9861
2006-03-22,1.7958,35.2734,60.2373,178.51,38.3364,34.2924,33.6374,24.6866,12.5468,46.2794
2006-03-23,1.7798,35598,60.1346,184.25,38.0768,33.3485,31.9296,25.4859,12.7405,45.9533
2006-03-24,1.7693,35.6119,60.2667,182.1,38227,32.7887,32.1649,25798,12.8407,46.1411
2006-03-27,1.7584,35.6305,60.5456,183.97,37803,32.5609,32.3599,25661,12.8362,46.4672
2006-03-28,1.7803,35.3801,59.6794,182.88,37.6941,33.1988,32.1313,25.7524,13.1212,45.1621
2006-03-29,1.8117,35.9643,60.0171,186.75,38.7668,35.5748,31.6539,25.8665,13.3928,45.3663
2006-03-30,1.8292,35.4821,59.3858,184.1,39.6002,35.8612,31.6741,25.4707,13.2614,45.3905
2006-03-31,1.8222,35.0972,59.1069,183.8,39.8261,36.2648,31.8489,25288,13.2436,45309
2006-04-03,1.8028,35.1668,59.5326,178.98,38.6439,36408,31.9699,25.6382,13.2637,46.7282
2006-04-04,1.8342,35.7047,60.3254,172.04,38.0292,35.9719,31.7212,25.7752,13.5865,48.7754
2006-04-05,1.8626,35918,60.4796,168.31,38.7738,36.4861,31.5531,26.78,13.2882,48.7022
2006-04-06,1921,37.7357,60619,170.25,39.4021,36.2908,32.1918,26.4679,13.0789,48.4493
2006-04-07,1.8501,37.5734,60.9934,173.46,38555,36421,32.1515,26.2624,12.9253,47.5276
2006-04-10,1.8262,37.5502,61.3017,162.3,39.3814,36.2453,32.2389,25897,12.7895,47.2176
2006-04-11,1.7988,37.4621,60.8172,164.42,38.6303,36.3299,31.4253,25.9198,12.6626,47.0463
2006-04-12,1.8023,37.6058,61.1109,171.19,38.9033,36.3689,31.7481,25.1662,13.2592,47.4135
2006-04-13,1.8267,37.5455,61588,159.48,39.5798,35.6138,32.0439,25.1358,13.2726,47.3889
2006-04-17,1.7594,37.2163,61.2283,160.72,39.3339,35.7375,31.8019,25425,13.8892,47.8294
2006-04-18,1.8097,37833,61.6688,157.2,39.9078,36.1281,32.3061,25996,14.0918,48.2293
2006-04-19,1.8402,37.9675,61.5366,162.2,40.0783,36.0435,32.0237,25.5392,14.1586,47.7558
2006-04-20,1.8127,38.3014,61.3458,155.29,40.3792,35.9003,32.0036,25.2347,14.2321,48.5716
2006-04-21,1.7973,39.4421,63.1956,154.2,39.9144,37.5342,32.0237,24.6638,14.0028,48.0168
2006-04-24,1.7853,39.6275,62.8066,149.6,40.0308,38.5301,31.9363,24.0853,14.1096,47.8294
2006-04-25,1.7733,39.3261,62.2707,144.74,40.5631,37.7685,31.6472,23.4611,14.1096,47707
2006-04-26,1.7853,39.6554,62.5423,149.58,41.3421,37.7555,31.58,23.8493,13.9582,47.8865
2006-04-27,1.7828,39.5209,62.88,146.11,41.2325,35.6464,31.6002,23.0957,14.1007,48.1475
2006-04-28,1.7564,39.6136,63.5993,143.1,41.4856,34.7285,31.4791,22.8521,14.1608,47.7558
2006-05-01,1.7254,39.4003,62.7625,145.79,41.6153,36.9418,31.5867,22.6389,13.8224,47.5685
2006-05-02,1715,39.1824,62.6671,141.54,41.8543,38.5041,31.8556,22.4106,13.5931,47.9519
2006-05-03,1694,39.8316,62.8139,148.61,41.2193,38.1135,31.8086,22.3192,14891,47.6417
2006-05-04,1.7195,40.0959,62.5056,145.18,43.2138,37.1175,32.3599,22.0136,15.2272,47.7558
2006-05-05,1.7479,40.4808,62.9974,144.55,43.2823,37.1957,32454,22724,15363,47.8213
2006-05-08,1.7304,40.8656,63.3547,146.64,44.4023,38.4195,32.7364,22.1664,15.3184,48.5553
2006-05-09,1.7379,40.6106,63.8026,155.4,43.9995,39.4935,32.5818,22197,15.3518,47.8294
2006-05-10,1704,40643,64.0523,151.36,44.1636,39.8125,32.3599,22724,15.2695,47.9109
2006-05-11,1.6726,40.4205,63.7219,157.78,42.7083,39.2397,31.9699,22.2351,15216,47.3239
2006-05-12,1.6327,40.1423,63.1491,169.43,41964,38.3023,31.3716,22.1893,14.5949,47.1524
2006-05-15,1.6352,40.3973,63531,171.5,41.9295,38.3091,31.2909,21.6852,14.7018,47.0384
2006-05-16,1.6342,40.2304,63.0169,167.9,40.7955,38.1002,28.6418,21.1734,14.8042,46.7937
2006-05-17,1.5768,39.3551,61.7833,167.99,41.6767,37.5129,27.7479,20.6158,14.3122,46.2794
2006-05-18,1.6267,39.2292,61.5851,173.55,41.8134,36.9908,27.4165,21.0054,14.2387,45.66
2006-05-19,1693,39.3038,61.4823,154.39,42.3736,36.8276,27.5315,20.6846,14.2922,45.4723
2006-05-22,1.7374,39.0334,60.1532,155.58,41.4106,36.8015,27.7817,20127,13.8069,45.1458
2006-05-23,1684,38.8982,60.5277,147.98,41.0346,36.2402,27.2339,20.6235,14.0807,44.6073
2006-05-24,1.7554,39.0754,60.1459,149.54,40.0371,37.9958,27.3692,20.6846,13.5419,44.3792
2006-05-25,1.7773,38.8143,61.1445,142.76,40.2121,37.7609,27.1257,20.8832,13.6466,45.8229
2006-05-26,1.7993,39.0987,61.3501,146.47,41.0617,37.5324,27119,20.9366,13.3594,46.0432
2006-05-30,1.7279,38.9075,60.5938,147.34,39.8348,37.1343,26.9499,20.1804,12.9364,45.3825
2006-05-31,1.7264,39.0008,60.7774,146.53,39.6366,36.9386,26.9905,20.1346,13.1345,45.88
2006-06-01,1.7494,39397,61.3354,144.99,39.2186,36919,27.1257,20.4325,13.8135,46.0268
2006-06-02,1.7339,39.5229,61.4676,144.76,39.7461,36808,27146,19.9818,13.9872,46.3286
2006-06-05,1.6706,38.6698,60212,141.78,39.2393,36.5927,26.5915,18.9507,13.6199,45.7576
2006-06-06,1.6666,38.3481,60.7113,134.43,39.0265,36.6645,26.0369,17.8813,13.8202,46.0839
2006-06-07,1.6845,37.4531,61.0784,133.12,39.3007,36.7558,26.0031,17.8049,13.5931,46.3366
2006-06-08,1.6736,38.1104,61.2253,131.43,39.0951,35.0851,25293,17.8889,13.6377,46.3529
2006-06-09,1685,37.5603,61.1004,130.42,38.7318,36.6253,25.2051,18.2327,13.7557,45.9533
2006-06-12,1.6761,37.3691,61.0123,121.54,38.2799,35.9661,24.6235,17.8813,13.1791,44.9176
2006-06-13,1.6696,37.2759,60.5791,124.08,37.7452,34.3215,25.0292,17.8737,13.0232,44.0448
2006-06-14,1.68,37.2479,60.6232,128.18,38.0607,34.8893,25.4283,18.0799,13.1457,44.7787
2006-06-15,1.7439,37.7141,61.4823,126.75,39.2118,34.4716,25.8137,19.0118,14.0273,45.6351
2006-06-16,1.7504,37.5323,61.5484,125.88,39.1502,34.8502,27.1798,18.8361,14.1631,45.0726
2006-06-19,1.7494,37.0288,61.7833,124.21,39.0951,34.7784,28.0319,18.3396,13.8492,45.2521
2006-06-20,1.7698,37.2433,61.6805,121.58,38.1634,34.6805,27.4842,17.8737,13.9093,45.1378
2006-06-21,1.8282,37481,62.5103,114.98,38.7734,34.6283,28.0658,18.4465,14.4502,45.5863
2006-06-22,1.8142,37.1034,62.3855,118.32,39.3353,34.0866,27.6938,18.0264,14428,44.8197
2006-06-23,1.8232,37.2573,62.7012,119.94,39.0408,34.2236,27.5856,18.0723,14.8176,44.9094
2006-06-26,1.8342,37.3924,63.0757,121.47,39.4928,31.9786,27775,18.6375,14.7686,45.1133
2006-06-27,1.8197,36.6885,61.9743,134.41,38.8417,31574,27.6668,17.9119,14.2209,44.5504
2006-06-28,1.8307,36.9589,62.3341,136.61,37.8278,31.4761,27.5247,17.9577,14.1586,45.1133
2006-06-29,1.9215,37.8307,63.7659,140.15,37629,32.2527,27775,18.5458,15.0068,45.5782
2006-06-30,1.9295,37.6535,62.7453,136.75,37.9785,32.7944,28.2281,18.1945,14.9979,39.6078
2006-07-03,1926,37.8167,63.2372,133.09,37.6152,32.9641,28.4512,18.2174,15.2383,41.2962
2006-07-05,1.8511,37551,61.8861,140.1,36.9099,33.2708,28201,17.9577,14822,43.0007
2006-07-06,1.8357,37.9425,61.8568,146.99,38.2732,33.5971,28.3566,18.1868,15127,42.8376
2006-07-07,1.8013,34.5441,62.2092,151.08,37.7594,33.2839,28.2078,18.2556,14.6105,42854
2006-07-10,1.7853,34.0826,62.4001,156.15,37.7796,33.4731,28.3092,17.95,14.2298,42.9764
2006-07-11,1.7788,34.0732,62.4515,157.25,38.1082,33.7407,28.1807,17.5758,14.1541,43.4412
2006-07-12,1.7274,33.9007,62.2386,156.3,37.28,34.0017,27.3557,17.4383,14.5081,43.6941
2006-07-13,1.6825,33.3926,61.4088,152.71,37.2594,33.8777,26.8079,17.4612,14172,43.2292
2006-07-14,1.6421,33.2015,61.0784,150.62,36.5189,33806,26862,16.1932,13.9137,43.0253
2006-07-17,1.6795,32.9404,60.9976,152.87,36.6629,33.7799,26.5374,15.8266,13.8046,41337
2006-07-18,1.6706,33029,60.8728,148.08,34909,34.0017,26.4359,15.2766,13.8959,42.2666
2006-07-19,1.72,33.1082,63.0537,152.05,36.3478,33.9495,27.3827,15.9259,14.3946,42854
2006-07-20,1705,33.1455,63.2739,152.86,35.4297,33.1729,26.8823,15.2766,13.9137,41.9568
2006-07-21,1.6556,32.9684,57.0545,143.76,35.7653,32.6247,26.7605,15.2766,13.5909,41.7936
2006-07-24,1.7115,33.4206,57.0692,150.0,36.4163,32.8988,26.9228,15.3912,14.0473,42.0138
2006-07-25,1.6756,31.7516,57.5171,148.58,36.2245,33.7342,27.5653,16.3078,13.9471,42.7235
2006-07-26,1.3099,32.1945,57.7814,150.65,35.7515,33.6363,27.0581,16.2085,13.9805,42.3566
2006-07-27,1.3249,32.5162,55.5565,154.84,34.9156,35.5615,26.7943,16.0481,13.9159,42128
2006-07-28,1.3553,32.8751,57.0472,156.73,36.0597,35816,26.8484,16.6745,14.3679,42699
2006-07-31,1.3413,32.8192,56.7975,156.69,36.2859,35.6203,26348,16.3689,14.5793,42.7316
2006-08-01,1.3129,32.5908,57.7888,160.0,35.7515,35.2026,25.7664,16.1627,14.1408,42.0056
2006-08-02,1.3014,32.4509,58.3615,154.32,36.0464,35.1177,26.0504,16.3613,14.9667,41345
2006-08-03,1.3314,32.2971,59.2941,154.32,38.2867,35.4963,25.9084,17.2779,15.6524,41.6877
2006-08-04,1.3613,32.3763,58.1192,152.76,37.9577,35.6855,26.0369,17.3466,15.2205,41.0515
2006-08-07,1.3359,32.1666,57.5979,147.54,38.6908,35.4897,25.6717,17.3925,15.0068,40.04
2006-08-08,1.3149,31.9614,56.7727,152.19,37.7796,35.4375,25.5567,16.7356,14.7953,38.8492
2006-08-09,1.3074,31.8402,54.8409,155.02,37.7796,35072,25.4283,15.8037,14428,38.7349
2006-08-10,1.3214,31.8915,53.9153,153.94,38.2799,34.7523,25.6379,15.8342,14.7485,38.6125
2006-08-11,1.3004,31.9474,52.7548,156.08,38.0057,35.1699,25.4215,15544,14.6261,38.4657
2006-08-14,1.3234,31.9894,53.5334,152.39,37.3893,34.9676,24.8466,15.2766,14.8465,38.2375
2006-08-15,1.3852,32.5302,54.2826,154.87,38.04,35.4127,25.1442,15.8113,15.4787,38.2049
2006-08-16,1.3942,33001,54.6719,150.22,43.4392,36.1197,26.0474,16.6745,15.6924,38.9061
2006-08-17,1.4511,33.1922,55.0979,151.58,43.8021,35.6811,27.0822,16.7675,15.6323,38376
2006-08-18,1.4526,33.1968,54.5691,126.47,43.6932,35.8382,27.1503,16.8829,15.7659,38.3924
2006-08-21,1.4032,33.1549,53.6729,121.93,43.1722,36.1655,27.0278,16506,15.5144,38.0254
2006-08-22,1.4152,33.2341,52.9604,121.7,42.6167,35.5764,26878,16.5599,15.7147,38107
2006-08-23,1.4037,33.0042,52.8429,124.51,42.4938,34.3589,26701,16.1676,15.3964,38.6616
2006-08-24,1.3952,32.8916,52.1524,121.59,41.8903,34.3327,26.5172,16.4599,15.5166,38.2456
2006-08-25,1.3982,32.8071,51.3297,120.76,42.1762,34.3,26.5648,16.3676,15.3786,38.0089
2006-08-28,1.4421,33.2857,52.1377,117.93,42.7262,34.9022,27.0482,16806,15.8505,38.3598
2006-08-29,1.4725,33.6001,52.8943,119.5,43.2894,36.1786,27.6405,16.8291,15.7058,38.3678
2006-08-30,1.5299,33.5203,53.9006,119.9,43.5302,36.2768,27.6337,16.7445,15.7169,38.3435
2006-08-31,1.5379,33.6423,53695,119.85,44.3409,36879,28.5255,16.8675,15.5633,38.6453
2006-09-01,1.5843,33.6517,53.9594,115.37,44636,36.5648,28614,16.9598,15.5255,38.4087
2006-09-05,1.6077,33.4781,54.6499,118298,44.6501,36.4993,28.4438,16.7675,15.9173,38.5637
2006-09-06,1.5364,33.5485,53.4893,123.41,43.8459,35.8055,28614,16.1522,15.5411,38.0172
2006-09-07,1483,33.1215,53.1441,123.99,43.9424,36.2113,28.6617,16.3137,15.3518,37.8705
2006-09-08,1.5219,33.5532,53.2249,124.67,44.6635,36.2899,29.0634,16.9291,15.4164,38833
2006-09-11,1.5359,33.4781,52.7915,121.13,44.5952,35.9822,29288,17.1906,15.4988,38.6453
2006-09-12,1.5823,34.0505,55.7884,121.18,46.0724,36.1982,30.4726,18.1828,15.9618,39.1671
2006-09-13,1.5798,34.4259,55.6195,121.42,46.7318,36.3815,29.8531,18.1905,16.3136,39.2977
2006-09-14,1.5788,34501,54.7013,119.25,46.3544,36.6892,29.6693,18452,16.2913,39.3547
2006-09-15,1.6222,34.7872,55.8912,120.97,46725,37.6383,29.8259,18.7212,15.9329,39518
2006-09-18,1.6002,34.6699,55.6856,120.3,46.8488,37.6514,29111,18.6597,16151,39.9666
2006-09-19,1.5753,34.3696,55.1567,119.11,47378,38.0114,29.1519,18.5058,15.9596,39.6811
2006-09-20,1.6022,34.4494,56.5009,122.02,48.8068,38.3911,29.6693,18.1366,16.1733,39.5424
2006-09-21,1.5075,34.3039,56.2218,121.7105,47378,37.9132,30.4658,17.7444,16.3336,38.7431
2006-09-22,1.5384,34.2851,56523,128.12,47.0275,37.4092,30.4318,18.0751,16.1711,38.6942
2006-09-25,1.5858,34.5807,56.9931,129.62,48.4978,37.1932,31.3645,18.7597,16623,38.8901
2006-09-26,1.6212,35.0734,57.0518,135.18,49.0955,37.6252,31.5415,19.1212,16.6119,39.1509
2006-09-27,1.6127,35.0265,57566,133.54,48.6077,37.5401,31.5619,18.9289,16.7098,39.1919
2006-09-28,1.5883,35003,58.8368,135.36,49.1985,37.3961,31.95,18.9212,16.6987,40048
2006-09-29,1.6022,34.9186,57779,132.94,47.7423,37.9329,32.0181,18.4212,16.4761,40.0647
2006-10-02,1.5399,34.5291,56.7874,133.1,48.2781,38.0507,32.0929,18.8135,16.1689,39.7137
2006-10-03,1.5813,34.7356,57.5072,138.65,47.9487,38.1358,32.6989,18.1059,16.2868,39.5752
2006-10-04,1.6342,35.1297,58.2418,138.99,49295,37.8805,33.1822,18452,16.6497,39.8033
2006-10-05,1.6621,35.6224,58.0728,136.74,51.5901,38.1816,32.8622,18352,16.7944,39.6404
2006-10-06,1.6257,35.6365,57.7423,135.73,50.6347,38.09,32.9303,18.1443,16.6319,39.5345
2006-10-09,1.6651,35.5661,58.2785,135.67,51.4798,38.4434,32.8827,18.3366,16.8545,39.1591
2006-10-10,1.6272,35.2846,58.9837,136.99,51.5901,38.0834,32.6444,19.0442,17.0482,38.8981
2006-10-11,1.6416,35.4112,58.3666,135.5,51.8783,38.2012,32.0181,18.6058,16.8746,39.6404
2006-10-12,1.6736,35.3925,59.6668,132.58,52.7031,38882,32.2972,19075,17.1194,39.6974
2006-10-13,1.6621,35.3784,59.9533,133.8,52.3869,39.2748,32.6444,18.3751,17.1951,40.2358
2006-10-16,1.6262,35.5426,59.9092,134.83,52.7101,39.5104,32.5218,18.4751,17.4511,41.3695
2006-10-17,1.6197,35.5661,59.2481,135.54,52.0781,39.3402,32.3653,18.1059,17.2686,42.0872
2006-10-18,1.6117,35.4394,58.8441,136.79,51.5282,38.9475,32.7737,17.9905,17.2307,42.0872
2006-10-19,1.6232,35.8476,60.1589,135.4,52.1807,39.2224,32.6852,18.1763,17.2463,41.5571
2006-10-20,1.6247,36.8189,59.6741,135.46,51.5488,39.1897,32.7329,17.9828,17.0749,41.7773
2006-10-23,1.6401,37579,59.4391,137.4,54.2765,37.8674,32.9507,17.8202,17.3554,41.9322
2006-10-24,1.6776,37.4851,59.2408,140.02,53.5962,38.2078,32.7669,18.2537,17.3487,41.7448
2006-10-25,1.8796,37.2834,60.5409,140.48,53.6171,38.5285,32.9712,18.5556,17.4333,42.3646
2006-10-26,1.9105,37.1802,60.7613,139.68,54.2215,41.0356,33.6724,18.9659,17.6715,42.9355
2006-10-27,1.9075,37.0441,59.9826,138.24,53.1839,40.3221,33.2299,18.3853,17.3576,43.0417
2006-10-30,1903,37.0394,59.6521,132.98,54.1461,40.7607,33.5567,18246,17.3109,43.3679
2006-10-31,1.9,36.9925,58.2712,132.12,52.6686,41.9651,33.2367,18.1376,16.7588,43.1069
2006-11-01,1.8736,36.9925,56.4568,124.84,50.5662,42.2662,33332,17.9441,16.5874,43.1314
2006-11-02,1.8681,37.0112,56.3099,124.07,50.4428,42.0436,32.8078,17.8202,16.6965,43.2864
2006-11-03,1.8686,36.8705,56.2365,123.94,49.8656,42.2727,32.2495,17.5957,16.5495,40.3745
2006-11-06,1906,37.3444,57.7937,119505,50.7517,42384,32.7737,17.7196,17.0215,40.6191
2006-11-07,1.9339,37.2646,56.9784,119.12,50.3256,42.6393,32.9235,17.3635,17.1996,41.4102
2006-11-08,1.9689,37.2646,56.9465,112.39,50587,43.1564,33.2843,17.0306,17.1684,41.5163
2006-11-09,1.9374,37.0206,56.1529,111.72,49.8037,44.6161,32.7942,16.7132,16.9079,41.5978
2006-11-10,1.9584,37.1567,56.9612,115.13,51109,44.2561,32.8691,17.3944,16.9725,41.3777
2006-11-13,1.9948,37.3022,56.9465,114.14,51.1021,44.1841,33.1754,17.3248,17.0972,42.2013
2006-11-14,2.0706,37579,56.6158,114.35,52.6416,43.2133,33.4682,18.9659,17.71,41.9404
2006-11-15,2125,37.8699,56.6452,113.3,49.4806,43.2592,34.0168,19291,17.8318,41.4348
2006-11-16,2137,37.6728,55.5504,117.49,49.9337,43.4232,34.1605,19.3142,17.8363,42.2178
2006-11-17,2.1225,38.1937,55.4769,117.37,48.8483,43.3248,34.1332,19.4304,17.8318,42.1688
2006-11-20,2117,38.1843,55.0875,119.07,48.9858,43.3839,34.1674,19.0897,17.8274,42283
2006-11-21,2122,38.5253,55.0948,113.46,48.6835,44.9455,34.4823,19322,17.7027,42.2749
2006-11-22,2143,38445,55.5651,114.19,48.9309,45.2932,34.6261,19.8406,17.8697,42.6499
2006-11-24,2.1155,38294,55.4034,111.21,48.5697,45.6279,34.5781,19.7865,17745,42.1851
2006-11-27,2.0377,37.8599,55.2418,113.29,47.3918,44683,34.0031,19.3607,17.2975,42.0792
2006-11-28,2.0412,37.9448,55.4108,109.33,47.1988,44.4271,33.4623,19.1981,17.6426,41.8101
2006-11-29,2.0267,38.2138,56.8142,113.81,47.9361,45.7853,33.3185,19.6549,17.8452,42.5115
2006-11-30,2.0123,38.4403,57.2257,115.1,46.4545,46.2578,33.5376,20.6225,18.1568,42.5767
2006-12-01,1.9659,37.7419,57.0494,121.36,46875,45.9166,32.2369,20.5838,17.9031,42.4297
2006-12-04,1.9504,38.1713,57.4314,124.22,47.0194,46.5202,32.5518,20.3516,18.3015,42.9436
2006-12-05,1.9444,38.0156,57.2551,126.29,46.1586,46868,32.6476,20.6148,18.1123,43.0417
2006-12-06,1.9404,37657,57.0053,116.0,46083,47.2485,32.8735,21.3115,18.0745,43.2455
2006-12-07,1.9015,37.5437,56.2558,113.09,46.1216,47242,32.4354,21.0637,17.8719,43.3842
2006-12-08,1.9185,37.0718,55.9766,105.78,46.1725,47.6356,32.3738,20.6457,17.9587,43.6778
2006-12-11,1.93,37.2087,56.2264,105.13,46.1102,47.9768,32.5518,20.7231,17.7316,43.5799
2006-12-12,1.9185,37.2842,56.1603,102.97,45.5938,47.5307,32.4833,20.7077,17.6804,43.4819
2006-12-13,1.9205,37.3974,56.6379,105.75,46.0899,47242,32.6818,20.7309,17.8029,43.5311
2006-12-14,1.9464,37.1709,56.7628,105.62,47.7015,48.0096,32.7229,20.6225,17.9565,43.9959
2006-12-15,1.9958,36.9539,56.2925,107.26,47798,47.7997,32.6476,20.9941,17.9075,43.7103
2006-12-18,1.9584,36.9727,56.5938,107.64,47.0194,46.5989,32.9078,20.7541,17.5981,43.2537
2006-12-19,1.9664,36.8595,56.3807,108.05,48.1974,46.2578,32.9215,20.4909,17538,43.3922
2006-12-20,1.9958,37.1992,56.8436,108.6175,48.4317,46.1068,32.8941,20.3593,17371,43.3515
2006-12-21,1.9898,37.1898,56.9612,108.64,48.4041,46.0478,33.5855,20.2896,17.2419,43.7595
2006-12-22,2.0073,36.9727,56873,106.22,49.0173,46.3299,33.4554,20.1193,16.9324,43.7025
2006-12-26,1.9853,36.8217,57.3286,110.95,47.5845,46.6121,33.4075,20.2122,16.9614,43.7757
2006-12-27,2.0098,37.0294,57.4829,113.69,48.2459,47.3732,34.1742,20.5761,17.2975,43.9877
2006-12-28,2.0058,36.8831,57.3727,115.53,48.4249,47.9768,33.9962,20.5915,17.3354,43.5228
2006-12-29,1.9684,36.7745,56.4468,114.92,47.9634,47.5766,33.5786,20.5064,17.1773,43.5311
2007-01-03,1.9305,36.9303,56.7628,115.24,48.9481,46.9795,34.8794,20158,17.3109,42.3646
2007-01-04,1.9404,36784,56.6967,114525,50374,46.7236,34.8246,20.1116,17.3999,42.2504
2007-01-05,1914,36.5339,56.6967,115.13,50.9802,46015,34.1469,20.0032,17.1662,42.2749
2007-01-08,1.8706,36.6141,56895,113.3,50.9463,46.8155,34.1332,19.6549,17.4333,42.5357
2007-01-09,1.8846,36.6566,56.3072,109.36,51.7655,46.7695,34.5234,19.7168,17.4801,42.3238
2007-01-10,1.8531,36.7368,55.6239,112.02,52.4822,46.4218,34.4001,19.6858,17.4667,42.1363
2007-01-11,1.8656,37.1143,55.8369,109.45,53.1637,46.6974,34.7767,20.1038,18.0121,42.0301
2007-01-12,1.9055,37.4493,56.5938,112.05,53.8323,46.6711,34852,20.4367,18.1301,41.7855
2007-01-16,1.9285,37.5437,55.9839,116.5,54.1904,49.7812,34.8794,20398,18237,41.8915
2007-01-17,1.8896,37237,56.2337,119.37,53.7359,49.0135,35.1395,20878,18.3015,42.4217
2007-01-18,1.8447,37.1898,55712,122.18,54.7481,48.9479,35.5639,20.9709,18.0745,42.5115
2007-01-19,1.8467,37.3974,57.9605,122.65,55.0374,49.2432,35.8651,21.3115,18.1791,42.2423
2007-01-22,1.8432,37.0388,58.0413,121.3,54.8517,49.3744,35.7214,21.0018,18.1702,41.7692
2007-01-23,1.8172,37.2087,58.8202,122.28,54.7277,50.1158,35.5913,21.9617,18.3906,41.8832
2007-01-24,1.8586,37.5107,58.9598,120.53,54.8722,49.5516,35.7762,22.3748,18.7735,42071
2007-01-25,1.8496,37.2842,57.8135,126.6,54.8033,49.6172,35.3791,21.9857,18.5487,42.6175
2007-01-26,1.8382,37.1332,58394,126.25,54.3627,49814,35.5708,21651,18.5041,42.9355
2007-01-29,1.8671,37.2606,57865,124.09,53.66,50.2733,35.5913,21.7133,18.6978,42.6909
2007-01-30,1.8482,35.2503,58.8937,127.86,53.7359,50.0502,35.7008,21651,18.9449,42.7561
2007-01-31,1.8791,35.0616,59.0774,126.75,54.7894,50.4898,35.2969,22.6161,18.9872,42.7888
2007-02-01,1.9305,34.9153,58.5777,132.6,56.1466,52.2614,35.7008,23.2698,18.9672,43.3515
2007-02-02,1.8651,34.8587,59.3786,137.9,55.6371,51.31,35.4407,24.0169,19.1074,43.9388
2007-02-05,1.8536,34887,59.9885,134.32,55.3619,51.5134,34763,23.62,20.6925,43.5391
2007-02-06,1909,35.0474,60.7601,132.8,55.3619,51.3428,33.7293,23.3243,20.6301,43425
2007-02-07,1.9444,35.2267,61.4361,134.12,55.2718,51.3691,34.1537,23.0675,21.1221,44.6156
2007-02-08,1.9504,35222,60.8456,130.49,57.3242,52327,33.9346,22297,20924,44.4037
2007-02-09,1.9315,35.1748,60.2796,133.94,55.9262,52.6026,33.1679,21.83,20.5589,44.0856
2007-02-12,1.9379,35.1984,59.9047,133.87,55.2857,52399,33.3117,21.2697,20.5812,43.7025
2007-02-13,1.9609,36.0667,60.1105,131.95,56.1398,52.4319,33.3801,21.6822,20.5878,44.3466
2007-02-14,2.0023,36.2602,60.1767,128.36,56.6702,52.5436,33684,21.9312,20.9975,44.1998
2007-02-15,1.9983,36.2932,60.5295,128.13,56.7666,52.8921,33.4981,22.0168,21.0331,44.3386
2007-02-16,2.0118,36.2602,60.3237,150.87,56.9458,52.9644,33.2916,21.9546,20855,44.6073
2007-02-20,2.0706,36.1375,60.3751,143.98,56.9251,54.9105,33.6633,22.1569,21.0554,44.4934
2007-02-21,2.0582,36.2007,60.4854,146.91,56.4839,56.0019,33.4981,21.8534,21.0554,44371
2007-02-22,2.0452,36.2576,60.5001,139.73,55.2442,56.0544,33.4775,21.2619,21.0108,44.3629
2007-02-23,2.0342,36.1912,59155,133.95,54.9412,55.4233,32.7753,21.0284,21.0576,44.0286
2007-02-26,2.0427,36.1484,59.0374,122.24,54.3969,55.3838,32.5963,20.8806,20.9329,43.7676
2007-02-27,1.9369,35.3791,56.6927,122.55,52.7782,51.9125,31.8253,20.0089,19684,42.8213
2007-02-28,1.9524,35.1797,56.6192,130.18,53.7981,52.1163,31.9698,19.7365,20.0803,43.1722
2007-03-01,1.9379,34.9802,56.7074,127.45,53.66,52.9381,31.7289,19.9778,19.8955,42.5357
2007-03-02,1.8801,34.6715,56.4354,128.62,51.7374,50.6042,31.4604,19.6976,19.3523,42.2423
2007-03-05,1.8482,34.7475,54664,126.0,50.6878,49.3221,30.9716,18.8727,19.0317,41.9242
2007-03-06,1.9245,34.89,55.7592,120.31,51.4267,50.4464,31.6463,19.1139,20.0024,42071
2007-03-07,1.9135,35.0467,54.9874,113.17,51.5651,50.1637,31.2952,19.1062,19.9734,41.8671
2007-03-08,1.9005,35.3886,56.3398,110.06,51.5926,51.1761,31839,19.2852,20.2628,42.0465
2007-03-09,1.9374,35.4883,56.5971,110.0,51.8892,51.5049,31.8459,19005,20.3741,42.2097
2007-03-12,1.9165,35.6973,55.9944,109.62,52.3589,51.6429,31.9423,18.0322,20.4298,41.9568
2007-03-13,1.8866,35.5073,54.9433,113.95,50.9989,49.7626,31.1782,17.3629,19.7441,41.6225
2007-03-14,1.8995,35.9965,55.2814,109.21,50.9989,49.7758,31.0749,17.7442,19.9957,41704
2007-03-15,1.8846,36.0867,55.8253,112.62,50.4877,50.4595,31.3985,17.8609,19.7976,41.7936
2007-03-16,1.8881,35.7495,55.0903,110.35,50.8263,49.8875,31.3572,17.7676,19.7753,41.3042
2007-03-19,1918,36.2624,55.5975,115.8,51.3715,49.8021,31.6119,17.7987,20.1626,41.5327
2007-03-20,1.9245,36.2719,56.0164,112.36,52.3864,51.1498,31.6188,17.7831,20.3252,42.5115
2007-03-21,1.9853,36.5188,57.3836,107.11,52.8557,52.3398,32.7684,18.3902,20.7036,42.7805
2007-03-22,1.9699,36.9367,57.1557,110.98,52.4691,52.1689,32.9336,18.3045,20.7014,43.0253
2007-03-23,1.9444,37027,57.2513,112.96,53.4771,52.5239,33.1264,18.1489,20688,42.7481
2007-03-26,1.9459,36.7468,56.9205,109.84,53.3049,53.7468,33.0851,17.7364,21062,42.6256
2007-03-27,1.9639,36.6471,56.3325,104.9775,52414,52.7803,32.6169,17.4952,20.6903,42.5439
2007-03-28,1.9624,36.2719,55.4872,104.38,52.6006,53.6547,31963,17.1605,20.1159,42.4136
2007-03-29,1.9858,36.1342,55.6048,103.07,52.4762,54.0689,32.2796,17.1839,19.9667,42.6663
2007-03-30,1.9848,36.2956,55.4652,109.36,52.2483,54.0558,32259,17.1216,19.6506,42.5196
2007-04-02,2.0163,36.2244,54076,107.27,53.2562,55.0222,32.4861,16.8648,19.1119,42.1851
2007-04-03,2.0547,36.7848,54.6566,107.53,54.1053,53.5167,32.6445,16.9582,19.7976,43.8816
2007-04-04,2.0716,36.6423,53.8628,117.27,53.4635,51.8139,32.3554,16.8259,19.5349,43.8491
2007-04-05,2.0791,36.4476,53.9216,118.77,53.3189,50.6831,32.1832,17.1294,19.3145,43.8816
2007-04-09,2.0781,36.4856,53.9731,123.45,52.8076,50499,32.0043,17.1527,19.1542,43.6778
2007-04-10,2.0881,36.3289,54.3994,123.68,53512,50.5581,31.6945,16.8881,19.0718,43.1069
2007-04-11,2.0791,36.2007,54.3332,122.45,53.6293,50.6239,31.0543,16.6002,18.5219,43.7595
2007-04-12,2.1085,36.4286,54.2671,119.84,56.37,50.3346,31.2126,17.0204,19034,44.11
2007-04-13,2.1155,36.4334,55.1711,120.75,56.4803,50.0322,31.1506,16.7091,19.4525,43.8734
2007-04-16,2.2547,36.6423,56.0899,116.88,56.3214,49.1578,32.2039,16.8726,19546,43.7919
2007-04-17,2.2482,36.6993,56.6853,119.26,56.1213,49.6377,32.1488,17.4718,19.6862,44.1262
2007-04-18,2.2442,36.6043,57.0969,119.23,55.8589,49.8218,31.9492,17931,19.5593,44.2895
2007-04-19,2.2268,36.8418,56847,114.42,55.9765,50.4529,32.0456,17.8843,19.2499,44.5014
2007-04-20,2.2422,36.9225,53.51,113.83,57654,50.9855,32493,18.2034,19.6373,44.6974
2007-04-23,2.2332,36.6993,51643,117.45,57.2191,51.8862,32.6445,17.5808,19.6484,44.7545
2007-04-24,2.2322,36.5663,52.8999,120.52,56.9774,51.6364,32851,17.5341,19.4992,45154
2007-04-25,2.8338,36.5521,54.3553,121.88,57.2333,51.7416,33.4224,17.6275,19.9423,45.6517
2007-04-26,3.1317,38.2047,55.4872,128.48,58.2408,51.1433,33.3673,18.2812,19851,45.5375
2007-04-27,3.1227,38.7271,55.0609,130.65,57.5713,50.6831,33.5119,17.8376,20.1738,45.9778
2007-04-30,3.0593,39.3064,54.5831,132.13,56.3767,49.8086,33.6564,17.2617,19.9022,45.3007
2007-05-01,3.0521,39.7053,54.2009,129.71,55.9146,49.5325,33388,17.6275,19.6951,45.8556
2007-05-02,3.0518,40.09,54.5023,130.64,56.1281,50.1176,33.6633,17.8163,18.7802,45.5538
2007-05-03,3.1022,39.9238,54.7595,133.21,55.8662,50.1374,33147,17.8398,18729,45.3173
2007-05-04,3.1541,39.9903,54.7081,131.46,55.3136,50.2031,33.0093,17.5577,18.6778,45.3989
2007-05-07,3.0339,40.3322,55.3549,128.92,55.9554,49.7035,32851,17.6439,18.1123,45.4151
2007-05-08,3.0842,40.2609,55.4333,131.55,55.2931,49.2761,32.5619,17.6518,17.8763,44.7706
2007-05-09,3.1351,40.5364,55.3745,136.22,56.0799,49.0657,33.1746,17.6674,17.7428,45.4234
2007-05-10,3.0389,40.1992,55.9921,135.1,56.1006,47.4944,33.1333,17.2757,17.8274,44.7218
2007-05-11,3.0708,40.6266,56.7642,137.68,55286,48.1584,33.5876,17.4716,17.9543,46.0268
2007-05-14,3.0778,40.2847,56.6759,139.99,55.0928,47.2117,33.1814,17.3932,17509,45611
2007-05-15,3.0219,40921,56.4627,139.4,54.8717,47.5939,32.9749,17.2522,17.4289,45774
2007-05-16,3.1536,41.0739,56.6024,136.74,55141,49.3268,33.2075,17.3697,17.2975,46916
2007-05-17,3.1012,41389,56.5289,137.04,55.1895,49.8803,32.9093,17.6518,17.1016,46.3858
2007-05-18,3.1576,41.4989,56.9406,135.5,55.6104,52.5292,34102,17.6674,17.5491,46761
2007-05-21,3407,41.5753,57.2936,125.45,56149,52.1668,34.2684,17879,17.4578,46.5407
2007-05-22,3.4359,41.9191,57.8083,126.14,55.9146,52.4304,34.5874,18.6076,17.5179,47.0953
2007-05-23,3.4419,41.9955,58.6539,126.7,55.7829,52.5292,34.4834,18.5136,16.9569,45.7171
2007-05-24,3.4594,41.6183,57.7642,131.45,57033,51.7583,34.3724,18.4744,16.6831,45.5047
2007-05-25,3.4195,41.7138,57.9259,129.73,56.2389,51.4815,34.6359,18.4352,16.8545,46.0757
2007-05-29,3.4733,41.6947,58.6539,129.34,55.5137,51.1718,34.9341,18.3569,17017,45.6434
2007-05-30,3.4848,41.9907,58823,129.95,56.3494,51.5869,34.9618,18.3099,17.5714,46.2308
2007-05-31,3.4489,42.0051,58.6612,129.22,57.0604,51.4749,34.9757,18.3099,17489,45.1868
2007-06-01,3421,42.2295,58.9333,125.44,56.2196,51.7846,35045,18.0043,17.3888,45.7171
2007-06-04,3.5127,42.0576,58.7494,124.65,56552,50.6381,35.1768,18.2394,17.3732,45.9453
2007-06-05,3.6739,41.7663,58.7347,124.52,55.4237,50.6776,35.5443,17973,17489,46459
2007-06-06,3606,41.3652,58.5362,125.05,55.0993,49.5245,34.7954,17.5812,17135,45.3663
2007-06-07,3.5935,40.5342,58.5215,125.86,54.0059,48.6152,33.9286,16.8683,16.6853,45.1868
2007-06-08,3.6534,41.0404,58.8156,125.08,54.2066,49.4389,33.9772,17.2052,16.8011,45.66
2007-06-11,3.5457,40.7348,59.2421,123.21,53.5147,50.6513,33.9217,16.8604,16.9814,45.3498
2007-06-12,3.4953,40.6106,58.6024,125.03,53.6389,50.8094,34.4626,16.5706,16.8078,44.6484
2007-06-13,3.5361,41.6374,59.2935,126.29,54.1164,52.4699,34.5874,16.7037,17.5825,45.7006
2007-06-14,3.5886,41.7472,59.1318,125.16,53.7915,53.3331,34518,16.7351,17.6092,44.7382
2007-06-15,3614,41.8666,59.3744,124.98,53.7985,53.6757,34.4695,16.7351,17.5825,44.9828
2007-06-18,3.5831,41.8427,60.1832,126.68,53.6599,53.9591,34.4348,16.6567,17.3799,45.0479
2007-06-19,3.4823,41.9382,60.0288,128.88,53833,53.6428,34.4695,16.6567,17.2953,46663
2007-06-20,3.4469,41.5848,59.1686,126.28,53.4037,53.5571,34.2476,16.4609,17.0437,46.8179
2007-06-21,3.4753,41.7424,59.4847,127.85,52982,53.6494,33.5126,16.6097,17.0304,47.0137
2007-06-22,3.4349,41.2744,58845,130.17,50.9965,53.7153,34.1991,16.3355,16.9035,46.9404
2007-06-25,3.4249,41.1885,58.3818,134.89,50346,52628,33.6235,16.1161,16.8033,47.9274
2007-06-26,3.3661,41.1073,57948,136.45,49481,52.9904,33.8038,15.8027,16.6608,47.4786
2007-06-27,3399,41.6087,57.9406,134.79,49.6609,52.7862,33.6305,16.0691,16928,48.4167
2007-06-28,3.4364,41475,58.5803,137.25,50.8507,54104,33.6582,15.8184,17.0527,48.3676
2007-06-29,3.4125,41.4463,57.6759,138.34,50491,55.6788,33.8177,15.6147,16.6965,48.2453
2007-07-02,3.4723,42.0242,57.9039,138.41,50.0694,57.0296,33.2699,15.4737,16.9592,48.3434
2007-07-03,3.4644,41.9955,58.0068,138.85,49.8343,57.5238,33.0549,15.4972,16.7966,48.1068
2007-07-05,3.4284,41.9096,57.3745,141.27,50.9478,55949,33.3254,15.4267,16.5651,48.6532
2007-07-06,3.4404,42.0767,57.8009,140.26,51.2663,57.4382,33.3878,15.8263,17.5625,48.6694
2007-07-09,3595,42.0767,57.9774,144.74,50.5328,56.9374,32.8955,15505,17.8096,50.0073
2007-07-10,3.5058,41.6517,55.6465,144.88,47786,55.3494,32.4655,15.1995,17.7739,48.5716
2007-07-11,3.5282,41.9669,54.8745,145.82,48.0008,55.4153,32.3061,15.3248,18.2904,48.7754
2007-07-12,3631,42.9458,55.6686,146.0,51.9924,55.6788,32.4933,15599,19.2432,49.3057
2007-07-13,3.7462,43.0843,55.4039,143.55,51.4321,55.8106,33.0965,16.0065,19.1853,49.0691
2007-07-16,3.6759,43.3947,56.0289,143.23,50609,55.9819,33.0827,15.6774,19074,49.1426
2007-07-17,3.6808,43495,56.1686,147.09,50.6778,55.5866,33.0341,15317,18.8113,50.2275
2007-07-18,3.6574,43686,56.1612,147.91,50.5048,55.4746,32.9648,15.0428,18.9204,50.2598
2007-07-19,3.6589,43538,55.5215,148.52,50.7124,57.0889,32.8747,15.2073,19.4837,50.3987
2007-07-20,3.5731,43.0796,57.1024,149.27,49.5709,56.4959,32.4933,15.0193,19.1097,50.0643
2007-07-23,3.5786,43.3947,57.3892,147.35,49.7577,56.7661,32521,14.4003,18936,50.0886
2007-07-24,3.4544,42.8312,55.4112,147.23,49.0106,56.6672,31.7375,13.7109,18.5353,49.8276
2007-07-25,4.2989,42.7978,55.2348,142.27,49.0039,56061,31.6681,13.6952,18.3216,49.7054
2007-07-26,4.1906,43.0032,54.2862,142.63,47.8621,58.6374,31.2382,13.4445,18.1813,47.1851
2007-07-27,4.1921,43.0032,53.6907,138.64,47.1499,58.1959,30732,13.0136,18.1524,46.1246
2007-07-30,4.1253,43.0652,54.0362,140.56,48049,59461,31044,13.0997,18.5197,45.7171
2007-07-31,3.9178,42.4635,52.0289,137.62,48.3605,59.7049,30.7251,12.7864,18.0277,45.4151
2007-08-01,3.8564,42.5352,51.4407,139.5,48.6024,59606,31.0648,12849,17.9899,46.0025
2007-08-02,3.9761,42559,52.3524,137.01,49.7647,62.0901,31.1342,13.4366,18.7,45.9861
2007-08-03,3831,41.8141,49.5142,136.93,47.7376,60.7328,30.2397,12896,18444,44.0041
2007-08-06,3.9407,41.9143,51.6539,142.27,48.4434,61.0952,30.8152,13.2094,18.6622,43.9959
2007-08-07,3.9477,42.0385,51.9186,144.56,49.9656,60.5812,31.6057,13.6247,18.9293,43.7431
2007-08-08,3.8799,42.0958,52659,147.07,51.3216,60.2649,32.4586,14.5649,19.3746,43.2129
2007-08-09,3.6968,41.4798,50.0184,143.92,52.1517,59.2172,32.8677,14.5492,18.9494,40717
2007-08-10,3.7302,41.0548,50.8275,143.39,50.5812,57906,33.0549,13.6639,18.3305,43.0578
2007-08-13,3.7347,41.1885,50.3641,145.07,51.9306,57.1878,32.2645,13.2173,18355,47.0384
2007-08-14,3.6639,41.0357,48.5472,145.55,50.6433,56.1599,30.8083,13.1115,17.8875,45.3663
2007-08-15,3.6105,40.6202,46.3626,147.15,50.2424,55.9882,29893,12.4047,17.3732,44.0286
2007-08-16,3631,40.7826,47.7087,148.15,50.3046,53.4793,30.1565,12626,16.6697,43.8407
2007-08-17,3.7422,41943,50.57,150.3,52.7807,54.8856,31.2729,13045,16.6853,44.7054
2007-08-20,3.7262,42.1531,49.0768,151.15,54.0339,55592,30.8776,13.0846,16.4026,45.0562
2007-08-21,3.8654,42.2438,50.3641,137.68,54.9193,56.9389,30.8915,12.9186,16.1488,44.5668
2007-08-22,3.9158,42.7672,49.2387,134.44,53.7085,57.8897,31.5312,12.9502,16.7009,45.4805
2007-08-23,3.8559,42.6136,49.1725,137.64,53.3831,57.2228,31.5452,12.7367,16.5963,47.0873
2007-08-24,3.9532,42.8056,48.7826,137.64,55.8667,58.3254,32.0414,12.6577,16.3514,46.9892
2007-08-27,3.9233,42.5896,48.4737,136.48,55.0295,58332,31.9365,12.0252,16.2045,46.1004
2007-08-28,3.8021,42071,46.8922,138.83,53.2725,57.1238,31077,11.6615,15.55,44.9501
2007-08-29,3.9432,42.6184,47.8411,140.26,54.6977,57652,31.5033,11.8829,16.0509,45.4314
2007-08-30,3.9248,42.9065,47.26,138.62,54.3269,59.3422,31.4473,11.5113,16013,45.3663
2007-08-31,3.9861,43.6891,47.5616,140.11,54.5697,60.3722,31.8597,11.9461,16.3648,45.6351
2007-09-04,4.1253,43.7659,47.6131,140.95,54.2919,61.7917,32.3418,12.1833,16.3536,46.9565
2007-09-05,4.1777,43.1753,46.4435,138.39,53.4736,61.0522,32.1811,11.7089,15.9084,46.1901
2007-09-06,4.3004,43.5163,47.1644,139.66,54.2434,61.3229,32258,11.5271,16.0509,46.1655
2007-09-07,4.2161,42.6952,46.1199,130.69,53.2171,60.5702,31.2517,11.0843,15.8216,45.1378
2007-09-10,4.1572,42167,46.1861,122.83,52.1147,62.7688,30.8883,10.8234,15.0825,44.5425
2007-09-11,4.3039,42.3687,47135,123.64,53.7512,64.0167,31.4334,10.7839,15.2316,45.3905
2007-09-12,4.3548,42772,47.8632,126.7475,54.0494,64.7099,31.1608,10.9104,15.5611,45.1378
2007-09-13,4.3528,42.7768,48.8488,124.53,54.8744,64.1817,31.4124,10.7997,16.0019,44.4689
2007-09-14,4.3782,42.7432,48.6281,124.2,54.9854,64.0761,31.1259,11.3452,16.0442,44.0856
2007-09-17,4.3353,42.7,47.9882,126.39,54.4098,63779,31.0141,11.4796,16.0219,43.9712
2007-09-18,4.4271,44.0108,51.2909,126.22,57.4883,65.8588,32.6354,12.0963,16.5406,44.4037
2007-09-19,4.4396,44.1549,52.2103,122.35,57.1002,66.0766,33.0547,12.0094,16.83,45.3905
2007-09-20,4472,43.9052,51.0408,122.85,55.3944,65.4824,33.9142,11.1318,16.3425,45.3498
2007-09-21,4.5543,44.0204,50.7686,126.74,55.3532,67.6876,34.3894,11.1476,16.8901,45.2927
2007-09-24,4.6186,44.0828,49.1136,131.47,54.2712,67.0736,34.3754,10.7207,16.6586,44.7054
2007-09-25,4663,44.1309,48.4443,131.04,54.1118,68.0573,33.9911,10.4993,17.2018,45.8149
2007-09-26,4.6605,44.4333,48.6208,134.05,55.4222,68.0507,34.1518,10.1672,17.4244,46.0268
2007-09-27,4658,44.8415,49.1357,130.98,55.8175,69.5759,34.3056,10.4202,17.7517,45.6434
2007-09-28,4.6466,44.9327,48.8635,133.5,55.9561,70.9426,33.8443,10.1277,17.7628,45.5946
2007-10-01,4.6595,45.4897,50.2537,133.22,57.0309,71.5368,34.5502,10.6416,18.3483,47.5522
2007-10-02,4.6072,45.0816,50.9893,138.2025,58.4664,69391,34.9485,11.3373,18.2682,46.3449
2007-10-03,4.6119,45.2256,51.7102,136.8,58.5148,67.8725,34.9135,11.7089,18.4529,46.4101
2007-10-04,4.6022,45.2544,52.2618,137.04,57.4122,67.6348,34.9415,11.3769,18.5531,45.9371
2007-10-05,4.6605,46.0227,53.6521,135.15,58.4037,67.4697,35.5006,11.5824,19.0985,46.2553
2007-10-08,4.7813,45.8114,52.4089,135.61,57.8077,68.2092,35.4656,11.3373,18.5999,46.2065
2007-10-09,4755,45.9122,52968,133.25,57.6967,69.6155,35.8709,11.3136,18.8648,45.9943
2007-10-10,4.7219,46.0082,52.1,132.24,58.5978,70.7577,35.6683,11.3611,18.9316,46.9485
2007-10-11,4.4565,45.3072,52.8797,133.03,57.8627,68.7176,35.1162,11.4322,18.0745,47.3564
2007-10-12,4.6077,45216,52.1368,131665,57.3985,68.5459,35.1022,11.1476,18.2214,48.27
2007-10-15,4.5159,45.3216,50.4009,131.93,56.3443,68.3346,34.4663,10.7365,17.8808,48.0822
2007-10-16,4466,45.1248,49.2754,131.18,55.6788,71.1076,33.8583,10.1672,17.7539,47.34
2007-10-17,4.5169,45.2592,49.2092,129.27,55.2976,70.3748,34054,9.9696,18.5086,47.0302
2007-10-18,4482,45.4849,48.5472,129.82,54909,70.8898,33.7116,9.6454,18.6199,47.0708
2007-10-19,4.4775,41.5908,46.1052,131.09,52.9954,69.9918,33.0197,9.4478,17.8185,46.4509
2007-10-22,4.5538,41.4276,46.2891,130.14,54.0701,69.0873,33.9072,10.0961,17952,46402
2007-10-23,5.0292,41.2595,45.6491,132.78,53.5153,72.0782,33.9771,10.0486,18.0678,46.3778
2007-10-24,4.4261,41.3412,46.8775,131.12,53356,73.9797,33474,9.7561,17.44,46.1086
2007-10-25,4.4002,41.3364,45.5756,131.6,54.0494,77.0828,33.1455,9.6059,17.4534,45.9207
2007-10-26,4.4894,41.3556,47.3703,134.53,54.8399,75.8614,33.3132,10.1751,17.7828,46.3858
2007-10-29,4.4944,41.2787,48.4663,133.58,55.1862,76.0264,33.4949,10.3807,17.9654,46.4265
2007-10-30,4.4016,41.1923,47.9809,136.43,55.1516,75.3266,33.3412,10.3965,18.0144,46.7772
2007-10-31,4447,41466,48.2457,137.69,54916,76.0528,33.5299,10.0328,18.4596,47.6254
2007-11-01,4.3722,40.2848,45.8183,139.83,51.3242,68.0772,32.7052,9.6248,17.6493,46.2387
2007-11-02,4.2889,40.7602,44.9945,141.55,51.5253,68.4403,32.2161,9.4088,18.2103,45.9126
2007-11-05,4.2086,40837,44.5237,140.84,49265,68.0177,31.9086,9.2248,17.6359,45.0317
2007-11-06,4.3533,41.0291,43744,147.95,51.1373,71.2859,31.8317,9.7928,14.2476,45.5946
2007-11-07,4342,39.9823,36.9492,143.68,50.3539,70.4144,31.1888,9.4888,14733,43.9061
2007-11-08,4.1692,39.7711,38.9288,147.39,51657,72.6658,31.3006,9.3448,14.0562,43.8246
2007-11-09,3.9352,38177,39.9296,147.41,51.6709,72.5338,30.6716,9.6248,13.7089,43.3597
2007-11-12,3841,38.0377,39.9369,156.4,52.8357,68.1036,30.9092,9.5368,13.6956,42.6175
2007-11-13,3.9836,39.0028,41.8944,150.62,54.8677,72646,31664,9.9448,14.3812,43.7511
2007-11-14,3.9163,38.5131,40.6949,151.86,53.4602,71.3499,31.3775,10.1128,13.7356,43.0985
2007-11-15,3.8834,38.2442,38.8478,151.02,52628,70.7151,31.2377,9.8568,13.8425,42.3238
2007-11-16,3.9208,39.1661,39.0391,147.49,52.0107,72.7518,31.3845,9.7288,13.9805,42.4136
2007-11-19,3.9497,39.2285,37.8985,154.58,50.1732,71.0854,30.6786,9.0007,13.5887,42.0222
2007-11-20,4.0101,39.6584,37.3392,156.1,50.4717,72.0575,30.6819,9.2248,13.3305,42283
2007-11-21,3.9786,39.2381,36.6548,164.4,51.8447,71.8459,29.8569,8.7687,13.4061,41704
2007-11-23,4.0619,39.9675,38318,162.17,53356,70.1068,30.1319,9.1048,13562,41.8588
2007-11-26,4.0556,39.1222,36206,157.94,52.7388,71.2838,29.7793,8.4647,13.2503,41.0923
2007-11-27,4.2695,39.6632,36.1839,159.3,53.1271,72.2559,30.83,8.3287,13.5486,41.8832
2007-11-28,4.5044,40.2862,39.4512,158.48,55.8451,76.9045,31.5916,8.5527,14.5014,42.5849
2007-11-29,4447,40.3828,38.2076,155.28,55.4568,75.0199,31.4576,8.3767,14.0562,42.9111
2007-11-30,4.5174,40.2138,39.2305,157.47,57.0101,74.2859,31.8173,9.5768,13.8469,43.0824
2007-12-03,4.5348,39.7067,37.4496,166.11,56.1482,78637,31.6974,9.8728,14.0295,42.7888
2007-12-04,4.7094,39.6487,36.7211,167.75,56.5097,79.6818,31232,9.6168,13.7846,42.2013
2007-12-05,4.6486,40.4553,36.7432,166.26,56.2806,79.5429,31.0909,10.1048,14.1497,43.4087
2007-12-06,4.6994,40.9673,38.5829,169.0,56.9753,81.3482,31916,11.2969,14.1408,43.7511
2007-12-07,4.7044,41629,36.6475,170.8,57.4064,81.8904,31.7327,11.0889,14.8532,43.7431
2007-12-10,4.6401,41.8946,38318,168.22,58.5388,82.1483,32.1134,11809,15.3207,43.89
2007-12-11,4.5269,40.8851,36.7432,164.1,56.0927,78.9346,31.1192,10.5689,15.1059,42.9602
2007-12-12,4.5533,41856,35.5216,163.02,56.6349,77.8964,31.4647,11.0169,15.0446,42.8948
2007-12-13,4.6092,41.9815,35.7718,164.68,57.17,77.2153,31.5846,11.1769,14.9333,42846
2007-12-14,4.4435,41.5034,34.7342,155.72,56.7458,76435,31.7468,10.6489,14.5682,42.0301
2007-12-17,4.2445,41.4309,33.6009,147.39,56.4609,78.4783,31.0627,10.8329,14.4436,41.4592
2007-12-18,4.3343,41.4647,34219,147.37,56.9821,77.3806,31.3801,10.7289,14.8398,41.9322
2007-12-19,4.4585,41.0204,33.8511,145.64,56.8779,77.3674,31.2038,10.5369,14.8398,41.3124
2007-12-20,4.5184,40.8079,33.7849,145.91,57.1492,79.0205,31.0345,10.5769,15.6323,41.4185
2007-12-21,4.5523,41.5613,35.0874,146.57,57.6006,78.5114,31.9654,10.7289,15.9529,42.2995
2007-12-24,4.5398,41.6628,35.4774,142.55,58.2678,78.1146,32.2968,11.0649,15.9173,42.5115
2007-12-26,4.6316,41571,35.2051,143.17,57.3572,78.7759,32.0218,11.0089,15.9173,41.2797
2007-12-27,4.7014,41.2474,34.3589,142.7,55.9399,77.5658,31373,10.9289,15.3429,40464
2007-12-28,4.7114,41.0977,34.2706,140.05,55.5784,78.7098,31.4576,10.4809,15.5477,40.6517
2007-12-31,4.6211,40.7258,34.7783,139.74,55.5716,76.9773,31373,10.5369,15.1114,40.3499
2008-01-02,4.8012,39.9481,34.8445,146.91,54.7654,80.7398,30.7877,10.2728,14.3501,38.7024
2008-01-03,4.7493,39.9433,34.3441,158.91,53.4939,82.1483,30.2871,9.7208,14.5816,36.8589
2008-01-04,4.4291,39.4893,33829,155.08,51.8745,80.0124,29.4126,8.7367,13.8024,35921
2008-01-07,4.4306,39.1754,34.4766,154.0,52.5142,83.2658,29.0742,8.7687,13.9004,35.6925
2008-01-08,4.3837,38.7407,31.7832,149.66,51.2282,84.1255,28644,8.2167,13.6288,34.3713
2008-01-09,4251,38731,31901,150.18,52.1736,85.0314,28.3901,8.4247,13.8202,33.1317
2008-01-10,4.2031,38.7407,31.5845,149.0,50985,84.0461,28.5312,8.9127,13.3483,33.8083
2008-01-11,4.0445,37.4704,31.3417,149.85,49.2409,85534,27.8965,8.8407,12.0704,33.5475
2008-01-14,4.1338,37.9148,31.6949,150.18,49.6021,87.9476,27.8119,9.2328,12.6225,33.1723
2008-01-15,4.0026,37.2772,30.9075,150.44,48782,84.1189,27.4946,9.0407,11.8745,31.8999
2008-01-16,4.0081,37.3352,32.0408,153.28,50.0334,78.5114,27.8754,9.2088,11.6653,32.0141
2008-01-17,3.9966,36205,30.2158,156.08,50179,73.2544,26.8881,9.3688,12.0571,31.7123
2008-01-18,3.9786,36.1808,29.2002,155.39,49.0603,72.1567,26.9798,9.7048,11.5762,32.0713
2008-01-22,3.9063,36.3064,29237,160.84,51305,70.3713,28.0728,10.3209,11.2868,31.5328
2008-01-23,3.6913,36.7556,32.5265,160.4,53.9106,69624,29.7934,11561,12.0215,31.3943
2008-01-24,3.8744,36.5769,35.1389,156.26,53.9732,74.1669,30.1883,12385,11.9369,31.9733
2008-01-25,3.8709,36.4706,34.2264,153.01,52.3681,74.6496,29.2011,12345,11.9636,32.3402
2008-01-28,3.7821,37.4028,36.7137,150.6,54.4806,77579,30414,12.7211,12.2663,32536
2008-01-29,3.6888,37.6829,38.0383,148.8,54.6193,76.1176,29.4479,13.3851,12.5602,33.1723
2008-01-30,3.7018,37.7699,37.9279,147.32,53.6539,79.2388,29.4902,12489,12.5513,33.1152
2008-01-31,3.8759,38.4702,40.2239,144.4,55.3701,77.4732,31.2743,13.8091,12.4222,34.4527
2008-02-01,3.7227,39.2237,41.9238,143.65,57024,82.7831,31.5775,13.8491,13.2859,34.3713
2008-02-04,3.6888,38.9145,38.7448,144.73,55.3911,81.0771,29.6383,13.2491,13.2058,34.3304
2008-02-05,3596,38.1997,36.9418,140.9,54.1332,80.2373,28.7145,12361,12.7338,36.4023
2008-02-06,3.4165,38.2432,36.4709,137.64,52.4027,81.7185,28.6299,11849,12155,35293
2008-02-07,3.5372,38.2142,37.1483,136.94,54.8281,74.4975,28.8132,12033,12.1461,35.5376
2008-02-08,3.6664,37.9437,36.3178,134.26,54.2931,72.2691,28778,11.4511,14.1764,35.6194
2008-02-11,3.7507,38.2915,34.7162,138.47,55.8009,76.2234,29.1729,11.7178,14.2922,36.2391
2008-02-12,3.7138,38.2045,35.1834,137.22,55.2521,75.1059,29871,11.4673,14.8621,36.0352
2008-02-13,3.8774,39.3058,36392,134.71,54.7863,72.4171,30.0896,11.6855,14.9422,36.6307
2008-02-14,3.7811,38.7793,35.2872,136.49,52.8407,72.1324,29.6665,11.3784,14.5638,36.2637
2008-02-15,3.6394,38.6151,35.3391,138.59,52382,73.2979,29.1588,11.1683,14497,36.6307
2008-02-19,3.5955,38.5668,35.6357,138.39,51.8123,74.4569,29.5325,11.5481,14.5014,36.6469
2008-02-20,3.6734,38.8536,36.5774,139.57,53.5496,74.6556,29.6711,12.4855,14.7107,37.0468
2008-02-21,3.4868,38.3772,35.3539,137.53,53.1675,73.9138,29.0945,12.3805,14.3634,36.4839
2008-02-22,3.5955,38.7223,35.5319,134.66,53.8414,72.7085,29.7921,12.2997,14.3144,36.8589
2008-02-25,3.6549,39.3687,35.9916,126.31,55.4189,74.3708,29.9844,12526,14.2922,37.2749
2008-02-26,3.5761,39.5097,37.0297,127.91,56.4193,74.0132,30.2549,13.2775,14.5593,37.5362
2008-02-27,3.5352,39116,36.9481,129.96,57.0776,72.9602,30.1481,13819,14.5905,37.9683
2008-02-28,3.3845,38.7855,35.9026,130.04,55.1901,74.0595,28.9023,12.5421,14.4079,36.4103
2008-02-29,3.2159,38.1051,34.1305,128.51,53.9922,73.4039,28.0124,11338,13.4507,35.4398
2008-03-03,3.1142,38.1488,33.3445,124.3,54.0132,73.6754,28.0979,10.9824,13.3661,35.2604
2008-03-04,3.2593,38.1099,33.6782,132.07,54.7723,72.3642,28.5108,11.1117,13.5709,35.6276
2008-03-05,3.2419,38.3627,32.8625,125.65,55.0438,73.8873,28.3043,11.5239,13.8648,35.6517
2008-03-06,3.1296,37.8863,31513,125.28,51.2833,71682,27.4358,10.6269,13.0856,35032
2008-03-07,3197,37.1865,32.1507,126.62,50.6917,70.3973,27.3504,10.4733,12.9965,33.8573
2008-03-10,3.1661,36.6858,30.5936,129.24,49.4865,63.5761,26.9233,10.3359,12342,33.6454
2008-03-11,3.3496,37.8863,34.6421,128.37,52544,64.6556,27.7419,11.5804,13.1212,34.3062
2008-03-12,3.3177,38.1148,35.3317,126.38,51.0325,62.8807,27.3718,11.0228,12.8496,34.0532
2008-03-13,3408,38.4356,36.7331,124095,52.2578,60.9271,27927,11.7097,12.7739,33.4415
2008-03-14,3403,37.6822,35.4874,123.89,50.9843,62.3708,26.9446,11241,12.1417,33.5475
2008-03-17,3.3187,38.1585,35.1908,120.62,50.8374,59.8013,25.9694,11.0875,11.9369,32.5116
2008-03-18,3.5766,39.3444,38179,117.96,53.2334,63.2383,27.3219,11.9279,12.8496,33.3109
2008-03-19,3.5003,38.6251,36.6737,121.37,51.9797,60.8211,26.7667,11.8229,12.4222,32.8868
2008-03-20,3.6509,37.9009,39484,124.25,53.7628,59.5761,29.1087,12.6714,12.9164,33.2866
2008-03-24,3.7886,38.2217,40.2996,119.71,54.7586,62.6887,30.1481,13.4957,13.6956,34.6242
2008-03-25,3.7497,38387,39.3357,120.54,55.4688,64.2715,29.9772,13132,13.6065,33.9226
2008-03-26,3.6813,38.2314,38001,118.66,53.8465,63.0132,29.3294,12.2835,13.6065,33.6781
2008-03-27,3.5317,37.8426,37.4226,116.63,53.3794,61.7019,29.0233,12.5502,13.1301,33.2537
2008-03-28,3.4798,37.8863,36.3252,117.86,50.4895,59.1324,28.2616,12.4128,12.9921,33.2781
2008-03-31,3.5566,38.4696,36.4958,114.39,50.9355,57.5364,28.8169,12728,12.8362,33.27
2008-04-01,3826,39.5243,39.6545,114.06,53.4076,58.3973,30.7105,13.7947,13.4329,34.3875
2008-04-02,3.8594,39325,39.4321,117.09,53.7628,58.2251,30.3545,13.8674,13.2191,34.4936
2008-04-03,3.7382,38.9653,39.2912,116.31,53.6373,61.3311,29.9701,13924,13.1613,33996
2008-04-04,3.8345,39.1355,38.0158,119.3,53.3866,63.8344,29.6569,13.6816,13.0856,33.6617
2008-04-07,3836,38.9751,39.3431,116.76,52.2374,68.1258,29.9345,13.7058,12.8986,33.8491
2008-04-08,3.8559,38.8244,39.6767,118.83,52.1745,68.2847,29.5786,13.1078,12.6982,34.1348
2008-04-09,3.7108,38.6834,37.5413,121.55,51.5201,67.0529,28.4894,12.6957,12391,33.9144
2008-04-10,3.7327,39.0528,36.7924,125.02,51.5408,69.4834,28.6603,13.0108,12.4622,34.1428
2008-04-11,3.5911,38.1391,35.8136,124.65,49.2289,68.4569,28.2758,12.7037,11.8122,33.6617
2008-04-14,3622,38037,34.9387,122.95,48.7974,72.4635,28.3328,12.2269,12.0081,33.8573
2008-04-15,3.6165,38.3189,34086,122.45,49.1942,71.9072,27.9484,12.5179,13.0544,33.8901
2008-04-16,3.7207,39.2181,34.2936,116.56,49.6328,79.6953,29.0518,13.1078,13.3572,34.6649
2008-04-17,3.6933,39.1986,36.1399,116.68,50.5942,77.4834,29.4718,13124,13.0277,34.7138
2008-04-18,3.9956,40.2922,35.0054,124.61,51.5756,77.5761,30.2406,13.5038,13.7846,35.9864
2008-04-21,3.9996,40.02,35.4874,129.42,50.9978,78.8079,29365,13.4472,13.9894,35.6764
2008-04-22,3.9707,39.4562,34.39,132.27,49.5421,78.2648,28703,13.1482,13.4017,34.5426
2008-04-23,4.0405,39.1889,34.0489,133.06,49.9326,79.2648,28.0338,12.8411,13.7401,35.3093
2008-04-24,3.8754,38.4599,35.9248,132.09,51.8893,79841,28.2972,13.5199,13.9716,36.1249
2008-04-25,4.0335,37.8232,37.7489,131.53,52.5506,81.6423,28.0836,13.7624,13.9137,36.0925
2008-04-28,4.0889,37.4878,39.9066,132.87,52.53,78.6158,28.1406,13.8594,13887,36.0271
2008-04-29,4.0275,37.3566,39.7509,132.6,52.7529,74.8344,28.2687,13.4876,14.3011,36.1576
2008-04-30,3.9223,37376,39.2986,126.93,51.7498,75.5562,28.5962,12.5179,14359,35.5539
2008-05-01,3.9587,37.8329,41.3896,123.97,52.1678,73.2516,29.5786,12.8088,14.3456,36.8589
2008-05-02,3.8564,38178,40.9521,125.18,51.8821,73.7218,29.8562,12.6472,14.7196,36.6795
2008-05-05,3.7871,37.6919,41.0782,123.19,50.6706,76.7615,29.1657,12.9058,14.7997,36.6878
2008-05-06,3.7766,37794,41.4934,124.64,50733,76.3178,28.8667,13.6169,15.0268,36.6959
2008-05-07,3.6504,37.2691,40.1884,121.93,50601,77.5165,28.3897,12.7199,13.4507,36.1085
2008-05-08,3631,37.4003,40.1388,123.94,50.8794,78.6357,28.8026,12.2754,13.2859,35.7336
2008-05-09,3612,37.0941,39.5042,123.36,51.1856,79.5165,28.2758,11.9845,13237,35.5131
2008-05-12,3.7178,37.7503,40.2583,125195,52.2514,80.2052,28.9877,12.2431,13.4329,38.6942
2008-05-13,3.7193,37.5121,38.6381,124.12,52.4112,77.3046,28.4111,12.0653,13.3215,37.5442
2008-05-14,3.7013,37.7794,38.2648,120.6,52.5578,76.4171,28.2047,12.4128,13.6377,38.3678
2008-05-15,3.7971,37.8426,39.3474,120.27,52.9828,77.8166,28.7314,12.8229,14.0829,38.8981
2008-05-16,3814,38.2314,38.5634,116.6,53.0593,82.5586,28226,12.5793,14.0473,38.7105
2008-05-19,4.1048,38421,38.6082,117.65,52.0492,81.3317,28.4752,12.1895,14.1274,38.9389
2008-05-20,4.0265,37.6822,37.1523,118.23,51.2204,81.1393,27.9199,11.6291,13.6956,38.4496
2008-05-21,3.9058,37237,35.8233,117.39,49.7232,78.5527,26.9165,10.9064,13.4061,38.3516
2008-05-22,3.9537,37.4914,36.5251,115.04,49.8486,78.2278,27.2905,10882,13.8024,39.3058
2008-05-23,3.9083,37.0854,35.4425,115.25,49.4171,77611,26.6001,10.5897,13.5353,39.0694
2008-05-27,4.0215,37.2615,36.2787,107.94,50.5942,77.6441,27.3839,10.5978,14.0339,39.6485
2008-05-28,3.9946,37.6186,36.2265,105.43,51226,78.1946,27.9233,10.4922,14.3411,39.5752
2008-05-29,4.0081,38.0393,36.2713,99.88,51.7078,78493,28.0599,10.2567,14.9111,40.0887
2008-05-30,4.0714,37.9415,35.9278,99.7,50681,79.1695,28.8078,10.3217,15708,40.0887
2008-06-02,4.0021,37.3006,34.7631,100.36,49.5502,79.6869,28.2469,10.1836,15.3696,39.1998
2008-06-03,3.9961,37.2909,35002,103.04,47.9026,80.6286,27.4918,10.6952,15.5255,39.6321
2008-06-04,4.0654,37.3545,35226,104.13,47.7006,79846,27.7435,10273,15.8104,39.2326
2008-06-05,4.2156,37.9121,37.0478,106.1,49.0405,81.2388,28.2972,10.2567,16.3759,39.8442
2008-06-06,4022,36.6207,34.4569,104.46,47.0302,78.44,26.7727,9.4527,15481,39.9013
2008-06-09,3.9622,37.0903,33.1802,99.46,47.2187,81.0133,26.5713,9.5258,15.7481,38.9715
2008-06-10,3.9717,37.1783,32.9114,94.77,47.9869,80.8674,26.9453,9.8831,15.3652,38.9143
2008-06-11,3.8549,36.8212,31.7467,88.68,46.5973,81.1791,26.0392,9.0873,15.2049,38.6288
2008-06-12,3.7986,36.9582,32.5232,87.7,46.2345,79.4348,26.3556,9.2741,15.3919,38.0987
2008-06-13,3.9492,37237,33.3146,94.33,48.3703,78.1614,26.6001,9.6639,15.9173,38.9879
2008-06-16,4.0754,36787,34.0762,95.79,48.95,80.7878,26.0464,9.8913,15944,38.8492
2008-06-17,4.1388,36.6745,32.7546,96.49,48538,81.4046,25.5358,9.7532,15.9084,38.8572
2008-06-18,4.1163,36.3467,31.6272,100.71,47.4073,79.4945,25.1475,9.8669,15.9084,38.9472
2008-06-19,4.2031,36.2587,31.2688,102.31,48.0562,80.3037,26.4922,10.1999,16.3447,39.4936
2008-06-20,4.0455,35.7206,30.5371,101.93,47.1279,81.0266,25.5071,9.9075,15.57,38.9715
2008-06-23,4.0245,35.6912,29.5068,99.98,46.5694,73.4194,24.7376,9.5502,15.6368,39053
2008-06-24,3.9727,35.4319,30.5969,96.94,45.7249,72776,24.7951,10.2486,15294,38.5637
2008-06-25,4.0161,35.5004,30.7089,90.1,46.5414,71297,25.5502,10.1593,15334,39.2733
2008-06-26,3806,34.3704,28.8572,87.59,44.9078,70.1762,24.0688,9.5827,14.4747,38.3435
2008-06-27,3.7242,34.0035,28.6034,90.15,44.7475,69.9838,23.6805,9404,14.6439,38213
2008-06-30,3.6579,34.0426,28.3794,86.67,43.7564,71423,23.7021,8.8112,14.4747,38.2049
2008-07-01,3.6724,34.1356,29.9697,84.96,43.9026,69.6655,23.2275,9.0629,14.2209,38.4984
2008-07-02,3.5636,33.4996,29.0364,86.08,42.8697,66.7871,23.1771,8.6082,13.9671,38.6371
2008-07-03,3.5916,33.9791,28.7004,90.91,42.3949,64.4193,22.9326,8.5676,14.1586,39.0858
2008-07-07,3616,34.1698,27.8717,91.5,42.3741,65.7392,23.2634,8194,13.9493,39.1102
2008-07-08,3.7432,34.7471,30.6566,90.56,42.3741,66.7406,24.6369,8933,13.9582,39665
2008-07-09,3.5222,33.5779,29.4172,85.7,39.9165,66.8202,23.2994,8.2021,13.3928,39.0368
2008-07-10,3.5232,33.7149,30.1265,83.91,37.7174,66.6743,22.2063,8.0559,13.4685,38.8737
2008-07-11,3419,33.6171,28.79,79.21,36.7266,63.7495,21782,7.8123,12.5379,37.8298
2008-07-14,3.3062,33.7638,26.6547,73.52,38.0317,64.3,21.5519,7.7717,12529,36.2065
2008-07-15,3.3436,33.1132,25.1987,66.85,37.9833,64.6316,21.7533,7.8204,12.3376,36.1004
2008-07-16,3.5836,33.5779,27.8343,70.24,40489,66.4356,23.8818,8.9898,12.6003,36.9566
2008-07-17,3597,33.9742,31.9557,71.72,42.1851,66.9263,26183,9.2903,12.7873,37.8375
2008-07-18,3.4479,33.7247,32008,72.27,41.3967,65.5203,26.3484,9.0386,12.5068,37.6746
2008-07-21,3416,33.6219,31.4182,64.75,41.1942,65.5734,25.4711,9.0305,12.4667,37487
2008-07-22,3.3905,34.39,31.5078,65.03,42.1851,65.6861,28.5705,9.6558,12.3732,38.7838
2008-07-23,3.5187,34.6346,32.2917,63.21,44.0425,65.8718,28.6927,10.1755,12.7249,39.8361
2008-07-24,3.9268,34.7569,29.6188,57.9,42.1505,64.3796,27.0603,8.7706,11.8434,38.0334
2008-07-25,3.9063,34.7079,29.3201,57.78,38.9951,66.86,27.2617,8.7706,12.0526,38.2049
2008-07-28,3.7901,34.0622,27685,60.87,38.0317,66.0111,25.9817,8.5107,11.9146,37.4545
2008-07-29,3.9013,34.4829,30.6043,64.73,38.9186,64.5984,27.4774,9.0467,12.3865,38.4657
2008-07-30,3.9013,34.8792,31.6048,59.74,38974,67.5829,26974,8.8843,12.5557,39257
2008-07-31,3808,34434,31.2539,59.78,38.5487,65.6065,26.5642,9.0305,12.4979,38.6371
2008-08-01,3.7786,34.3166,30.9926,55.91,38.5625,65.1157,26.2909,9.1198,13.0722,38262
2008-08-04,3.7766,34.1209,30.2758,57.08,37.8709,62.0317,26.8662,9.1117,12.8496,38.0334
2008-08-05,3.9462,35.1629,33.77,56.85,39.4838,60.6854,28.8941,9.0873,13.2013,38.9797
2008-08-06,3.8953,35.1286,33.6058,56.23,38.9044,61.9322,28.6064,9.2903,13.4863,37.3157
2008-08-07,3.8385,34.8205,31.6209,52.96,34.7648,61.7532,27.0603,9.0711,13.2058,37.1527
2008-08-08,4.0161,35.9456,32.6674,55.91,35.1696,61.7333,28.6927,9.7776,13.6956,37.9441
2008-08-11,4.3942,36.3859,34.6324,51.07,37.7735,60.2543,29.3543,9.9156,13.9315,37332
2008-08-12,4.3523,36.0043,32.4942,52.31,36.5938,62.6817,28.1822,9266,13749,37.8215
2008-08-13,4.3243,35.6912,30.7099,53.77,35.7837,64.9279,27.1035,8.9736,13513,38.9061
2008-08-14,4.3912,35.7303,31.4553,57.95,36.6985,62582,28.2469,9.4846,13.8291,39983
2008-08-15,4.3099,35.9505,33089,43.27,36.7123,59.9902,28.3835,9.5909,13.7,39.5345
2008-08-18,4.1457,35.4417,31.4628,46.11,35.9306,59.5317,27.4774,8.9859,13.5175,38833
2008-08-19,4055,34.8841,30.3786,52.9,35.0789,61.2529,26.4779,8.7488,13.2414,37.9683
2008-08-20,4.0969,34.8249,31.0864,53.99,35.2464,61.6051,25.9942,8.7733,13.3215,38.0744
2008-08-21,4.1532,34.9333,31.0337,49.77,35.4488,61.2994,26176,9.3211,13.3171,38.5556
2008-08-22,4253,35.6082,31.8844,46.78,35.9514,60.7611,27.0846,9.2802,13.4952,39102
2008-08-25,4.1328,34.8446,31.3724,47.23,35.3862,59.3655,26.4304,8.9859,12863,38.58
2008-08-26,4.0784,34.8397,31.4929,48.18,35.4488,59.9503,26.1687,8.9532,12.9297,38.4414
2008-08-27,4.0769,34.8397,32.0651,49.59,36.0757,60.5817,26.3359,9.5337,13.2503,38.6942
2008-08-28,4.1612,35.7166,33.2321,47.74,36.7063,60.2627,27.4626,9967,13.2236,39.2896
2008-08-29,4031,35.2732,33.2321,47.55,36.7415,59.3855,26.9392,10.1878,13.0544,38.3598
2008-09-02,4.0609,35.0368,33.8193,44.98,38.7652,56.4946,28.4439,10523,13.0099,37.4461
2008-09-03,4029,34.8939,34.3764,45.13,38.3243,55.6174,28.3858,10.5476,13.1524,37.1118
2008-09-04,3.8923,34.3569,32.6222,46.09,35.7184,53.4044,27.5498,9.8526,12.5023,36.1495
2008-09-05,3.9502,34086,33.6612,44.65,34.0513,54.8199,28.3422,10.2859,12.3554,36.0678
2008-09-08,4.0485,35.0663,36.6878,45.01,35.3124,53.1319,29.5924,11.5369,12.8897,37.0793
2008-09-09,3.9427,34.2141,34256,44.06,34.4996,47.4432,29.0909,10.4903,12.4088,35.9864
2008-09-10,3828,33.8347,34.3162,45.61,34.8291,48.5464,28.7856,10.8092,12.3865,36.3287
2008-09-11,3.9662,34.4555,34.8884,45.44,35.2002,47.7423,29.2581,11.1853,12.0526,36.5817
2008-09-12,3.9058,34.5589,34.5872,43.53,33.9673,50.4138,29.8759,11.3652,11968,36.7937
2008-09-15,3.8579,33.9333,33.6537,40.8,33.1407,47.3037,29.8178,10.2614,11082,35.7252
2008-09-16,3.9273,34352,36.9212,41.58,33.9045,48.0214,29.7814,10.4903,11.5228,35.6029
2008-09-17,3.5686,33.9185,34.8884,40.32,30.6539,47.5097,28.2985,9967,10895,33572
2008-09-18,3816,34.7313,40.6554,44.56,30.9338,46.3666,28.5166,11.1117,10.7392,34.7628
2008-09-19,4.0405,35.8053,42.1988,43.81,30.8922,48.48,28.9019,12.2973,11.83,35505
2008-09-22,3.7377,34.8299,40.9942,47.86,29.0359,48.4733,27.1791,10.2614,11.2645,34.0369
2008-09-23,3.5796,33.9924,40.4446,47.55,29.0709,48.3205,27.0555,10.1551,11.0375,33.6454
2008-09-24,3.4898,33.7805,39.5186,47.77,27.6486,49.4103,26.8084,10.7765,10.6946,33.9066
2008-09-25,3.5955,34352,37.4934,47.75,27.6698,48.7657,26.3577,11.3816,11.0108,34.4038
2008-09-26,3.5267,34.2141,41.0695,46.11,27.2146,46.4331,25.8052,11.2916,11.0108,34.4285
2008-09-29,3.1601,32.6721,33.1267,47.99,25036,39.9403,24.1552,9.8935,9.3767,32267
2008-09-30,3.6295,33.6524,38.3968,45.17,27.6348,41.9872,25.6962,10.6457,10.1648,32.7807
2008-10-01,3.4708,33.1992,38713,45.67,27.0884,41.8675,26.1469,10.8583,9.8442,32.6423
2008-10-02,3.3601,32.3174,35.2197,44.36,26.0936,33.3345,25.2092,9.8771,9.1363,31.5328
2008-10-03,3.3421,31.8247,33.8042,42.57,25.26,33.4342,23799,9.0513,8.5753,30.1054
2008-10-06,3.2538,31.0365,31.3875,33.45,24.5876,31.1548,22.4978,8.6506,8.1123,28.3843
2008-10-07,2.9191,29.5438,28.2781,31.45,23.4668,29.1212,21.5092,8.0047,7.5023,27.1284
2008-10-08,3.0438,28.2629,26.9455,31.91,22.7733,28.7623,21.5092,7.9638,7.3999,26.5409
2008-10-09,2.7934,26.3564,25.1537,30.5,19397,28.4899,20.2953,6.6474,7.1906,25.0238
2008-10-10,2.8059,26.7308,26.7573,32.88,19.1025,26.0509,20368,6.9745,7.7293,24.1348
2008-10-13,3.0937,29.3714,29.9194,31.8,20903,30.4304,22.5124,7.0235,9.1808,26.4839
2008-10-14,2.7864,29.2482,33.4805,34.15,19.9359,30.3041,22.0617,6.7128,8.9003,27373
2008-10-15,2.4303,26.9377,28.4287,34.7,19.3548,26.0841,20.2226,5.9851,7.9742,25.5787
2008-10-16,2.5086,28.2137,29.1364,32.94,20511,25.4927,21313,6.0342,8.0989,26.5329
2008-10-17,2.5266,27.8294,30.0549,32.12,21015,28.2174,21.5092,5.5354,8.2993,25.7825
2008-10-20,2.6423,28.3319,30.3259,32.86,20.7487,29.5797,21.8581,5887,8.9315,26.9326
2008-10-21,2.5056,29.5783,29.2719,33.76,20.6716,27.2272,21.7491,5.5436,8513,26174
2008-10-22,2.4936,28.6669,27.4048,35.79,19.2429,23.4259,20.4697,5.3065,7.9876,22.4792
2008-10-23,2.5101,30.3173,26.8853,34.7,18.3041,25.2468,19.8519,4.1945,7.8629,22.6748
2008-10-24,2.4423,29.3664,26.5766,35.48,17.5197,23.0072,19.2776,4.1454,7.4132,22.52
2008-10-27,2.4732,29.7409,25899,35.27,17085,20.6015,18.2018,3.8429,7155,22.1447
2008-10-28,2.7954,31.6819,30.1076,36.84,19.5089,19.9303,20.1644,4.1945,8.1123,24.5998
2008-10-29,2.8378,30.5439,28.3459,38.77,19.4177,22.4822,20.6224,4.8977,7992,22.8219
2008-10-30,2.8288,30.8148,28.6997,41.8,18.9558,23.8446,20.8695,5.2983,8.4818,23.3356
2008-10-31,2.8553,31.6769,29.4526,41.59,20.2864,25.5259,18.4635,6.0342,8.5486,24.5998
2008-11-03,2782,31.5833,29829,39.92,18.9138,27.7256,17.4967,5.4618,8.8781,25.8558
2008-11-04,2.9156,32.3223,32.2383,40.0,18.6403,30.1114,18.1364,5.6172,9.35,26.8997
2008-11-05,2.5929,31.7853,28.7825,42.99,18.7595,29.3472,17.0533,5.5681,8.9805,25.3339
2008-11-06,2.3555,30.7212,26.4587,38.7,18.5986,27.2471,15.9048,5.9851,8.2903,24.2899
2008-11-07,2.4547,31938,26.2763,38.45,17.5828,29387,16.0138,5.6254,8.6465,25.0566
2008-11-10,2.4173,31.9972,24.7556,37.87,17.0013,29387,15156,5.1021,8.4061,24.8769
2008-11-11,2.3096,30.7311,24.3679,38.08,16.2867,28.9085,15.2069,5.1757,8.0544,24.0043
2008-11-12,2.0731,29.2827,22.8397,38.61,14.6826,26.4696,13.9857,4.5624,7431,22.8135
2008-11-13,2.2412,31741,25516,40.94,15.7198,27.0345,14.5818,4.9631,8.0232,24.9424
2008-11-14,2.0826,31.0661,23714,45.54,12.4621,25.8393,13.7895,4.7341,7.5112,23.2702
2008-11-17,1.9798,29.9527,22.7104,43.8,10.7873,25.9729,13.4769,4.7178,7.5334,22.7076
2008-11-18,1.9175,30.6276,22239,42.28,11.1939,26.3868,13.6659,4.5461,7.4177,22.7971
2008-11-19,1.7878,29.1874,20.1482,42.68,10.1922,24.6442,12.2289,3.9083,6.9813,21378
2008-11-20,1.7474,28204,19.1522,44.74,9.9121,21.8733,11.1523,3.6957,6.5361,19.9099
2008-11-21,1.8891,30.4439,20.3991,45.16,10.2554,23.7027,11.7092,3.5486,6.9368,21.2068
2008-11-24,2.12,31.4173,24.1398,46495,12.2238,25.5656,13.1793,4.0882,7.8318,21.6879
2008-11-25,2.1045,31606,25.6224,46.59,12.6449,25185,13.2461,5.6417,7.8941,21.9816
2008-11-26,2.1928,32.7334,26.3219,45.81,13607,26.9076,14.4564,6.1487,8.3749,22.0305
2008-11-28,2.13,33.2399,26.1622,49025,13.6778,28.3498,15.5924,5.6172,8.5486,22724
2008-12-01,2.0188,30.9653,20.6272,43.91,11654,25.4988,14.5455,4.9222,7.8095,20.7826
2008-12-02,2.0547,30.2253,22.2694,41.72,11902,25.3185,14.9168,5.4291,8.0277,22.5607
2008-12-03,2.2552,30.1508,24.0181,39.21,11.7319,25.0448,15.7335,5.9524,8.3571,23.2622
2008-12-04,2.3604,29.3711,23562,39.11,12.6449,24.8979,15.6518,6.4271,7.0748,22.4629
2008-12-05,2.4073,29.7237,24.8773,39.71,13.6354,25.9795,15.9488,6.7147,7.9208,23515
2008-12-08,2.5645,28497,26.1014,42.59,14.4632,27602,16283,6.9859,8.2458,24.6569
2008-12-09,2.5565,27.8862,24.9989,42.38,14.0812,27.9759,16.2607,6386,8.1078,24396
2008-12-10,2.4792,28.5666,24.3907,40.45,15.0151,29772,16.8844,6.8544,8.3883,24.8935
2008-12-11,2.4068,27.3846,21.1746,37.2,14.2935,28.5768,16.2087,6.1969,8.0098,24.7794
2008-12-12,2.5565,27.8315,21.3799,35.58,14.9088,28283,16127,6.3942,8.0722,25.5541
2008-12-15,2.4368,27.6279,19.8517,36.13,14.4207,27.9959,15.4514,5.7696,7.7338,25.3748
2008-12-16,2.6253,28.9639,22.3987,36.4,15.4609,31.8151,16.9809,6.4024,7667,26.4188
2008-12-17,2.6528,29093,22.4063,32.3,16.0766,31.8818,17.4264,6.9037,7.8095,26.7286
2008-12-18,2.5979,28.1643,22.6268,30.42,15.8999,30.8603,17.9981,6.3038,7.6225,27.5281
2008-12-19,2.5719,28.1196,23.5468,30.02,16.1614,30.5064,17.9684,6.1147,8.0143,27.0386
2008-12-22,2.4862,27.9954,22.7636,28.08,15.2631,29.5717,17174,5.7942,7.7115,26.7041
2008-12-23,2548,27.5336,22049,27.63,14.6613,30.6266,17174,5.6216,7.7338,25.7088
2008-12-24,2566,27.5634,22.3531,25.8,15.5386,30.6066,17.2259,5.5477,7.7605,25.9538
2008-12-26,2.5829,27.6826,22.4139,26.15,15751,32.0955,17.3299,5.4079,7.8451,26.4678
2008-12-29,2.4642,27.4988,22.2846,27.49,15.2911,33.1371,17.1071,5.3586,7716,27.1854
2008-12-30,2532,28.3927,23.4631,25.83,15.7155,33.4375,17.9462,5.7449,7.8763,27.6505
2008-12-31,2558,28.5765,24.2462,27.32,16.3242,34.5659,18.0575,5.8107,8041,28.6616
2009-01-02,2.7116,29396,25.3259,27.1,17.2373,35.5007,18.9708,6.0326,8513,30.2606
2009-01-05,2.6967,29.0533,25.1206,27.84,17.3929,36.5489,18.6218,6575,8.4729,30.6357
2009-01-06,2.8613,29396,25.9569,29.08,17.3644,37.21,18.7258,6575,8.6554,32.2427
2009-01-07,2.8034,28.8397,24.0866,28.67,16.7982,36382,17.9758,6.2216,8.8157,30.9048
2009-01-08,2.8513,29093,23.5163,27.46,16211,34.5659,17.9165,6.6983,9.1897,30.0076
2009-01-09,2769,28.6758,22.2999,26.33,15.2347,34.3322,17.5304,6.4764,8.9404,29657
2009-01-12,2.5899,28.3481,20.6348,26.95,15.0151,32.2557,16.6988,5.9422,8.7757,29.4121
2009-01-13,2.5665,27.9358,21243,26.11,14.7035,32.1623,16.8547,5.9175,9.3856,30.4398
2009-01-14,2.4188,27.3349,19.4487,26.42,13784,27.7823,16127,5.3997,8.7668,29.1186
2009-01-15,2566,27.3995,19.3651,26.11,14.3925,27.7823,15.5553,5.4244,8.9538,29.9015
2009-01-16,2.5734,28.0203,18.3234,25.07,15178,29.2645,15.6741,5.5723,9.0651,30.1626
2009-01-20,2.4163,26.7787,17.4263,25.12,14.0107,28.1094,14.1891,4.9888,8.5041,28.7025
2009-01-21,2.5211,26.9376,17.4567,25.05,14.4709,29.7119,14.7608,5.1942,8.6198,29.9015
2009-01-22,2.4911,26.8482,16.6812,24.53,14357,29.9055,14.4341,4.9806,8.2191,29926
2009-01-23,2.5256,26.2721,14.6892,22.6,14.1379,30.9004,14.3896,5.2436,8.4328,29.3226
2009-01-26,2.4757,26.5999,14.1189,21.73,14.2793,30.0123,14.1371,5.3257,8.6465,29926
2009-01-27,2.4163,26.8134,13.6095,20.98,13.4095,30.3128,14.5381,5.26,8.4863,30.8313
2009-01-28,2.5121,27.5236,15.4343,20.19,14.1661,31.0673,14.8277,5.7613,9.0339,31.3696
2009-01-29,2.4941,28.0848,12.8264,21.38,13.4302,30.3996,13.8104,5.0627,8.7044,30.0322
2009-01-30,2.9341,26.7141,12.0433,22.5,12.6306,28.6703,13506,4.8984,8.3393,30.0483
2009-02-02,3.0503,25.1398,12796,22.0,13.0834,28.2363,13.3724,5.0217,8326,30.7007
2009-02-03,3172,25.6463,11397,20.83,13133,28.0627,14.0258,6.0983,8.7044,31.3779
2009-02-04,3.0458,25249,11.0473,20.82,12.8499,28.4366,13.7213,6.1805,8.5753,30.9946
2009-02-05,3.1516,25.6016,10804,22.96,14.1379,32.7632,14.3525,6.6325,8.7534,31.6389
2009-02-06,3.3197,26.0188,11.3221,21.35,14.8313,33.3507,15.3697,7.5119,8.9805,32.9602
2009-02-09,3.3277,26873,11.6735,21.4,14.8384,34.6327,15.9266,7.4215,9.0606,32.8462
2009-02-10,3.1581,25.3682,10.0338,20.65,14.3642,33324,15.7484,6.7147,8.5976,31.6634
2009-02-11,3.2101,25.4725,10.5491,19.25,14.1306,33.5988,16.0676,7.0099,8.8291,32.8623
2009-02-12,3.1905,24817,9.5887,18.64,14.6475,34.1551,15.7409,6.9934,9.2432,32.3892
2009-02-13,3.1556,24.5438,9.4559,18.3,16.1191,34698,15.4959,7.3979,9.4257,32.2832
2009-02-17,3.0763,23.5505,7.9099,18.31,16.1829,32198,14.8648,7.3649,8.7935,30.9618
2009-02-18,3.1102,23666,8.5502,18.35,15.8361,32.7007,14642,6.9686,8.8736,30.8967
2009-02-19,3.0902,23.6309,7.0588,18.4,16.0554,32.2383,14397,6.2255,8.7712,30.0566
2009-02-20,3.1855,23.7212,7.8162,18.42,16.0059,32.1913,14.4044,6.2916,8.6376,29.8853
2009-02-23,3.0783,22.7975,7.1291,18.21,15.2418,31.6082,13.7882,6.6136,8.2814,28.6943
2009-02-24,3.2723,23.7965,8.8313,18.07,16.0554,32.4125,15.0356,7.3484,8464,29.3061
2009-02-25,3178,23.3999,9.5809,16.94,16.1514,32.2517,14694,7.3567,8.4595,28.5639
2009-02-26,3.1097,23.2594,10.1353,17.67,15.6455,31.0855,14.8425,6.9934,8.2547,28.0989
2009-02-27,3.2319,22.8226,9.4091,16.54,15.6809,31.4206,14.5232,6.9769,8.1924,28.3355
2009-03-02,3.0922,21.5072,7.8865,16.92,14.7966,28.5386,13.5209,6.6466,7.7383,27.8869
2009-03-03,3.0778,21.6478,7.9645,16.09,14.5971,29.8187,13.4392,6.0439,8.0054,27.8624
2009-03-04,3.2329,22.5013,8.1598,16.14,14.9249,31.5077,14.4935,6.3576,8.3972,29.5509
2009-03-05,3.2309,21.3416,7.0197,16.16,13.0069,31.3536,13.4392,5.7879,8.2058,27.8787
2009-03-06,3.0773,21.0002,6.4888,15.23,12.4721,32.0908,12.8452,5.7219,8.1434,26.7857
2009-03-09,3.0174,21.1207,6.8167,13.98,12.2009,32.2249,12.6076,5.6888,8041,26.1659
2009-03-10,3.2778,22.8376,7.8474,14.92,13.3632,34.4098,14.2411,6.5227,8.5085,26.6064
2009-03-11,3419,23.4953,8.4487,13661,13.9194,33.6592,14.6049,6.6136,8.7489,27.1445
2009-03-12,3.4708,24.0978,10393,13.83,14.6328,34.5104,15.3994,6.9438,9261,28.6048
2009-03-13,3.4234,24.0978,9.8073,13.6,15.2818,35.0197,15.2509,7.0099,9.3367,28.8657
2009-03-16,3.3411,23.8317,9.8151,14.26,15.1747,36.8964,15.2212,6.6301,9.2565,28.0418
2009-03-17,3.5591,24.4793,10.4398,14.22,15.6025,37.4259,16.0231,6.9521,9.6929,28.7923
2009-03-18,3.5541,24.7002,11.1113,14.33,16.6366,37.3924,16.3869,7.4888,9.7151,29.4855
2009-03-19,3.4968,23.8317,9.6043,14.23,16.4014,38.4513,16.6245,7.3236,9.6127,28.8901
2009-03-20,3.4898,23.0585,8.8547,13.4,15.7809,37.8414,15.8152,6.9108,9.1408,28.4579
2009-03-23,3.7701,24.7604,10635,12.56,16615,39517,17.3076,8.1658,9.5726,30497
2009-03-24,3632,24.2484,10393,11.77,16.9577,39.4433,16.9512,7.8521,9.0651,29.7466
2009-03-25,3.6115,24.6098,11.2909,12.28,16615,39336,16.8621,8.3062,9.2476,29.9504
2009-03-26,3.6759,25.6189,11.5642,12645,18.3765,39765,17.1814,9.0245,9.7018,30.8313
2009-03-27,3.5177,25.2675,11.1113,13.31,17.7848,39.6108,16.4612,8.9254,8.9582,29.7057
2009-03-30,3.5636,24.4241,8.8625,12.84,17164,36.9299,15533,8.3144,8.9404,29.9179
2009-03-31,3.6634,24.9613,9.5575,12.8,16.9715,37.9688,16.0379,8.0089,9.2565,30.0483
2009-04-01,3.6664,25.4282,10.1275,12.33,17307,38.8334,17.1071,8364,9.4613,30652
2009-04-02,3808,26.1712,10.2602,14.95,18.7758,39.0076,17961,9074,9.8709,32.0058
2009-04-03,3.8993,26.1611,10.7912,13.84,19.2109,39.5572,18.9485,9.5199,10.1336,32.7482
2009-04-06,3.8903,26.1461,10.0103,13.45,18.5477,38.9473,18.3768,9.0906,10285,32.4381
2009-04-07,3.7666,25.5035,10.0025,13.95,17.5639,37.3924,17.4487,8.4218,9.9244,31.6716
2009-04-08,3.84,25.7946,10.7834,14.47,18298,37446,17.8125,8.0833,10.0847,31.0109
2009-04-09,3.9791,26.6732,13.6334,15.23,17.6563,38.2838,19.0079,8.7851,10.5165,31.8754
2009-04-13,3.9377,26.7837,14.9999,14.93,17.1284,38.3508,19.4534,8.8511,10472,31.3372
2009-04-14,3.8519,26.5778,13.3289,14.54,16.1944,37.5398,18.7703,8.5126,10285,30.7662
2009-04-15,3.7267,26.9744,13.5241,15.88,16.3588,37.4795,19.1713,9.2144,10009,30.3748
2009-04-16,3.8534,27.4915,13.9458,15.2,16.6863,38.6256,20.3518,9.5777,10.4052,30.6357
2009-04-17,3.8933,27.0146,13938,14885,17.0143,38.4245,20233,10.1887,10.4097,30.9782
2009-04-20,3.8694,26.0908,10.4476,15.35,16.4295,36.2396,18748,9.1649,10.0312,30.0402
2009-04-21,3.9278,26.7535,11.7516,14.75,16.7011,36.0988,18.9856,9.8089,10.0847,30.3094
2009-04-22,3.9507,26.6381,11.2284,15.06,17143,36.5278,19743,9.9245,10.2182,30.0566
2009-04-23,4021,27.2154,13.2196,15.28,17.0075,31.8093,20582,9.9162,10.1114,30.0483
2009-04-24,4.2131,28.6161,14.8515,15.67,18.0841,32.2249,21.1092,10.7254,10.2449,30.2359
2009-04-27,4.1462,28.7918,13.0712,15.43,17.8843,31.32,18258,10.6098,10.2316,30.1299
2009-04-28,4.1103,28.3902,12634,15.01,18.3906,31.2195,18.9708,10585,10.4097,30.3748
2009-04-29,3.9801,28.8771,13649,14.55,19.0896,31.7825,19.6984,10.7171,10.8772,31.4105
2009-04-30,4.0166,28.9173,13.0712,14.18,19.2966,32.1779,19.9583,10.7749,11.0375,30.1464
2009-05-01,3.9387,29.0579,13.5397,14.65,18.4836,32.7342,19.4089,10.2052,11.1176,30.2606
2009-05-04,3.9791,29.3591,15.8588,14.01,18.9042,33887,21.9556,11.1382,11.5317,30.8885
2009-05-05,4.0854,29334,15.2029,14.17,18.6263,33.1096,21.77,10197,11.9858,30.8231
2009-05-06,4.0899,29.6904,17483,14.98,18.5405,33.9876,21.8814,8.9089,11.7053,31.1659
2009-05-07,3.9547,29.5047,20.6992,14.46,18.9541,34.6779,20.8864,8.0833,11.2645,30.6601
2009-05-08,3.8884,30.1674,24526,14.47,18.9182,37.1042,20.6934,8.2566,11.2156,30.5705
2009-05-11,3.9213,29.6754,21.2079,15.13,18.1338,36.5345,20.2405,8.1163,11.3536,30.6031
2009-05-12,3.8874,29.8862,19.9479,14.79,18.2624,37.9956,19.9435,7.8273,11.3759,30.5052
2009-05-13,3.7008,28586,18.7506,14.22,18.1912,37.1243,18.7703,7.4475,10.9573,29.4855
2009-05-14,3.7467,29088,19.2358,14065,19.4324,37.7074,18.9782,7.5631,11.1087,29.7466
2009-05-15,3.6714,29078,19.2045,14.18,18.6118,37.4047,18.5624,7.4532,11.4694,29.5998
2009-05-18,3.7886,29.7356,20394,14.0,18.5905,38.8237,19.6687,8.1082,11.7499,30.3501
2009-05-19,3.8844,29.6202,19.4862,14.5,18933,39.4828,19.7059,8.2574,11.4159,30.2767
2009-05-20,3.8894,29.4733,18.0854,14.21,19.0396,40.6126,18.5995,8.0004,11.3491,30.3012
2009-05-21,3.7891,28.6377,17.9445,15.54,18.5048,39.9132,18.3248,7.5859,11.0865,32.5851
2009-05-22,3.7731,28.3946,17.1541,14.8,18.8829,41.9374,18.5253,7.4698,11.0464,32.4301
2009-05-26,3.9103,29.3264,17.7176,17.93,19817,41.5137,19.2381,7.8512,11.4694,34.3551
2009-05-27,3846,28.3794,17.4437,17.06,20538,41.0699,18.4139,7.6439,11.4783,34.1348
2009-05-28,3.8734,28.6377,18.2106,19.06,20.1365,41164,18.1095,7.2045,11.3358,34.0857
2009-05-29,3.8903,28.9162,19.1262,20.68,21.6076,42.5494,18.8891,7.6356,11.2156,34.6322
2009-06-01,4.1428,30.0253,19.4393,21.41,23.1362,44.0625,19.8098,7.6688,11.8345,36.0107
2009-06-02,4.2365,30.3646,19134,21.7,23.1504,45.6564,19.8989,7.9838,11.8745,35.7579
2009-06-03,4.2739,30.1316,18.7115,21.43,22.7484,43.1143,19.4831,7.5942,11545,35342
2009-06-04,4266,30.3089,19.5645,20.49,20.0575,43.9751,19.2975,7.8014,11.9369,35.6599
2009-06-05,4.3677,30.8609,18868,20035,19598,43.2017,18.9782,7.6356,12.1239,35.8314
2009-06-08,4.3079,30.7343,18.3436,21.1,19.8922,42.4754,18.5624,8.0087,12.0615,35.7497
2009-06-09,4.3438,30557,18821,21.49,20014,43.9886,18.5847,8.0336,12.2352,35.6354
2009-06-10,4.3193,30.6178,18.9619,21.26,19.5838,44.5871,17.7086,7.9755,11.83,35.9047
2009-06-11,4.2744,30.6786,19.2436,22.46,19.0885,44.8359,17.6195,7.9507,11.8389,36.4103
2009-06-12,4.1941,30.8913,18.7349,24.14,19792,44.6543,17.9462,7.9341,11928,36.6959
2009-06-15,4.1492,30.0354,18.3123,23.93,19.4113,42.8655,17.1962,7.7849,11.4916,36.1004
2009-06-16,4.0979,29.5796,18.1167,24.61,18.5144,41.7222,16.7285,7.8843,11358,35.6111
2009-06-17,4.1228,29.8987,17.5924,24.77,19.3543,40.2091,17.1146,8.0253,11456,36.2391
2009-06-18,4.0702,30.0354,17.4437,25.54,19.0097,40.7404,18.3916,7.7434,11407,36.4512
2009-06-19,4.1383,30.0658,17475,25.7,18.6652,40.9354,19.7504,7.7849,11.4605,35.7988
2009-06-22,3.9482,29.1036,16.0037,24.2,18.4214,38.9582,18.2357,7.6108,11.0865,34.8119
2009-06-23,3.8749,28896,16.5594,19672,18.0622,39.7451,18.2209,7.5859,11.0865,34.7302
2009-06-24,3.9542,29.1087,16622,19.99,18651,41.0632,18.9188,7.5693,11.4026,35.1216
2009-06-25,4.1004,29.8278,17.3419,18.92,18.7297,41.0363,19.1119,7.9341,11.6964,35.3256
2009-06-26,4.1842,30.0101,17.1698,18.65,18.7728,41.5877,18.8223,7959,11.8523,35.5867
2009-06-29,4.1418,30.3646,17.5141,20.03,18.7012,41.5877,19.3717,7.9092,12.1105,35.9699
2009-06-30,4.1732,30.4355,17.1228,20.44,18.2202,40.5184,19.1341,7.76,11.8879,36.1331
2009-07-01,4.0704,30.7596,17115,20.79,18.2487,41.4196,19.5054,7.7434,12115,36.4593
2009-07-02,3.9567,30.5114,16.2698,21.8,17.2085,40.3974,18.8223,7.5444,11.8478,35.7252
2009-07-06,3.8958,30.7241,16.4185,22.48,16.8644,39.6509,18.8891,7.2708,11.7632,35.6354
2009-07-07,3.7726,29.7569,16.0194,22605,16.7638,37.7141,18.5104,7.0387,11.4649,34.8362
2009-07-08,3.8589,29.8886,16.0976,24.61,17.2228,36.6112,18.1986,6.9641,11.3803,34.4038
2009-07-09,3.8958,29924,16.5907,23.24,16.5053,37.5258,18.7703,7.2045,11.3402,34.7956
2009-07-10,3.8724,30.2785,16.1446,23.15,16.6056,37.9898,18.3248,7047,11.7588,34.8036
2009-07-13,4.0639,30633,17.1072,23.48,17.1725,39.7989,18.6144,7.0719,12.0125,35.4398
2009-07-14,4.0879,30.7039,18.0854,22566,17.5958,40431,18.9262,7362,12.1016,35.6681
2009-07-15,4.2176,31.3977,20.2218,21.2,17.9976,42.7377,20.2405,7.7683,12.4444,36.3614
2009-07-16,4.2954,32.1067,21067,21001,18.1846,43.7465,20.2256,7.9921,12627,37.0468
2009-07-17,4.2824,31.8636,20.7383,20.5115,17.9976,43.6792,19.5574,8.2077,12.9208,37.0221
2009-07-20,4.4011,32.3295,20.9027,20.9,18.7443,44.2912,20.5523,8.3237,13.1657,37.4951
2009-07-21,4.4401,32.5118,20.5896,23.11,18.9879,44.2307,20.5152,8.1496,13001,38.0663
2009-07-22,4.4291,32.7498,20.7149,22145,19.1819,44.0087,20.6488,8.6056,13.0277,37.8705
2009-07-23,4.6825,35.1603,21.7792,21.93,19.6557,45.4143,21.1983,9.2606,13.3972,38.3842
2009-07-24,4.3144,35.1553,23.5321,22.88,20.2008,47.1157,21.1612,9.2274,13.5175,38.1967
2009-07-27,4.2021,35.4034,23.3365,21995,20.3156,47.4452,20.9681,9.4844,13.6822,38.1967
2009-07-28,4239,35.3882,23.2269,22.5502,20.1508,47.5999,21.1092,9.4513,13.4685,38.9226
2009-07-29,4.2071,34.8008,23.2504,20.07,20.3156,45.5152,20.2627,9.2606,13.4106,39.1102
2009-07-30,4.2944,35.3983,23.7982,20.26,20.9044,46.6988,20.9087,9443,13.4462,39.5424
2009-07-31,4.2779,35.7123,24.0252,20.8,20.5166,47.0552,20.7825,9.6088,13.1746,39.2896
2009-08-03,4.3617,36.5327,24.5651,21.04,21.5714,48.2926,21.5324,9.7414,13562,39.6485
2009-08-04,4.2799,36477,24.6512,21.72,21069,48.2993,21.8443,10214,14.96,39.7709
2009-08-05,4.2046,36.3757,24.6121,22.11,21.5357,48.1178,21.5027,10.4461,15.4008,39.5834
2009-08-06,4.2136,36.6644,25.1756,22.25,22.2029,48.6961,21.4656,10.3964,15.1604,39.6811
2009-08-07,4256,36.9176,26.7439,24.09,23.5452,48333,22.5348,11.2089,15.2005,40.3335
2009-08-10,4.2121,35.9098,26.5558,25.1701,23.1647,47.6403,22.1784,10.6037,15.1426,40554
2009-08-11,4.1682,36.1276,25.6779,25.14,22.7338,44.4122,21.9111,10869,15.0402,39.9421
2009-08-12,4.2879,36.6289,26.4853,23.54,23.0212,44.8359,22.6239,11.1508,15.4988,40.7414
2009-08-13,4.2201,36.7657,27.6688,23.8,23.6528,44.4055,22.5274,10.7363,15.4008,40.9698
2009-08-14,4.1692,36.1174,27.4964,23.3132,24.5783,45078,22.1635,10.2969,15.3296,40.5049
2009-08-17,4.0435,35.4895,26.6969,23.36,22.6338,42449,20.9755,9.8861,14.9111,39.5752
2009-08-18,4.0964,35.6262,27.6296,23.77,22.5833,43.3801,21.4285,10.1605,15.0847,39518
2009-08-19,4.1403,36.1108,27.0104,23.97,22.5045,43.9333,21.8146,9.9277,15.2272,40.0155
2009-08-20,4.1946,36.3353,27465,24.3,22.9923,44.2841,22.3714,10.1771,15.0891,39.8606
2009-08-21,4.24,37.0545,28.5937,24.7488,23.3584,44.7294,22.9283,10.5264,15.3429,40.5213
2009-08-24,4.2151,37.0137,28.5702,22.54,22.9851,45.3298,22.7872,10.5347,15481,40.5132
2009-08-25,4.1996,37.0749,28.5075,23325,23.7385,45.0802,23062,10.8506,15806,40.7333
2009-08-26,4.1901,36.4322,28.6016,24.7913,24.1217,45.3433,22.6536,11.4659,15.5834,40.8637
2009-08-27,4.2056,36.5393,28.7113,23.6732,24.1217,46.2743,22.3195,11.2497,15.7793,40.5864
2009-08-28,4.1283,36.6873,28.7897,24.15,24.3452,46.3822,22.5274,11.4077,15.7036,40.5132
2009-08-31,4.05,36.7791,29.2286,24.55,23.2996,45.2084,21718,11.15,15.5255,39.8442
2009-09-01,3.9487,35.7691,27.4729,25.43,22.8448,43967,21.2428,10.7342,15.3875,39.0368
2009-09-02,3.8978,36.0037,26.9164,24.4,23.1546,43.8725,21.1686,10.0857,15.3118,38.6371
2009-09-03,3.9138,36.2282,27324,23.45,22.3537,44.2773,21.7774,10.1938,15.4008,39102
2009-09-04,3.9342,36.3965,27614,23.2502,21.7695,44.6551,21.7923,10.3517,15757,39.5913
2009-09-08,4.0355,36.5699,27.7786,23.54,21.7836,45.6401,22.8986,10.7675,16.0152,39.7303
2009-09-09,4.1024,37.33,29.3697,24.15,22087,45.2219,23.6708,10.7924,16.6787,40.2604
2009-09-10,4.1827,37.9472,29.9184,23.87,22.0943,44.9385,23.9307,10.9088,16.7365,40.7823
2009-09-11,4.2171,37.7483,29.7695,24.47,22.6062,44.2706,24.2425,10.5513,16.5317,41.5082
2009-09-14,4.1832,38034,30036,24.45,22.7293,43.1574,24.0866,10.4266,16.5406,42.3075
2009-09-15,4.1677,38.0952,29.3305,25.31,22.7293,43461,24.4578,10.7841,16.5228,42.2666
2009-09-16,4.5244,38.4522,30569,26.2801,23.8114,43.3463,24.6657,11.3329,16.9992,43.1722
2009-09-17,4.5114,38.2023,29.8243,27.21,24.5476,42.7054,24.3984,10967,17.0571,42.6175
2009-09-18,4.5034,38.0646,29.3932,27.03,24.7781,42.1657,23.9529,11.0169,17.1372,42.7398
2009-09-21,4.5174,38.0238,28.4448,26.99,24.0784,42.3748,23.7599,10.8423,17.2753,42.5196
2009-09-22,4.6765,38.2431,29.1816,27.5003,24194,42.7931,24.8885,10.7259,17.5068,42.4136
2009-09-23,4.6082,37.9625,28.4527,29.6113,23.8114,42.0645,24.5915,10.3517,17.2129,42.1769
2009-09-24,4.5947,37.7993,28.0686,29.94,23.4937,41.0458,25.2078,9.9194,16.8835,41.7527
2009-09-25,4.5154,37.6463,27.5434,30.72,22.9454,41.2009,24.5098,9.6201,16.8345,41.4267
2009-09-28,4.5997,38.2635,28.7662,29.91,23.5732,41.1605,24.9627,9.7864,17.2085,43.3922
2009-09-29,4.5752,37.7177,27661,30.0324,24.0062,41.7474,24.8736,9.8695,17.2708,43.4331
2009-09-30,4657,37.6463,28.0059,31.08,23.7248,42.2399,24.7103,9487,17.2129,42.9926
2009-10-01,4.5413,37.0086,26.3677,31.9976,22.8734,41.1267,24.3019,9.1544,16.5896,41.9159
2009-10-02,4482,36.6924,26015,31.77,22.0943,41491,24094,8.7553,16.7098,41386
2009-10-05,4.4231,37.2484,28.1626,32.56,22.0798,41.3898,24.1757,8.9715,17.2486,41.7936
2009-10-06,4.5348,37.7126,28.1862,32.03,22.7726,41.5045,24.2277,9.1046,17.3643,42.2178
2009-10-07,4.6875,37.3096,28.9543,32.0001,23.5663,41.7474,24.1757,8.8884,17.6359,42.0545
2009-10-08,4.7498,38.0187,29.3697,33.03,24865,43.2519,24.6954,9.5951,17.3643,42.7888
2009-10-09,4.7743,38.1207,29.4795,32.25,25.1246,43.1844,24.2425,9.7282,17.2486,42.8295
2009-10-12,4669,38.1972,30.0281,30.92,25.7093,43.3733,24.2425,9.6201,17.4801,43.0007
2009-10-13,4.7304,38.0799,29.9341,30.26,26236,43.7106,24.2277,9803,17.5869,43.0007
2009-10-14,4.8616,39.0593,30.8433,30.63,26.6761,44021,24.74,10.1938,17.6626,44.3629
2009-10-15,4.7892,39.1613,29.8792,30.02,26.9864,44.6079,24.7771,10.3351,17.8763,43.6288
2009-10-16,4.7548,38.7787,28.4918,29.8,27.1238,44.7563,24.5544,10.1439,17.5424,43.2864
2009-10-19,4.7229,38.9318,29.2208,30.8556,27.1161,46.2203,24.7548,10.1855,17.9832,43.7676
2009-10-20,4.7379,38743,28.9229,31.99,26.7338,45.5119,24.6138,10.0524,18326,43.2782
2009-10-21,4.66,38.9369,28.7113,34.4109,26.2215,45.1341,23.8267,10.1189,18.2147,42.9926
2009-10-22,4.6615,40.1917,30.0438,33.5863,26647,43569,24.5098,10.5596,18.1969,43.3188
2009-10-23,5.9106,39.6969,32.0974,31.37,26171,42.8673,23.7822,10.3268,18.0411,42.2341
2009-10-26,6.2174,39.1868,30.9452,31.02,26077,42.2264,22713,9.9194,17.8897,41.9404
2009-10-27,6.0892,38.7685,31.0863,31.9,25.0595,41.4168,22.4457,9.8196,17.8452,41663
2009-10-28,6.0677,37.9829,29307,31.97,23768,40.0473,21.6661,9.2459,17.5914,40.9535
2009-10-29,6.1145,38.5033,30569,32.01,24.6991,40.7624,22.7798,9.4621,17.8986,41.8101
2009-10-30,5.9266,37.5289,28.6878,31.21,23.6814,38.4956,21.6215,9.1129,17.2085,41.3613
2009-11-02,5.9281,37.8911,29.9968,31.62,23.7974,38.5428,21.8888,9.0796,17.2753,41.4673
2009-11-03,5.9046,37.7789,29.3384,30.72,24.2444,39.4536,21.7626,9.3207,18.6867,41.7527
2009-11-04,5.8413,37784,29.1503,30.5315,24.3961,39.2849,22.0893,9.6201,18.6422,41.9651
2009-11-05,6.0163,38.4931,30.1457,30.08,25.3411,39.7639,22.8838,9.8362,19.0473,42.9845
2009-11-06,6.2952,38.4676,29.5661,31.58,25.2615,38.5293,22.6981,10.0025,19.1453,42.9031
2009-11-09,6.3186,39.3807,31.2222,31.15,27.1238,39.1298,23.7005,10.0857,19.6796,44.1672
2009-11-10,6.4922,39.7836,31.1515,30.3,27.0801,39.5008,23.5297,9.7198,19.5593,43.8816
2009-11-11,6.4803,39.7683,31.1123,30.21,27.1238,39.3254,23.4629,10.2769,19.6707,44.5344
2009-11-12,6.5112,39.3858,30.1155,29.7,26.5245,38.5698,23.2996,9.8612,19.6573,43.9712
2009-11-13,6.6329,39.4419,30453,27.94,29.3533,39.3119,23.9678,9.9277,19.9601,44012
2009-11-16,6.5641,39.7989,31.3085,27.91,30.1896,39.9376,24.4727,10.2353,20.2806,44.8686
2009-11-17,6.5471,40.1866,31.7873,28.18,29.7788,39.8767,24.3093,10094,20.3519,44991
2009-11-18,6.5491,39.9479,31748,28.33,29.3749,42.3889,24.3168,10.2852,20.2851,44.8522
2009-11-19,6.4344,39.6654,30.0919,28.34,28.9419,42.9373,23.6708,10.1855,19.6662,44.4202
2009-11-20,6.4678,39.3522,29.5896,29.02,28.6679,42.8696,23.8267,8.6223,19448,44314
2009-11-23,6.6344,39.9119,29.8408,31.13,28.3862,43.1202,23.9752,8.8634,19.8621,45.1298
2009-11-24,6.6314,39.8503,29.8643,31.11,28.5698,42443,23.8416,8.7969,19.8799,44.9991
2009-11-25,6.6858,40.0043,30.4216,30.4,29577,42.6732,24.5247,8.8634,20009,45.1949
2009-11-27,6.5715,39.4087,29.2286,32.36,28.9685,41.8539,23.7748,8.7636,19.3634,44.2569
2009-11-30,6.7796,39763,30.1076,33.74,28939,41.9149,23.7822,8.5475,19.5593,45.1133
2009-12-01,6.9088,40374,29.8957,32.45,29.0335,43.6619,23.8564,8.6639,20.0981,45.3173
2009-12-02,7.0958,40.2611,30.0998,34.92,28.9174,43926,24.2871,8.3785,20.2584,45456
2009-12-03,7.0419,39.6141,28.9774,34.09,26.2435,43.9463,24.2425,8.3451,19.6885,44.9665
2009-12-04,6.8629,40.1738,29.7623,36.13,26185,44.2848,24.3984,8.4286,19.7775,45.4314
2009-12-07,6.6948,40.0043,29.4091,35.13,25.8303,44.0682,24.0643,8.2616,19.7107,45.3825
2009-12-08,6.6898,39.5936,29.5111,34.41,25.1346,42.8222,23.6337,8.2199,19.6618,44.9011
2009-12-09,6.5501,40944,30.3039,33.81,25.1704,42.9712,23.2699,8.2116,19.6306,45.1705
2009-12-10,6.7531,41.4266,30.3902,32.74,25.5113,42.2467,23901,8.2533,19733,45.4476
2009-12-11,6.6918,41.9761,31.7088,31.36,25533,42.1451,24.0792,8.2283,19.4302,45.4965
2009-12-14,6.5536,42.0582,32.2189,27.04,25.9824,41.6982,25.0221,8.4035,19.5371,46.0432
2009-12-15,6.4962,42.4638,31.4655,25.84,25.6275,42.6936,25.1558,8.1865,19.1987,45725
2009-12-16,6.4029,41.9606,31.5518,25.35,25.8083,43.1811,25.1112,8.5871,19.5683,46.0105
2009-12-17,6.3306,41.3188,30.2568,24.7,25.7505,42.4837,24.7697,8.5537,19.4436,45.5702
2009-12-18,6.4089,41.5755,31.0024,25.1,25.1704,41.8878,23.9233,8.7874,19.7909,45.4314
2009-12-21,6.6239,41.8117,30.7355,25.9,25.5476,41.9013,24.0346,8.9626,20.1382,45.7902
2009-12-22,6.6718,42.0839,30.2725,26098,25.5476,41.8607,24.3019,9.3048,20383,46.3612
2009-12-23,6.9307,42202,30.0056,26.29,25.5765,41.9623,24.1534,9.2798,20.5923,46.9974
2009-12-24,6.9073,42.3868,30.5236,26.59,25.4388,42.6597,24.1163,9.2798,20.5834,47.2584
2009-12-28,6.9492,42.8489,30.2489,27.44,25.7868,42.8696,23.9455,9.1462,20.5789,47.4135
2009-12-29,6.9541,43.1981,30.2254,26.9,25.7359,43.0118,23.9975,9.1212,20.2895,47.2667
2009-12-30,6.8085,43.08,30.0213,27.26,25.6275,43.3301,23.8342,9.1713,20.2495,47.3972
2009-12-31,6.7102,42.4484,30.0919,26.61,25.2574,43.2217,23.5297,9.0711,20.1827,46.9242
2010-01-04,6.6793,42.6282,30.6492,26.93,25.4388,43777,23.8045,9.3131,20.8372,47.0953
2010-01-05,6.7187,42.3612,31.8579,27.84,25.6997,45287,24.0346,9.6469,21.0732,47.0791
2010-01-06,6597,42.9619,32.0306,29.49,26.2435,46.7564,23604,9.7304,21.0732,47.2503
2010-01-07,6.4847,42.9927,33616,29002,23.6775,48.0294,23.8639,10.2394,20.2762,46.7772
2010-01-08,6.6603,43.2957,33.3256,28.85,24.3373,48.2732,24.6657,10156,20.8639,46.6549
2010-01-11,6.5001,43.1211,32.7291,28.02,23.5401,47.5893,24.8142,10.2144,20.6947,46.3693
2010-01-12,6.3526,43157,32.8547,27.6,23.4893,46.4585,24.4133,10.1894,21.0153,45.8637
2010-01-13,6.4404,43.0184,33.0588,27.43,23.8153,46.1334,25282,10.3646,21.7188,46.3449
2010-01-14,6.3526,42.8746,32.7056,26.96,23.8949,46.0928,26.0394,10.2227,21.4204,46.5
2010-01-15,6.3421,42.8079,32.2817,26.82,23.6123,47.2981,25.4157,10131,21.3359,45.6434
2010-01-19,6.3655,43.7064,33.7573,26255,23.3442,46.7225,25.9948,10.2895,21.5095,46.5
2010-01-20,6.2742,43.5011,33.7651,26.1,22.9598,45.8761,25.4751,10.1226,20.9975,46.0757
2010-01-21,6.3161,42.4638,33514,26.46,22.2352,43391,25.4008,9.6386,20.8372,44.8522
2010-01-22,6.0573,41.8374,29.4562,26.44,21.7283,42.5785,24.7251,9.3465,20.1114,43.4168
2010-01-25,6.0014,42.0171,28.3417,27.04,22.0685,42.4363,24.9182,9.4884,20.1604,43.3922
2010-01-26,5.96,41.9144,27.6353,39.35,22.5038,41.9961,25.0518,9.4216,20.2895,43.0173
2010-01-27,6.1231,42.2585,28687,36.32,22.5976,41.6372,25.1558,9.7387,20.5211,42.7642
2010-01-28,6.2867,41.4626,28.8361,37194,22.6193,40.6757,25.5493,9.8389,19.8398,42.5278
2010-01-29,6.2558,41.3291,28.9303,37.11,22.8588,39809,24.7474,9.8389,19.4391,41.8426
2010-02-01,5.9296,41.3034,28.8675,36.01,23.2426,40.4048,25.3488,9939,19.8977,42.8295
2010-02-02,5.8921,41.2983,29.3777,37561,23.6416,41.5695,25683,11.0239,20.1114,43.2782
2010-02-03,5941,41.8477,28687,37334,23.1631,40.9669,25683,11.0573,20.1114,43.1232
2010-02-04,5.7834,40.6718,27.4312,37.67,24069,39.6464,24.4281,11.0239,19.1987,41.8344
2010-02-05,5.8557,40.3278,27753,38.1,24.0472,39.7819,24.1534,10.5732,19.4391,41.8915
2010-02-08,5.8278,39.8092,27.1801,38.75,23.5109,38.5292,24.6212,10.7819,19.4748,42.1526
2010-02-09,5.8877,40.4202,27.7295,40.34,23.4821,39.1792,24.3539,10.8319,20.6992,42.8213
2010-02-10,5.8542,40.3689,27.9495,45.11,23.4027,39.3146,24.2128,10.7235,20.6324,42.5196
2010-02-11,5.9904,41.2161,28.0123,44.47,23.9167,39.9336,24636,10.9805,20.9975,42.6012
2010-02-12,5969,40.6564,27.6193,44.08,24.5329,39.8656,24.3687,10.9386,20.9975,41.8182
2010-02-16,5.8627,41.3188,28.8769,45.57,25.5476,40.5724,24.8588,11.0642,21.1177,42.5684
2010-02-17,5.8019,41.4214,28.9634,46.56,25.6418,41619,25.3272,10.9805,21.0108,42.4544
2010-02-18,5.8901,41.9228,29.3406,45.78,25.8665,41.5986,25.1559,10.6959,21.0598,42.6581
2010-02-19,5.8622,42.1347,29.7022,46.44,25765,41.6666,25.2378,10.8382,21.1533,42.7805
2010-02-22,5.8867,41.7005,30.0873,46.0,25.8371,41.7957,25.4017,10.8131,21.0732,42.6581
2010-02-23,5.8482,41.1991,29.1048,47.69,25.4824,40.8646,25074,10.5202,21.0242,42.5604
2010-02-24,5972,41.3852,29.5843,43431,26.1106,40.8103,26.6602,10.3277,21.4472,42332
2010-02-25,5.8961,41.2147,29.3721,45208,26.2634,41.0481,26556,10.3361,21.4427,41.9242
2010-02-26,5.9061,41.4266,29.6707,47.12,26.5256,40.4976,26.7794,10.3444,21.4294,42.2423
2010-03-01,6.2124,41.6488,29.3799,49.34,26.8169,40953,26.8836,10.5118,22.4757,42.7805
2010-03-02,6.2618,41.9331,29.8515,50.45,26.5984,41.7345,26623,10.4365,22.7116,42.8703
2010-03-03,6.2797,41.8659,29.6786,50.62,26.3946,41.8433,26.5932,10.5202,22.1907,42.6663
2010-03-04,6.4114,41.8762,28.9555,50.07,30.2403,41.3811,26.9209,10.4532,22.0972,42.4054
2010-03-05,6.4304,42.6102,29.8201,48.37,30.8446,42.9986,27.5836,10.7713,22.5603,43.1965
2010-03-08,6.4902,42.0261,29.7493,49.98,31.6311,42.2714,27.5092,10.8466,22.2709,43.3515
2010-03-09,6.4259,42.3776,30386,54.89,31.3837,42387,27.5092,10.9554,22.3911,43.4657
2010-03-10,6.5102,42.1553,30724,55.63,31.6236,42.0336,27.6805,10.8884,22.6226,43686
2010-03-11,6.6633,42.0003,31.2899,52.4,31.6606,41.4151,27.74,10.8466,22.7116,43.7185
2010-03-12,6.5755,42.0623,31.3527,51.58,31.4052,41.3472,27.9188,10.8801,22.6181,43596
2010-03-15,6.5411,42.0003,31.4235,51554,31.6385,41.1025,27.6656,10.7462,22.6404,43.7025
2010-03-16,6574,42207,31.7457,51111,31.9808,40.7831,27.6432,10.9052,22.8229,43.7676
2010-03-17,6.5516,42.4758,31.6357,51.76,32.3887,41918,28.0007,10788,22.9832,44.3548
2010-03-18,6.6224,43.2459,32.0994,55.15,32.5342,42.1287,28.0454,10.6792,23.0767,44.4037
2010-03-19,6.5022,42.3621,31.2584,54393,31.9808,42.1423,28.0156,10.47,22.8185,44.5014
2010-03-22,6.5082,42.3001,31.9187,53.33,32.5782,42.9238,28.2315,10.6708,23.0945,44885
2010-03-23,6.4478,42.5637,32.1544,52.62,32673,44.4054,28.9018,10.6792,23384,45.2113
2010-03-24,6387,42.1812,32.4295,51.03,32.3232,43753,28.6411,10.7545,23.1168,44.7626
2010-03-25,6.7207,41.8297,33.0505,53.26,32673,43.3316,28.7007,10855,22912,44.7054
2010-03-26,6.7372,41.8659,32.9483,53.09,33.0078,43386,28.8943,10.9889,22.7473,44.5178
2010-03-29,6.7401,42052,33.5221,56.4,32.5854,43.1753,29.0284,10.9052,22.7695,44836
2010-03-30,6.8129,43.5612,32.9483,52.29,32.8184,42985,29.1847,10.7127,22912,44.8522
2010-03-31,6.7726,43.1942,32.5474,46662,33.2407,41884,28.9539,10.5453,22.6983,44.4444
2010-04-01,6575,43339,32.6732,45.85,33.9763,42.0336,29222,10.47,22.6226,44.2487
2010-04-05,6.5591,43.5147,33915,44.71,35.0401,41.4559,29.3337,10.5369,23.1435,44.0774
2010-04-06,6.7621,43.5974,34.0015,45.34,34836,40.8986,29289,10.4783,23.2637,43955
2010-04-07,6.7277,43.2408,33915,45963,34.6245,40.6268,28522,9.9846,22.7562,43.8573
2010-04-08,7.0315,42.8738,34.5753,44.54,34.1586,40.2462,28.7379,10.0515,22.6582,43.7676
2010-04-09,6.9866,43.1529,34.4731,41973,36.4014,41.0141,29.0284,10.1603,23.0278,44.4606
2010-04-12,7.0434,43.0443,35.5106,41.37,35.7387,41884,28.9092,10.0682,23.1346,44.7136
2010-04-13,6.9916,43.3855,35.3298,41.25,35.7387,40.6472,28939,10.1938,23896,44787
2010-04-14,7.1971,43.6181,36.2022,44.48,36.1907,41.2316,29.1624,10.5871,24.0117,45.3007
2010-04-15,7.2739,43.9334,35487,45.12,36.2777,41.0549,29.4007,10.5453,23.8915,45.4314
2010-04-16,7.0919,43.2924,34.1823,44.5,35.4477,40.7355,29.0209,10.3528,23.4953,45.0237
2010-04-19,7.1048,43.3648,34.4338,44.81,34.2971,40.5996,28.9688,10.3277,23.1747,44.7382
2010-04-20,7.1931,44.0729,35039,46307,34.7047,40.5928,29.7284,10.6792,23.6066,45.0399
2010-04-21,7.3043,44.2952,35.1648,45.17,34.8287,39.7297,29.9592,10.8633,23.4953,45.0889
2010-04-22,7.4869,44.4761,35.8014,45.55,35484,39.7161,30.9795,11.4575,23.9049,45.1378
2010-04-23,7.1646,44.75,36.7289,46.4,35.4549,39.9132,31.8508,11.8593,23.7446,45.3581
2010-04-26,7.3382,45.1945,35.5577,46.06,36074,39.4511,32655,11.6166,23.6867,45203
2010-04-27,7.0843,45.4684,34.0251,44.92,34.8647,38.2821,31.5976,11.2232,22.9254,44.1428
2010-04-28,6.9512,45608,34.4809,44.65,33.94,38.9278,30972,11399,22.6983,43.6288
2010-04-29,7.0699,46.1714,35.2669,46.47,33.7943,36.3589,32.1412,11.9179,23.1747,43.8246
2010-04-30,6.8389,45.8302,34.1194,47.65,31.8495,35.9851,31.0539,12.2945,22.7562,42.7316
2010-05-03,6.8584,46.4195,36.2573,50.27,32.5416,36.4404,31.5901,12.5288,23.1613,42.3482
2010-05-04,6.4763,45.3185,35.2826,48.91,31.8572,35.5569,30.2348,12.2443,23.0634,41.5978
2010-05-05,6.5311,44.7552,34.7718,49.06,32.2139,34.8297,29.4901,11.8342,22.7027,41.5653
2010-05-06,6.4204,43.5405,33.8915,48.86,29.4609,34.4967,28.3209,11.4241,21.7054,41.0025
2010-05-07,6.2343,42.7084,33.1585,48.31,28.4996,34.9861,27.3156,10.9303,21.1578,40.4398
2010-05-10,6.5491,44.4347,34.7795,49.05,30.8664,35.2715,29.1996,11.6668,23.0634,41.7284
2010-05-11,6.5077,43954,35.2359,48.0,30.8304,34.8229,28.9539,11.5831,22.8942,41.5082
2010-05-12,6.6778,44.6776,36.6758,46.76,31.5655,37.2084,29.8475,11.7822,23.3706,42.2749
2010-05-13,6.5581,44.2383,35.3381,47.54,29.9634,35156,28.9688,11.2954,23.0456,41.8182
2010-05-14,6.4116,43768,33.6464,47.55,29.2936,34.4764,27.9783,11.0017,22213,40.66
2010-05-17,6.4304,43768,33.5284,47.3,29.7014,34.4559,28.3879,11.1612,22.0082,40.6763
2010-05-18,6.2992,43.4268,32.71,48.48,27.9532,34.8176,27.8666,10.9262,21.79,40244
2010-05-19,6.2149,42.9301,33.3474,49.22,27145,34.1283,27.6417,10.6325,21.6074,40.0564
2010-05-20,5.9715,41.3906,32.5212,48.15,25.8557,32.8044,26223,10.1877,20.9173,39053
2010-05-21,6.1216,41.9731,32.8989,47.3,26.1981,32.6474,26.5889,10.2884,22.0349,40.5701
2010-05-24,6.0917,41.3958,32.1986,47.86,25.7539,32.4291,26.4022,10.1206,21.6475,39.8196
2010-05-25,6.2284,41.3334,31.9861,46.75,25.9067,32.2039,26.2977,10.1541,21839,39.3304
2010-05-26,6146,41.1773,31.7186,40.47,25.0028,32.7293,26.1035,10.0786,21.7677,39.5913
2010-05-27,6.3201,42.3528,33.2136,40.51,26.0569,33.7052,27.4625,10.3555,22.6003,40.6517
2010-05-28,6.2583,41.2502,32.4976,41.02,26.2245,33.2753,27.0518,10.2297,22.2798,40.7741
2010-06-01,6.1475,40.6052,31.8523,40.57,25.3612,32.8522,26.6337,9.8772,21879,39102
2010-06-02,6.3007,40.9537,32.8517,38886,25.8075,33.5414,27.6566,10.1793,22.7027,40.4151
2010-06-03,6.4229,40.7456,32411,38.84,27.5058,33.5005,27.7537,9.8856,23.2593,40.9942
2010-06-04,6.1241,39.5806,30.9317,37.63,25.4564,33.1661,26.3537,9.5164,22.3699,38.9715
2010-06-07,6.0862,38.8732,30.2943,38.16,24.6879,32.3813,25.8049,9.1387,22.0928,38.6208
2010-06-08,5.9278,38.9669,30.6956,37.09,24.7535,32.5928,26.1035,9.0968,22164,39.1427
2010-06-09,5.8817,38.8992,29.9166,38.52,24.9735,34.2921,25.9169,8845,22.1818,39.0939
2010-06-10,6146,40.2723,31.5297,38.55,26.2984,34763,27.1265,9.4828,22.9031,40.3255
2010-06-11,6.1371,40.7248,31.6792,39.02,26.3493,35.6433,27.1115,9.4492,23.0589,40.1622
2010-06-14,6177,40.6416,31.8366,38.97,26.5983,35.6638,27.1563,9.2898,23.2081,40048
2010-06-15,6.3271,41.4894,33.4654,38.78,27.1105,37.1037,27.9478,9.5583,23.9405,40.9372
2010-06-16,6.3301,42.0667,33.4418,36.84,26.1738,36394,27.4401,9.4324,24.0385,41.1167
2010-06-17,6.2797,42.1447,33.3395,36.92,25888,36.5851,26.8801,9.1807,23.9004,41.5978
2010-06-18,6.2767,42.2228,33552,37.52,25859,36.3326,26.4395,9.0212,23.8515,41.2146
2010-06-21,6.1131,42.3736,34.0949,36.72,25.2586,36.8785,25.9393,8845,23749,41.0025
2010-06-22,6101,41.6246,34.3467,36.87,24.2632,36005,24.7819,8.5765,23.3216,40.3011
2010-06-23,6.0583,41.6714,34.0241,36.47,23.8976,35.9777,24.8715,8.7863,23.2415,40.0155
2010-06-24,5.9026,40.6624,33.6543,38.36,23.4508,34995,24.1547,8.8786,23.0189,39.0368
2010-06-25,6.0358,41.0369,34.1815,37.45,23.6996,35.6843,24.3265,8.7863,23.4107,39.0776
2010-06-28,5.8762,41.0785,33.7802,38.24,23.5313,35.4591,23.9681,8694,23.5398,38.7431
2010-06-29,5.4178,40.8237,32.1199,39.73,22.2434,33.7052,22.5046,8.3583,22.5068,37.1607
2010-06-30,5.4502,41.0837,31.7107,39.6,22463,33.5687,22.5792,8.2492,22.2887,36.9078
2010-07-01,5535,40.8549,31.1442,38.34,23.3557,33.9918,23.3782,8266,22.4089,36.3942
2010-07-02,5.4442,40.3972,31.0261,38.22,22.7701,33.9714,22863,8.1485,21.9859,35.9699
2010-07-06,5.4901,40.6416,31.1363,38.48,22.4774,34.1624,22.7659,8.2156,22.0705,35.6437
2010-07-07,5.6582,41.8795,33.1192,38.51,24.0805,35.6092,23.5649,8.5597,23.0189,36.9078
2010-07-08,5.7974,42.2436,33.6621,39.5,25.9467,36.2916,23.5798,8224,23.4819,36.9896
2010-07-09,5.8492,42.7325,34.3703,39.83,26.3933,36.8103,23983,8.6017,23.8025,37.2504
2010-07-12,5.9615,42.7845,34.3703,39.02,26.2245,36.5646,23647,8.4758,23.7045,37.4137
2010-07-13,6168,43.4554,35409,38.78,26.5176,36.8239,24.5057,8.7527,23.9672,38.3435
2010-07-14,6.1505,43.1954,35.0391,39.04,26.2984,36.8922,24.4534,8.6772,23.9494,38.0905
2010-07-15,6.0887,43.2006,34.0398,40.39,25.8812,36.8512,24.4907,8.9121,24.1141,38.0987
2010-07-16,5.9106,42.1031,32.6235,40.45,24.3365,35.4727,23.4529,8.4758,23.4329,36.9486
2010-07-19,5.9829,42.2436,32.2536,40.71,24.5636,35.5273,23.4454,8.3667,23.9761,37.5929
2010-07-20,5.9909,42.7481,32.6235,40.21,25.2441,36.4486,23.6769,8.7191,24.2477,37.6665
2010-07-21,5.8577,42.8053,31.5455,42.14,24.9145,36.5919,23.4678,8.5597,23.6288,36802
2010-07-22,5.9894,44.0796,33.1113,42.98,26.3056,36.8171,25.1403,8.8534,24.0874,37.8458
2010-07-23,5.9296,44.8181,32.1356,43.08,26935,37.5882,25.5286,9.1052,24.6395,38.1558
2010-07-26,5.9061,45.4163,32.6156,43.97,27.9522,37.6019,26.2454,9.3737,24.6262,38.1804
2010-07-27,5.8428,45.1458,32.6943,43.74,27.0814,38.1001,25775,9.2982,24.3679,37.8375
2010-07-28,5.8428,45.0886,32.8674,42.29,26.6274,36.8307,25.8571,8.9289,24.1898,37.7643
2010-07-29,5.8293,44.9065,33.3789,41.6,26.6567,31.5897,25.6854,9.1303,24.0162,36.8426
2010-07-30,5.8807,44.4905,33308,42.33,27.0371,33.8826,25.8945,9.2478,24.2922,36.9732
2010-08-02,5.9894,45.4631,33.6621,43.31,28428,35.5819,26.5217,9.4408,24.6751,37.8298
2010-08-03,6.1066,45359,32.9933,44.36,27.9012,35.1929,26.4246,8.8954,26.9904,37.5442
2010-08-04,6364,45.7699,32.7651,43.75,28.3988,35.2202,26.8651,8.7947,27.4134,37.7726
2010-08-05,6.3765,45.6243,32.3953,45762,28933,37.1788,26.7606,8.7443,27.1596,37.8215
2010-08-06,6.4009,45.4007,32.1986,45972,28.5454,37984,26.6038,8.8954,27.1284,37.5603
2010-08-09,6.4264,45.7855,32.5135,49.97,28.9259,37.5132,26.2529,9.2814,27.2798,37.9927
2010-08-10,6.4847,45307,32679,53879,28406,37479,25.6257,9.0884,27.2397,37.8786
2010-08-11,6.2797,43.7415,31.4027,54.5,27.5205,36.3121,24.5505,8845,26.3982,35.7906
2010-08-12,6.3132,43.6947,30.4179,53082,27.5571,37131,24.3563,8.5987,26.2424,34.6568
2010-08-13,6.2199,43.6947,30.5834,54.22,27.5642,36.9809,24.2742,8.6239,25.9485,34.2896
2010-08-16,6.2887,43393,30.67,52.8,27.5423,36.8512,24.2443,8.5734,26042,34.4609
2010-08-17,6.4279,43.7363,30.8197,51.48,25.6544,37564,24.7222,8.8176,26652,34.5914
2010-08-18,6.4673,43.7598,30.7724,52368,26.3276,37.5297,24.7437,8944,26.7054,34.5672
2010-08-19,6.3635,42.8178,29.6301,51.4,26108,37.0568,24.0846,8784,26.3003,34.2653
2010-08-20,6373,42.2159,29764,50306,26635,36.7621,23.8076,8.6492,26.5407,34.2735
2010-08-23,6.3151,42.4357,29.8428,59.14,26.7887,36.4057,23.6054,8405,26.2958,33.5639
2010-08-24,6.2119,42106,29.4095,61.83,25.72,35.6039,22.7965,8.3966,25.9174,32.9765
2010-08-25,6.3276,42263,29.2441,62.12,26.1873,35.6724,22.9538,8784,25904,32.7074
2010-08-26,6.2284,41.7553,29315,61148,25.9296,35.0419,22.8864,8565,25.6101,32.7156
2010-08-27,6.3171,42.3938,30.1028,58.13,26.4739,36.2138,23.5604,8.8176,26.0866,33.2537
2010-08-30,6175,41.6873,29.6537,60.5,25.7752,35.6381,23.0961,8.6661,25.6012,32.7727
2010-08-31,6.2269,41.1115,29.8349,63.14,25.4514,36.3235,23.3507,8.6408,25648,32.4709
2010-09-01,6609,42.3991,30.7488,61.72,26.9078,36.9266,24.6388,9.0198,26.6053,33.9797
2010-09-02,6.7446,42.8492,31.1348,64.2,25.8635,38.1397,25.3203,9.2472,27124,34.2325
2010-09-03,6.9232,43.6918,32.0566,64.28,26.2533,38.1397,25.9644,9.4409,27.7696,34.6731
2010-09-07,6.8449,42.9905,30607,64.19,25.4292,37.5982,25.3653,9.2219,27.7072,34.0124
2010-09-08,6.9407,43.3097,30.7882,62.87,25.3704,38.3316,25.8895,9.1966,28.1658,34151
2010-09-09,7.0025,43.4196,31.0403,60.42,25.2529,38.8593,26.3463,9.2472,27.4891,34.0369
2010-09-10,7.1053,43.9326,30.6385,60.88,25.6352,39.0923,26.4212,9.3145,27.8541,34.9669
2010-09-13,7.2365,44.4141,31.0797,61.98,26.0987,39.8188,26.8331,9.4493,28.4463,34.9911
2010-09-14,7.2704,44.2937,30.41,60.35,27.0994,38.4412,26878,9.3398,28.5932,34934
2010-09-15,7.2554,44.2675,30.7961,59.94,26.9078,38825,26.6609,9.2472,28.2371,35.2604
2010-09-16,7.3891,44.4612,31127,59.37,26.5841,39.1266,26601,8.9271,28286,35.2114
2010-09-17,7.3988,45.0474,30.4652,60.53,27.1652,39.3801,26.9005,8.9355,28.5443,35.5784
2010-09-20,7.5475,45.7487,30.9851,59.82,28004,39.4076,27.7543,9.3061,28.5799,36.3125
2010-09-21,7.5188,45.2986,30.1973,59.81,27445,38.8319,28.1362,9.2472,28.2682,36.4267
2010-09-22,7.5737,45.3405,29.8507,59.62,26.7683,40182,27.7468,9.1714,27.7963,36.1249
2010-09-23,7.6246,44.7647,29.6774,60.8,27.0328,40.7577,27.5221,8944,28.1079,36.2308
2010-09-24,8.0176,45.5132,31.0009,59.78,28.5333,41.6281,28301,9.1966,28.5932,37.0139
2010-09-27,7.9498,45.1102,30544,58.01,28.3498,41.3608,28.4732,9.2977,28.4241,36.8426
2010-09-28,7.9663,45555,30.8433,56.07,28.8281,42.2243,28.7129,9483,29.0162,37.3973
2010-09-29,7.9308,45.6231,30.67,56.49,28.9012,41.9365,29.0424,9.3819,28.8337,37.4219
2010-09-30,7.8346,45.3823,31.1585,54.2,28.9234,40.5452,28.5968,9.3651,28.7046,37.5198
2010-10-01,7.6675,45.8586,30.9615,54.39,27.7685,39.3733,28.7503,9.3314,29.2967,37.2994
2010-10-04,7.7513,45.3771,30.3864,53.79,27.8935,39.4967,28.5256,9.2472,28.7847,36.9896
2010-10-05,8.0246,46.5076,31.8202,54.7,28.5482,39.6406,29.8512,9.1293,29.3591,37.8458
2010-10-06,7.7518,47.0467,31639,55.51,28.3862,39.8119,29.9186,9104,28.8025,37.5442
2010-10-07,7.7952,46.5285,30.9379,55.42,30917,40.2711,30.0459,8.9608,28.6289,37438
2010-10-08,7.7593,46.6646,31.0088,56.76,31.5348,41.3745,30.1657,9.0535,28.5843,37.8215
2010-10-11,7.6335,46.1883,31.2609,55.87,32.1895,42.0187,30.0384,8.8766,28.3261,38.0089
2010-10-12,7.8056,46136,31962,55.76,33.1237,41.6966,30.0908,9.0282,28.8648,38.3435
2010-10-13,7.7403,46.6541,31.8518,55.29,32.7777,42.2518,30.0983,9.0787,29.1186,38.8084
2010-10-14,7.7583,46.6175,31.4263,55.68,32.8517,41.8337,29.6939,8.9861,28.9339,38.3191
2010-10-15,8.2127,46.6541,29.0392,55.26,33.2852,41.5664,29.4543,8.8345,29.6307,40.2847
2010-10-18,8.1588,46.9263,29.3307,55.6,33.5428,41.6555,29.7239,8.8766,29.6039,40.7907
2010-10-19,7.9149,46.3453,30.5361,54.64,31.8143,41.1483,29.3794,8.7418,28.9539,39.9259
2010-10-20,7.9149,46.8269,30.5282,57.44,31.6009,41.5664,29.7388,8.7334,29.4437,40.2358
2010-10-21,8.2291,47.3921,30.9615,56.74,31.0348,41.9708,29.9036,8.9524,29.8666,40.2765
2010-10-22,8.4367,47.3345,30.8197,51.26,31189,42.3134,30.0609,8.9355,30.2584,40.6108
2010-10-25,8.4302,47.5753,30.1264,52.49,31.4687,42.8754,30.3305,8.9945,29.9468,40.3827
2010-10-26,8.4776,47.3502,29.7561,51.68,32.9841,42.6356,32.2626,8.8766,29.7865,40.4151
2010-10-27,8.3558,47.2979,29.8664,52.11,31.6083,42286,31.8058,8.9103,29.3902,40.0239
2010-10-28,8.3224,44524,29.8743,51.97,31.4171,40.4013,32.2552,8.7587,29.9112,40.2358
2010-10-29,8.2421,44.0791,29.3622,49.86,31.5274,41.1689,32.33,8784,29.0251,40.0074
2010-11-01,8.1099,43.9535,29.3937,51.05,31.2998,41.5664,32.3974,8.8429,28.9583,39.8933
2010-11-02,8.2112,44.3827,29.4371,51.99,31.5274,41.0798,32.4574,9.3145,29.1854,40.4886
2010-11-03,8.4037,44.6444,29.7483,52.2,31.6301,40.8948,32.6296,9.1966,28.6111,40.1136
2010-11-04,8.4267,45555,30.9615,51.88,33.6459,41.5458,33371,9.9125,28.62,40.5049
2010-11-05,8.5185,45.1887,31.7966,51.81,34.5948,41.2923,33.4759,10.0893,28.2103,40.5701
2010-11-08,8.5793,44.9375,31576,52.04,34.7493,40.9907,32.9142,10123,28.0456,39.9421
2010-11-09,8.4935,44.6444,30.5504,50.44,34.1609,42.0256,32.4798,9.8956,28.2504,39.7952
2010-11-10,8.6462,45.1416,31284,48.67,34.4696,42.3888,32.5772,10.1483,28.3083,39.4527
2010-11-11,8.4985,45.2724,31.1657,48.84,34.4478,42.6081,32.0679,10.2494,28.3996,38.6535
2010-11-12,8.2646,45.1363,30.9764,50.36,33.7783,41.3745,31.8582,9.6935,28.1525,38.2211
2010-11-15,7.9264,45.1154,31.3077,49.7,33.3444,41.2443,31.5437,9.2387,28.2371,37.9763
2010-11-16,7.8705,44.0896,30.6214,51.47,33.6018,40.9622,30.9446,9.2808,27.4935,37389
2010-11-17,7.8989,44.2133,30.1876,50.58,34.6169,41.4025,31.2364,8.9945,27.9521,37.2504
2010-11-18,8.1892,45056,30.0219,48.35,34.3372,42.1868,31.5967,8.9692,28.7936,37.6908
2010-11-19,8.2217,44.7716,29.8326,49.11,34.7937,42.3244,31.4691,8.8261,29.0474,37.5198
2010-11-22,8.4995,44.7137,29.2804,47.73,35.0879,42235,31.6042,8.7981,29.3769,37.5362
2010-11-23,8.3903,44.0237,28.8308,48.2,35.7645,41.6915,30.7334,8.5023,29.0964,36.9566
2010-11-24,8.8417,44.5873,29.7379,49.83,35.5797,42861,31897,8.4938,29.4392,37.4628
2010-11-26,8.8542,44.4503,29.1858,51.1,35.7792,42.4276,31349,8.4431,29.4971,37.1852
2010-11-29,8.9534,44.3555,29.7616,51.46,36.0008,41.8153,30.8835,8.3417,29221,36.7854
2010-11-30,8.7494,44.2291,29.3672,51579,37.1009,41.8428,31.0112,8.4854,28.9316,36.4023
2010-12-01,8.8068,45.3193,30.0771,52.85,37241,42.6409,31957,8.8995,29782,37.8946
2010-12-02,8.8058,45.5616,30.7239,53.17,41.3612,43.0262,32445,9.2291,30864,38.1395
2010-12-03,8.7634,45.7881,30.5741,56.86,41.4568,43.9893,32.4975,9.3897,30.8595,38.4167
2010-12-06,8.8816,45.7565,30.3848,55.97,41.5233,44.2783,32.2723,9508,31.0777,38.3842
2010-12-07,8.8178,44.3397,30.4242,56.88,41.4197,43.9068,32.2798,9.6686,30.8016,38.4006
2010-12-08,8.7938,44.5978,31.9703,55.93,41.0877,43.5077,32.6927,9.4658,31.1267,38.58
2010-12-09,8722,44.2976,32554,57.75,40.9545,43.1294,32.8354,9.3813,31.4294,38.3353
2010-12-10,8.7604,44.4082,33.2954,58.03,41.3313,42923,33008,9.4151,31.3048,38425
2010-12-13,8.6921,44.9243,33.3033,52.74,40.3788,43.0399,32.5651,9601,31.2914,38262
2010-12-14,8.6766,45.2087,33.2087,57.19,40711,43.0812,32.1297,9.5165,31.0243,39.8933
2010-12-15,8.7579,45.1929,32.7512,57.07,40.3934,42.3175,31.6417,9.3559,30.8283,39.6811
2010-12-16,8.8811,45.5037,32.2621,55.96,41.1027,42.4139,31.9345,9508,31.3493,39.4365
2010-12-17,8.8582,45.4879,31.9387,57.71,42.1657,42.6822,31912,9.6263,32.2353,39.4772
2010-12-20,9143,45.9987,32.3804,58.15,42.0769,42.6684,32.4675,9.9813,32.1908,39102
2010-12-21,9.2158,45.5721,33.2718,58.24,42.9259,42.8198,33.9164,10.0658,32.4357,39363
2010-12-22,9.2163,45.6722,33.5558,56.11,42.0623,43.8586,34.9748,10.3785,32.4223,39.8606
2010-12-23,9.1081,45.5405,33.4138,54.84,42.3354,44.0306,34.7571,10.0658,32.4268,39.9747
2010-12-27,9.0856,45.8249,33.5952,53.48,42.1954,44182,34.5019,10.2771,32.5425,40.3582
2010-12-28,9.0333,45.6827,33.7451,53.7,42.6382,44.2439,34.5169,9.9729,32.5692,40.3745
2010-12-29,9147,45.6933,33.6031,53.03,42.8596,44.4296,34622,10.0743,33.0189,40.3418
2010-12-30,9.1161,45.5774,33.5005,54.03,42904,44.8493,34.4719,10.1503,32.8764,40456
2010-12-31,8.9789,45451,33.5715,56.52,42.5498,45.0763,34.6145,10.0827,32.6316,40456
2011-01-03,9.1894,45.7091,34.4629,57.56,42.8453,44.9869,35.14,10.4292,33.5532,41.4673
2011-01-04,9.2288,45.6459,34455,69.4,41.5083,45.0144,35.3502,10.1503,33.0189,41.4755
2011-01-05,9349,45.6459,35.9064,70.48,40.8663,45.9913,35.6955,10.48,33.9228,41.6386
2011-01-06,9.2712,45.3667,35.8117,73.37,39.5227,46356,35.4853,10.8434,33.62,42.1119
2011-01-07,9.2527,45.4141,35.8196,73.87,39.5518,46.0189,35.3877,11004,33433,42.4544
2011-01-10,9.2123,45.8987,35.9458,72.08,40.0468,45.7506,34.8097,10.6997,33.5421,42.3402
2011-01-11,9.1954,46.2094,36.4428,68.49,39.0426,45.8056,34.7496,11.0716,33.62,42.5604
2011-01-12,9.1824,46.6939,37.2079,69.75,38.9024,46.2941,35.5153,11.08,33.4998,42854
2011-01-13,9.2547,46.3674,36.8293,68.64,38.7103,48.0622,35.2976,11.0547,33.2104,42.9517
2011-01-14,9.4154,46399,38.1624,69.79,38.0604,48.7708,35.9207,11.4096,33.3974,43.3597
2011-01-18,9.5401,46.4201,37.8705,70.89,37.8612,48.4612,35.3502,11266,33.62,43.7919
2011-01-19,9.3216,46.3253,37.3262,71.93,37.5585,48.7777,34.7271,10.8518,33.1926,43221
2011-01-20,9.0767,46.3674,37271,68.46,37.6913,47.8007,34.5544,10911,32774,43.1965
2011-01-21,8.8502,47.0257,38.7855,69.72,37.4181,48186,34622,10.7251,32.5247,43.2537
2011-01-24,8.8218,47.5682,38.2334,68.0,37.3517,47.6562,34.6896,10.9363,33.0679,43637
2011-01-25,8.8143,46.6097,38.0283,72.77,36.3845,47.1127,34.6971,10.9955,32.6583,43.8816
2011-01-26,8.7489,47.1732,38.0835,73.34,36.6133,47.4705,35.5003,11.1899,32.6004,43.8002
2011-01-27,9.2009,46.9731,38.1782,69.63,36.7167,47.0371,34.7271,10.8265,32.5781,44.1753
2011-01-28,8.5369,46.0514,38.0519,67.59,35.7053,45.9707,33.4885,10.5645,31.8925,42.7805
2011-01-31,8.4621,46.3042,37.9888,68.3,37.2188,46.8307,33.5635,10.4715,32.4802,43.4657
2011-02-01,8.5853,46.2357,39.3298,66.39,37.4554,47.2572,34.3518,10.48,33.5488,44306
2011-02-02,8.6561,46.2147,39.0143,67.59,36.2737,47.8282,34.3067,10.3363,33.9094,44.5344
2011-02-03,8.6651,46.32,38.6909,67.32,36.7613,47897,34.1941,10.0574,33.3395,45.3663
2011-02-04,8.7759,46.4991,38.4621,69.21,37.9719,48.0966,34.3743,9.9137,33.5799,45.4805
2011-02-07,8.8008,46.7624,39.0695,71.12,38.2819,47.9521,34.8397,10.2433,33.2683,45.8475
2011-02-08,9.1315,47.1205,40.6866,70.04,38.7398,48069,35155,10.4955,34.1632,46.1164
2011-02-09,9.2433,47.8104,40.2916,70.62,38.4295,48.0071,35.2451,10.5633,33.0456,39.5016
2011-02-10,9.2887,47.6419,40.8206,68.63,39.1531,47.4911,35.3502,10.4786,33.5488,39.2326
2011-02-11,9.4403,48.3476,41.1049,65.92,40.5265,49.0941,35.7556,10.6057,33.6155,39.0858
2011-02-14,9.4987,48.4003,41.6576,66.28,40.2384,49.9017,35.17,10.5633,34.0074,38.8737
2011-02-15,9.4293,48453,41.1443,67.49,39434,49.9086,35.17,10.4447,34.0608,38.6453
2011-02-16,9.3091,48.9192,41.1443,67.27,42.4239,51.3856,35.4317,10.5549,34.1231,39.2733
2011-02-17,9366,49.1312,41.1601,68.03,43.3173,51.2269,34.6845,10.7583,34.23,39.5263
2011-02-18,9.3031,49253,41.6023,68.42,43.5979,51.2407,34.4883,10.8516,34.6084,39.9177
2011-02-22,8.9998,48.7444,40.0547,67.45,41.7741,49.8879,31764,10.2327,33.6378,38.7024
2011-02-23,8.8133,47.8225,39.7468,63.57,40.7412,48.7214,31.7262,10.0716,32.9076,38.6208
2011-02-24,8.8666,47.7006,39.9758,63.43,41.6226,48.8249,31.6281,9.9784,33.3618,38.7269
2011-02-25,8.8412,47.8172,39.4705,63.21,42.0743,49.3426,32.2847,10.1055,34.0652,39.6321
2011-02-28,8.6442,48.8662,39.2968,63.83,42.4892,49.8119,32.2017,10.0377,34.2255,39257
2011-03-01,8.4521,47.9284,38.1045,63.05,42.9037,48.8802,30.2471,9.6901,33.1658,38.5882
2011-03-02,8.5808,48.3841,37.8282,61.89,43.3114,49.3357,30.6395,9.7919,33.2015,39.0285
2011-03-03,8.6192,49.1735,38.6651,60.1,43.7853,49.7636,31.0093,9.9445,34.2122,39.5424
2011-03-04,8.5634,48.8451,38.3177,59.64,43.2668,49.6256,30.4584,9.7156,33.9806,38.9389
2011-03-07,8.4342,48.9563,38.1361,59.83,42.2371,48.7835,30.1339,9.6054,33.7981,38.5393
2011-03-08,8.3249,49.6716,38.9099,58.63,42.4744,48.9837,30.8508,10.0801,34.6329,39.1427
2011-03-09,8.4327,49.3643,38.9493,60.39,41.2445,48611,31.1225,10.1818,34.9112,39.2163
2011-03-10,8.2875,47.69,38.1124,60631,39.8821,47058,30.5263,10.0632,33.8871,38.4822
2011-03-11,8.3838,48.5378,39.1388,60.67,40.7929,47.7275,30.1414,10.0292,34.0029,38.9061
2011-03-14,8.3169,48.2252,39052,61.26,40.8969,47.2237,30.0811,9.8766,33.5577,38.1477
2011-03-15,8.2346,47.4198,40.3469,61.87,40556,47.0304,29.5151,10.1479,32.9477,37.9846
2011-03-16,8.2157,46.3866,39.6363,63.41,39.7485,45.9537,29.2962,9919,32.4713,37.3485
2011-03-17,8.0296,46.9906,40.0942,61.78,39.4672,46.1263,29.5151,10.0716,33.2594,37.8134
2011-03-18,8072,47.1443,40.3074,62.7,39.2228,46.2436,29.9075,10.0886,33.0323,38.5716
2011-03-21,8.2069,48.1881,40.4574,62.93,40.2302,47479,30947,10.2666,33.6645,39.6321
2011-03-22,8.1109,48.0556,39.9205,65.39,40.6375,47.8449,29.5528,10.0462,34.2255,39.1919
2011-03-23,8.2466,48.8186,40.5916,64.02,40.7708,48.7559,29.3943,9.9953,34.2255,39.4283
2011-03-24,8.5349,49.0517,40.9469,62.88,41.6521,48.5696,29.4547,9.9953,35.5256,39.9013
2011-03-25,8.5289,48.8874,41.2391,62.57,42.0447,48.8664,29266,10.2073,35.6325,40.1052
2011-03-28,8.4476,48808,40.7259,62.32,41.0595,48963,28.9113,10.3005,35.4277,39.5505
2011-03-29,8.7105,49.1894,41.0654,63.54,42.0001,49.0527,28.7076,10131,36.0332,39.8768
2011-03-30,8.95,48.9934,41.1443,63.9,43022,50.2675,29.2868,9.9445,36.3538,39.9503
2011-03-31,8.9854,49.5391,41.0259,64.47,43.4741,49.9224,28.9491,9.8766,36.2425,39.7463
2011-04-01,8.9854,49.3431,41.1286,66.85,43.9184,50937,28866,9.9529,36.6921,40.2765
2011-04-04,9.1255,49.6133,40.9154,69.13,43822,50.5228,28.9642,9.7156,36.6654,40.2929
2011-04-05,9.2428,49.4808,40.7969,69.75,48562,51.0543,29.0396,9546,36514,40.4398
2011-04-06,9.1166,49.7087,41.1759,68.27,50.0581,49.6877,29.3038,9741,36238,40.5701
2011-04-07,9.2238,49.3749,41018,68.9,50.7617,50.1294,28.7755,9.8512,35.9798,40.6355
2011-04-08,9.2138,49.3908,40.7811,70.15,49.9623,49.6808,28.2246,9.8427,35.7349,40.4151
2011-04-11,9.1804,49.6981,40.6627,68.71,51.4356,50.1225,28.5642,9.9275,35.8417,40.1217
2011-04-12,9.0028,48.9404,40.7575,70.18,50.3098,49.5013,29.0019,9.8851,35.5835,39738
2011-04-13,9.0931,49.2,40.6864,71.47,50.7985,49.2598,28.3981,9.7325,35.7304,39.8933
2011-04-14,9.0697,49.2424,39.6757,71.4,50.3837,49.4185,28.2774,9.6732,35.9664,40.4803
2011-04-15,8.9794,49.1788,39502,71.06,51.8505,49.7429,28.6623,9.7749,35.0492,40.8229
2011-04-18,8.8961,48453,39.0362,70.69,50.5467,48.7352,28.3378,9.8936,34.7153,40.3091
2011-04-19,8.92,48.6702,39.6521,69845,50.4579,49.4599,28.6849,10.0123,35.2985,40.5293
2011-04-20,9.1719,49.6769,39.8968,69.5,51.5985,50302,28.3378,10.3175,36.5274,40.2358
2011-04-21,9.2727,49.7617,42.0523,67.72,51.5541,50.8817,28.3831,10.1649,36.7189,40.0727
2011-04-25,9.2492,49.8676,42.9919,64.39,51.3098,51.4063,27.9378,10.2751,36.4339,40.3011
2011-04-26,9.0936,50.8319,43.1183,64.42,52.1909,51.7652,27.9755,10.3599,36.4873,40.5049
2011-04-27,9.8084,51.1127,43.7736,63.67,53.1462,51.3097,28.8359,10.1988,36.4161,41.2225
2011-04-28,9.7306,51.5154,43.5841,63.43,52.9687,50.7161,28.9264,10.2581,36.2603,41.4267
2011-04-29,9.7675,51.5048,43213,63.27,52.4353,52.0689,28.7302,10.5464,36.9103,41.5816
2011-05-02,10.0359,51.3511,43.2525,62.95,52.6278,51.9447,28.7151,10.2497,36.6031,41.2309
2011-05-03,9.8992,51.3035,42.6682,63.46,52.3093,51.6824,29.2887,10.1055,34.5149,35.9128
2011-05-04,9975,50.9697,41.9813,61.45,52354,51.0888,29.3566,10.1649,34.4036,35.8558
2011-05-05,9.8324,50.2915,41.9576,62.36,54272,50.3641,30.8961,10.2158,34.0697,35.4561
2011-05-06,9.8568,50.6518,42.4708,62.9,54.4645,50.1225,30.3226,10114,34181,35.4887
2011-05-09,10.0164,50.8584,42.1392,63.47,54.7907,50.9715,29.8924,10.0123,34.4704,35.6437
2011-05-10,10.1731,50.7101,42.5971,62.81,55.9383,50.9577,30.6395,10.0952,34.9334,36.6959
2011-05-11,10195,50.6094,41.8707,63.3,56183,50.0811,30.4433,9.9506,34.1721,36.1085
2011-05-12,10.2793,51.2081,41.8076,64.05,55.6942,50019,31198,9.8571,34.7331,36.7367
2011-05-13,10.1042,50869,41.3259,65.53,54.9982,50.3848,30.9565,9.7295,34.0474,36.4267
2011-05-16,9.6029,50.5776,42226,65.39,53.8427,50.8403,30.0509,9.9251,32.8364,35.9292
2011-05-17,9.7176,49.7299,43.3235,65.58,54.1909,50.8611,30.4659,9.7465,32823,36.2308
2011-05-18,9.8314,50.0656,43.7183,63.11,56057,51.5119,30.5394,9.9081,32.6672,36.3043
2011-05-19,9.9169,50476,44.4215,62.03,55.9682,50.8196,30.4786,10.0017,32.8097,36.1818
2011-05-20,9.9092,49.8631,43.5206,63.14,54.9686,51.1173,30.0382,10.0357,32.9699,36.3614
2011-05-23,9788,49.2928,42.7461,63.66,55.2866,49.9333,29.4536,9.9251,32.1418,35.5539
2011-05-24,9.6408,49.0157,41.9084,65604,55.3759,49.8918,28.8917,9755,32.36,35.4806
2011-05-25,9.5904,49.3994,41.4185,68.17,55372,50.0164,29.0056,9772,32.8359,35.9619
2011-05-26,9.7271,49.4687,41782,67.83,56.2481,50.3765,28.9144,10.0442,33.5042,31.3044
2011-05-27,9.6837,49.8151,42.7066,69.17,56.6785,51.2627,29.1574,10.1888,33.2905,32.6584
2011-05-31,9.8114,50.3001,42.9437,69.07,56.2481,51.5465,29.4687,10.3589,33856,32536
2011-06-01,9.5972,48.7332,41.6864,69.5,55.1344,50.6534,28.2235,10.2143,33.1302,32.0141
2011-06-02,9.6598,48.7439,41.5054,69.21,54.9192,51.1588,28.5272,9.9591,33.5532,31.9651
2011-06-03,9.3939,48.3389,40.7388,69.12,53.7762,49.9887,27.8286,9.8571,32.8631,31.3779
2011-06-06,9.2627,48.2962,40.0908,70.28,52.2985,48.7079,27.6616,9.6274,33.0412,30.8967
2011-06-07,9.3555,48.4188,39.6403,70.16,51.8904,48154,27.9349,9.4403,33.0545,30.9946
2011-06-08,9.3804,48.4508,39.2768,70.83,49.2032,47.2885,27.0541,9.1512,32.4268,30.7335
2011-06-09,9.4617,49.0104,39.6324,70.7,49.4702,47697,27.3275,9.2447,32.7651,31.3044
2011-06-10,9.3046,48.3548,39.1504,70.46,48.3195,46.6031,27.1832,9.1512,32.5024,30.7416
2011-06-13,9.2926,48.6586,39.5613,71.16,48.7057,46.3123,26.7808,9.2702,31.4828,30.9131
2011-06-14,9.4757,49.3461,38.2732,71.02,49.9824,46.7485,27.2516,9.4659,31.4072,31386
2011-06-15,9.2772,48.5147,37.8306,70.0,48.5349,45.8899,26.4239,9.1767,30.0982,31.1576
2011-06-16,9161,48.8079,38.7236,69.15,47.4212,45.3499,26.3935,9.3213,29181,31.3614
2011-06-17,9.2966,48.9145,38.5972,69.68,48.6091,45.5576,26.7808,9.4318,30.1204,31.4023
2011-06-20,9364,49.3302,39.1899,69405,49.2848,45.2945,27.1301,9.5509,30.2362,31.4432
2011-06-21,9.6887,49.7938,40.0355,71.66,50.4278,46.3815,28.2766,9.6785,32.0839,31.8916
2011-06-22,9559,49.4581,39.7984,71.55,48.8985,45.7307,27.6084,9.8146,31.9058,31.2147
2011-06-23,9.6852,49.2129,39.7984,71.47,49.6633,45.7792,28.5803,9.8741,32.1017,30.7499
2011-06-24,9.6049,48.4401,39.1267,71.79,47.9709,46.0284,28.3222,9.7125,31.6743,30.2523
2011-06-27,10.0389,49.1649,40.1145,70895,48431,45973,28.4361,9.8996,32.0038,30.3257
2011-06-28,10.0938,49.5753,40.6361,70.97,49.7228,46.5061,28.7094,9.9932,32.4357,30.3418
2011-06-29,10185,49.6233,41.2999,71.62,50.0197,47.4201,28.3829,9.67,32.5381,30.5296
2011-06-30,10.2005,50.5506,40.8337,72.78,49.6782,47.7385,28.5728,9.7975,32.6538,30.9618
2011-07-01,10.4499,51.5206,41.6081,69915,51.0143,48.2717,29.4536,9.9336,33.3039,31.2883
2011-07-05,10.6345,51.2381,41.9321,70.69,53.0112,48.9848,29.1043,9.8911,33.6912,31.0678
2011-07-06,10.6844,51.8244,41.9875,71.69,53.7982,48.7286,28.7474,9.9336,33.8382,31.0517
2011-07-07,10.8116,52.2134,42.92,71.69,55.2012,49.3448,28.9296,10.1462,34.5594,31.2147
2011-07-08,10.8884,52.0269,42.4458,70.87,54.2435,49.3241,28.3829,10.1888,34.0074,30.8477
2011-07-11,10.6026,51462,41.1498,67.17,52.9815,48.2994,27.6312,9.8996,33.2861,30.2767
2011-07-12,10.5367,51.0996,41.2841,67.75,53.2191,48.1263,27206,9.8571,32.7429,30187
2011-07-13,10.65,51.2648,40.2014,68.43,54318,48.2994,27.3427,9.8486,32.9566,30.0238
2011-07-14,10.4943,50.6199,38526,67.2,54.4517,47.9255,26.8112,9738,32.4935,29.9504
2011-07-15,10.6185,50881,38.3285,67.97,54.9561,48.5278,26.72,9.7635,32.9744,29.8933
2011-07-18,10.5517,50.4174,38.2099,67515,55.2752,47.5031,26.3708,9.6019,32.2175,29.5835
2011-07-19,10.8774,50.2415,38.3759,65.81,57.2353,48.7148,27.0845,10.1462,33.1525,30.1464
2011-07-20,10.7522,50.2308,38.6841,63.71,56.6119,49.4279,26.8947,10.0782,32.5203,30.3176
2011-07-21,10.6355,51.0782,39.5139,63.83,56.5821,50.3834,27.5477,10.3163,32.7028,30.8967
2011-07-22,10.8006,50.8331,39.2294,64.1,57.2649,50598,27.7527,10.2738,32.8453,30.9373
2011-07-25,10.6495,50.6679,38.6288,62.37,56.8717,50.3418,27.4414,10.1803,33.0902,30081
2011-07-26,10.6839,47.9285,38.5972,60.42,57.1832,49.7187,27.3806,10.0782,32823,29926
2011-07-27,11.0998,46.9425,37.6251,62.19,54.6371,49151,26553,9.8656,31.1133,28.9635
2011-07-28,11.1687,46.6707,37.6409,56.49,54.4143,48.0778,25.7178,10.1207,31.0643,28.8248
2011-07-29,11.0999,46.4415,37.7753,53.72,54.2808,47.6416,25285,10.1037,31.1088,28.7759
2011-08-01,11.04,46.2444,37.2379,50.51,55.8843,47.6901,24.9129,9.9932,31.4762,28.0907
2011-08-02,10.5602,45.4449,35.6257,52.0,51.7937,46.8454,24.1232,9687,31.3315,27732
2011-08-03,10.4734,45.9299,36.3212,53.24,52.1058,47.1362,24.4725,9.5764,32.3733,27.5198
2011-08-04,10.0504,43.8247,34061,54.22,50.0345,43.9721,23.9106,8913,30628,26.8345
2011-08-05,10.1112,44.1019,33.8239,53.23,52.1872,44.1382,24.4649,8862,30.2495,27.3159
2011-08-08,9.6623,41.8848,29.7382,54.37,45.3203,40.5933,23.1817,8.1306,27.4178,25.1546
2011-08-09,10.2304,44.0699,32.2591,56.35,48.9503,41.8811,24.1764,8.1561,28.8782,26.0764
2011-08-10,9.6837,41.6929,32.4805,54.75,48728,40.7734,22.3388,7.8381,27.0839,23.0338
2011-08-11,9.8947,43.2865,34.9255,56.27,50.8362,42.6497,23.4019,8.0942,28.0456,23.9473
2011-08-12,10.0913,43.99,34.6406,56.44,52.0387,42.5315,23.6145,8.1284,28.7624,23.8495
2011-08-15,10.1237,44.4003,35.9224,54.29,53234,43.7898,23941,8.4784,28.4641,24.5265
2011-08-16,9.8608,43.7715,35.2499,57.38,52722,43.6368,23.8954,8.4357,27.9298,24.4041
2011-08-17,9.7735,43.4227,35.1866,56.16,48.1564,44.1999,23.8575,8.3162,27.7428,24.2165
2011-08-18,9.1046,41.5394,33.1768,56.1,43502,42.2743,22802,7.7954,24.2455,23.0663
2011-08-19,8.9255,41.2443,32.6783,58.9,41.8389,41.6555,22.4148,7.6417,24.4926,21.9572
2011-08-22,8.8562,41.2872,32.5438,58.31,41.9875,41.4261,22.6577,7.6417,25.1426,22.6097
2011-08-23,9.6548,42.7466,33.8652,56.87,44066,43.1293,23.4474,7.6332,26.5897,23.67
2011-08-24,9.6638,43.0793,34.6406,56.26,44.1106,43039,24.1491,8.0686,26.9013,23.9309
2011-08-25,9579,41.9526,34.3241,56.41,42.5728,41.9962,23.1617,8.2052,26.3581,23.1071
2011-08-26,9.9401,42.9291,34.9967,50.29,44.0847,43.1154,23.6592,8265,27.0883,23515
2011-08-29,10.3023,44.0505,35.9145,51.96,47.2411,44.3251,25.2207,8.8114,28.0768,24.7875
2011-08-30,10.5213,44.0344,35.8987,50.99,48.0378,44.5058,25014,9.0505,27961,25.1546
2011-08-31,10.7363,44.5226,36.4367,49.59,47.3604,44.9855,25.2819,8.9822,28.2504,25.0077
2011-09-01,10.6021,43.7875,35.8433,47.56,46.6458,44.8812,24.4629,8709,28099,24.4041
2011-09-02,10.4754,42575,33.4538,48.49,44.9924,43.9079,23.6209,8.5126,27.2041,23.3192
2011-09-06,10.7836,41.8935,33.0186,47.95,44.8142,43616,23.3224,8.3077,26.8791,22.5527
2011-09-07,10.9692,43.2295,34.8543,49.46,48.2094,45.2566,24.3634,8.6833,28.5977,23.8251
2011-09-08,10.8375,42.5267,34.1026,48.82,46884,44339,24195,8.3674,27.6137,23.1888
2011-09-09,10.5447,41.1263,33.0581,49.43,46.8988,43463,23.4832,8.1796,27.0661,22.5361
2011-09-12,10.8026,41.9687,33.6911,49.76,47.1819,43.0737,24.1032,8.1625,27.3822,22.7564
2011-09-13,10.9507,41.7487,33.7544,50.66,48604,43.0876,24.6849,8043,27587,22.9848
2011-09-14,11.1024,42.6232,34.4349,51.04,49.2293,43.8106,25.2207,8.1711,28.4641,23.0829
2011-09-15,11.3124,43.2617,34.3874,51525,50.4131,44.1791,25.5039,8.1881,28.9895,23.5232
2011-09-16,11.9369,43.2081,33.9997,48.8,50.7107,44.6031,25657,8.2394,29.0474,23.8821
2011-09-19,12.0561,42.4998,33.8019,45.76,51.1131,43.9705,24.6849,8.1625,28.5131,23.3356
2011-09-20,11.6351,42.4998,33.5645,46.42,50.5025,43.7133,25.9325,8.3504,28.4997,22.9523
2011-09-21,11.5663,40.9599,32.7496,47.12,48.8645,42.0101,25.0753,8.2394,27.9833,21.9898
2011-09-22,11.1353,39.1142,32.2827,46.72,46.0723,38.9999,23.9348,7.7868,27.1061,21.2312
2011-09-23,11.1543,39.6991,32.3935,46.91,46266,39.3614,23973,7.8295,27.8452,21.2393
2011-09-26,11.4655,40.3429,33.9206,44.65,48.8123,39.7021,24.5624,8.0686,28.5176,22.2019
2011-09-27,11.1842,40.9278,33.5724,45.06,49.7579,41.8432,24.6849,8.0174,29.6173,22732
2011-09-28,11.4586,39.4898,32.3935,43.07,49.6835,40.7518,23.9042,7.7698,28.9628,22.0552
2011-09-29,11.0959,39.9888,32.4647,43.04,47.7847,40.9882,24.5471,8.0601,28.9628,22.5361
2011-09-30,10.7861,38.5187,31357,42.12,45834,40.5224,23.1923,7.7185,27.9165,21.9001
2011-10-03,10.5741,38.0572,29.8694,41.66,44.4119,38.5898,22.6642,7.2148,27.3154,21.6962
2011-10-04,10.6001,38.6367,30.7002,40.9,44.8588,38.9165,23.4679,7.4368,27.9966,22.3243
2011-10-05,10.9491,38.9157,31.1908,42.35,47.1222,39.6882,23.5368,7.8466,28.3929,22.9115
2011-10-06,11.0495,40.0532,32.1403,45.21,48.2614,39.9454,24.3634,7.9576,29368,23.5884
2011-10-07,11.2106,39.6079,31.4994,45.03,48.0529,38.8261,24195,7.8295,29.2166,23.3192
2011-10-10,11.5389,41.1638,33.1531,43.84,50.6139,39.57,25.2054,8.2308,30.2184,24.2654
2011-10-11,11.7464,41.0029,33.6437,44.06,51.2395,39.7646,25.1824,8.3589,30.0447,24.3225
2011-10-12,11.8127,42.0438,34.3716,43.67,52.6915,40.0636,25.5804,8.5724,31.7277,24.7955
2011-10-13,11.7798,41.7433,33.1294,44.34,51.3887,40.2582,25.7794,8.4187,31.6209,24.5182
2011-10-14,12.3066,42.3281,33.2797,44.42,52.8106,41.0438,26.0473,8504,32.1552,24.9588
2011-10-17,12.0881,40.7131,31.8713,44.52,51.1873,39709,25435,8.1454,31.7633,24.1348
2011-10-18,12.1654,42.0438,32.5834,44595,52.3939,39.4031,26.2234,9042,31.8479,24.5593
2011-10-19,11.5493,41.6897,31.4519,44545,51.1353,39278,25.8177,8.9139,31.3048,23.9473
2011-10-20,11.6531,42.2155,32.0374,41.83,51.8873,39.4727,25.9478,9.0676,30.8818,23.8739
2011-10-21,11.7115,43.1813,34.2529,40.86,51.8649,40.1748,26851,9.2469,31.2647,24.4937
2011-10-24,11.8526,44.0934,35.9541,41.75,54.3514,40.9743,27.5093,9.7506,31.8079,25.2035
2011-10-25,11.3309,41.3355,34.3479,43.63,54.7016,40439,26897,9.4774,31.2246,24.6243
2011-10-26,9.8967,41.3248,35.2894,44.2,53.7633,41.4192,27.4021,9.6652,31652,24975
2011-10-27,10.3147,43.6802,37228,42.83,56.7043,43.7272,28.1676,10.0922,34.0919,26.7532
2011-10-28,10.8405,43.4603,37.1093,42.71,57.1885,43.2892,27.6471,9.9129,33.6912,26.4595
2011-10-31,10.6505,42.3979,36.1282,42.28,55.3945,42.9416,26.9505,9503,32.3911,25.6601
2011-11-01,10.5804,41.0619,34.6327,40.16,55.2746,42.4133,25458,9.3066,31.5763,24.4041
2011-11-02,10.7557,41.8828,35.7642,40.72,55.1035,42.7539,25.9631,9.6311,31.1311,24.7466
2011-11-03,10.8889,42.7306,36.9827,39.83,44.1217,42.9138,26.3152,9.8787,31.7144,26.4268
2011-11-04,10.7986,42.5481,36.5238,41.4,43.3397,42.5315,26.0856,9.8616,31.5407,26.4268
2011-11-07,10.8245,42.7574,36.6899,41895,43.4146,42.9486,25.9861,9.9726,31.3804,26329
2011-11-08,10.8739,43.9056,37.0697,42.54,43.3397,43.2753,26.3305,10.3153,31.7723,26.8919
2011-11-09,10.5362,42.3872,35.1312,44.17,41.9027,42.8096,24.8992,9.7413,30.0892,22.7564
2011-11-10,10.5148,43.0954,35.2024,43715,41.2924,42.5801,25213,9.9898,29.9824,20.5869
2011-11-11,10844,44.1524,35.6218,42.7,42.29,43.4908,25.6187,9.8184,30.6413,21.5984
2011-11-14,10.9208,43927,34.6644,42.36,42.6254,43.6994,25.3967,9.6642,30.0982,20.7663
2011-11-15,10.8659,43927,34.5615,42.32,41.4711,43.8106,25.2896,9.6985,30.9753,21.4679
2011-11-16,10.5746,43927,33.2876,45.48,35.8124,43.4547,24.3634,9.8869,30.4543,21.0601
2011-11-17,10202,43.1544,32.6458,48.16,36.8625,42.4566,23.7664,9707,29.8933,20.5135
2011-11-18,9.8339,43.2134,32.9864,46.98,35.2172,42.4566,24.6619,9.6385,29.4882,20.5623
2011-11-21,9.4403,42.0599,32.4636,46.9,34599,41.6539,24.5777,9.5614,28.8114,20.2605
2011-11-22,9.5944,42.0545,32.2972,46.9,34.1373,41.5632,24.3284,9.6813,29.0162,19.9752
2011-11-23,9.4273,40.8171,31.5684,46.33,33.5432,41.1724,23503,9.2786,27.5826,18.7597
2011-11-25,9.0986,41.1359,31.7031,48.54,33.3714,41.0886,23503,9.3043,27.8185,18.7027
2011-11-28,9.6847,41995,33.1607,48.77,35.0753,42.3728,24.4903,9.6471,28.8025,19.0371
2011-11-29,9.3974,41.7357,32.8993,49.42,35.0831,42.2263,24.7217,9.6728,28.8426,19.0046
2011-11-30,9.5919,43.7889,35.3788,48.84,35.8077,43.6222,25.6088,10.2379,29.9868,19.9261
2011-12-01,9.8334,43.3891,35.4501,49.62,35.7854,43.9223,25.4854,10.2551,30.0937,20.1627
2011-12-02,9.7785,43.0973,35.9175,48.84,36.6224,43.7618,25.7862,10.2208,30.4989,20.1219
2011-12-05,9789,43.7295,37.0741,48.41,37549,43.3849,26.3493,10.8397,31.1489,20.9049
2011-12-06,9577,44.3779,36.1868,49.02,36.7494,43.8246,26.3107,10.8998,31.1178,20.6684
2011-12-07,9.7431,44.5184,36.6463,49.64,37.0186,43.8316,26.4727,10.9084,31.0643,20.8315
2011-12-08,9.5017,43.4756,35.4263,54.7,36.5926,42.9172,25.7862,10513,29.9824,20.4074
2011-12-09,9.6289,44.4157,36.4958,58.54,37.7211,43.1266,26.2259,10.8827,30.8907,21.1661
2011-12-12,9.4538,43.5458,35767,58.68,36.9069,42.5613,26.1719,10.8827,30.0269,20.5869
2011-12-13,9.0043,42.9082,35.3313,59745,36002,40949,26.0099,10.3583,29.7909,20.3341
2011-12-14,8.9894,42.4219,35.1174,61.11,34.5744,40.0207,25.3928,10.0488,28.9762,20.3341
2011-12-15,9.0417,42611,34.1034,60.69,34.5071,40.0068,25.5085,10.2465,29181,20.7663
2011-12-16,9.0417,42.6164,34.3727,61.2,34.8064,39.5112,26.1256,10.3153,29.1587,21.1496
2011-12-19,8.9455,42.0491,32923,61.66,33.7375,38.9878,25.3003,10109,28.5621,20.3911
2011-12-20,9.1046,43.3945,33.0736,60.61,36.0249,40.0486,25.2617,10.6849,30.1115,21.6065
2011-12-21,8697,43227,33.2241,61.06,36.2865,40.1882,25.2848,10.9858,28.2638,20.9376
2011-12-22,8.9305,43.7511,33.7786,59.86,36.9811,40.4465,25.1768,10.7623,28.5843,21.3617
2011-12-23,8.8432,44.4157,34143,59.29,36.2711,40.5442,25.6011,10.7021,28.7446,21.5984
2011-12-27,8.7928,44459,33.6598,60.61,36.7569,40.3069,25.7014,10.6162,28.5799,19.6572
2011-12-28,8.6741,43.8484,33.0498,60.6,35.8673,39.3158,25.0611,10.4872,28.1257,19.3797
2011-12-29,8.6726,44.3671,33.7786,60.22,36.4279,39944,25.3542,10.9514,28.3439,19.3145
2011-12-30,8.6347,44.1618,33.5013,60.49,36.5028,39923,25.1768,10.8397,28.6333,19.3307
2012-01-03,8.9305,45.1128,34.6579,61.43,36.5402,40.9979,25.4237,11.1577,29.2611,19.9997
2012-01-04,8.8547,45.4856,35.2521,60.3,35.3221,41.0048,25.6242,11.2781,29.3702,19.9752
2012-01-05,8.8597,45.2803,35.7907,60.26,34.2982,40.8513,25.6628,11.4844,29.9601,19.8284
2012-01-06,9.1091,45.0479,35.7749,60.58,33.5653,40614,25.3851,11.1577,29.5683,19.1922
2012-01-09,8.9071,45.3181,36.6384,62515,34.1037,40.8164,25.5162,11.1405,29.6707,19.0617
2012-01-10,8946,45.5504,37.7712,60.09,33.6029,41.0816,25.8248,11.5875,31.0599,19.9099
2012-01-11,8924,45.2641,37795,59.62,33.8274,40.9839,26.5036,12.1463,31.2914,20.0487
2012-01-12,8.7759,45.5396,38.3416,59.61,33.4385,41.5423,27.1052,12.2408,30.7705,20.2931
2012-01-13,8.9001,45.1722,38.7297,60.69,33.6254,41.0188,26.4418,11.9572,30.4276,19.6979
2012-01-17,9.0617,45.5126,38.6584,59.79,34.1262,40.4255,22.8319,11.8196,30.4677,20.1384
2012-01-18,9.4498,45.9665,38.9119,60.83,35.4266,40.8653,23.5647,12.1377,30.8773,20.8154
2012-01-19,9.6997,46361,38.6347,61.19,35.1874,40.7047,24.6138,12.0775,31.0866,21.2801
2012-01-20,9.5241,46.2799,36.4641,61.51,33.2669,40.9071,24.3438,11.8798,31.2424,21.2883
2012-01-23,9.2827,46.2583,36.5116,61.27,33.0573,40.5721,24.3052,11.94,31.4383,21.4433
2012-01-24,9.3281,46.4312,35.6798,60645,34.1334,40.6628,24.5135,12.2494,31.6921,21.2801
2012-01-25,9368,46.7284,36.1314,61.18,35008,41.3259,24.0275,12.4557,31.9548,21.4679
2012-01-26,9.6431,47.3228,36.1314,61.3,34.2903,40.7815,23.5107,12.1377,31.7144,21.2312
2012-01-27,9.7456,47.2579,36.4799,61.41,35.2996,40.3627,23.5107,12.3698,31.7589,21.3535
2012-01-30,9585,47.1931,35.4897,61.07,34.9782,40.0347,23.2407,12.1033,31.6075,21.1496
2012-01-31,9.6992,46.8527,36.2423,63735,34.3352,39.9719,23.2947,11.9658,31.9459,21.0681
2012-02-01,8.9519,47.1985,36.9552,62.89,35.0007,40.3976,23.8424,12.1119,32.4913,22.1774
2012-02-02,9.0647,47.2417,37.2246,61.94,30.1949,39937,24.0352,12.1377,32331,22.2345
2012-02-03,9362,47.4038,39.0545,62.25,30.2769,40.4186,24.6832,12.6019,32.6583,22.8952
2012-02-06,9.1355,47.3119,37.9455,63.11,33.1469,40.5861,24.66,12.4214,32.2219,22.3894
2012-02-07,9.1879,47.4903,37.4622,63885,33.4237,40.8094,24.5212,12344,32.0617,21.5984
2012-02-08,9.2522,47.5335,38.3661,64.75,33.4313,41.6958,24.6832,12.4884,31.5007,25.6029
2012-02-09,9.2273,47.5605,38.9371,63.43,33.9916,43.9642,24.66,12.5056,31.4695,26.8675
2012-02-10,9.2552,47085,38.2868,62915,33685,44.3062,23.9504,12.3505,31.2023,26.4839
2012-02-13,9557,47.5659,38.4533,63.57,33386,44.6342,23.5493,12.6952,31.4561,26.4025
2012-02-14,9.5426,47.5443,38.0489,61.94,33.3262,45.8347,23.4799,12.5487,31.4984,26.5901
2012-02-15,9.2019,47.3321,39.0005,59.67,36.0991,46171,23341,12.5228,31.4873,26.8919
2012-02-16,8.9754,47.6803,39.0878,57.34,36.2413,46.4302,23.5956,12.4711,32.0394,27.1284
2012-02-17,9.1036,47.6313,38723,56.78,36.2338,46.6334,23.8887,12.3505,31.6476,26.9815
2012-02-21,9.0916,47.6531,38.5882,56.81,35.8603,46.9837,23.7113,12.0143,31.4383,26.0764
2012-02-22,9.0078,47.7401,38263,55.66,35.6734,46.9907,23.4054,12.0057,31.6743,26.0108
2012-02-23,8.9235,47.8163,39.0957,56.32,36.1421,47.5232,23.4521,12.2039,31.4339,26329
2012-02-24,8.9355,47.9795,39.0878,56.37,36.1121,47.5792,23.3044,12.0488,32.1373,26174
2012-02-27,8.9056,47.9088,39.4446,56.38,36022,46.9347,23.2966,12.2729,32.0572,26386
2012-02-28,9.1684,47.7456,39.9442,56.05,35.8569,47.1729,23.3355,11.9712,31.8568,26.2883
2012-02-29,8.9634,47.6531,40.1266,56.77,34.3491,47.1659,23.5532,12.3591,31.5897,25905
2012-03-01,8.9809,47.5933,39.8411,56.56,35.5046,47.2009,23.7165,12.2126,31.7767,25.9783
2012-03-02,8944,47.6096,39.5636,56.72,36.2171,47.0538,23.7709,12.0057,31.7633,25546
2012-03-05,8.9919,47.3593,39.1591,56.18,36.7572,47.0328,23.5765,12.0316,31.8079,26.0433
2012-03-06,9.0333,46.2115,38.2789,55.28,35.8345,45.5825,22.9233,11.6006,31.3404,25.2932
2012-03-07,9.1669,46.4944,38.5326,54.92,36.3223,46.1149,23.6621,12.0574,31652,25.2279
2012-03-08,9.36,47.1689,39.1988,55.89,37.1172,46.6754,24.0664,12.5487,32.4401,25.5215
2012-03-09,9.1944,47.2179,39.5081,55.07,38.1001,46.5003,23.7709,13333,32.3689,25.6682
2012-03-12,9148,47.6205,38.8419,51.06,38085,46.5844,24012,13.5053,32.4134,25.4074
2012-03-13,9.2078,48.2787,40.4042,51.28,38.7151,47.4531,24914,13738,33.6734,25.6518
2012-03-14,9.0916,48344,41.4985,50.75,40.1556,47.0187,24.8284,13.6432,33.5309,25.3422
2012-03-15,9.1999,48.9587,42.5294,49.71,39.6602,47.5933,25.1861,14.0656,33.9539,26.1822
2012-03-16,9.2308,48.7193,43.2194,49.9,39.3603,47.6283,25.1317,13.8156,34.2433,25.7743
2012-03-19,9.2542,48.8172,43.6952,50.95,39.1053,47299,25.5283,13.7294,33.9228,25701
2012-03-20,9.5939,48.6051,43719,50.83,39.6756,47.7264,25.2561,13.5657,33.7358,24.8527
2012-03-21,9564,48.3657,43.9172,49.67,39.2403,47.5933,24.9373,13.5657,34.2567,25.1707
2012-03-22,9.5974,48.1808,43.1559,51.3,38.9851,46.9767,24774,13.2899,34.0029,24.8038
2012-03-23,9.7291,48.1209,44.2027,49.85,38.43,47.1098,24.8129,13.2985,34.0074,25.0321
2012-03-26,10.1197,48.4799,45.3209,49.17,38.4075,47.6773,25.3494,13.2985,34.5817,25.3502
2012-03-27,10.2479,48.4908,45.1068,50.29,38.3478,47.2149,25.2406,13.5915,34.4659,25.3748
2012-03-28,10.0344,48.1155,45.1861,50.43,37.1624,47.0888,25.2095,13.7122,34.0163,24.8935
2012-03-29,10.2065,48.2896,44.7499,50.48,37.3047,47.0888,24914,13264,33.9717,24.6977
2012-03-30,10.1017,48.5289,44.2027,53475,37215,47.9506,24.9451,13.0744,34.2611,24.4204
2012-04-02,9.8793,48.5398,44.6944,52.15,38.7226,48.8544,24.6418,12.9451,34.2879,24.5754
2012-04-03,9.9596,48.3004,44.6785,51.76,38.3775,48.1888,24.6263,12.7814,33.9762,24.2
2012-04-04,9.6767,47.7836,43.9252,51.98,38.0399,47.7614,23.8798,12.3332,33.9628,23.6538
2012-04-05,9.6967,47.4736,44.1313,51.03,37.4475,47.9646,23.8564,12.1091,34.4125,23.9392
2012-04-09,9571,46.9622,43.0132,51.11,36.7123,47271,24.1208,12.6693,33.7981,23.3439
2012-04-10,9.3271,46.0103,41784,51.49,35.3169,46.8156,23.7087,12.1091,33.3128,22.9848
2012-04-11,9.3764,46.4291,42.6088,51.36,35.5948,47.4391,24.2997,12.6952,33.5577,22.3404
2012-04-12,9.5121,47.2505,43.3383,50.97,36.1345,47.9296,24.4435,13.0917,34.1765,22.5851
2012-04-13,9.4009,46.6141,42.4026,49.95,35.3769,47.6353,24.2763,12.7728,32.8586,22.0387
2012-04-16,9.2532,47.0003,42.2519,47.84,35.0917,47.2219,24.4474,12.7383,32.3689,22.3163
2012-04-17,9.3974,47.5715,42.8387,46.98,36.3223,47299,24.8284,12.9451,33059,22.5851
2012-04-18,9.5311,47.3974,43029,46.04,35.9993,47.5162,24.9062,12.8159,32.3555,22.7159
2012-04-19,9.5326,47.2179,42.7674,45.17,36.1868,46.7525,25.3494,12.6004,32.0127,22.4792
2012-04-20,9.4767,47.5878,42.7039,44.19,36.7947,46.4162,24634,13.2554,31.8836,22.2345
2012-04-23,9.3899,47.3974,42.8863,45.12,35.8569,45.9398,24.4707,12.9796,31.9548,21.8592
2012-04-24,9.4942,48.1372,43.1084,43.27,35.8345,46.4162,24.8518,13.3933,32.2308,22.1122
2012-04-25,9.6982,48.3059,43.5524,43.65,36.7043,47.2499,24.9528,13.5398,32.1062,22.6506
2012-04-26,9.7765,48.5887,43489,44.03,37.8749,46.0239,25.3339,13.9104,32.6805,22.8381
2012-04-27,11.3159,48.6105,44.4565,46.01,38.1677,45.1901,25536,14.2293,32.9388,23.2297
2012-04-30,11.5678,48.6105,43.9965,45.81,37.6346,45.1901,25.2678,14.0914,32.6494,22.8871
2012-05-01,11475,48.7411,44.4248,44.49,39.7729,45.9818,25.6682,14.35,32.6716,23148
2012-05-02,11.4855,48.6975,44.4723,44.76,39.9753,45.5404,25.7071,14.8412,32.4312,23.0012
2012-05-03,11.4456,48.6268,44.06,43.95,39.3753,45.3793,25.3028,14.5482,31652,22.8381
2012-05-04,11.1732,48.2352,43.2352,43.28,37.8975,45.1971,25085,14.3387,31.0153,22.1937
2012-05-07,11.2316,47.8761,43.3383,43.48,36.7572,44.6086,24.8751,14.4769,25.0674,22.2264
2012-05-08,11.1687,47.6313,42.8784,42.5,35.0244,45.2322,24.7585,14.3042,26.8479,22.0222
2012-05-09,11.1228,47.4736,42.4501,42.74,35.1517,45.3723,24.3697,14.8829,26977,22.1693
2012-05-10,11.3079,47.3974,43.0687,42.97,35.6619,45.1341,24393,14.6151,27.1818,22.0222
2012-05-11,11.3573,47.1798,43.1163,42.27,34.9718,44.2653,24463,14.7965,27.2887,22.1122
2012-05-14,11.1203,46.6902,41.4827,43.38,34.4394,43.8029,24.5952,14.5979,26.7321,21.6879
2012-05-15,11.1932,46663,40.6659,45.54,34.0567,43.0812,24.8207,14.9693,27.2486,21.5086
2012-05-16,11.1767,46.7507,39.9275,45.31,29.6306,42.9341,24.6962,14.7361,26.8791,21.5494
2012-05-17,10.8924,46.1974,39.5306,44.3,27418,42.6316,24.5563,13.95,26.4695,21.0193
2012-05-18,10.6674,45.7428,38.9988,43.69,26.9227,42.0548,23.9964,13.8291,26.5496,21003
2012-05-21,10.8799,46.2632,39.5941,44.5,27.4105,42.6457,24.6807,14.2178,27.1952,21.6556
2012-05-22,10.7412,46.0824,39.9195,51.92,26.6528,42.1884,24.9062,14.3301,27.1284,21.5249
2012-05-23,10.8385,46.4494,39.9592,51.2,26.5105,42.6246,24.9585,14572,27.2798,21.7533
2012-05-24,10.7367,46548,41.0547,52.08,26.6045,42.5542,25.2014,14.8138,26.7633,21.5738
2012-05-25,10.6195,46.4385,40.5863,53.48,27.3129,42.9552,25.0368,14.6929,26.7143,21.7126
2012-05-29,10.7123,46.9588,41.1817,51.44,27.0418,43.5039,25.2797,15.0557,27.1596,22267
2012-05-30,10437,46.2577,40.4673,51.88,25.5489,42.2236,25.0133,14356,26.2068,21.9491
2012-05-31,10.6205,46.2358,40.7768,51.11,25.2852,41.8578,25.1465,14.3387,25.9352,21.7287
2012-06-01,10.3866,45.3813,38.4193,51.51,24.2296,40.9573,24.3551,13.1381,25.3341,21.0437
2012-06-04,10.7033,45.2553,38.6415,51.74,23.9583,40.6829,24.3081,12.5075,25.7927,20.7989
2012-06-05,10.6355,45.1951,39.9037,51.63,24.4333,41.0277,24.3512,12.8358,25.9841,21.2068
2012-06-06,10.8565,46.3563,40.1736,49.94,24.6068,42.2095,24935,13.2245,26.7633,21.5004
2012-06-07,10.9143,46.8328,40.6181,47.91,24.2222,42.2025,25.1935,13.4145,26416,21.3128
2012-06-08,10.8984,47.1067,41.7453,45.27,24.2449,41.7241,25.8831,13.7945,26.2023,21.3291
2012-06-11,10.7996,46.6576,41.1023,43.61,23.4231,41.0417,25.6402,13.2504,25.8506,20.4319
2012-06-12,10.7956,47.5066,42.1342,44.38,23.6418,41.3864,26.5022,13.2245,26.1044,20.2198
2012-06-13,10.7113,47.1779,41.3325,46.09,23.3024,41.0769,26.3141,13.0171,26.0955,19.7387
2012-06-14,10.6973,47.5778,42.0786,47.84,23.0235,41.0769,27.0821,13.5181,26.3092,19.8284
2012-06-15,10.8919,47.8955,42.7137,47.8,23.7775,40901,27.2388,13.7168,26937,20.1545
2012-06-18,11.1069,47.8243,42.9518,47.84,23.4833,40.9995,27.2075,14.2524,26.6832,20.0813
2012-06-19,11.1752,48.1036,43698,47.26,24.2144,41.5271,27.5131,14.4424,26888,20.1301
2012-06-20,11.1248,47.9503,43.2058,47.96,24.3126,42.8849,27.6933,14.4683,26.8702,20.1545
2012-06-21,11.0029,47.5066,42.0945,48.29,23.3476,41.9,27.0978,14071,25.8083,19.4533
2012-06-22,11.0819,47.5614,42.0151,46.94,23.1515,41.7311,26.3768,14.1746,26.0331,19.4938
2012-06-25,10.9777,47.0246,41.4277,49.11,22.4506,41.3864,26.2514,14071,25.7793,19.0288
2012-06-26,11254,47.2053,42.1818,47.73,22.7821,41.8578,26.4317,14572,25.3519,18.9964
2012-06-27,11.2545,47.7421,42.2056,48.22,23.0537,42.5472,26.4473,14.9088,25.6502,19.2981
2012-06-28,11.0395,47.7421,42.4358,48.79,23.7474,43.11,26.4395,15.0211,25.0224,19.3797
2012-06-29,11.3907,49.0786,43.3884,46.2,25.7375,44.1371,26.8548,15.8763,26.7143,20.2443
2012-07-02,11.4391,48.9033,43.4598,46.58,25647,44.0738,26.9724,15.9885,26.4427,20.2362
2012-07-03,11.4496,49.1334,43.7377,47.76,26.1068,45.2345,26.8705,15.7899,26603,20.4645
2012-07-05,11.3264,49.0622,43.2852,46.92,26137,44.4888,26.6354,16144,26.8123,20.3911
2012-07-06,11.2261,48.7445,42.8804,45.33,25.2625,43.8276,26.3925,16.2045,25.6725,19.7629
2012-07-09,11.2261,48.7281,43.0471,45.14,24765,42.7864,26.0947,16.3168,25.5389,19.5753
2012-07-10,10.9492,48.3392,42.5073,44.42,24.7047,43.1663,25.8126,15.7553,25018,19.1187
2012-07-11,10.8929,48.1201,42.8962,43.37,25.7225,43.7572,25.7107,15.4444,25.1649,18.9066
2012-07-12,10.7427,47.3313,42.3565,43.64,25.2852,43.4477,25.1544,15.8676,24644,18.8091
2012-07-13,10.8939,47.9776,43.1979,43.29,26.7476,44.1582,25.4208,16.1527,25.4944,19.3551
2012-07-16,10.7752,48257,43.7297,40.81,25.9034,43.5673,25.4365,16.3254,25.9396,19.0288
2012-07-17,10.8211,48739,44.3171,41.02,26.6873,43.4547,25.6951,16.1008,25904,19.1268
2012-07-18,10848,49.7743,43571,42.75,27.0945,44.7069,25.8126,15.9281,26.4071,19.4613
2012-07-19,11282,49.7524,44.7458,42.68,27.5392,44.6366,26.1731,15954,26.2513,19.2493
2012-07-20,11.3877,49.2923,44.3568,45.46,27.6749,44.3833,25.7891,16.3081,25.5211,19.0451
2012-07-23,11274,48.9472,43.8964,46.66,27.1094,44.2074,25.2954,16.4723,25.1515,18.6048
2012-07-24,11.1258,48.3337,43.6583,48.88,26.3555,43.6024,24982,16.1268,24.7775,18.3521
2012-07-25,10827,48613,43.5551,49.91,26.7174,43.4547,25.4051,15.5307,24.9779,18.5394
2012-07-26,10.9747,49.6209,44.7378,51.12,26.9737,45.5933,25.6363,16239,25.3608,19241
2012-07-27,11.8382,50.2344,45.7221,51.2,27705,45.9873,26.4865,15.8849,26.0598,19.7629
2012-07-30,11.7768,49.9989,45.1665,50.83,26.6797,46733,26.4473,15.4616,25.5166,19812
2012-07-31,11.6376,49.9715,44841,50.58,25.4813,46.2687,26079,15.2284,25.2762,20.0813
2012-08-01,11.5773,49955,44.1663,51.95,25647,46.5923,26.3376,14.9261,25.0491,19.9834
2012-08-02,11.5134,49.3415,43.7932,52.48,21908,45734,25.8831,15.1593,25058,19.6979
2012-08-03,11.7209,50.2289,45.7063,52.05,22.1416,46.0154,26.6668,14.9866,25.7615,20.2525
2012-08-06,11672,50.0701,44.9998,51.19,22.5258,45.9873,26.7843,15.0989,28.5888,20497
2012-08-07,11.8002,50.2289,44.9125,51.77,22.6088,45.6355,26.9802,15.2975,28.4062,20.8154
2012-08-08,11.6915,50.1906,44.9361,49.94,23.3102,45.5511,26.7216,15.5739,28.6734,24.0859
2012-08-09,11.6755,50.1687,44.9282,49.89,24.2752,45.6777,26.6511,16.0046,28.6912,24.8853
2012-08-10,11.6102,50.5521,44.5707,50.43,24.1317,45.7059,26.6824,15.6583,28.9272,25546
2012-08-13,11.5947,50.6123,44.1655,50.57,24.4785,45.6074,26.6354,15.7882,28.9138,25.6195
2012-08-14,11.6321,50.5576,43.8,49.16,24.3729,45.4526,26.6354,15.8661,28.6333,25.5623
2012-08-15,11.8431,50689,43.7285,50.85,26.5593,45.3612,26.3925,15.6756,28.3751,25.5623
2012-08-16,12.0492,51.3463,44674,50.99,26.6949,45.8184,26.6433,16.3768,28.9049,26.1576
2012-08-17,12.0302,51.6202,45.1189,57.07,27087,45.6489,26753,16.4287,28709,26.6552
2012-08-20,11.9893,51.4285,44.8805,57.78,27.3281,45.9597,26.8392,15.9353,28.5443,26.8997
2012-08-21,11.9444,51056,44.8646,58.35,27.7127,46.3412,27.1134,15.7968,28.6912,26.9489
2012-08-22,12.1265,51.0891,44.3959,58.66,27.5544,46.2423,26.9056,16446,28.8648,26.8675
2012-08-23,12.0316,50.7032,44.1973,58.33,26.9294,45.6913,26.29,16.2556,28.9361,26.7695
2012-08-24,12.2582,51.1718,45.1824,59.67,27.4141,45.5076,26.2584,16.4547,28.8782,26.9082
2012-08-27,12.1674,51.0395,45.1507,58.39,27.5733,45.3663,26803,16221,28.7402,26.8997
2012-08-28,12.2766,50.8796,45.0235,55.87,27.1869,45.2957,27.6081,16.1171,28.6823,26.6064
2012-08-29,12327,50.9513,44.8646,54.75,27.2249,45.4723,27.7659,16.2296,28.8203,26.5003
2012-08-30,12.2821,50.5819,44.5071,53.92,27.1869,44.8153,27.6475,16.2469,28.4196,26.2637
2012-08-31,12.3844,51045,44.9123,52.72,27.2626,44.9637,27.3713,16.4373,28.62,26.2719
2012-09-04,12.3649,50.5378,44.8805,54.18,26475,44.9707,27.4581,16.8701,28.5955,26.0679
2012-09-05,12.2821,50.5764,44.6263,52.75,26.2174,45.1191,27.4028,16.8269,28.4374,26.3943
2012-09-06,12.5395,51.4198,45.4128,53.94,27.3686,45.2674,28.3578,17.3462,29.3591,26.7124
2012-09-07,12.9266,51.1663,45.6115,53.28,27.6337,45.9738,29.2418,17.3376,29.9201,26.9489
2012-09-10,12.8243,49.9811,45.3175,54.44,27.6944,45.9385,28.8235,17.1038,29.7509,26.9897
2012-09-11,12.7535,50.2567,44.8646,54.88,27.2478,46.2776,29.1155,17.5799,29.9468,26.8345
2012-09-12,12.7515,50.0583,46.0166,56.17,29.2319,46.5531,29084,17805,30.3653,26.9652
2012-09-13,12.9815,50.7473,46.8588,56.4,29.1945,46.9982,29.8495,18.4282,31.1868,27.3649
2012-09-14,13.0328,51.8057,47.1686,56.1,29.8156,47.2525,29.96,19.0341,31612,28.2866
2012-09-17,12.8697,51.6955,46684,56.51,29.1564,47.2949,29.7075,18.6792,30.7437,27.8787
2012-09-18,12.9071,51.5025,45.9849,58.18,28.6719,47.4573,29668,18.4801,30.5879,27.4791
2012-09-19,13.0533,51.6128,46.0564,59.67,29.3836,46.7862,29.7627,19.2332,30.5478,27.3569
2012-09-20,13.0099,51.5852,46.1199,59.46,29.3003,46.4189,29.6759,19.2072,30.3876,26.9652
2012-09-21,12.8433,51.3812,45.4923,59.84,27.9366,45.9244,29.5102,19363,30.5501,26.9815
2012-09-24,12.7104,51.6679,45.5638,59.32,26.9143,46214,29.2023,19.0774,30.4811,26.7939
2012-09-25,12.5934,51.1718,44.4118,59.07,26.1869,46.6732,29.2655,18.8177,30.2362,26.0924
2012-09-26,12.4542,51.0395,43.9192,58.85,26.2855,46.4683,29.0129,18.0906,30.2228,26.0433
2012-09-27,12.7994,51.1663,45.2539,54.35,26.0582,47.5421,28.8077,18.1252,30.5968,26.2802
2012-09-28,12.6862,50.9458,45.2937,55.26,25.6946,47.3655,28.7525,17.8526,31.1178,26.2719
2012-10-01,12.5709,51.4253,46.1279,58.41,25.3386,47.8529,28.4289,17.9175,31.7233,25.8886
2012-10-02,12.5006,51.5632,46.3265,59.83,24.5963,47.9236,28.5315,17.9261,31.6676,25.9374
2012-10-03,12766,51.6955,46.5807,65.62,24.7101,47.9448,28863,19.0341,31.8524,25.9211
2012-10-04,12.9929,52.0538,47.2958,64.48,24.6493,48.5099,29.0997,19.0427,31.9815,25.9374
2012-10-05,12.8952,52.3459,46.8747,63.41,24.7403,48.3474,29.3049,18.7398,31.9771,26.0026
2012-10-08,12.9226,52.5719,46.9144,65.74,25.3234,48.6936,29.3207,18.3243,31.7678,26.0433
2012-10-09,12.5186,51.7837,46.6046,64.99,24.9674,48.4039,29.1076,17.8396,31.1534,25.5132
2012-10-10,12.2208,51.4198,46.2629,66.17,25.3234,47.8812,28.9103,17.9435,30.8818,25.5541
2012-10-11,12.1823,51.1718,46.7873,66.92,25.3992,48.4039,29.0997,17.5193,31091,25.7338
2012-10-12,12.0896,51.1277,46247,66.4,24.9674,48.4322,29.0129,17277,30.9619,25.6276
2012-10-15,12.1804,51.1497,45.7624,66.41,24.6192,48.8702,29.4233,17.8829,31.0777,25.8967
2012-10-16,12.1684,51.9435,46.0881,66.99,24634,49.6331,29.8337,17.9002,31278,26.2964
2012-10-17,12.3455,52.2632,46104,65.99,24.6192,49.5695,30.4336,18.6446,30.9619,26.4431
2012-10-18,12.2138,52.2246,45.5241,66.72,24581,49.8309,30.6309,18.6532,30.8862,26.1822
2012-10-19,11.9718,51.2324,48265,72.03,24.2478,49.4989,30.1416,18.5926,30.6191,25.6601
2012-10-22,11.6616,51.0064,47.6692,69.52,23801,49.3576,30.3468,18.5494,31.0821,25.8643
2012-10-23,11688,48.9117,47.6851,66.22,23.74,48.8278,29.7864,18.2551,30.9842,25.4236
2012-10-24,11.3977,48.7243,47407,65.62,23.3388,48.2344,29.8101,18.5321,30.5434,25.1055
2012-10-25,11.1198,48.4045,47.6453,65.42,23.3767,49.5766,30.5125,18.2724,30.3519,25.0729
2012-10-26,11.8841,48.5258,47.6692,65.22,23.1646,49506,29.8732,17.9694,29.7108,24.9506
2012-10-31,11.6173,48.2888,47.8042,61.37,23.1646,50177,29889,18.1425,29.6752,24.8363
2012-11-01,11.5798,49.1983,48.7815,61.78,25.1722,50.5656,30.6625,18.9043,29.9245,25391
2012-11-02,11.5939,49044,48.7815,61.32,24.8311,50.8481,30.5835,18.2118,29.4526,25.3829
2012-11-05,11689,49.3913,48.2094,61.49,25.8081,51.1519,30.5125,18.7917,29.3947,25.6601
2012-11-06,11.8501,50.0858,48.5193,61.27,25.7704,51.6393,30.7572,18.5494,29.9868,30.0157
2012-11-07,11.5758,49.27,47.2469,63.23,24.8765,51.1943,30.5046,18.5407,29.8043,29.2002
2012-11-08,11.3408,48.8125,46.3484,66.44,23.8616,50.4949,30.2047,18.1512,29.0614,28.8168
2012-11-09,11289,48.9558,46412,64.14,23.8767,50502,30.9071,17.8309,29.3858,28727
2012-11-12,11.2969,49.1597,45.9747,67.4,23.74,50.5091,30.3547,16.7922,29.3635,28.7432
2012-11-13,11.3034,49.1046,45.5692,65.64,23619,50827,30.3152,16.6624,29.0661,28727
2012-11-14,11.1213,48.1289,44.6389,65.88,31.7548,50.1629,29.8574,15918,28.6244,28.3843
2012-11-15,11.0041,48.5203,43.5495,68.66,31.6258,49.9218,29.5102,15.9872,28.9451,28.0828
2012-11-16,11.2351,48.7849,44289,69.13,30.9594,49.8722,29.3997,16.3594,29.27,28.1153
2012-11-19,11.4586,49.3747,46.2291,66.13,33.1788,50.8862,30181,16.4633,29.4526,29.2898
2012-11-20,11.6616,49.3969,46.4995,66.49,33.2017,51.2691,30.3293,16.8269,29.0919,30.1054
2012-11-21,11.8736,49.3525,46.3643,67.2,33.2434,51.1486,30.4247,16.8355,29.1676,30.0646
2012-11-23,11.9659,50.0961,46.8891,65.07,33.7682,51801,31.0443,16.9048,29.5995,30.9131
2012-11-26,12.1524,49.9907,46.6505,64.18,33.9279,51.9003,30.5676,16.8788,29.3813,30.8231
2012-11-27,12.1415,50.1127,45.8077,66.48,33.9354,51.3613,30.2817,16948,29181,30.6601
2012-11-28,12.3265,50.4568,46.1814,64.41,34.8783,51.3755,30.7106,16.8095,29.2433,31.1659
2012-11-29,12534,50.3014,46.3245,61.36,34.9088,51.4819,30663,17.0068,29.8844,31.3372
2012-11-30,12.5729,50.4679,45.7998,60.99,34.9015,51879,30.7106,16.8768,29.9334,31.0435
2012-12-03,12.4871,50.1072,45.5851,63.05,34.7187,51.1131,30.4882,16.7987,29.8221,32.0304
2012-12-04,12.5948,50.0073,45.3386,63.47,34.5668,50.7231,30.0116,16.4258,29.8933,31.3943
2012-12-05,12.6682,50.3624,45.3624,63.54,34.3995,50.6309,29.9552,16.1222,31.0554,31.4838
2012-12-06,12.6388,50.4679,45.5374,62.76,34.4678,50.8649,30237,16209,31.1534,31.6227
2012-12-07,12.6337,50.7786,45.3783,64.23,35.2814,51.6875,30.5187,16.3477,31307,31.7041
2012-12-10,12.3594,50.9784,45.7202,61.79,35.9812,51.5102,30.4865,15.9575,31.5986,31.8999
2012-12-11,12.5051,51.9827,46.3245,69.45,35.9358,51.5173,30.4704,16.0962,32.1774,32.0386
2012-12-12,12.5585,51672,46.4518,72.25,35.1826,51.2762,30.4865,16.6599,32.1463,32.4953
2012-12-13,12533,51328,46.1178,70.25,35.6695,51.4748,30.3577,16.5026,32.0973,32.4789
2012-12-14,12.4303,51.2059,45.1875,71.87,35.5781,51.1557,30.3658,16.3802,32.2932,32.2996
2012-12-17,12.6632,51.6221,46.1258,69.02,35.8749,51.2479,31.0742,17.2106,32.4757,33099
2012-12-18,12.9895,52.0771,47.5968,69.14,37259,51.6733,31.6538,17.5515,33.0634,32.8135
2012-12-19,12.8692,51.6165,46.6903,69.71,36377,52.1484,31.4445,17.4379,32.6227,32.6666
2012-12-20,13.0443,52.2324,47.0322,69.52,36.9247,52347,29.7781,17569,32823,32.5523
2012-12-21,12.8159,51.6609,46.8255,69.18,36.0267,51.9924,29.8023,17.2631,32.8275,31.8508
2012-12-24,12.9007,51.7108,46.5551,66.87,35.8218,51957,29.8506,17.1232,32.6583,32.0058
2012-12-26,12.4024,51.6443,45.9508,68.49,34.5591,51.3613,29.4642,16.9921,32569,31.9978
2012-12-27,12.3864,51.4056,45601,69.25,35.1066,51.5457,29.5447,17.0271,32.5024,32.0058
2012-12-28,12.2302,50.9284,45.4022,70.32,34.8026,51.0493,29.0053,16.8173,32.1952,31.8427
2012-12-31,12.5141,51.5222,46.0621,70.89,36.4835,51.5457,29601,17.2893,32.8953,32.6666
2013-01-02,12.8353,52.5931,48.6861,70.78,36.1715,52.4108,30.1887,17.8225,33.9005,33.8491
2013-01-03,12.8937,52.5321,48.1454,72.06,35.8293,52.3115,29.8103,17.8137,33553,33.9066
2013-01-04,12.9271,52.9205,49.2665,73.21,36.0575,52.8079,29.8345,18.1109,33.4731,33.9797
2013-01-07,13.3915,52.9871,49.9981,72.44,36.0425,52.6377,29.7379,18.1896,33.62,33.6211
2013-01-08,13.2878,52.9927,49.4256,71.24,36.2552,52.4108,29.7862,18.1197,33.1703,32.9356
2013-01-09,13.2863,53.4976,49.5448,71.29,36.0345,52.7583,29.8667,18.4868,33.1302,33.5149
2013-01-10,13.2359,53764,49.9901,68.23,36.8711,52.9143,29.8989,18.2333,33.4152,33996
2013-01-11,13.3656,53.4255,49.2904,68.46,36.5669,52.9994,29.8103,18312,34.9379,34.2163
2013-01-14,13.6045,53.8694,48.7258,68.4,37.1372,53.4107,30084,18.2595,34929,34.2569
2013-01-15,13.5631,53.9859,49.0598,69.3,38.1792,53.7369,30.3094,18.4256,34.7999,34.2653
2013-01-16,13415,54.1579,49.0996,68.97,38.0349,54212,30.4463,18.3557,34.7375,33.9636
2013-01-17,13.4923,54.4243,48.9723,68.47,38.3086,54.7296,30.7442,18.8189,34.9602,34.0612
2013-01-18,13.5741,54.7905,45.3147,67.48,37.8372,54602,31.0581,18.8102,35.3164,34151
2013-01-22,13.4778,55.1179,44.6548,67.24,37.7002,55.3253,30.9374,18.8364,34.8177,34.4693
2013-01-23,13374,55.2067,44.7184,62.42,37.4948,55.1906,31.1306,19.0724,34.6218,34.2979
2013-01-24,13.6489,55.3066,45.2114,62.76,37.6012,55.6798,31.3157,18985,34.2522,34.5998
2013-01-25,14.1662,55.8171,44782,61.26,38.4758,55.5806,31.4928,19.02,34.5639,34616
2013-01-28,13.7696,55.8504,44.5275,60.63,37.6925,56.0911,31.4204,18.6266,34.6129,34.7464
2013-01-29,12987,56.4941,44.2254,59.96,38.5671,55.9848,31.1708,20.8206,34.6841,34.7384
2013-01-30,13.6062,55.9336,44.9728,60.34,38.4529,55.7082,31.3077,20.1563,34.7375,34.4445
2013-01-31,13.2439,55.7949,44782,61.65,38.0272,56.4882,31.1708,20.6807,34.8088,34.0939
2013-02-01,13.2189,56.3553,44.9251,60.42,38841,56.6301,31517,20.4097,35165,34.8279
2013-02-04,12.9685,55917,44.8376,59.59,38.1718,56.3039,30.9857,19.9814,34.6262,34.1836
2013-02-05,13.3132,56.3165,45426,60.36,38.7117,56.6726,31042,20.7695,34.88,37.3157
2013-02-06,13.0802,56.9824,45.6964,60.52,38.7268,56.2897,31.2352,20.5243,33.9584,37.3157
2013-02-07,12981,56.7216,45.5132,61.72,38.8183,51.1415,31.3801,20.2879,34.9557,37.4708
2013-02-08,13.0668,56.9657,45.5769,61.94,38.4989,52.4746,31.4043,20.2091,35.0537,37.2749
2013-02-11,12.8303,56.9435,45.0039,61.54,37989,52.1981,31.1708,20069,34.3368,37.5603
2013-02-12,12.9047,57.4096,44.3911,60.39,38.7117,52.2123,31.4123,21.0584,34.1053,37.9601
2013-02-13,13.4419,57.4292,43826,61.24,38.4758,52.2479,30.1565,20.8658,34.0074,38.1804
2013-02-14,13.4304,57.3845,44.2399,62.03,39.0079,52.6607,30.0679,20822,33.9183,38833
2013-02-15,13.2234,57.6358,42.9984,57.02,38757,53.3154,29.7218,20717,34.2166,39208
2013-02-19,13.4559,58.1662,42.2742,55.84,39.6015,53.2514,29.3917,20393,34.8716,39.8033
2013-02-20,13.2892,57.5911,41.5977,54.85,38.6661,52.7247,28.7189,19.2022,34.3057,39.0694
2013-02-21,13.2658,57351,41.55,52.85,37.3046,52.2692,28.6622,19.4123,33.4686,38.4167
2013-02-22,13.2399,57.8088,41.6057,51.78,35.6389,52.2336,28.3623,19.5349,34.0074,38.8737
2013-02-25,12963,56.8094,40.4279,51.96,34.3541,51.6998,27.9083,18.7118,33.6066,37.9031
2013-02-26,12.9376,57.1221,40.9611,51.8,34.5743,51.7995,28.0705,19.4823,33.7758,38.7758
2013-02-27,13.1316,57.8256,41.0566,50.6,35.2891,52.5895,28.8162,19.8326,34.3635,39.2977
2013-02-28,13.1825,58.0657,40.6109,51.27,35.6176,52.7461,28.9945,19.5261,34181,39.1754
2013-03-01,13.2558,57.9372,41.2794,50.74,35.3427,52.0628,29.0594,19.71,34.7019,39.3712
2013-03-04,13.6235,57.6637,42.2742,49.09,35.3733,52.3333,29.2944,20.3492,34.9913,39.3876
2013-03-05,13.7472,58.3169,42.9347,48.56,36.0607,53.0948,29.3431,20.8395,35.5479,40456
2013-03-06,13.6574,58.4342,43.2212,49.07,35.8699,53.6571,29.2944,20.7607,35.9308,40252
2013-03-07,13.6619,58.3672,43.3088,48.51,36.4808,53.4293,29.3755,20.8571,35.8551,40.66
2013-03-08,13.6773,59.0204,43.1337,48.71,36.8628,53.6642,28.9135,21076,35.8462,40.5864
2013-03-11,13.5302,59.0762,43.7544,47.09,37.2904,53.3226,28.8891,20.9796,35.5212,41.1902
2013-03-12,13.6743,58.6966,43452,48.02,37023,53.5859,28646,20.6907,35.1806,40.7741
2013-03-13,13.7227,58.6742,43.4759,49.04,38.0163,53.7852,28.9459,21.0322,35.2585,40.2847
2013-03-14,13.2558,59.1935,43.3804,50.46,37.9627,54.1197,28.9621,21.4787,35.0314,40.6029
2013-03-15,13.0603,59.4056,43.9215,50.56,37.2063,54262,28.3298,21.3124,34.8889,39624
2013-03-18,12.8642,58.8529,43.4998,49.73,37.0307,53.65,27.4949,21.2336,34555,39412
2013-03-19,12.7904,58.7245,42688,49.9,35.8315,53.5788,26.9194,21.2861,34.3279,39.2652
2013-03-20,12.8337,58.9925,42.9029,49.65,36.3281,53.4934,27268,22.2668,34555,40048
2013-03-21,12.6398,58.5905,42.7437,50.07,35.0905,52.4187,27.2599,21.7852,33.9005,39.5505
2013-03-22,12.8573,59.4168,43.0541,49.84,35.1061,52.4471,27.5922,21.6451,33.3484,39.5263
2013-03-25,12771,58.7189,43444,49.25,35.4266,52.1553,27268,21435,33.1213,39.5834
2013-03-26,12985,59.2214,43.8181,50.15,34.8999,52.1269,27.3734,21.1985,33.2237,40048
2013-03-27,13.2339,58.7859,43.6271,50.55,35.0219,52.4258,27.2599,21.3562,33.0412,39.9177
2013-03-28,13.2932,59.3554,43.7305,50.93,35.2892,52.5468,27803,21.2774,34.1147,40.1543
2013-04-01,13.0498,58.9869,42.7198,50.45,35.0905,52319,27.5274,20.8833,34.1676,39.5586
2013-04-02,13.1352,59.4726,43.4759,48.51,34724,51.6358,27.7381,20.4981,33.9984,39.3795
2013-04-03,12.9211,59.0036,43.1018,47.79,36053,50.2194,27.2599,19999,33.3573,39.0042
2013-04-04,12.9236,59.0818,43826,47.89,36.5648,50.1767,26.8303,20034,33.1614,39.0285
2013-04-05,12744,59.0595,43.5395,48.2,37.1835,49.4009,27195,20.2091,32.7963,38.5474
2013-04-08,12.9171,59.0427,44.0966,48.39,37.7871,49.4579,27349,20.5594,33.2104,38.8901
2013-04-09,13.0264,59.1544,44.4149,48.52,36.6491,48.7177,27503,20.3755,33.1347,38.8409
2013-04-10,13.2074,60.1259,44.3752,49.32,37.5654,48.3262,27.6246,20.2704,33.9717,39.6485
2013-04-11,13.4608,60.4385,43.6271,48.91,37.8405,48127,27.6571,20428,34.5773,39.5668
2013-04-12,13.6115,60.1203,43.4998,48.62,37.1605,49.28,27.6652,20.5068,33.6423,38.0822
2013-04-15,13.3546,59.0483,42.2583,48.65,35572,47.5291,26887,19.1759,32.5292,36.8996
2013-04-16,13.5851,59.2661,42.4413,46.02,36.5648,47.2587,27.0005,19.6575,32.3377,37.8458
2013-04-17,13.3386,58892,41.9877,44.23,35.6482,47.3369,26.9356,19386,31.5897,36.6795
2013-04-18,12.9406,58.6128,42.0116,46.37,35144,47.8636,26.9681,18.8081,31.3804,36.2637
2013-04-19,12.9855,59.0204,44.7014,48.09,35.7245,48.5825,27.0653,19.2459,30.1917,36076
2013-04-22,13.1466,59.0706,44.0568,48.48,35.3349,48.2835,26.8789,19.5787,29.6974,36.1412
2013-04-23,13.4135,59.9584,44.8367,48.49,35.3272,49.0237,27.1788,20.6206,28.9361,36.8755
2013-04-24,13.4075,60.2264,45.4097,47.77,35.7321,48.6109,27.0086,21.0322,27.5736,37.0304
2013-04-25,13.7028,58557,45.3859,49.13,36.7711,51.9347,28.0542,21.4787,27.3154,37.2504
2013-04-26,12.7106,57.9484,45.4814,44.34,36.9773,50.9027,27.9327,23.3438,27587,37.1935
2013-04-29,12.4577,57.9707,45.7678,45.6,37.5503,51.1091,28.2245,23.2212,28.0189,37.8215
2013-04-30,12.6607,58.4621,45.9827,46.49,37.8557,51.3938,27.9732,22.8359,28.8515,38213
2013-05-01,12.3824,58.3727,45.6405,46.99,37.4661,50.4614,27503,22.3981,28.2682,37.4299
2013-05-02,12.5979,59.2046,46.3011,46.2,37.4279,50.1411,27884,23.1336,28.6467,38.1395
2013-05-03,12.8722,60204,46.5716,47.35,37.8097,50.6251,28646,23.1599,29.6574,38.5637
2013-05-06,12756,60.2096,46.9934,47.73,37.4049,50.7603,28.4109,23.1949,29.2299,39.0122
2013-05-07,12.8563,60.3045,47.0173,47.95,39.7729,50.8956,28.8081,23.4226,28.8871,39.1509
2013-05-08,12.9037,60.4106,47.6221,47.74,40086,51.6714,28.8648,23.6065,30343,39.7221
2013-05-09,12.9775,61.3709,47.3093,48.43,40766,51.4151,28.5487,23.4839,30.4766,39.8281
2013-05-10,13.1506,61.6836,47.5972,48.33,41.1252,51.5575,28.4676,23.7728,28.9539,40203
2013-05-13,13.1945,61.6948,47.0374,48.12,40.8499,50.9027,28.2001,23948,27.9966,39.7952
2013-05-14,13385,61745,47.6692,47.99,40.9873,51.3582,28.5325,24.1669,27.7785,40.3661
2013-05-15,13.2967,62.2531,48.0771,48.58,41.0104,51.6215,28.4109,24018,28.6912,36.4674
2013-05-16,13175,62013,47.3093,48.55,40.7276,51.0786,28.3379,23.4664,28148,34.7384
2013-05-17,13.4633,62.1917,48653,47.13,41.4305,51.4858,28.3704,23.8429,29.1632,36.3778
2013-05-20,13.3501,62.3759,49.4368,46.68,41.5604,51.1643,28.6298,23.4138,28.7313,36.4185
2013-05-21,13.4115,62.5378,49.6768,47.38,41.4078,51.3143,27.4058,23.0373,28.7669,36.1331
2013-05-22,13.1172,62.2094,49.2209,47.76,41.3311,51.2215,26.9811,22871,29.0073,35448
2013-05-23,13.0593,61996,48.9809,49.24,41.5299,50.7714,26.9403,22.7746,28.5443,35.6111
2013-05-24,13.0563,61.9174,48893,43.72,38.2071,50.4999,26.8505,22547,28.3929,35.2847
2013-05-28,13.3331,62.6586,49.4368,44.11,37.5349,50.5071,26.9485,22.4945,28.3795,35.2358
2013-05-29,13.2454,62.4003,49.2689,43.81,38.2529,50.9286,27.0301,21.47,28.62,35.5213
2013-05-30,13.3102,62.5631,49.9327,41.66,38.5673,50.9143,27.3649,21.6626,28.8515,36.1495
2013-05-31,13.4284,61.9174,48733,38.66,38.4063,49.7213,27.0301,21.3299,28.7847,36.3859
2013-06-03,13.3127,62.1083,49.5168,39.01,38.1302,49.9142,26.6708,20822,28.8827,36.4593
2013-06-04,13.2538,61777,48.9969,38.79,38.3371,49.6498,26.4258,20069,28.8604,36.5572
2013-06-05,13.3272,60974,48.1411,38.33,37.8158,49.0998,26.2952,19.8326,28.4419,36.4593
2013-06-06,13.3601,61019,48605,37.74,38.0382,49.2498,26.3197,20.3755,29.0964,37.0468
2013-06-07,13811,62389,49.8527,36.89,39.6483,49.6427,26.7117,20.6294,29644,38.1232
2013-06-10,14.0205,62.2206,50.0207,37.52,39.2113,50.0213,26.5157,20.1916,28.5443,37.5768
2013-06-11,13.7068,61.8893,49.1569,37.8,38552,50.1356,26.4095,19.5436,28.6867,36802
2013-06-12,13.5516,61.2211,49.0929,37.68,37.6622,50.4357,26.7198,19.6925,28.4953,36.0107
2013-06-13,13.7571,62.4396,49.8687,37.45,38.0305,51.3215,27.6998,20717,28.4552,36.3859
2013-06-14,13.6674,62.3441,48797,37.32,37394,50.6785,27.6344,20.9184,28.0411,36.5898
2013-06-17,13.8704,62.8382,49.5888,37.04,37.6472,50.8214,27.5201,21.2423,28.2549,36.8672
2013-06-18,14.0549,63.4334,49.6688,37.53,37.5395,51.3072,28.0182,21.3474,28.5153,37.2668
2013-06-19,13.8754,62.6473,49.4368,37.59,36.6961,50.7071,27.6181,20.5243,28.2905,37.1852
2013-06-20,13.6399,61.0807,49.2849,38.25,36.0367,50.2571,27.3078,18.6593,27.9209,36.1818
2013-06-21,13.6359,61.5355,49.0769,37.82,35239,50.1428,27.2996,18.4754,27.7428,36.1738
2013-06-24,13.4988,60362,47.9652,38.44,33.3294,49.2926,27.1281,18.3178,27.4712,35.1134
2013-06-25,13.5725,60.7775,48877,38.18,33.5671,49.5212,28.4919,18309,27961,35.6681
2013-06-26,13.8459,61.5861,49.2449,38975,33989,50.1856,28.4021,18.3178,28.4285,35921
2013-06-27,13.8449,61.9005,50.1407,38.49,34.7101,50.7571,28.0019,19.0095,28.0946,36.4429
2013-06-28,13.8519,61.4008,50.2366,38.47,34.7019,50.5571,28.0019,18633,27.8898,35.7008
2013-07-01,14.0719,61.3783,50.8605,37.13,35423,51.2786,28.2959,18.4316,28.5265,36.3778
2013-07-02,14.1532,61.0527,51.3804,37.43,36.7575,50.9786,28.4837,18.2652,28.6511,36.3043
2013-07-03,14.1682,61.4569,51.1244,36.42,36466,51.2929,28.4592,18.3528,28.8337,37.1771
2013-07-05,14.2605,62.6305,52.5161,35.03,37.7622,50.9714,28.7369,17.7574,29.0563,37.8946
2013-07-08,14.4954,62.9618,52.4202,35.35,38.2988,51.7073,28.6715,17.2758,29.4169,38.3842
2013-07-09,14.5423,63.6468,52.4122,34.82,39.1194,52.6645,28.7124,18.5805,29.6307,38.5637
2013-07-10,14.5822,63.6917,51.9163,34.42,39.4646,52.9431,28.8839,18.4316,31.0287,38.6535
2013-07-11,14.9478,64.3094,52.6361,34.0,38.7131,53.0217,29.4228,20.1215,31.6342,38.9061
2013-07-12,15.3414,64.6519,53.4359,34.03,39.0735,53.0289,29.4473,19.9289,31.8034,38.9797
2013-07-15,15.2925,64.4891,53.4679,35.42,39.4185,52636,29431,19.0183,31.5897,38.8572
2013-07-16,15.3075,64.2027,53332,37.06,38.5214,52.4717,29.6025,19.0008,31.6164,38.1558
2013-07-17,15.3983,64.3712,53.5079,37.25,38.2451,52.4074,29.6433,19.4298,31.7055,38.0822
2013-07-18,15.1698,64.8428,53.6279,39.09,38.2222,52.6788,29.9373,18.9745,32.2754,38.2456
2013-07-19,15.2257,65.2415,55.2995,39.08,37.7466,52636,29.9128,19.3247,32.2175,38.6535
2013-07-22,15.1384,65292,55.3395,39.08,38.1761,52.6145,29.8148,18.8957,32.4446,38.7838
2013-07-23,15.0177,65.5559,55.1955,39.49,37.8617,52.5431,29.9863,19.0883,32.1908,38.7187
2013-07-24,14.9119,65.3201,54.9636,38.57,37.7622,53.0217,30.1496,18563,31.9459,38.7676
2013-07-25,15.1344,65.4436,54.9636,38.21,37.8313,53.2432,30.1415,16.9693,32.3333,39.0858
2013-07-26,15.5639,65.6458,54.9956,39.74,37578,53.4075,30.5089,16.9256,32.3867,38955
2013-07-29,15.2691,65.4773,54.7476,39.75,37.5091,53.4289,30.2558,17.2233,32311,38.5966
2013-07-30,15085,65.6065,55.3235,37.58,38.1841,54.6005,30.2068,17.2933,32.2219,38.7431
2013-07-31,15.0257,65.9378,55.2035,38.58,38.2451,54.3005,30.2395,17.5998,32.2308,38.8737
2013-08-01,15.2427,66488,55.9899,38.28,39.4646,54.6577,30.7948,17.6085,32.7162,40.1622
2013-08-02,15.1748,66.4038,55.9015,38.24,39.7256,54.7791,30.7866,17845,32.7295,40.2847
2013-08-05,15.0142,66.2129,55.8292,38.68,39618,54.8434,30.7703,17486,32685,40.9372
2013-08-06,15.0022,65.9771,55.6605,39.47,38.0152,54.6148,30.5008,17162,32.9521,40.7496
2013-08-07,14.8107,66.1624,54568,39.3,37.2025,54.9863,30215,16.6191,32.8631,44.2081
2013-08-08,14.7523,66.6396,54.9617,39.57,37.3712,55222,30.1578,16.5578,32.4535,42.5357
2013-08-09,14.8281,66.4319,54809,41.92,37.7544,55.1006,29.8148,16.5403,32.5737,42.4787
2013-08-12,14.7997,66.4712,54.9617,42.08,38.4751,55.1577,29.6352,16479,32.6761,42.5196
2013-08-13,14664,66634,55.0741,42.25,38.7973,55.6221,29.8801,16.2338,32.6538,42.6339
2013-08-14,14.5328,66.0444,54.9135,40.87,38.5136,55.8864,30.1415,15.8398,32.2264,42.5849
2013-08-15,14.2899,65.0506,53829,40.68,37.4631,54.4791,29.9618,16.7417,31.5496,41.8426
2013-08-16,14.2076,65.0787,53.9495,41.11,37.1102,54.6942,29823,16.6366,31.8168,42.0465
2013-08-19,14245,64.9158,52.9454,41.06,36.7802,54.2854,29.3085,16.0237,31.6075,41.6142
2013-08-20,14.3208,64.8091,53.4916,40.65,37.1947,54.3858,29529,16.5578,31.4561,42495
2013-08-21,14.1951,64.0384,53.1462,40.49,35.8908,54.3715,29.9566,16.5053,32.2798,41.3695
2013-08-22,14.4525,64.7442,53.5639,41.05,29.5487,54.8879,30.7624,16.8818,32.3956,42.0792
2013-08-23,14.4665,64.5918,53.5559,40.58,29.6636,55017,30.7296,16.4002,32.8364,42.0301
2013-08-26,14.2769,64.5522,53.0177,34.51,28.9736,54.0918,30.82,16.3652,32.7785,41.8671
2013-08-27,14.0135,63.6489,51.6601,32.48,27.5929,54.2065,30.0717,15.7522,32.1418,40.8883
2013-08-28,14046,63.8013,51.4432,33.76,27.7312,53.6902,29.5783,15.5596,32.8497,40.7907
2013-08-29,14.1657,63982,51.7163,33.49,27.7232,53977,29.6606,16.1112,32.9566,41.0676
2013-08-30,14016,64.1288,51.8529,32.1,27.2299,54.35,29677,15.6297,32636,40.9046
2013-09-03,14.4061,63.9255,51.7324,31.95,26937,54.7301,29.5866,15.5859,33.1658,41.1575
2013-09-04,14.6476,64.6764,52.2385,32.06,27.0832,54.7014,29.5043,15.6121,33.7046,41.4512
2013-09-05,14.6705,64.8571,52.6803,33.08,27.6618,54.9309,29.5537,15.5596,33.8382,41.3207
2013-09-06,14.7583,64.9531,52.5196,33.19,28.1091,54.7947,29.4879,15.8486,34506,41.1819
2013-09-09,14.9503,65913,53.3872,32.82,28.4173,55.2752,29.9566,16.8818,34.8711,41.4431
2013-09-10,14.9828,66.3929,54.5038,31.16,28.8571,54.9022,30.5815,16.5403,35.2896,41.4755
2013-09-11,14.9468,67.0252,54319,29.21,28.6488,55.4258,30.7624,17.0744,35.5568,42.6581
2013-09-12,14.9079,66.7373,54.5841,29.38,28695,55.3684,30.5733,16.9518,35.0888,41.9568
2013-09-13,14.8611,66.9631,54.2146,29.66,28.7028,55.8561,30.7789,16.7592,35.4811,42.1037
2013-09-16,14.7683,67.3188,54.3431,29.78,28.7952,56.3366,30.7049,17.3721,35.9976,42.9436
2013-09-17,15.1728,67.7141,55524,30.6,29.6359,56.7311,30.9351,17.4684,36.1089,43.2375
2013-09-18,15.5651,68.4819,55.6525,31.11,29.7823,56767,30.9598,18.6768,37.2184,43.4901
2013-09-19,15.5664,68.64,55.4597,29.95,29.4737,56.2578,31.0009,18.3966,36.7945,43.0173
2013-09-20,15.7799,67.7592,55.5079,30.32,29.3661,56.0139,30.4911,17.6873,36.6432,42.4217
2013-09-23,15538,68.3803,54.9858,30.14,28.7259,55.4832,30.7542,17.3459,36701,42.2423
2013-09-24,15.6696,68.2053,55.0179,30.15,28.9958,55.4688,28.4024,17.5648,36.9059,42332
2013-09-25,15.5958,67.8665,55.5802,32.35,28.5717,55433,26.8894,17.6523,37.0172,42.2097
2013-09-26,15.8687,68.1262,55524,32.05,28.1551,54974,27.0785,17.5035,36.9504,42.2585
2013-09-27,15.7634,67.8778,55.3633,33.59,27739,54.6584,27.0374,17.1882,36.8213,42.4297
2013-09-30,15.5953,67.4205,55.2187,33.17,27.2759,54.4432,26.8401,17.0131,36563,42.2013
2013-10-01,16.0098,67539,56.0622,33.54,27.6925,54.5867,26.7907,16.9693,37.0572,42.4054
2013-10-02,15.9879,67.3019,55.8694,33.7,27.5768,55.7772,26.5851,17.1094,37.2932,42.5357
2013-10-03,15.7011,66.9349,55.2508,33.62,27.3068,55684,26.6098,16.6979,37.1908,42.0465
2013-10-04,15.9146,67.4148,56.4879,32.54,27.0679,56.1287,26.6674,16.2338,37.7785,42.3482
2013-10-07,15.4651,67.0139,55.3312,32.61,26181,56.1645,26.47,16.1988,37.4446,41.4919
2013-10-08,15.1259,66.1501,54.4877,35.11,25.5949,56.3008,26.0835,15.7522,36.5897,40.7576
2013-10-09,14.8765,66.3816,54.7046,34.98,26.1115,55.7414,25.9849,15.6997,36.5007,40.5701
2013-10-10,15.2229,67.3809,56.8414,34.47,26.3276,56.2362,26.1987,16.0149,37.4891,41.9486
2013-10-11,15508,68.1601,57.7652,33.2,26.3739,56559,26.5194,16.3301,39.5595,42.5357
2013-10-14,15.4986,68544,57.9178,32.68,26.3431,56.3653,26396,15.9799,39279,42.5278
2013-10-15,15.2841,67652,57.5081,32.62,26.42,56.4227,26.2809,15.4896,38.2505,42.3075
2013-10-16,15.4881,68.2843,58.0383,33.99,26.5667,57.0754,26.4453,15.8048,37.7073,42.7071
2013-10-17,15502,69.2329,57958,32.8,26.4124,58.1153,27.0456,16.7592,38.2683,43.2292
2013-10-18,16408,69.3571,57.5161,32.57,26.8597,57.9432,26.9223,16.6541,38.1881,42.8621
2013-10-21,16.2837,69.5886,57.2511,32.09,26.2118,58.3161,27.5308,16.3477,38.6067,43.1965
2013-10-22,16588,69.8991,57.0342,33.54,26.6052,57.8284,28.1064,16838,38.5532,43.3026
2013-10-23,16.2995,69.5604,56.6646,34.17,27.3068,58.0795,27835,17.0482,38.3262,42.5604
2013-10-24,16.5715,69.7241,56753,33.88,28.1629,57.4555,28.5258,17.3984,38.5621,42226
2013-10-25,18.1269,70.2492,56.5361,33.32,27.6152,59.0907,28.4764,17.3108,38.5933,42.2666
2013-10-28,17866,70.5315,56.8494,33.57,28255,59.6071,28.6902,17.2145,39555,42.1935
2013-10-29,18.0925,70.7347,56.9779,33.39,28.3941,59.4995,28756,17486,39791,42.4054
2013-10-30,18.0116,70.4581,56.0702,35.0,29.0419,58976,28.6985,17.0919,38.9406,42.0872
2013-10-31,18.1588,71.0566,55.1625,34.87,28.9034,58.9042,28.4929,16.5928,38.7046,40.1787
2013-11-01,17908,71.0848,55.7409,35.75,28456,59.1266,28.6491,16.2076,38.9762,41.1002
2013-11-04,17.8949,71.3219,55.9176,35.17,29.4663,59.4278,28.9452,16479,38669,41.1167
2013-11-05,17.9025,71209,56.1987,34.41,29.5434,58.8397,29.1014,16.12,39889,41.3939
2013-11-06,17.7672,71.7793,55.8994,34.42,25.5485,58811,29.8661,16.4002,40.3743,41.7527
2013-11-07,17.1377,71.3728,55.5444,34.75,25.4483,57936,29.3234,16.2426,39.8489,41.0434
2013-11-08,17.4744,72.2648,56.1414,33.66,26.5049,58.0364,29825,15.8836,40.1739,41.6225
2013-11-11,17.6773,72.2423,56214,32.53,26.42,58.4022,29.6852,15.8135,40.3921,41.7527
2013-11-12,17.4355,72.4738,56.0768,32.9,26.3893,58.9831,29.3316,16.5578,40.8062,42283
2013-11-13,17.7692,72.6036,56.5205,32.28,27.1683,59.1122,29.4632,16.6804,41.3315,43.1314
2013-11-14,18.3267,73.2812,57.0288,31.48,27.1143,59.1482,29.6935,17.1532,41.6031,43.4575
2013-11-15,18.4152,73315,56.7706,31.02,26.6824,58.9827,29603,17.1532,42.0172,43.7103
2013-11-18,18266,73.4731,56.0042,31.19,26.8747,58.63,29.3316,16.8993,41.6477,43.7267
2013-11-19,18.2042,73428,55.8671,31.79,27.1297,57.7806,29.2823,16.8905,41.5942,43.6778
2013-11-20,18086,73.2946,55504,31.59,26.9833,57.4566,29.6053,16.6891,41.3894,43.3433
2013-11-21,18.4027,73.9585,56.1736,32.15,26.9674,57.5214,29.7129,17.0219,41.7367,43.9225
2013-11-22,18.5718,74.3386,56.1575,32.13,26.3351,58.1045,29.9117,16.6804,41.4607,43.4412
2013-11-25,18.7878,74.4578,56.8029,31.79,26.2734,57.8381,30.0607,16.6804,41.2425,43.1069
2013-11-26,19.0238,74.9797,57.1256,31.55,26.0807,58.0541,29.7792,17.4509,41.8658,42.9602
2013-11-27,19.2901,75.7457,57.6903,32.23,26.6626,57.9677,29.9696,17.5648,42.0395,42.9926
2013-11-29,19.6348,75.7514,57.7871,32.85,26.5927,57.6726,29.9034,17.4072,41.8035,42.9192
2013-12-02,19569,72.4435,58.1663,33.33,26.3911,57.8597,29.8785,16.9256,41.6566,43.0173
2013-12-03,19.1879,71.8308,57.7871,33.92,27.9192,57.3775,29.6881,16.7504,41.7857,42.9192
2013-12-04,19.2527,71.7513,58368,34.73,27.6866,57.8237,29.4396,16.7067,41.5631,43.7267
2013-12-05,19.1794,71.9613,58.0372,34.11,27.4382,57.8669,28.9759,16.4527,41.7545,43221
2013-12-06,19.3021,72.9712,58.5697,34.84,27.0505,58.2628,29.2657,16.7067,42832,44.1181
2013-12-09,19.1993,72.9485,58.8924,36.62,26.4531,59.0403,29481,17.0306,42.2087,43.5065
2013-12-10,19.3435,72.3698,58.7472,33.57,26.0652,58.4788,29.5556,17.1007,42.1597,43.4331
2013-12-11,19.0647,71.9272,57.9727,37.19,25.8091,57.9677,29.2989,16.6454,41.6298,43.1558
2013-12-12,19.0178,71.8194,57.6661,37.9,25.2507,57723,29.2657,16.6279,41.5141,42699
2013-12-13,19.1669,71.7343,57.6581,37.83,24.7618,57.7446,29804,16.6016,41.6477,42.6746
2013-12-16,19.4029,72.4322,58.2308,36.19,24.7387,57.9533,30.2015,16768,41.9949,43.2455
2013-12-17,19337,74.5485,57.9162,35.02,24.6069,58.6012,30.2678,16.5578,41946,43.2375
2013-12-18,19.7516,77.0507,59.2554,35.52,24.6842,58558,30.7315,17.6085,43.0012,43596
2013-12-19,19.7131,77.3968,59.4087,34.61,24.9794,58.4932,31.5099,17.6523,43.1971,44.3301
2013-12-20,20.0628,77.5727,60288,33.33,25.5301,58.7955,32.1724,18.0201,43.7047,44.7298
2013-12-23,20.0987,77.6181,60.5139,32.63,25.8403,59.1122,32.4209,18.5017,43.9184,44.7953
2013-12-24,19.9132,77.7259,60.8124,32.66,25.9334,59.5081,32661,18.6418,44.0074,45.2927
2013-12-26,20.1721,78.4635,61.2158,32.48,26.0574,59.2202,32.7438,18.7118,44.2746,45309
2013-12-27,19.8573,79.0649,61.1351,32.4,25.8946,59.2922,33.0337,18.9745,44.1454,45.3743
2013-12-30,19.6224,79.1046,61.1674,32835,25.7472,58.9611,33.2407,19.2022,44564,45.5375
2013-12-31,19.8927,79.5756,61.8047,32.07,25.5301,59105,33.2656,19.5436,44.9602,45.5782
2014-01-02,19.8518,78.3727,62321,33.0,24.8317,58.9683,32.9674,19.1146,44.0074,45.3417
2014-01-03,19.7755,78.5543,62.3936,32.98,25.4367,58486,33.0006,19.0445,43.7759,45.5782
2014-01-06,19.6353,78089,61.7886,31.83,25.2818,58.3708,32.4871,18.6243,43.5755,45.3173
2014-01-07,19.8548,78.1004,62.3452,30.34,25.5997,58.7739,32.7024,18.6855,44.1321,45.3905
2014-01-08,20.0489,77.5216,62.8051,29.04,25.5378,58.5436,32.6279,18.8957,44.5016,45.4886
2014-01-09,20.0035,77.4195,62.8051,28.87,25.7625,58.4716,33.0916,19.0445,44.3146,45.8066
2014-01-10,19.8364,77.2663,62.9422,28.58,28.8502,58.63,34.1599,19.3948,44.7332,45.5457
2014-01-13,19.5031,76.4152,61.6111,28.31,28.0354,58.3492,34.3007,18.8694,43.7269,44.6564
2014-01-14,19.8304,77.9642,62.4098,28.23,27.8959,58.8891,34.3835,18.9044,44.6708,45.5538
2014-01-15,19.7471,78.5486,62.1436,28.28,27.8495,58.7235,34.4332,18.9044,44.9825,45.8392
2014-01-16,19.7436,78.3897,61.6676,28.03,27.57,58.6444,34.3918,19.1934,44.6575,45.7576
2014-01-17,19.9336,77.9074,58.4003,27.47,27.4692,58522,34251,18.9044,44.23,45.2276
2014-01-21,20.3047,77.7259,58.5777,27.1,27.3065,58.5508,33.8121,18.8081,44043,45309
2014-01-22,20.1795,77.4365,58.61,26.33,27.4307,58.3708,34.0191,19.2372,44.7643,46.5814
2014-01-23,19.9466,76.4322,57.7145,26.82,27.4153,57.6582,33.6631,19.2284,43.8783,45.5863
2014-01-24,19.3345,73.8847,56932,26.58,27.0658,55.8874,32.4209,18.2828,43.3128,44265
2014-01-27,19.2687,73.1698,56.4318,26.62,26.8489,55.4483,32.6031,18.3353,42.6806,43.5555
2014-01-28,19.6752,73.6521,57174,26.81,28.1366,55765,33.6134,20.1391,43.0769,43.7837
2014-01-29,19.1649,73.9017,56.3673,27.97,27.4461,54.6709,32.7438,20.2354,42.6628,44.0774
2014-01-30,20.1032,72.6535,57.2466,28.1,27.8806,55.1676,33.1579,20034,43.9006,44991
2014-01-31,17.8924,72.7329,56.9643,27.91,27.4461,54.5341,32454,20.5594,43.1481,49.2731
2014-02-03,17.2669,70.2988,55.5605,27.42,26.1041,53.5768,32.0896,20034,42.3778,47.7885
2014-02-04,17.3567,71.8989,55.4395,27.34,25.7239,52.9145,32.3381,20.2004,43.1926,47.7153
2014-02-05,17.2819,72262,55.3911,26.89,25.3827,53.4544,31982,19.9,41.3404,47234
2014-02-06,17.6879,73.1358,56.6542,26.54,26.5152,54.0734,33.2324,20.6718,42.5159,47.6173
2014-02-07,18.0116,73.9471,57.8534,26.74,26.9341,54.1238,33.0502,20.9524,43.1882,48.9878
2014-02-10,18.0012,73.5897,57.8291,26.8,26.3213,53.7135,33.3815,20.6542,42.7652,49.1507
2014-02-11,18.0471,74.3159,57.74,27.08,26.4377,54.9948,33.3566,20.4613,43.5177,50.0154
2014-02-12,17.4215,74.4958,58.0641,27.54,26.3911,54.6565,33456,20.3736,43.8338,50.1215
2014-02-13,17.8181,74.3245,58.6394,28.99,26.6314,55.9067,33.3235,20.3823,44.4215,50.8229
2014-02-14,17.8256,75.4553,58.6637,29.44,26.6237,56.8173,33.7541,20.7156,44.6753,50.3416
2014-02-18,17641,75.2725,58.6799,29.55,26.5695,56.5933,32926,20.4437,44.5551,51.2877
2014-02-19,17.3282,74.5643,57.4888,29.55,26.8719,56.6583,32651,20.3122,44.5194,51.0104
2014-02-20,17449,75.1355,57.3997,30.32,26.8334,57.1931,32.5927,20.4613,44.8178,50.8552
2014-02-21,17.2973,75.1412,57505,33.91,27.0273,57.3593,32851,20.7419,45.7394,50733
2014-02-24,17.5477,75501,58.1208,34.24,27.4772,57.7279,33076,20.7945,46.4117,51.7118
2014-02-25,17874,75.9179,57.5617,34.54,27.9192,57.8219,33401,21.1717,45.9798,51.6303
2014-02-26,17.9478,75.8779,57.7967,35.15,31.0612,57.8435,33.5177,21.7944,45.9932,51.8831
2014-02-27,17.9643,76.7231,58842,35.78,30.1611,57.4461,33.7094,21.8119,45.9487,51606
2014-02-28,18.0625,76.9459,59.4983,36.57,30.7428,57.5328,33051,21.54,46.3316,51.5487
2014-03-03,17.9468,75.5067,58.5341,36.62,30.4637,56.68,32101,21.3032,45.8151,50733
2014-03-04,18.1523,75.7751,59.6928,36.38,32.4991,56.9619,33.0177,21.3383,46.8881,51.3853
2014-03-05,18.5748,76.4433,60.2518,37.21,32.4444,56.6439,32.7344,21.0138,47035,51.0187
2014-03-06,18.5643,76.5747,60.7947,36.78,32.0466,57.9953,32.6593,20.9261,47.6806,51043
2014-03-07,18.5594,76.5918,60.7785,34.98,32.1556,57.8002,32.9177,20.5841,47.7385,51.3531
2014-03-10,18483,76.2777,60892,34.96,32.1947,58.2121,32.5093,19.9701,47.1063,50.5944
2014-03-11,18.3977,75678,60.2518,36.34,31.2902,57.1642,32.2927,19.8386,46.5987,50717
2014-03-12,18.4885,75.7123,60.1141,36.43,30.8458,56.6656,32751,19.8649,45.9398,50.4802
2014-03-13,18.5319,74.7071,58.9311,36.47,30.5729,56.3693,32.0927,19.4351,45.0404,50.0315
2014-03-14,18.6432,74.1474,58.4936,38.9,30.3624,56.4849,32.0177,19.3299,44.7465,50.3497
2014-03-17,18708,75.5409,59.8224,37.94,30.6041,56.7306,32351,19.3387,45.4589,50.8635
2014-03-18,18.8941,75.8094,59.5955,36.84,30.7053,57.1209,33.0094,19.6895,45.4945,51.5652
2014-03-19,18.6177,74947,59239,39.5,30721,56.4704,32.8094,19.7246,44.1766,51.5812
2014-03-20,18.4052,75.6323,60187,38.51,30.7521,56.5716,33326,19.1808,44.1855,51671
2014-03-21,17.9887,76.0264,61.0945,38.32,30.9002,56.6222,33.3177,18.7861,43.4153,51.5161
2014-03-24,17.5512,75.6266,60.9325,38.33,30.6819,56.3404,33.3344,18.6458,43.6958,50.6841
2014-03-25,17.6939,76.5632,61.0297,37.67,30144,56.4849,31.6843,18.8124,43.2683,50.5047
2014-03-26,17.1302,76.0093,60738,37.44,29.4111,56.0079,31.3676,18.5493,43.7225,49.6075
2014-03-27,16.8838,75.8665,61.4835,36.94,29.5047,56.5355,31101,18.6283,42.3689,49.0201
2014-03-28,16.8748,76.6432,61.6536,37.8,30.2378,57.0775,31.0343,19.0054,44.2478,49.1752
2014-03-31,16.7788,77477,62.5206,36.65,30019,57.4605,31551,18.9878,45.0582,49.6075
2014-04-01,17.1093,77.9739,62.2127,36.4,30.1129,57.4967,32001,19.4088,46011,50.1622
2014-04-02,17.0579,77.6712,62.5125,36.46,31.2123,57.4316,31701,19.5141,46.3583,50.4067
2014-04-03,16.6419,77.7511,62.7718,36.19,30.5729,57.4461,32051,19.6719,45.6726,50.0643
2014-04-04,16.1121,77.5912,62.1479,35.73,30.2924,56.5138,31.5843,19.5667,44.6931,49.6075
2014-04-07,15.8507,76.7574,61.2161,35.83,29.3722,56.3982,31401,19.0931,43.3485,48.6532
2014-04-08,16.3151,77.0087,61.3214,36.35,28.9512,57.8074,31.6677,19.1545,43.7759,49.0691
2014-04-09,16.5513,77.5798,61.8562,35.45,29.0915,58.0748,31.7343,19.2422,44.3369,49.4687
2014-04-10,15.8183,76.5118,60.0169,37.23,28.0699,57381,31.1843,19.1106,42.6272,48066
2014-04-11,15.5499,75.6095,59.9926,38.42,27.8674,56.5499,30.8593,18.9528,42.1285,47348
2014-04-14,15.7584,76.0435,60.0088,39.74,27.8752,57.2798,30.4009,19.0843,43.1704,48.6042
2014-04-15,15.7669,76.5804,60.3815,40.17,27.8358,57.5111,30.1843,19.0142,43.5355,48.9878
2014-04-16,16146,78.1109,60.9001,40.05,27.9296,58624,30.4509,19172,44328,49.9012
2014-04-17,16.2074,78.6592,60.6813,40.49,27.7738,57.9953,31101,18.8563,44.1232,49.8197
2014-04-21,16.5047,79.1675,60.8109,40.08,27.9296,57.8074,31026,18.9265,43.6156,49.6321
2014-04-22,16.4274,79.3217,60.8595,39.88,28912,57.8941,31.1426,19.1545,43.7403,49.5179
2014-04-23,16.1909,78.8077,60.7056,40.07,29068,58.3711,31.1843,18.7247,43.5889,48.8817
2014-04-24,16.8179,78.0424,60.5597,39.04,29.1851,58.3711,31.8093,20.2859,43.9006,48.3352
2014-04-25,15.1559,77991,59.4254,38.67,28.5534,58.8119,31.7177,19.7246,43393,47.5113
2014-04-28,14.7942,78.3737,59.1094,39.4,28.6158,57.7279,32.1843,19.7684,43.1348,47438
2014-04-29,14.9838,78.5564,59.5631,39.54,28.7327,57.6773,32951,19.6281,42.6094,47.7885
2014-04-30,15.1708,79.4359,59.8791,39.81,28.6626,57.5617,32.7594,19.5404,42.6583,48.27
2014-05-01,15.3584,80.4182,60.3896,41.79,29.5047,54.4469,32.2177,20.0228,43.2772,48.4083
2014-05-02,15.3644,80.0242,61.4348,41.53,29.7544,55213,32.3427,20.2771,43.9985,48.4005
2014-05-05,15.4661,80304,61.4267,42.94,29.7465,54.6131,32426,20.1543,43.8649,48.4412
2014-05-06,14.8341,79.5501,60.7542,42.72,28.7251,54.5481,32.5427,19.6719,43.8115,47.7398
2014-05-07,14.6012,80.6067,61921,44.02,27.8206,55.7189,32.7177,19.6632,41.8703,47.3239
2014-05-08,14.3822,80.4297,61.9608,45.67,28.0699,55.4731,32651,19.4965,42.7429,47.34
2014-05-09,14.5777,80.7209,62.1723,46.27,29.0292,55.6032,32.6093,19.3036,42.4936,50.8882
2014-05-12,15.1075,81.5662,63.2298,45.15,29.8868,56.0441,33126,19.8386,43.6512,50676
2014-05-13,15.1963,81.3434,63.0508,44.98,30.1284,56.0802,32.7927,20.2668,43.6245,50.2846
2014-05-14,14.8461,80.8694,61.9608,45.46,29.8089,56.2543,32476,19.4323,43.2683,49.8848
2014-05-15,14.7249,80.5153,62.1641,45.44,28.8965,55.3547,32.1177,19.5465,42.0127,49942
2014-05-16,14.8501,80601,61.6354,44.81,29.6296,55.6376,31.8677,19.4938,42.0127,49.6728
2014-05-19,14.8029,80.9094,61.9038,48.87,29.8323,55.5578,32.3677,19.2917,42.3778,50.0724
2014-05-20,15.0242,80087,61.3995,49.31,28.9823,55.8698,32651,19.2566,42.1285,49.8684
2014-05-21,15.2147,80.8254,62.3675,49.65,28.7174,55.4708,33.2046,19.4323,42.2176,49.9012
2014-05-22,15.2097,80.6243,62.3512,48.63,29.0058,54.7743,33.3136,19.8979,42.4313,49.8358
2014-05-23,15.5754,81.1012,62.7905,47.3,28.9745,54.9412,33.5652,20.7061,43295,50.2764
2014-05-27,15.5045,81.2736,63246,47.98,28.5848,55.05,33.2549,20.3195,43.4909,50.6516
2014-05-28,15.4716,81.2678,63.8968,48.57,27.3838,55.5288,33.1459,20.4952,43.5444,50.6189
2014-05-29,15.6522,81.8195,64.0351,47.84,28959,56.2471,33.3304,20.9784,43.5978,51.0268
2014-05-30,15.5908,81.9114,64.1734,47.43,29.6373,56.3776,33.5736,20.8027,43.2861,51296
2014-06-02,15.4058,81.7792,63.9619,46.75,30066,55.8698,33.5652,20.8554,43.0546,50.88
2014-06-03,15.3235,82.1068,64.0839,47.54,30.1755,55.6304,33.6826,20.8554,43.1882,51.1818
2014-06-04,15303,81.7448,64.4093,48.87,30.4345,54.68,33.6239,20.8115,43.2149,51.4508
2014-06-05,16.1405,82.5779,64.9299,49.09,30.8031,55.2241,33.7078,21.0838,43.6334,51508
2014-06-06,16.4448,83.1123,65.7271,49.07,30.9673,55.5724,33.7581,21.4528,44.3725,51.8588
2014-06-09,16.3366,83.5031,66.6951,47.77,31.7593,55.3765,34.0097,21.6197,44.3636,51.9486
2014-06-10,16.5815,83302,66.4673,48.06,31.7199,55.2967,33.6994,21.4264,42271,51.9078
2014-06-11,16.7207,82.9802,65.7515,45.96,32.1901,54.9992,33.6742,21.0575,42.1196,51.8668
2014-06-12,16.2573,82.2102,65.8328,46.59,32.1823,54.4914,32.7768,20.6622,41.8347,51.2143
2014-06-13,16.2752,82.3768,65.4586,46.48,32.6917,54.3898,32.6426,20.5919,42.2176,51.6141
2014-06-16,16.3426,82.3538,65.9223,47.2,33.0289,54.3898,32.2233,20.8291,42.5381,51.4346
2014-06-17,16.2428,82.5665,65.8084,47.42,33.4285,54.6727,32.4749,20627,43.1882,51.8343
2014-06-18,16.6798,82.9342,66.4185,48.02,33.6245,54.7888,32391,20.5919,43.6334,51.8995
2014-06-19,16.3116,83.0261,66.7032,48.4,33.3893,55.1371,32.5504,20.5743,43.5889,52.0056
2014-06-20,16172,83.4111,67.8665,48.09,33.5226,55.1008,32802,20.7061,43.9985,52.2174
2014-06-23,16.3236,82.7963,67.9153,46.96,33.9614,54.8759,33.0536,20.7324,43.9629,52.2583
2014-06-24,16.17,82.2217,67.0693,47.84,33499,54.31,32.0639,20.9872,43.6868,52.1443
2014-06-25,16.3336,82.5435,66.9717,47.86,33742,54.1794,31.8962,21.1365,44.2657,52.1932
2014-06-26,16.2463,82.5894,67.1018,47.35,33162,54.8614,31.8626,20.9784,43.9807,51.5325
2014-06-27,16.1904,82.5665,67.5248,47.45,33.7343,55.2967,31.8207,20.9345,43.9006,51.3531
2014-06-30,16.2009,82.3079,67.1913,46.91,33.8988,54.8759,31.5775,21.5934,43.5533,51.5487
2014-07-01,16.5805,83.0664,67.5329,47.16,34.0007,55.0645,31.4684,22.0502,44.3458,52.1849
2014-07-02,16.6035,83.4514,68.0047,47.48,33.3736,55.2531,31502,21.6724,44.4081,52.1932
2014-07-03,16835,83.5548,69.1029,46.83,33.8833,55.1806,31762,21.8042,44791,52.4132
2014-07-07,16.6384,83.2675,67.9803,48.43,33.3815,55.7029,31.5775,21.4001,44.9424,52.0791
2014-07-08,16.1525,83.0664,67.7038,50.45,32739,55.3039,31.1246,21.3913,44889,51.3284
2014-07-09,16.4598,83.1353,68.6474,48.54,33.5226,54.5131,31.0071,21.4792,44.8534,51.6303
2014-07-10,16.3575,82.6814,68078,48.86,32676,54.0053,30.5542,21.4528,44.5328,51149
2014-07-11,17.2694,82.9227,68.2976,48.85,32.3626,53.5265,30.8646,21.1805,44.2568,51.1571
2014-07-14,17.7243,83.3192,68.3383,48.76,32.4958,53.6788,30.94,21.1717,44.4794,51141
2014-07-15,17.6804,83.3537,69.0622,51.41,32.1668,53.3524,30.7052,21.2332,44.0876,51149
2014-07-16,17.7532,83.9915,68.6392,46.88,31.5241,53.8892,30.8142,21.69,43.9985,51.7281
2014-07-17,17.5814,82.4803,67.1018,46.17,30.8733,53.6353,30.2355,20.8291,43.3128,52038
2014-07-18,17.8909,83.2215,66.9391,47.05,31.6807,53628,30.6297,20996,44.0252,52.0625
2014-07-21,17.9458,82917,66.6381,46.14,30.7637,53.5773,30.4033,20.9433,43.9451,51826
2014-07-22,17.9997,83.3882,66.8008,45.88,30.1838,54339,30.4955,21.3474,44.9424,52756
2014-07-23,17865,83.1353,66.6951,47.18,30.2935,54339,30.6129,21.7866,45076,53.0169
2014-07-24,17.8884,83.3939,67.0286,47.23,30.3874,54.6292,31.2084,19.2741,45.2363,52.9435
2014-07-25,16.1625,83.3882,66.4185,47.65,29.8229,53.9908,30.7639,18.9842,45.5212,52.8455
2014-07-28,15.9829,83.6237,66.3209,47.93,30.1524,53882,30.6129,18.87,45.3609,52658
2014-07-29,15.9625,82.7561,66.0443,48.21,29.9562,53.8239,30.4704,18422,45.0938,52.4621
2014-07-30,16.0877,82.5952,66.3453,46.91,30.6773,53.4322,30.6633,18.3254,44.4883,52.3971
2014-07-31,15.6128,80.9575,64.7021,47.67,30.8344,57.1974,30.3781,18.1848,43.6779,50.8882
2014-08-01,15317,80.5093,64.6614,47.2,30.0898,58.6194,30.5626,17.93,43.8917,51.1001
2014-08-04,15.6457,80.8771,65.2553,47.11,30.9124,58.2276,30.4536,18.0794,44.5595,51.2143
2014-08-05,15.5794,80.3197,64092,47.6,31.7432,57.9229,30.1852,17.8071,44.5061,50.8635
2014-08-06,15.6577,80.1875,64.0676,47.31,32.1353,58039,30.3949,17.7652,38.8872,50.6516
2014-08-07,15536,79.9462,63.7238,47.24,31.9083,58.01,30462,17.7211,39.5194,50.0234
2014-08-08,15.8028,80.9345,64.4097,46.94,32449,58.2494,30571,18.1706,39.5996,46.8995
2014-08-11,15.8792,80.7794,64.2709,47.64,32.5743,59.6641,30.9149,18.2146,39.6174,47.7968
2014-08-12,15.9285,80.9518,64.7853,47.73,32.3311,59.4827,30.9904,17.8621,39.6797,47.2991
2014-08-13,16.2757,81.4804,65.2262,48.92,32.2214,59.1418,31.0491,17.9238,40.0181,47.7315
2014-08-14,16.6214,81.7907,65.1527,48.61,32.4409,59.4465,31.4433,18.3909,39.9112,47.9354
2014-08-15,16.6424,81.5494,64.7526,47.39,31.9083,59.3372,31.3175,18.3644,39.8578,47.9763
2014-08-18,16.6873,82.8135,65.6672,47.92,32.6054,59.3299,31.7536,18.62,40.3119,48.6369
2014-08-19,16.7172,82.8882,65.7162,57.67,33.3582,60.3862,31.7033,19228,41.1579,48.8081
2014-08-20,16.7496,83.5848,66.0754,60.43,34.4556,59.9418,31.8637,19.2897,40.9709,48.9386
2014-08-21,16.6064,83527,66.7042,54.82,34.0948,60.4809,31889,19.2104,40.9709,49.2976
2014-08-22,16.5406,83.3131,66.3857,57.21,34.3298,60328,32.0072,19.2456,41.0154,48.7754
2014-08-25,16.6618,83.6426,67.0063,57.87,34.1339,60.8889,31.9143,19.0253,40.6325,48.9142
2014-08-26,17.0514,83.5848,66794,59.87,35.1374,61326,32.0916,19.0341,40726,48.9796
2014-08-27,17.1187,83.2033,66.9247,61.47,34.6434,61.6028,31.9819,19.1223,41.0777,49.2648
2014-08-28,16.9611,83.2264,66.6225,60.96,32.9663,61.3989,31.4669,19087,40.49,48.9224
2014-08-29,16.9122,83238,67.0063,61.79,32.9113,61.6684,31.9819,19.1046,40.7216,48.7674
2014-09-02,17.0788,83.3651,67.4309,60.54,33.0058,62.1201,32041,19.0694,40.8551,49.1264
2014-09-03,16.9102,83.1339,67.3901,61.59,32.8403,62.4843,32.2605,18.5847,40.8907,48.9796
2014-09-04,17.2569,83.0125,67.3656,61.57,32.4154,61.8433,33.0035,18.8227,41.0065,48.9224
2014-09-05,17.2784,83.3536,67.5207,61.28,32.1791,62.2439,33.2061,18.9108,41149,49.1426
2014-09-08,17.0768,83.7524,67.0227,60.6,32.2184,62.3751,33.0288,19.0518,40.7216,48792
2014-09-09,16.4488,83.5039,66.5654,60.35,31.9665,62.3314,32.6573,19.1135,40.3297,48.4167
2014-09-10,16.5276,83.6079,66.3286,60.18,32.2342,62.1857,32.8177,19.3514,40.4188,48.7348
2014-09-11,16.4872,83.4403,66.3286,61.06,32675,62.9142,33.1639,19.3426,40.1071,48.8246
2014-09-12,16.5206,83.2033,66.0918,60.24,32.5331,62.5863,33.0795,18.9108,39.8578,48.7022
2014-09-15,16.1565,83.5154,66549,60.51,32.3443,62.6883,33.2737,19.0518,39.4571,48.6124
2014-09-16,16.3496,83.7293,67.1043,60.61,32.8798,62.7903,33.3496,19.0341,40.0537,48.5145
2014-09-17,16162,84.0299,67.6759,61.65,32.5253,62.7102,33.5269,19.5893,39.8756,48278
2014-09-18,16.2119,84.8796,68321,62.13,31.8798,62681,33.8647,19.5276,40.3476,48.2861
2014-09-19,16.5271,84.7929,68.6476,60.02,31.3997,61.9161,34.3797,19.3426,40.0715,47.8781
2014-09-22,16.1869,84.2264,68.0107,62.1,29.9825,62.1055,34.0589,18.8315,39.7153,47.1444
2014-09-23,16.1435,83.4518,66.9982,60.3,30.2185,61.5154,34.2024,18.7522,39.6352,46.6795
2014-09-24,16372,83.7466,67.3003,57.27,30.3051,61887,34.7174,18.6817,40.2451,46.8505
2014-09-25,16.0587,82.3593,66.1489,61.21,29.4628,60.9108,34.1602,18338,39.2434,46.1901
2014-09-26,16.1226,82.3247,66.6389,63.24,29.0454,61.5664,34.5063,18.4173,39.8489,46.1901
2014-09-29,16.0532,82.1917,66.8185,68.43,28.9824,61.2823,34.1095,18.2675,39.5105,48.6287
2014-09-30,16.0842,81.8969,66647,70.02,28.6123,61.3624,33.9153,18.0824,39.8667,49.8767
2014-10-01,15.8358,80.4518,65.8223,70.05,27.6596,60328,33.0457,17.9062,39.5105,48.1149
2014-10-02,15.8831,80157,66.2469,68.91,27.6752,59.8034,32.5729,18.0648,39092,47.8865
2014-10-03,16.0991,81.0241,67186,68.48,28.2345,60.9035,33.4172,18.2675,39.5194,48.2617
2014-10-06,16.0722,81.1223,67137,67.89,27.2737,61.9671,33.3496,18.4525,39.3992,48327
2014-10-07,15.8118,79.5847,65.9938,68.96,26.9591,61.5591,31526,18.2763,39092,47.3073
2014-10-08,16.0971,81.7408,67.5779,70.63,27.7148,61938,31.8046,18.5054,40.0982,48.3107
2014-10-09,15.7315,80.1397,66.5001,69.15,26.6519,60.7796,30116,18.1882,39.2879,47.0137
2014-10-10,15533,77.3593,65.6182,68.69,26.2344,60.1895,29.9809,17.4832,38.5666,46.5979
2014-10-13,15.2866,76.8217,64.8996,69.11,26.3685,59.4829,28.6047,17.1748,39.1187,45.9943
2014-10-14,15.3793,77.5616,65.3487,68.85,27148,59.9054,29.2464,17.6506,39.7598,45.8883
2014-10-15,15.2626,77.5847,64.6791,68.04,27211,59.2643,29.0522,18.1794,39.5194,45.1621
2014-10-16,15.1075,78.0645,64.1239,68.84,27392,58.9875,29.2886,17.8974,39.2879,45.1705
2014-10-17,15.1464,79.4229,62.4091,68.35,25.6283,60.0365,29.4828,18.9989,39.3591,46.0349
2014-10-20,15.2746,79.5385,62.4663,67.52,26.1477,60.0365,30.3271,19.4836,38.7981,46.1981
2014-10-21,15.7295,81.4634,64.2627,70.43,26.4155,61.1075,32.0832,19.8272,39742,47.9191
2014-10-22,15.6118,80.3188,63.5686,69.8,25817,61122,31.8806,20.0035,39.3057,47.8539
2014-10-23,15.6223,83.8449,64.0096,69.14,26.4628,61.1657,31.9397,20215,39.6441,48.2209
2014-10-24,14.3193,85.8912,64.7281,69.17,24.9511,61683,32.5222,20.2326,40.1606,48.5716
2014-10-27,14.4645,86.4519,64.5403,69.62,25.3763,61.0637,32.3618,20.2062,40.5346,48.5227
2014-10-28,14.7448,87.3189,65.8876,70.02,26.0141,61.7194,33.0035,20.4617,41.7901,48751
2014-10-29,14.6715,87.29,66.3776,69.64,26.5337,61.9161,33.2483,20.1973,41.6031,49.0528
2014-10-30,14.9184,87.9201,66.7369,76.27,26.4236,62.1638,33.8309,20.1004,42.7251,48.9713
2014-10-31,15.2372,88.8854,67.5861,73.41,26.3603,64.5825,33.8984,20.0828,43.4998,49.2648
2014-11-03,15.2501,88.6137,67.5044,71.22,25.6756,63.8831,33.8309,20.2414,43.5355,49.1019
2014-11-04,15105,89.6253,67.3411,72.0,25.9196,63.8612,33.7465,19.9506,43.1793,49.11
2014-11-05,14.7912,89.9953,66.6307,71.09,26.6126,64.9904,33.7634,19836,46661,49.2487
2014-11-06,14.7972,90.2034,67.2691,70.03,27.8564,64.4368,34253,20215,46.8748,48.6857
2014-11-07,14.9578,90.4519,67.6952,68.96,23.2268,64.6626,34.1095,20.3824,47.7474,48.6694
2014-11-10,15.2197,91134,68.2197,68.48,22.5891,64.6553,34.0335,20.6468,47.7741,48376
2014-11-11,15.5639,90.8161,67351,68.98,22.8884,64.8666,34.3037,21105,47.3289,49.1019
2014-11-12,15539,91.1456,66.8511,70.44,23.1086,64.4805,34.1348,21.1579,47409,49.9582
2014-11-13,15.7869,91.5328,66.8757,70.56,22.7543,64.6553,34.5317,21.4046,47.5426,50301
2014-11-14,16.3525,91.8219,67.0068,68.35,22.7543,64.7796,35.0382,21.4839,47.4491,50.3741
2014-11-17,16.1146,91.7294,66.4987,67.09,22975,65.5768,35.0467,21.5808,47.2488,50.8882
2014-11-18,16.2084,92.5733,66.6216,67.17,22.7861,65.8473,35.6883,21.7042,46.9638,50.5864
2014-11-19,16.2887,92.3031,66.0889,67.55,22.8173,65957,35.3231,21.9069,46.6878,50.7983
2014-11-20,16.4882,92.6111,66.4577,66.44,23.5025,66.3008,35.3316,22.2946,46.0911,51149
2014-11-21,16.5925,93076,66556,63.5,23.1874,66.9151,35.3062,22.4621,47.2488,50.9617
2014-11-24,16.7426,92.9133,67.2854,63.48,23.2188,65.7157,35.6629,22.5414,47.8454,51.7526
2014-11-25,16.7127,91.8556,67.7444,62.94,23.3844,66.0594,35.8922,22.4973,47.4625,51.4997
2014-11-26,16.6394,92.0009,67.8182,60.69,23085,65.6718,35.7733,22.4023,47.7608,51622
2014-11-28,16.8923,93.0353,68187,61.22,22.8711,66.3812,37.5059,22.5172,48.0769,51.6956
2014-12-01,16.2618,91.9137,67.4576,62.52,22316,66.3812,36.0026,22.1727,48.1303,51.8098
2014-12-02,16.2772,93.3317,67.4821,64.22,22.0703,66.1618,36.3848,22.4112,48.5221,52.2745
2014-12-03,15.7879,94.2964,67351,65.24,22.8395,66.7322,36.5462,22.1727,48.4776,54.0202
2014-12-04,15.8093,94.2964,67.2773,65.82,22.1181,65.6572,37.0133,21.7045,47.6584,53.2046
2014-12-05,15.5948,94.3022,67.9739,65.85,21.6345,67193,37.8966,21.9872,47.3334,53.4819
2014-12-08,15296,93.5235,68187,66.58,20.8891,67.5806,37.4294,22.0048,46.7946,52552
2014-12-09,15.5883,93.4654,68.2443,66.7,22.5615,67.9462,37.3445,21.7575,46.8391,52.1278
2014-12-10,15.2561,91.9602,67.5231,66.28,22.4273,66.0667,36.7755,20.9889,45.6993,51.2063
2014-12-11,15.3319,92.4891,67.5149,61.79,21.6425,67895,36.9708,21519,45.8685,50.9617
2014-12-12,15.3299,91.3093,65.7037,65.1,22.0071,65.8327,36.4782,21.1921,44.9513,50.0154
2014-12-15,15.2676,91.1524,65.2448,63.48,21.6263,65.5914,36682,21.0066,44978,50.5128
2014-12-16,14.7184,92.4309,64.1138,62.85,21.4284,64.9844,36.6226,20.6444,45.6014,49.6972
2014-12-17,14.9089,93.3317,65.2448,62.09,21.8168,66.1106,37.8881,21.3688,45.4144,50717
2014-12-18,14.8516,96.0631,67.3346,64.33,21.9752,67.0833,37.7947,21.6161,47596,51.9732
2014-12-19,14.9598,96.1677,67.5559,66.05,21.8564,66.1033,38041,21.9341,47.6317,52.0706
2014-12-22,15291,97.2079,67.9329,67.45,21793,67.3831,38.1004,22.0402,48.3619,52.3889
2014-12-23,15.2783,96.9755,68.2525,67.95,22.3795,67544,38.4741,21.9165,48.2817,52.2992
2014-12-24,15116,97.0278,68.2115,67.69,22.2449,67.3027,38.5505,21.9076,48.3173,52495
2014-12-26,15.4182,96621,68.1952,67.9,22.3716,67.6464,38.8818,22.0048,47.9433,52.3235
2014-12-29,15.5654,96.8825,68.2689,70.05,22.7442,67.7488,39.0262,21996,48.0235,52.1849
2014-12-30,15.4786,96.3769,68.2771,69.15,22.7996,67.3538,38627,22.0313,47.3289,52.5601
2014-12-31,15.4811,95.4936,67.6542,69.52,22.7047,66.4836,38.4996,22.3405,46.8926,51.4264
2015-01-02,15.3898,95.3425,67.6051,68.74,22.6569,66.6664,38.7374,22049,46.9015,51.5896
2015-01-05,15074,93.1922,66.0479,69.87,22.4114,65.3135,38.5505,21.5896,46.6076,50.5457
2015-01-06,14.7299,92.1985,64.8186,71.26,22895,64.6992,38.9242,21.2981,45.3966,50676
2015-01-07,14886,92.8668,65.5562,73.0,23.2516,65.0356,39.0686,22.3935,46.8837,51043
2015-01-08,14.9878,95.0926,66.1954,73.87,23.0772,66.2276,39.6462,22.9059,47.9789,51622
2015-01-09,14.8117,93.9245,65.0481,72.09,22.3479,65.4232,39.3234,23.0207,48.1882,52.4379
2015-01-12,14.5363,93.4131,64794,70.65,22.4273,64.9698,39.3149,23.0384,48.2194,51.5406
2015-01-13,14.7024,93.3433,64.2449,74.02,22.34,65.7303,39.0347,21.9253,48.2194,51.4997
2015-01-14,14.6291,92.89,62.9008,71.51,22.4747,65.6938,38627,22208,48.4509,51.7526
2015-01-15,14.3138,92.7854,63.0647,69.32,21333,66.2276,38.3637,20.4766,47.9433,50.8635
2015-01-16,14.5029,94.1453,62.8189,70.98,21.3097,67.2515,38.61,20.9889,49.0075,51296
2015-01-20,14438,94.1104,63.4253,69.39,20.5404,66.4105,38.5421,20.2734,49.5106,51.3613
2015-01-21,14.8276,94.4591,63.2778,69.76,20802,66.9955,38.7544,20.6798,49.2212,50.9778
2015-01-22,15.4796,96406,62.4501,70.19,21.4757,67.31,39281,20.9271,50027,51.8424
2015-01-23,15.5829,95.3192,63.5975,71.64,21.2936,67.2076,39.3914,20.4059,49.9157,52.5685
2015-01-26,15.4467,95.4471,64081,69.7,21539,67.5074,39.7141,21.5366,49.9558,51.9486
2015-01-27,15.3015,95.0926,62.9172,70.85,21.4047,67.2368,39.1705,21.3423,49.2078,51.1818
2015-01-28,15.1598,95.2727,61.0159,70.79,20707,66.4324,38.3552,21.0949,48.4687,50.5536
2015-01-29,15.5524,96.5454,61.4338,71.25,20.6829,66.9151,38.1174,21943,49.4037,51.2551
2015-01-30,17.6849,94.3197,59.9996,71.23,20.2311,65.4744,37336,21.6603,48.2016,49.4933
2015-02-02,18.1807,95.5517,60.9913,70.68,20.0806,66.2569,36.9538,21.9518,48.3619,50.0154
2015-02-03,18.1349,96435,61.8846,70.12,20.4373,65.9644,37.1067,22.4995,49.0653,50.6107
2015-02-04,18.1947,95.7783,61.7125,72.68,20.2151,65606,36.9114,22.9445,51.5409,51.0839
2015-02-05,18.6506,96.7895,62.3534,77.58,20.4689,66.8931,37.1152,22.8294,51.3227,51.7526
2015-02-06,18.6701,96.5106,62.7154,76.96,20.4373,66.3081,36801,23.4581,51.1446,53.0334
2015-02-09,18.4845,95.7958,63.1268,75.51,19.1135,66.0448,36.2234,23.4227,51158,52.8865
2015-02-10,18606,96.3653,63.4066,74.37,19.2482,66798,36.9878,23.8212,52.0039,49.6645
2015-02-11,18.7135,96.1811,63.6205,74.07,19.4303,66.9004,37.4294,23.7681,52.4402,50.6841
2015-02-12,18.8143,97.0173,65.2415,73.58,20.0013,59.0462,37.6842,24.2108,53678,52609
2015-02-13,19.0467,97.0348,64.9041,75.08,20.6751,60.3528,36.9283,24078,53.6335,53.9142
2015-02-17,18.7275,97.6079,65.8257,77.95,20.58,60.7198,36767,24.2374,53.5979,54.3954
2015-02-18,18.6247,97.8886,65.2826,70.91,20.4294,60.8446,37476,24.1046,54.3993,54.6646
2015-02-19,18.9053,97.7073,65.3484,67.51,20.3184,60.5583,37.3308,24202,55.2096,54.5583
2015-02-20,19138,98.3096,66.1466,68.02,20445,60.7198,36.9635,24.1931,56.1446,54.5911
2015-02-23,18.9624,98.7131,65875,65.98,20.3659,60.8006,37177,24.0337,55.5925,58.5144
2015-02-24,18.8851,98.8944,66.2371,66.37,20.3422,60.6097,37.2368,24.4676,55.6103,57.7803
2015-02-25,19.2233,98.7599,65.5459,67.15,19708,60228,37.4931,24.2462,55.7884,57.4866
2015-02-26,19.1949,99.1809,65.1263,67.26,19.05,59.6848,37.3906,24.1046,55.9131,57.7968
2015-02-27,18.9634,98.6195,64.7642,69.43,19.7776,60.0298,37.5785,24.1843,55.6415,57.8457
2015-03-02,19.2375,99.7013,65.1263,73.01,19.5217,59.8977,38.6036,24.0337,56.0289,57.9106
2015-03-03,19.1854,98.3973,65118,72.78,19.1779,59.7435,38.1765,23529,55.9042,57.5762
2015-03-04,19.0911,97.7482,64.7149,73.54,16.2041,60206,38.0911,23.7946,55.2631,57.1439
2015-03-05,19346,97988,64.9123,73.44,16156,60.4115,38.8428,23.9275,55.5302,56.9808
2015-03-06,18.9599,96.1109,64.9864,72.77,16.1241,59.3105,37.9288,23.1747,54.8623,56.1652
2015-03-09,18.8836,97.2863,65694,71.39,16.5637,58.9141,38.4328,23.2102,55.1384,56.3856
2015-03-10,18.4322,94.8829,63.9496,70.0,16.7957,58.5324,37.6469,22.9445,54.0075,54.9009
2015-03-11,18.2755,94573,64.3693,70.92,17.1153,57.8864,37.4504,23.0153,54.1811,54.3627
2015-03-12,18.6681,96.1752,67.0188,69.99,16.9074,58.4737,38689,23.5555,54898,55.5454
2015-03-13,18.4855,95.1636,65.8257,68.42,16.7156,58.2901,38.7232,23.3341,54.4483,54.95
2015-03-16,18.6237,97.1927,67.0352,68.37,16.3959,58.3782,39.5518,23.5732,55.2363,55.0315
2015-03-17,18.5524,96.0349,67.0599,68.25,16.5398,57.9598,39.0137,23343,55.4323,54.4036
2015-03-18,18.7127,97.3448,67.1586,69.21,16.5479,58.7673,39.9106,23.9983,56.8036,54.7053
2015-03-19,18.6182,96.8711,66.3358,69.04,17.0594,58.0112,39.8765,23.8655,57.2088,54.4688
2015-03-20,18.8801,97.3565,66.7555,67.61,17483,58.8627,40.0473,24202,57044,54.4279
2015-03-23,18.7115,97.1459,66.8542,65.93,17.9467,59.4866,39.3468,24016,56.9149,54.2486
2015-03-24,18.6606,97257,65.9409,61.74,17.9548,58.6572,38.7745,24.2905,56.0734,53.6124
2015-03-25,18.5045,95.1402,64.8712,58.24,17.6911,58.3929,37.9288,23.83,54.4928,52495
2015-03-26,18.3244,95.0759,64.5997,55.53,17.5152,57.6222,37.9458,23.6352,55.6816,53.1557
2015-03-27,18.4845,95608,64.7149,53.28,17.3632,58.7746,40.2523,24.2905,56.1001,53.6451
2015-03-30,18.6856,97.0992,65.1674,52.67,17.5391,60.0445,40.7649,24.8041,56.4029,54.1997
2015-03-31,18.5613,96.4559,64.8547,51.82,17.6191,60.4556,40.8674,25.2203,55.5569,53.2453
2015-04-01,18.4693,95035,65.7187,53.85,17.7069,61.0428,40.5599,25.0167,55.1918,53.2046
2015-04-02,18.5688,95.1987,66.0807,52.69,17.7628,61.3805,40.9784,25.6897,55.7172,53.3269
2015-04-06,18.8078,96.7658,66089,53.71,17.9949,61.6447,40799,25424,55.5836,53286
2015-04-07,18.6766,97.1927,65.5541,51.06,17.4753,61.5052,41.6106,24.8219,55.2497,53.2453
2015-04-08,19.0153,97.2278,65982,51.83,17451,62.0337,41.5252,25.2735,55.6905,52.8375
2015-04-09,19132,97.5319,66.1219,52.23,17587,61.8943,41.4397,25.2203,56.2426,52.6008
2015-04-10,19.0876,97.6956,66.3276,51.67,17.3632,62.3274,41286,25.3355,55922,53.7103
2015-04-13,19.0731,96.9764,66.7225,52.31,17.4753,62.2613,40.8588,25.1318,54.9692,53343
2015-04-14,19.2103,97.0641,66.9365,52.65,17.0675,63.0467,40.5684,25.4506,55.7617,52.6826
2015-04-15,19.1275,97.3272,68146,52.64,18.1865,63.8248,40.1584,25.7163,56.1981,53.5635
2015-04-16,19.2567,97.0056,68.3024,51.91,18.2986,63.6046,40.3805,25.2026,55.6103,53702
2015-04-17,18.7339,94.5613,67.4713,50.98,17.6748,62.7971,40.1584,25.0344,54052,53.5063
2015-04-20,19.4298,96.1986,67.6277,52.13,17.8349,62.3347,39.7141,24.8307,54.4394,53.4574
2015-04-21,19.5131,95.9004,67.0846,52.66,17.6191,62.0778,39.7996,25.2912,54.6842,53.0657
2015-04-22,19.4443,96.2922,67.2738,53.05,17.7069,62.2833,39.8252,23.9363,54.5062,53.6939
2015-04-23,19.4538,93.3626,67.3561,52.36,18.2986,62.9146,39.5433,23157,54.4972,53.5472
2015-04-24,22.2028,92.9708,66.1877,53.3,18.2746,62.9807,39.6202,23529,53.1882,53.4736
2015-04-27,21.8766,92.3802,66.1219,54.53,18.1067,63.3624,39.1418,23.2544,52.9923,53.0741
2015-04-28,21.4151,92.5848,66.4263,54.83,18.1626,63.6119,38.8001,23.3784,53.7181,53.3349
2015-04-29,21.4181,91.7896,66.1219,55.22,17.6669,63.8835,37.9288,22.9711,53.3574,52.8619
2015-04-30,21.0395,91.4504,66.5251,54.72,17.9708,63.3991,37.5614,22.4929,52.1286,52.5685
2015-05-01,21.0939,92.2047,67.4137,54.7,17.9949,65.1681,38.0398,22.8382,52.6629,53.2046
2015-05-04,21.1024,92.9883,67.6852,54.06,17411,65.5351,37869,22.6877,55.9042,53.5389
2015-05-05,21.0101,92.3392,67.6935,54.01,17.3632,64.6176,37.0745,22298,54.3192,52.9761
2015-05-06,20.9058,92.1813,67.9979,53.75,17.3951,65.0653,37.1172,22.3777,53.9808,52.5113
2015-05-07,21.2939,92.7486,67.8148,54.0,17.7308,65.6966,37.9971,22.7762,54.5952,52.6744
2015-05-08,21.6336,93.9122,68.7573,53.88,17.5071,65.9976,39.4322,22.9534,56.1803,53.2699
2015-05-11,21.5917,93.5029,68.8814,53.48,17643,66.0269,39492,22.5283,55.8152,53.1799
2015-05-12,21.5004,93.6023,68.5506,52.62,17.2273,66.0489,39.1247,22.5283,55.3254,52405
2015-05-13,21.2934,94.3274,69.1625,53.05,17.4591,66.5187,39.0991,22.4417,55.0761,52.6173
2015-05-14,21.5633,95.4034,69.8405,54.04,16.9875,66.9592,40.4659,22.8945,56.8303,54.8766
2015-05-15,21.25,95.4911,69.4767,53.67,17.1231,67.6812,40.9186,23.3561,56.6077,55.2925
2015-05-18,21.2121,95.2396,69.9149,51.65,17.3314,67.7254,40.9272,23.4893,57.6495,55684
2015-05-19,21036,95.3858,70.6177,51.57,16.5799,67.3644,41.3116,23.7644,57.9078,55.1863
2015-05-20,21.1433,95.2711,70.5681,52.35,16.6358,67.9612,40805,23.8976,57.8811,56.4915
2015-05-21,21.5309,95.3652,70.3696,53.38,16.5959,67.5044,40.7019,23.8799,57.8544,56.2714
2015-05-22,21.3313,94.7297,70.2952,53.59,16.6438,67.2097,40659,23.6579,57.7119,55.8554
2015-05-26,21.2236,93.9117,69.4105,52.84,16.0762,66.6423,40.3155,23.3206,56.8303,55.0398
2015-05-27,21.5204,94.7532,69.9728,53.57,15.7084,67.3718,40.8651,23.4094,57.5961,56.4506
2015-05-28,21.2785,94665,69.6999,53.6,17.8271,67.4307,40.4873,23.3916,57.7386,56.5567
2015-05-29,21.4111,93.6116,69.0881,54.46,16512,68197,39.7831,23.1874,57.6317,55.9532
2015-06-01,21.4954,93.5528,68.9475,54.45,16.4556,67.5339,40.1695,23.4715,58.2373,55.4229
2015-06-02,21.4989,93.6116,69.4105,52.79,17.0686,67.2391,40.3842,23.3561,58.4154,55.6597
2015-06-03,21.7783,94.2472,69.6999,52.47,17.8913,67.2539,41.0626,23.4893,58.5044,56.1652
2015-06-04,21.4885,93182,68.7821,52.01,18.5367,66.4434,40.6933,23.2673,57.4091,55.2273
2015-06-05,21.2974,92.4347,70.2291,50.7,18.1091,66.3329,40.5731,23.2229,57.5249,55211
2015-06-08,21.1253,92.1464,70.2291,50.86,17.9801,66.0161,40.3756,23.0099,56.6255,54.6891
2015-06-09,21.2241,92.3759,70.75,51.0,17.9075,66.0971,40.5302,22.8945,56.7323,54.1832
2015-06-10,21488,93.5881,71.8744,52.32,18432,67.6002,40.3584,23.3295,57.7475,55.0398
2015-06-11,21.5977,94.0706,72478,52.93,18.2627,67.6517,41.0712,23.4537,57.4447,56.5896
2015-06-12,21.4456,92.9996,72.4036,52.55,18.19,67.5339,40.7191,23.7112,56.6433,55.2599
2015-06-15,21.1338,91.7227,72.3374,51.57,17.5285,67.1139,40.5559,23.6579,56.0823,53.9955
2015-06-16,21.3129,92.0875,72817,52.08,17.73,67.1655,40.7449,23.5336,55.8508,54.5991
2015-06-17,21.3403,92.3582,72.6268,52.61,17.9398,67.2907,40.8565,23.6047,55.2809,54.9009
2015-06-18,21918,93.9294,73189,51.94,17.9558,67.7623,41.7495,23.8088,56.3227,55.2436
2015-06-19,21695,93.5351,73.1064,53.07,18.0205,67.7549,42.0071,24.2261,55646,55.2273
2015-06-22,21.7633,93.9647,73.8505,52.16,18206,67.8875,42.8658,24.4835,56.2782,54.9826
2015-06-23,22.2472,94.0588,73.9001,52.08,18.8031,68.4106,42488,24.5101,56.3583,54.9009
2015-06-24,21.9903,92.7054,73.6603,51.31,18.5528,67.3791,42.7971,24.7853,56.1179,54.3954
2015-06-25,21.9534,91.7521,73.4619,51.26,18.8754,66.4729,42.9689,24.7321,56.7234,54.1179
2015-06-26,21.8536,92.4406,73.6355,50.15,19045,65.8982,43.4497,24.8297,56.8392,54.4524
2015-06-29,21.4426,90.5928,72.5524,48.51,17.8591,64.7341,42.0329,24.3148,54475,53.6287
2015-06-30,21.6536,90.7988,72.7343,48.16,17.3508,64.6899,42.4107,24.2882,54.3993,53.5389
2015-07-01,21.8182,91.5932,73.2552,48.45,17.4397,66.2076,42.6168,24.4658,55.3165,53.7673
2015-07-02,21.8342,91.4343,73.0237,48.9,17.0364,65.9571,42.8143,24.4924,53.9006,53.9142
2015-07-06,21.7508,91.2578,72.5524,48.41,17.0766,63.4521,42385,24.4658,53.3931,53.9142
2015-07-07,21.7848,91.4638,72.6681,48.21,17.3832,64.1152,43.1063,24.9451,53.6914,54.0772
2015-07-08,21.4346,89.8632,71.2791,47.75,17238,63.1205,42.0157,24.4569,52.5649,53.1964
2015-07-09,21.6685,90.4752,71709,49.55,17.3913,63.0689,42.2476,24.5634,52.9745,53.4167
2015-07-10,22.1235,91.1813,72.4862,49.6,17.6012,63.1573,43.4326,25025,53.1704,54.4363
2015-07-13,22.7251,92.0758,73.6107,50.29,17.9479,63.6657,44.5059,25096,53.6335,54.95
2015-07-14,23.2239,92.2582,73.6024,49.98,18.2464,64.1962,44.8236,25.1582,53.9719,54.9173
2015-07-15,23.0054,91.7992,74.4954,50.23,17.7785,63.8794,44.5145,24519,54.1856,55.3823
2015-07-16,23.7182,92.4877,75.2064,49.65,18.0528,64.8151,44.8322,24448,54.4705,55.3006
2015-07-17,24.0938,92.2052,75.2313,48.55,17.5364,64.9109,44.7378,24.0929,53.9541,55.0561
2015-07-20,24.3477,92.4582,75.6033,48.52,17375,64.6604,44.7807,23.8443,53865,54.9991
2015-07-21,24.3428,91.6579,75.8266,48.42,16.9072,63.7247,44.6176,24.0663,54.8178,54.2486
2015-07-22,24.3562,91452,75.7769,48.98,16.9637,64.4836,44.9696,24.7321,55.3788,54.3467
2015-07-23,24.0524,87.9742,75.0494,49.23,16.8913,64.1962,44.4887,24.3503,55.4412,54281
2015-07-24,26.4089,87.8742,65.2021,48.3,16.3831,63.5699,43.8963,23.7289,54.8534,53.3921
2015-07-27,26.5082,87.5093,64.9954,47.65,16.1006,63.0395,43.6644,23.7378,54.0965,52.6826
2015-07-28,26.2398,88.9216,65.0284,46.97,15899,63.7983,44.0852,24.4924,54.4705,52.8783
2015-07-29,26.3879,89.1217,65.8304,47.27,16.0603,63.0763,44.7378,25.3712,55.4412,53.0493
2015-07-30,26775,89.1923,67.3848,47.13,16.0522,59.8639,44.5489,26.1613,56207,53.0086
2015-07-31,26.7446,89057,67.2195,46.36,16.2055,58.8324,45.7596,26.3566,56.1892,53.3676
2015-08-03,26.6887,88.3391,67.4923,45.37,15.6812,58.8029,44.8408,26.3477,55.9933,53221
2015-08-04,26.5326,88.5038,67.2856,45.53,15.4313,58.2724,44.5403,25895,56.3583,53.1311
2015-08-05,26.7875,88.8628,67.6825,46.12,15.6812,57963,45.1929,25.5414,59.9648,53.3512
2015-08-06,26.4109,87833,67.4154,47.61,15.9313,56.9094,44.7292,25.4613,59.7333,51826
2015-08-07,26.0697,87.6153,67.1495,47.22,15.8265,56.1579,44.7635,25.3634,60.2141,52.9842
2015-08-10,26.1385,88.9981,68537,46.71,16.3831,56.7252,45.0126,25.8527,60.9443,53.3105
2015-08-11,26.3111,87374,67191,46.59,16.3831,56.1873,44.8151,26.1374,60.3566,52.3645
2015-08-12,26.2338,87.3975,66.9833,45.35,15.9474,56.9683,43.9306,26.6534,60.0805,54.4607
2015-08-13,26.4209,86.7385,67.0997,44.19,15.2617,56.4452,44.7464,27.2939,60.4991,54.1019
2015-08-14,26.5136,87.2563,67.5234,42.43,15.3424,56.2242,45.0297,27.2584,59.8134,55.0315
2015-08-17,26.6982,87.8212,67.8391,43.52,15.4633,56.4241,45.4161,27.7654,60.2408,55.2192
2015-08-18,26.6882,87.2739,67.5151,39375,14.4954,55.9502,45.3389,28.1658,60.41,55.2682
2015-08-19,26.5835,86.4355,66.5679,36915,14.1568,54.6025,45.1661,28.6551,59.6887,54.2565
2015-08-20,25.7285,84.9423,65.6706,39.78,13.7855,53.9879,43.1194,28.1658,58.5044,53221
2015-08-21,24.6655,84.1956,63.6599,41.8,13.2695,52544,41.7808,27.5875,55.9665,51.5242
2015-08-24,23.1141,82.1158,61.0926,41.46,13.9548,52.0035,40.14,26.2709,53.2773,49.3465
2015-08-25,23.2638,81.5588,60.0291,43.0,13.9307,51.0483,40.8827,25.1588,52.5204,48.8654
2015-08-26,24.9798,84569,62.1062,43.93,15.2536,51.5666,42.1867,26262,55.3521,50.5373
2015-08-27,25.8577,85.2682,64.2748,42.83,15.2132,53.1142,42.9553,26.9737,56.8125,51.0918
2015-08-28,25.8397,85.4519,64.2415,44.17,15.6374,53.7362,42.7481,26.8046,56.7413,51.3613
2015-08-31,25.5843,84.2253,64.5988,42.67,16.1917,53.6473,42.5149,27.0182,56.0467,50.5617
2015-09-01,24.7688,82.0684,61749,42.22,16.3465,52.1664,41.2627,26.3865,54524,49.0367
2015-09-02,25.4676,83692,62.5632,42.71,16.6565,52.5218,42.6962,27.2939,55.6905,49.8684
2015-09-03,25.1768,83.9883,63.2777,42.45,16632,52.4774,42.6617,27.8277,55.9754,50.2518
2015-09-04,24.8915,82.8624,62.1727,42.54,16.6729,51.8628,42.2558,27.0359,54987,49.4199
2015-09-08,25.8163,84.9897,63.8012,44.08,17.0396,52.3293,43.7671,28.0056,56.2515,50676
2015-09-09,25.7839,83.4668,63.0285,44.37,17276,51.6258,43.6376,27.5075,55.3254,49.9827
2015-09-10,26.0507,83.4194,63.0368,43.94,16.3059,51.9813,43.8016,27.3829,55.7706,50.5457
2015-09-11,26.4099,83.7038,62854,42.05,15.8982,51.5296,44.3716,27.8811,55.9131,50725
2015-09-14,26.0078,83.4372,62.9454,42.6,16.2896,51.7221,44.3716,27.9612,55.2809,50154
2015-09-15,26.0572,85.0904,63.4439,43.34,16.7216,52.5514,44.8552,27.8633,55.8953,50.9207
2015-09-16,26.3076,85.4459,64.2083,43.43,17.4633,53.0698,45.6584,28.0946,56.6522,51.1818
2015-09-17,26.8803,84.7052,63.0534,44.87,17.3901,52.8032,45.5461,28.6017,56.0022,50725
2015-09-18,26.9496,82732,61.1175,45.4,17.2353,52.3589,44.9675,28.1213,55.0582,49.6645
2015-09-21,27.3552,82.9809,61965,44.34,17.7976,52.6107,45.4943,27.3028,55.9398,50.0886
2015-09-22,26.8568,81784,61.2172,44.45,17.7814,51.6036,42.9985,26.6445,55085,49.6728
2015-09-23,26.7406,81.5706,61.0677,46.4,17.7976,51.4925,44.4753,26.8224,55.4323,49.6645
2015-09-24,26.6249,81.5232,60.7519,44.5,17.8875,52.2034,43.9398,27116,54426,49.3383
2015-09-25,26151,82.6965,61.5246,43.71,17912,52.6847,43.7844,27.2584,54.5774,50.0073
2015-09-28,25.1439,81.9973,59.9626,42.59,16.9827,51.1741,42.0054,26084,53.4643,48.8326
2015-09-29,24.7453,83.8757,59.4475,43.21,17219,53.6029,41.6513,25.6392,53.9452,48.7837
2015-09-30,25.5345,84006,60.2534,42.45,17276,54.2767,42.9208,26.1196,55.7528,50.0643
2015-10-01,25.9749,83.4313,60.6024,43.6,16.3141,54.3582,42.7567,26.3153,56.3405,50.0886
2015-10-02,26.5645,84.8534,60.5442,45.3,16.5911,55.2171,42.9726,26.4488,56.3405,50.8882
2015-10-05,27.1202,86.7021,62.5632,43.64,16.8848,55.5429,43508,27.6409,57979,51.5977
2015-10-06,26.8109,86.3881,62.4967,42.04,16.4198,55617,42.4544,26689,57.8633,51.4997
2015-10-07,27.0334,87425,62.2807,43.23,16.6399,56.3278,42.5322,27205,58.7626,51.8343
2015-10-08,26.5955,88.5746,62.3555,42.25,16.9662,56.7869,42.8517,27.2673,59.0921,52.4705
2015-10-09,26.9267,88.8235,61857,42.37,16.9827,57.1053,42.6272,27.2673,59.6086,52.7398
2015-10-12,27445,88.9183,61.6908,40.55,16.5911,57.1127,43.4908,27.5163,58.9407,53.0252
2015-10-13,27.3806,88.3554,61.4332,39.24,16.5666,57.3645,43.0676,27.0626,57.7386,52.7641
2015-10-14,27.1776,87.8872,60.2867,41.99,16.4119,57.2386,41.7636,26.0574,57.6584,52.4705
2015-10-15,28056,88.4028,61.9151,42.3,16.3709,57.1053,43.7067,26.6178,57792,52.2829
2015-10-16,28471,88.1124,62.0398,42.39,16.6399,57.5941,44.1298,26.7246,57792,52.4621
2015-10-19,28.5903,87.6976,62.0148,42455,17.0884,57.6163,44.7862,27.0182,57.9256,52.5192
2015-10-20,27.9782,88.3554,61965,42.56,17.6184,57.7125,44.6221,27.6854,58.0592,52813
2015-10-21,27.7233,88.7761,61.2172,43.44,17.2353,57.7199,44.4407,27.8722,57.8544,52.8865
2015-10-22,28.1293,92438,62.2641,46.32,17.3332,58.5641,45.2352,27.5341,60.9354,53751
2015-10-23,29.8812,92.3136,67.3988,45.79,16.8275,58801,46.2715,27.6943,61.2916,54.0855
2015-10-26,30.3591,92758,66.1774,46.23,16.9092,58.6826,46.2111,27.5075,60.9532,54.1344
2015-10-27,30.4788,92.8706,65.9115,46.96,16.4526,58.6529,46.4961,26.7424,60784,53.8814
2015-10-28,30.7826,93.6705,67.4154,47.74,17276,58.5863,46.0211,27.0626,62.1153,54.6809
2015-10-29,31254,93392,66.6344,47.5,17.0396,54.8617,46.7033,25.9595,61.3361,53.9794
2015-10-30,31.2216,93155,65.5543,46.73,17276,54025,46.7033,26.1908,60.6505,54.3137
2015-11-02,31.3438,94.7608,66651,46.86,17.2106,53.8028,46.2456,26.5555,60.9354,54.9745
2015-11-03,31.1921,94.0676,67.1994,47.3,18.0179,53.0253,45.7534,26.6623,60.6772,55.0479
2015-11-04,31.9723,94.1624,66.9252,48.38,18.4827,52.6033,45.5979,26.5111,59.5017,55.5454
2015-11-05,32.7056,94.2098,66.4229,47.94,18.9555,54.2915,45.6843,26.1552,59.8134,54.6481
2015-11-06,32.8912,94.3698,67.9843,46.21,18442,54.0324,46.0815,26.1552,61.4875,55.2599
2015-11-09,32.6976,93.3091,67.1744,46.54,17912,53.0253,45.3993,25.5947,60.5258,54.9991
2015-11-10,32.9066,93.3802,66281,48.6,18.3197,52.2775,45.8829,27.7121,60.6326,54.6809
2015-11-11,33.5835,94.2453,65.8551,49.86,17.4311,51.7517,45.6238,28486,60.4545,54.7297
2015-11-12,33.2019,92.6158,64611,50.7,17.1535,50.4041,45.0539,27.5697,59.76,54.1425
2015-11-13,32.0421,92.2306,64.2687,50.08,16.2242,50.6573,44.5271,27285,58.6825,52.8537
2015-11-16,32.3145,93.7476,65.0452,50.71,15.9226,50903,43.8448,27.9256,58.6469,56.0918
2015-11-17,32.0895,93.0484,63.7677,50.59,15.2784,49.1012,43.3785,27.8544,57.0885,57.4784
2015-11-18,33.0992,93.8744,65.3709,48.43,16.1021,49.5107,43.6913,28.3526,58.1126,57.5273
2015-11-19,32.9859,94.4649,66448,49.29,15.89,49.2352,44.7772,28.5216,58.0948,57.1277
2015-11-20,33.3441,94.8049,66.3478,49.31,19.8687,48.7811,44812,28.6729,57.9968,56.9239
2015-11-23,33.8699,94626,65.8134,48.89,20.4637,50903,44.6469,28.6996,57.2043,57.0544
2015-11-24,33.4788,94.0892,65.6547,48.0,21.4176,49.9202,43.7781,29.1266,57.5071,56.7362
2015-11-25,33.6878,94.0176,65.9971,48.1,21.7846,50.4562,44.2994,29.1979,57.4091,56.6547
2015-11-27,33584,94.2323,65.9637,49.72,21.9405,49.8904,44.1691,29.2247,57.6406,55.9695
2015-11-30,33162,93.3913,65.5545,50.26,21.0041,49.5926,43.8998,28.8144,57.5071,25.5541
2015-12-01,33.8733,93.5822,66.6484,50.64,21.1521,49.0714,44.7077,29.4566,58.0592,25.5541
2015-12-02,33.7212,92.8664,65.7716,51.02,20.7333,48.7141,44.4645,28.8144,57.0262,25.1788
2015-12-03,33.2343,92.0791,64.5693,49.18,20955,47.9472,42.8398,28.2348,54.9158,24.5265
2015-12-04,33.5531,94.3695,66.2726,52.06,21.5874,48379,44.0388,29.4209,56.0645,24.9669
2015-12-07,33.4129,94.0892,65.4042,51.69,21.7352,48.4014,44.0214,29.3585,55.2096,25.1055
2015-12-08,33787,93.5166,64.1768,51.95,21.6284,47.2176,43.5783,28.9661,55.2185,24.8447
2015-12-09,33.1615,93.0752,62.9744,53.73,21.7026,47.2399,43.7086,28.3953,53.7225,24.8853
2015-12-10,33.0383,93952,63.1331,51.77,21.2589,47292,44.2733,28.8501,53.7582,24975
2015-12-11,31.9324,92.3475,61.5216,51.89,21.4724,46.8751,44.0388,28.4934,51.9149,24.2982
2015-12-14,32.8183,94.0176,61.2126,52.38,21.0288,46.0189,44.1256,27.7799,53215,24.4041
2015-12-15,32.8547,88.3514,62.9327,52.55,21.5055,46.5922,45.3159,28.0564,53.8828,24.7222
2015-12-16,33.7092,89.4369,63.7593,53.41,22.0229,47.0314,45.3506,28.7699,55.5836,25.5868
2015-12-17,33.4538,88.7808,62.1061,52.49,21.2754,47.6792,43.8389,28.1099,53.8027,25.5948
2015-12-18,33.1291,87.6297,60.5112,52.19,20.7827,49.2129,45.5331,27.4232,52.4135,25701
2015-12-21,33.1475,87.9637,60.6031,51.37,20.9797,48.8704,46.8623,28.0118,53.1972,26.3044
2015-12-22,33.0797,88.8524,60.7617,50.36,22368,49.7787,47149,28431,53.5177,26.2802
2015-12-23,33.1071,90.1586,61.5299,51.16,22.5157,50.4414,46.9839,28.6539,53.7849,26.9489
2015-12-24,33.0618,90.1765,61388,53.62,22.3269,50.9402,47.0187,28.6807,54.0787,27.0551
2015-12-28,33.6808,90.1944,61079,53.93,22.6061,50.6498,47.0795,28.7966,53.8739,26.9652
2015-12-29,34.6171,91.1904,61.6134,54.71,22.6964,51.3124,47.9049,29082,54.6842,27.0386
2015-12-30,34.3727,90.6059,61.1291,54.44,22.5569,51.1859,47818,28.9304,54.3192,27.0143
2015-12-31,33.7152,89.8484,60.2691,53.71,22179,50836,47.3315,28.5647,53.4465,26.6552
2016-01-04,31.7748,87.57,59.0667,54.68,22.4747,49749,47.0882,27.1022,51.7635,25.8071
2016-01-05,31.6152,87.9517,57.9979,55.45,22.6143,49.5703,46.6364,27.1289,51.7635,25.3257
2016-01-06,31.5583,86.1803,57.2381,55.65,22.1624,49.6968,46.4974,26.4511,50873,25.0729
2016-01-07,30.3257,84.0808,54.3407,54.81,22.6801,49.5405,45.5157,25.4434,50.4367,24.7303
2016-01-08,30.2813,83.7945,53631,52.41,20.9715,49.2278,45.2203,24.3643,49653,24.0615
2016-01-11,30.8145,83.7766,54.0735,51.72,21.2506,49.4735,46.8623,24.7032,49.9736,24.1187
2016-01-12,30822,84.0152,54.9419,50.92,21.3902,48.5205,47.5052,25.1491,53117,24.3144
2016-01-13,29.0222,82.7388,53.1383,51.19,20.9715,48.2971,45507,24293,51.4429,23507
2016-01-14,29.5804,84.2061,53.9399,52.02,21.4232,47.6122,45.1247,24.0076,53.6112,24.0289
2016-01-15,28.4421,82.7209,52.4787,52.84,20.9879,46.0115,43.2916,23.7668,52.28,23.7025
2016-01-19,28.6566,82542,51.9276,54.11,20.7165,45.3042,42.6313,24.0165,53.3752,23.5558
2016-01-20,28.5214,81.6891,50.7336,53.9,20.9959,44.4033,41.9711,23.6063,52.7608,23.8332
2016-01-21,28.6835,82.1662,51.0843,54.85,21.4805,44.2395,43.0657,23.7668,52.5916,23.4988
2016-01-22,29749,83216,51.0175,55.38,21226,44.6192,43.0657,24.7121,53.8828,24.7629
2016-01-25,29.7565,82.0529,48.9801,56.29,20.5362,43.9491,42.3968,23.5438,54.2479,24.2982
2016-01-26,29992,86.3533,50.4163,57.08,21.1191,44165,43.2829,24.3821,55.1562,24.6896
2016-01-27,29.0991,86.8125,52.8544,56.13,21.1028,43.6364,41.7452,23.9184,54.3281,24.7712
2016-01-28,31693,87.8682,52.5956,60.77,20963,44.7309,40.7113,23.8827,54.6219,25.0893
2016-01-29,29.2811,90.0632,54.7916,60.63,21.5546,46.1678,41.8147,24.5338,56.3762,26.1576
2016-02-01,28.6731,88.7092,54.2823,60.18,21.6448,45.5945,42.5445,24.1057,55.5035,25.8886
2016-02-02,27.5402,88.1963,52.7793,60.23,21.6858,43.5024,39.1649,23.3476,53.5311,25.5377
2016-02-03,26.4912,90.9698,52.7292,60.51,21.9405,44098,39.4342,23.0167,54.1054,25.5132
2016-02-04,26.7501,91.5185,53.2135,60.66,20.8564,44.2991,39.5385,22963,53.0903,26.0273
2016-02-05,25.0476,91.5364,52.9045,59.85,20.0596,44.2469,37.3926,21.8627,52.1286,25.6847
2016-02-08,24.3477,91.7928,50.8421,59.96,20.2322,43.4726,36.4195,21.0039,48.1303,25.0405
2016-02-09,24.0469,92.2939,52.1197,61.62,19.8214,42.2516,37.3317,21.5049,46.5987,25.1217
2016-02-10,24.4665,91585,51.9694,61.82,19.5421,43.5024,37714,21.8895,47.4803,22.6097
2016-02-11,25.1319,90.5156,50.5479,61.25,19.7802,35.5807,37.5229,20.7803,46.4028,22.0633
2016-02-12,25.2945,92.4921,52.5564,61.54,20347,38.6202,38.2787,21657,47.97,22.5281
2016-02-16,25.9939,93.4353,53.9598,61.84,20.8152,39.1455,39.1127,22.1668,48.9852,22.5445
2016-02-17,26.6423,94.0901,54.7749,61.53,21.2342,37.8247,40.1623,22.14,50.41,22.8544
2016-02-18,26.1884,94.1862,55.4052,60.87,21.8503,37.9598,39655,21.9879,49.8757,22.4546
2016-02-19,26.6823,93988,55.2371,59.86,21.7681,36.6314,40.5734,22.3726,49.7777,22.3894
2016-02-22,27.9094,94.7389,56.9431,61.76,22.8196,38.5226,41.7453,23.3476,50.4278,22.6587
2016-02-23,27.5821,93.8198,55.2287,60.29,22754,37.2993,42.0689,23.5355,49653,22.5771
2016-02-24,27637,94.4506,54.9682,61.69,22.8362,37.2168,42.0077,23.6876,50036,22.6667
2016-02-25,27.6924,95.5139,55817,60.33,23.1645,38.2675,42.4275,24.3495,50971,22.7401
2016-02-26,27.6964,95.0814,56.4725,58.92,23.3947,37.8772,42.2789,24.3048,50.7929,23.2702
2016-02-29,27.5612,94.2403,55.2371,59.99,23.8628,37.3143,41.9465,23.9023,50.7394,23.4988
2016-03-01,28.8841,95.8744,57.1363,58.4,24101,37.5245,42.8211,24.7521,51.8347,24.2654
2016-03-02,28.9424,95.7662,58.1028,59.33,25.1513,38.6502,42.1214,25092,51.3628,24.6487
2016-03-03,28.8068,95.7482,58.5398,59.86,25.7551,40.5414,42.0252,25.6108,51.4696,25.0976
2016-03-04,28.6895,96.1627,58.4809,60.67,26.6983,41.2019,41.9552,25.4051,51.4162,24.8853
2016-03-07,28074,96.4631,58.4221,58.38,26.4583,41.9899,41.1506,25.1815,50.7572,25.0405
2016-03-08,27.9473,96.2408,57.5565,57.77,26.1441,41.1418,40.5471,24.77,49.8044,24.4937
2016-03-09,27.9079,96.1747,57733,58.94,26.3425,41.5771,40.6433,25101,49.9113,24.7222
2016-03-10,27.8809,96.0546,58.1784,59.06,26.6401,41.8098,40.4946,25.1457,49.3503,24551
2016-03-11,28.4137,97.2501,59.6911,57.33,26.8471,42185,41.9028,26.4428,50.7305,24.9262
2016-03-14,28.6012,97208,58.7667,57.31,26.6568,41.2769,42.0864,26.3802,51.7546,24.9831
2016-03-15,28.7833,97.5685,58254,58.35,25.8544,41.0968,41.9028,26237,51.6744,25.2035
2016-03-16,28.6461,97.8568,58.3045,57.86,26.1686,41.1418,42.7074,26.7201,52.4581,25.1952
2016-03-17,27.9064,98.3735,58.4053,59.64,26.3425,41.7197,42.8299,26.9437,52.2978,25766
2016-03-18,27.5392,99.3227,59.3045,58.04,26.2183,41.8998,43.4071,27.0242,52.7608,25.6439
2016-03-21,27634,99.0283,59.5062,58.75,25689,41.5321,43.5383,26.7648,53.0012,25.7579
2016-03-22,27.9583,99.0704,59212,60.87,26.1935,41.3445,42.6374,26.6396,52.4046,25.7743
2016-03-23,28.4147,98.6859,59002,60.93,25.4988,40.7065,42034,26.2549,52.5916,25815
2016-03-24,29.0791,98.8,58.6238,61.42,25.9787,41.9148,42.7861,26.2996,53.7136,25.9864
2016-03-28,28.9255,99.8934,58.1532,62.53,26119,42155,42.8736,26.6754,53589,26.3943
2016-03-29,29.6233,98758,57.8591,63.16,26.2266,42.7254,43.4158,27.4804,54.8712,27308
2016-03-30,29.8643,100.1758,58.1112,64.25,26.2349,42.4026,45.8035,26.9884,55.6103,27.7565
2016-03-31,29.6124,100.1037,58.2456,59.88,26.0862,42.5302,46.1534,27.0421,55833,28.0499
2016-04-01,29.8548,100.6443,59.4978,62.15,26.1026,42.7028,46.1359,27.1942,56207,27.9522
2016-04-04,29.5899,99.9655,58.6826,61.24,26359,42.0049,46.3808,26.8006,54.9959,27.4872
2016-04-05,29.2382,99611,57.5901,60.94,25.4659,41.8023,45.0426,26568,54.4794,27.0874
2016-04-06,30.0334,100.2118,57.3716,62.87,25.3415,41.7422,45.4712,27.2568,54.8178,27324
2016-04-07,29.5021,100.4221,55.9514,62.78,24.4814,42.3501,44.7628,27.06,53.4198,26.8919
2016-04-08,29.6602,100.1037,56.0271,63.04,23.6545,42215,44.7278,27.2836,53.5712,27.1771
2016-04-11,29.7266,100.0796,56.4725,62.91,23.2409,42.1325,44.4304,27.1316,53.4109,27.0143
2016-04-12,30.0877,100.9447,57.4053,62.68,23.4476,42.3351,44.8065,27.4715,52.9478,27.0794
2016-04-13,30.6689,101.2811,59.5314,61.76,23.7289,42.4252,45.2001,28.2676,53.8294,27.1771
2016-04-14,30.9647,101.0228,60.0608,62.57,23.2492,42.4327,45.1039,28.0887,53.7492,27.2751
2016-04-15,31.2211,101.3953,59.9516,65.47,23.5802,43.1606,44.6228,28.0619,53491,27267
2016-04-18,31693,101.8579,60.2205,65.68,23.5884,43.4533,44.4654,28.0887,53.7671,27.2509
2016-04-19,31.3213,101.9179,61.1785,66.13,23.8365,44.4215,44.2555,27.9814,53.2951,26.9733
2016-04-20,31.5752,101.4914,63.3887,66.65,24.1754,44.6691,43.7657,28.1066,53.5088,27.0303
2016-04-21,31476,101.3232,62.8004,66.19,23.8033,44.6016,43.0135,28.4287,53.4732,26.9815
2016-04-22,30.9522,101.3232,63.4979,66.84,23.8779,44.9468,42.4275,27.8562,53.8205,27.1121
2016-04-25,31.2365,101155,63.0189,66.64,23.3484,44489,43066,27.8383,53.6157,26.9326
2016-04-26,30.7716,99.8333,63834,67.11,23.6628,45.0068,42.9698,28.0977,53.9897,27.1445
2016-04-27,30.2573,100.7825,62.4474,66.26,23.1417,45.3746,43.2847,28.1782,53.9452,27.3812
2016-04-28,30.0294,100.3259,61.6575,66.11,22.6206,46.9131,42.6025,27.1584,53.1882,27.1771
2016-04-29,32.9021,100.5542,60.8339,65.98,22.1076,46.9056,42.8998,26.89,51.9772,27.0223
2016-05-02,34.1123,101131,61834,66.0,22.5047,46.9206,43.3196,27.3999,51.9772,27.3405
2016-05-03,33.4873,100.9087,60481,64.49,21.9423,46.3727,43.2847,26.8274,51.3361,26957
2016-05-04,33.4663,100.4221,58.5566,64.81,21.8432,46.5829,42996,26.6396,51.2381,26.6717
2016-05-05,32.8772,100.7885,58086,65.96,20.5528,45.4722,42.3226,26.4875,51.2826,26957
2016-05-06,33.6184,101.4614,58.3129,66.53,20.7183,45.7423,43.0485,26.4249,53.9184,27.3569
2016-05-09,33.9078,101.2391,58.4893,66.59,21.14,45.5397,43.5033,26.4786,54.1589,27.3892
2016-05-10,35071,102.2844,59.7835,66.4,20768,46.0125,44.0718,26.5948,54.9781,27.8217
2016-05-11,35.5778,101.99,59.1196,66.04,19.8995,45.9149,43.9756,26.1194,54.4082,27.5363
2016-05-12,35.8123,102.2183,58.6196,65.57,20.0733,46.0575,44.6491,26.1463,54.4349,27.5035
2016-05-13,35.4127,101.1189,58.0703,65.02,19883,45.5172,43.3809,26.1015,54.6308,27.5933
2016-05-16,35.4496,101.8579,58552,66.05,20.0651,45.7348,43722,26.3347,55.0404,28.0499
2016-05-17,34.6819,100.8126,58.1717,66.04,19.0973,45.4176,43.6695,26.4154,54.8891,27.7401
2016-05-18,34.7907,100.8851,59.9888,64.49,18.9401,45.9764,44.0193,26.3616,55.2274,27.8787
2016-05-19,34.8441,99851,59.6085,66.83,19.7507,46.1426,43.3371,26.2271,55.2185,28.0907
2016-05-20,35.0576,99.7905,59.9465,66.63,20.1973,47.3811,43.7569,26.6486,56.0467,28.5557
2016-05-23,34.7558,100.4557,59.7099,62.01,20.3958,48.1363,43652,26.2271,54.9781,28.5476
2016-05-24,35.1274,101.9797,60.5297,62.8,20.5447,48.6725,44.4566,27.3393,56.02,29.0778
2016-05-25,35.3344,102.8022,61.9242,63.87,20.7432,49.4806,43708,27.4021,55.7439,41.3124
2016-05-26,35.6616,102149,61.3241,64.76,17.4925,49.7675,41.9114,27438,55.4412,39.3058
2016-05-27,35.5285,102.1369,62.3975,63.5,16.6988,49.6845,42.8009,27429,55.6193,40.1622
2016-05-31,36.0547,101.7922,61.8988,60.94,16.4507,50.6511,42.0435,27.4111,54711,40.1298
2016-06-01,35.8876,102016,61.8819,62.19,16.3084,50.9683,42.3165,27.6981,54.4349,39.9583
2016-06-02,36.3266,101.6229,62.0172,58.99,16.2917,51.1571,42.5631,27.8595,54.6219,41.1329
2016-06-03,36.1919,101.8285,60.5128,59.26,16.2251,51.1797,42.0523,27.7967,53.5355,41.4836
2016-06-06,36.2513,102.8566,61.5692,61.69,15.8991,50.9381,41.4535,27.7609,53.7403,42.1119
2016-06-07,36.1021,103.3585,61.1466,63.07,16.0329,50.7115,41.8322,28.3349,54.0787,42.1769
2016-06-08,36.2468,103667,60.9354,63.08,15.8906,50.2206,41.9907,28.7027,54.8712,42.7561
2016-06-09,36.2971,102.8868,59.8958,63.87,15.5734,49.9639,42.2989,28.4605,54.3102,42.8213
2016-06-10,35.8113,101.9374,59.1944,63.05,15.6651,49.3899,41.5239,27.9313,53.6691,42128
2016-06-13,35.6781,101.0726,58.3154,60.89,15.8072,47147,41.0748,27.42,53.4732,42.0545
2016-06-14,35.8806,101.3628,54.4531,62.24,15.5566,46.9506,40.9691,27.2406,53963,42.1606
2016-06-15,35.6292,101.4777,54.6305,61.86,15.9909,46.8147,41.6208,27.5546,53.0992,42.1443
2016-06-16,35.7913,102.7659,54.3009,62.05,15.5816,46354,41.8057,27.3931,53.1704,41.5978
2016-06-17,35.2366,102.1672,54.2502,62.49,15.8573,46.4975,42.1052,27716,53028,41.0269
2016-06-20,35.6167,103.5521,54.3263,62.07,15.7403,46.6184,42.7128,27.8775,54.5863,41704
2016-06-21,35707,103.6367,54.3009,60.97,15.8826,46.49,42.8449,27.8147,54.8534,41704
2016-06-22,35.4466,103.5521,54.0305,62.46,15874,46.4749,43.0299,27.6174,54.9603,41.5978
2016-06-23,36.0193,105.2937,55.4419,62.83,16.1496,46.5353,43.4702,28.0658,55833,42.2585
2016-06-24,34866,102276,52.2979,62.81,14.8463,44.3754,40.2029,27.2317,51.6566,40.3582
2016-06-27,34.4869,101.1088,49.1455,62.0,14.0359,43.1671,38.4327,26.4423,49.4037,38.2292
2016-06-28,35.3145,102.5603,50.4217,62.38,14.1612,43.9525,38512,27124,49.8668,38.8165
2016-06-29,35.6961,103.7274,52.3317,63.31,14604,44602,39.1637,27.7878,50.8374,39.5834
2016-06-30,35.6971,105.9045,53.6755,62.23,14.8799,44.6699,38.9259,28.2363,50971,40.4967
2016-07-01,36.1989,106.1585,53.2107,63.7,15164,44.2244,39.5072,28.5681,50.9353,40.3174
2016-07-05,36.3196,106213,51.4359,63.44,14.6879,43.6202,38.5296,28.4964,50223,39.9013
2016-07-06,36794,105.9287,51.7908,65.82,15114,43.8921,38.0276,29.3395,50.5524,39.9583
2016-07-07,36.7421,105.7534,52.3064,65.75,15.2223,43.7713,38.5913,29.4471,50.6148,39.8033
2016-07-08,37203,107.1141,54.6897,67.07,15.9492,45.3119,39.2077,30.3351,51.5854,40.4071
2016-07-11,37.6006,107.6523,55.9997,66.7,15.9828,44.9418,40.1853,30371,52.0395,40.4722
2016-07-12,37.3227,108.3478,57.3435,67.31,16.2584,45.6593,41.1364,30.3351,51.9683,40.1052
2016-07-13,37.0444,108378,57.4195,65.48,16.0078,45.4705,41.0836,30.4069,52.0841,39.7137
2016-07-14,36.9731,109.4,58.1886,67.1,16.0494,45697,40793,30.4966,52.4848,39.9503
2016-07-15,36.6857,109.7024,57597,62.54,16.0245,46.1048,39.9123,30.3172,51434,39.6485
2016-07-18,36.7172,109527,57.5717,58.46,16.5507,46.1803,40.1765,30.4517,51.6299,39665
2016-07-19,36.9107,109.6056,57.2421,58.01,16.4922,45.8632,39745,30.5594,51.3539,39.3304
2016-07-20,37.1985,109.7145,57.1406,56.28,16676,46.3842,40.5288,30.8643,52.2889,39.5996
2016-07-21,37.1342,109013,57.4618,55905,16935,46.5806,39.9123,30.7567,51.9238,38955
2016-07-22,37.1556,109.1218,56.6504,57.17,16.8098,46.9733,40.4583,30.4607,51.9683,39.1184
2016-07-25,36.8937,108632,56.9124,59315,16.9017,46.3616,40.7842,30.2723,52.0039,39.1184
2016-07-26,36.6932,107.4406,57.2082,56.96,17378,46.2181,40.6609,30.4338,52.1998,39.2488
2016-07-27,36.7471,107.8095,57.3942,56.96,17.2859,46.2408,40793,30.3082,51.8703,39.1919
2016-07-28,37.5422,107.6341,57.0308,56.2,17.0856,49.3522,40.9515,30.2634,51.5498,38.9061
2016-07-29,37.8515,107.8639,56.6927,56.63,17.3028,49.7222,41.1452,29492,51.1936,39.0122
2016-08-01,38.2969,107.8216,56.6504,56.82,17.3028,47.6001,41.1364,29.4651,52.0484,39.0203
2016-08-02,37.9398,107.8639,56.0335,56.49,16.5591,47.8267,39.8594,28.7834,51.5141,38.8165
2016-08-03,37.6435,107876,56.2448,55.88,16.8015,48.68,40.1853,28.9628,51.7813,38.8572
2016-08-04,37.9493,107.5313,56286,55.01,16.9185,49.2011,40.6521,28.8369,52.3334,39.1427
2016-08-05,38.2091,107.9909,57.9014,55.25,17.7287,50.0016,41.4359,29.0437,53.1704,39.5752
2016-08-08,38.2381,107997,57.9609,55.22,17829,49.7147,40.9339,28.8728,51.9238,39.1671
2016-08-09,38.3254,107.8821,57.6293,56.34,17.2859,49.8884,39.6745,29.0167,51.3539,38955
2016-08-10,38.3378,108.1421,56.8386,56.22,17.3028,49.6845,40018,28.9178,51.2292,38.2049
2016-08-11,38.4715,109.4605,57.7654,55.28,17.9544,49.1936,40.4407,29.0887,51.0511,38.3598
2016-08-12,38.5374,109019,57.8164,55.89,18.2969,49.6618,40.5464,28.9178,51.8258,38.0822
2016-08-15,38.3344,109.1944,58335,52.66,18.7815,49.8053,40.6432,29.1876,51.5409,38.6208
2016-08-16,38.1124,108.4022,58.3435,53.24,18464,48.7103,41.0219,29.0887,51.0244,38.1477
2016-08-17,38.1418,109.4549,58063,53.29,18.3053,49.3791,41383,28.8189,50.7572,37.3076
2016-08-18,38.1333,109035,57.9949,51.85,18.7232,48.6038,41.1893,28.8189,50.7038,37.3239
2016-08-19,37.7767,109.2967,58.2925,51.79,18.84,48.6266,41066,28666,50.8819,37.5521
2016-08-22,37.8849,108.9681,58.3946,52.58,18.5307,48.6418,41.3126,28.8369,51.4162,38.1558
2016-08-23,38.0331,109394,58.4881,53.06,18982,48733,42.0876,29.6641,51.7813,38.6208
2016-08-24,37.7737,109175,58.3435,53.87,18.6312,48.2921,41.9544,29.3764,51.3539,38.1723
2016-08-25,37.8719,109.2784,58.4711,53.36,18.9068,47836,41.8657,29.3404,51.2648,38.3028
2016-08-26,38.3598,109175,58.8027,52.63,18.8985,47.4864,41.7859,28.72,51532,37.6093
2016-08-29,38474,109.8383,59.2023,51.97,19174,47.7372,41.8568,28.6301,51.5141,38.0172
2016-08-30,38289,109.6253,59.7975,52.48,15.2808,47.5244,42.0609,28.8549,51.5676,38.1723
2016-08-31,38.3678,109.0715,60.8773,52.97,14.9835,48.5734,42.4069,28.8279,51.1491,38.3678
2016-09-01,38.4406,109.5218,60.4351,53.09,14.6286,47.8588,43.2053,28.3783,51.2826,38.8492
2016-09-02,38.5314,110.0269,60.9113,52.54,14.3751,48.3149,41156,28.4233,51.9683,40.0318
2016-09-06,39351,109.8139,60.3586,53.36,14.3076,48.7102,40.6946,28.2794,52.2354,39.1509
2016-09-07,39132,109.3819,61.0218,53.15,14.5949,48.7634,40.1889,28.7919,51.9861,38.9389
2016-09-08,39111,109.5948,61.4554,54.59,14.5777,48.4594,39.7986,28.3603,50.0092,38.4167
2016-09-09,37.9178,106.8808,60.9198,54.32,14.5693,47.0683,39.3639,27.1734,49.1811,37.8623
2016-09-12,38484,108.3778,61.6425,53.86,14.8565,47.4712,40118,27.4881,50223,38.4903
2016-09-13,37.9612,107.1425,60.5542,54.38,14.73,46.3309,40.4817,27.0025,48.9763,37381
2016-09-14,37.9652,106.8687,60.0185,54.96,14.7131,45.9129,41014,27.0745,48.1125,37.7643
2016-09-15,38.3942,107.4589,60.3586,55.09,14882,45.9053,41.2269,27.3982,48.1749,39.5263
2016-09-16,38.8347,106.5279,59.6954,55.62,14.7131,46.1789,41.0318,26.9486,47.4803,39.8768
2016-09-19,38.6641,107538,60.3501,55.24,14637,45.3808,40.7212,27.3892,47.4892,40.6108
2016-09-20,38.9195,108.0735,59993,54.72,14.2315,45.0615,40.9785,26.9216,47.1597,40.2193
2016-09-21,39.3944,109.2845,60.9453,54.35,14.1557,45.8597,40.6503,27.2094,47596,41.8915
2016-09-22,40.1406,109.4427,61.3364,54.79,14.2233,46.6502,41.5552,27.5241,48.2728,42.3075
2016-09-23,40193,107.9457,60.6052,52.3,14.1218,45.6924,41.9278,27.1374,48.4509,42.0628
2016-09-26,39.8643,107.0695,60.2056,53.37,13632,45.2059,41.2269,26.9036,48.2194,42.0545
2016-09-27,40.7098,107.2825,61.0473,52.44,13.7166,45.0843,42.8948,26.9935,48442,42495
2016-09-28,41.3388,108.0675,61.0048,52.47,13.4292,45.2135,43.2763,27.2633,48.8783,43.1474
2016-09-29,41.3552,106.7165,59823,53.87,13.1251,44.6662,42815,27.1015,48.9763,42.6175
2016-09-30,41.7673,107.2399,61.0728,55.04,13.4207,45.0235,43.3118,27.1554,42.4847,42.5849
2016-10-03,41.7388,106.5157,61.3279,54.98,13.2771,45.1451,43.5868,27.0475,44.8801,42.3075
2016-10-04,41.6037,104.4711,61.8635,56.53,13.4377,45.51,43.64,26.8856,44604,41.9651
2016-10-05,42119,104.9031,62.6628,56.3,13.7501,46.3233,43.2674,27.0475,45.3253,42.1119
2016-10-06,41.9843,104.4467,62.1016,56.49,13.4883,47.0303,43.3207,27.2273,45.6014,42.1935
2016-10-07,41873,104.2581,62.1101,57.07,13.6149,46.3385,42.3625,26.6159,44.8356,41.4673
2016-10-10,41.9868,104.1425,62.3482,57.31,13674,46.9619,42.1496,26.6339,44.9246,41663
2016-10-11,41.4525,103254,61.3534,57.86,13.4715,45814,41.5641,26.2562,44.4259,41.1902
2016-10-12,41.6067,103.2784,61.2684,57.98,13.6235,45.7228,41431,26499,44.5061,41.9894
2016-10-13,41.3667,103.4609,60.4266,58.66,13.4631,45738,41.5108,25.9685,45637,43.1801
2016-10-14,41.0515,103.6496,60.8177,56.41,13.2856,44.9703,40943,25.9685,44.8267,44.1998
2016-10-17,40.5521,103.5766,61.0303,56.26,13.1757,44575,40.9076,25.8965,44.6129,43.9225
2016-10-18,40.7866,103.4183,61.2089,55.96,12.9986,45.0995,41.2713,26.4361,44.7198,44.6156
2016-10-19,40.7886,103394,62.5948,57.24,13.0492,45.6544,41.36,26.7328,44.8712,45.3173
2016-10-20,40.4209,103.3636,63.3515,57.02,13.2941,45.51,41.8746,26.4091,44.5951,45.2357
2016-10-21,40.8534,103.1445,63.6746,55.83,13.3024,46.2549,41.4399,26.1483,44.2657,45.26
2016-10-24,41.8062,104.2216,64.1082,56.67,13.1083,46.6806,41.6971,26.3371,44.9246,45.8475
2016-10-25,41661,101.1546,64.0997,56.7,12914,46711,41.6262,25.9055,45.0938,45.5457
2016-10-26,41033,101325,64.1337,56.7,13.0069,46.7262,41.8302,25.6987,45.2986,45.1868
2016-10-27,40822,100.8686,63598,56.5,12.7366,46.5894,41.2802,25.2311,45.6815,44.4363
2016-10-28,38.7249,100.8747,63.4535,57.44,12.5508,46.9163,42.9835,25.7527,45.9219,44.7464
2016-10-31,39.3983,100.5887,62.9519,58.78,12.3395,47.1367,43.5602,25.9235,45726,44.4118
2016-11-01,39.1784,99.9498,62.2632,54.75,12.2301,47.57,42.9569,25.7707,45.8596,43.4493
2016-11-02,38.1882,100.8504,61736,53.93,12.3145,52.3057,42.8238,25.7257,45.7795,43.4331
2016-11-03,38.2615,101.5198,61.4894,53.52,12.2383,52.6934,42.8682,25438,45.9932,43.6207
2016-11-04,37.6639,101.3068,62.1526,51.55,12.2723,52.6858,42.6198,25.8516,46.3761,45.3989
2016-11-07,39.1544,103.2906,63632,50.56,12.4916,52.5109,43.4626,26.4091,48.7537,46.9647
2016-11-08,39.2951,104.0755,61.9316,52.02,12.3481,53.2483,44199,24.9704,48.8783,47.0302
2016-11-09,38.5035,103.6861,65.2303,51.94,12.7114,52.0548,43.7909,24.7636,47.2042,47.7885
2016-11-10,37.0319,106.0532,67.7352,50.49,13252,51.2035,44.2877,24.7456,47.9166,48123
2016-11-11,36.8638,106.5401,69.2398,51.11,13.7501,48.8774,44199,24.5747,48.0413,49689
2016-11-14,35.8691,105.2196,71608,50.9,14.0964,50603,45.0507,25.1502,48.0413,49371
2016-11-15,37.0748,106.0289,70.2315,50.72,13.5054,51.7356,45.2192,25.4559,48.2372,49.9012
2016-11-16,37.2369,105343,68.5815,49.58,13.7586,51.6132,45.1926,24.9884,49.2701,50.0969
2016-11-17,37.7313,105.8084,69.7271,50.24,14.2992,51575,45.6894,25.6897,50.2051,50.8552
2016-11-18,37.9188,105.9248,70.1118,52.67,12.3313,51.5138,45.6894,25.6628,49.4839,50733
2016-11-21,38.9085,105.0429,71.1377,53.1,12.4664,51.8197,45.4765,25.9955,49.0653,50.3825
2016-11-22,39.1744,105.2817,70.6077,52.65,13.0829,51.7126,46.2447,25.8246,47.3556,49.4278
2016-11-23,38.9145,105.49,72.3432,52.46,12.9986,51.3302,46.7181,25.9961,46.1802,50.2928
2016-11-25,38927,106.2494,72.3004,52.75,12.8719,52.0568,46.9415,26.0592,47.4179,50211
2016-11-28,38.2486,105.6431,71.1634,53525,12.4832,50.8407,46.5038,25.7073,50.7127,49689
2016-11-29,38.0366,105.8084,70.6162,56.12,12.7451,51.3302,47.54,26.0231,49.5373,50317
2016-11-30,37.4405,105.1776,71.8473,54.61,12.3,52.2251,45.9231,25.0125,49.0475,49.4526
2016-12-01,37.0953,105.7227,74.0445,55.26,12.2058,53.5407,44.5564,24.6426,48157,48.3595
2016-12-02,36.9302,105.6002,73523,55.65,12.1544,52.8676,45.0209,24.6155,48.1036,48.2617
2016-12-05,37.8789,105.1041,74.13,57.37,12.7451,53.8084,46.1197,24823,48.7626,48.6205
2016-12-06,38.1463,105.2144,75096,59.32,13.0704,54.6956,46.9683,25.3103,49.2434,48.5227
2016-12-07,38.4306,107.8172,76.5836,50.59,13.4898,55.8353,47.4864,25969,50.8463,49.8114
2016-12-08,38.2765,107.7131,77.4641,51.21,13.9008,56.1412,47272,26.6096,50.0181,50.4884
2016-12-09,38.3428,109.3115,77.3274,48.57,13.5153,56.1106,47.6471,26.0412,49.7243,49.5668
2016-12-12,37.9168,110.0158,76.4468,46.11,12608,56.3018,46.5663,26.3028,49.7688,49.5097
2016-12-13,38.6262,109.5197,76.4724,44.25,12.3601,55.1622,46.5842,26.3931,50.4812,49.7297
2016-12-14,38.3508,108154,76045,45.77,11.8548,54.3514,46.8164,25.6983,50.1695,49.4608
2016-12-15,37.9607,107.7988,77.2504,44.95,11.4444,54.4891,47.3077,25.1659,50.5791,50.0563
2016-12-16,37.7996,108.6746,76.6605,44.21,11.3927,55.7052,46.0035,25.3013,50.0983,49.1264
2016-12-19,38.2101,109.1094,76.9768,45.48,11.1786,54.7186,45.8427,25.2832,50.4812,49689
2016-12-20,38.4705,109.4095,77.4727,45.47,11.2386,55.0169,46.8879,25.3283,50.2408,50.2764
2016-12-21,38.4396,109.2747,77.3188,43.37,10.9906,55.1316,47.4238,25.4005,50.1161,49795
2016-12-22,38.2271,109.7463,76.2502,39.15,10.2971,54.6574,46.8164,25.0486,50.2675,49.4851
2016-12-23,37.9403,109.4707,76.6691,41.08,10.2199,54.6344,47.3702,24.8681,50.3031,49.6565
2016-12-27,38.4795,109.5748,76.7375,37.23,10.2714,55.0704,47.0219,25202,50.4189,49.8276
2016-12-28,38.5159,109.0604,75.3952,36.56,10.28,54.3132,46.6199,24.9133,50.0003,48.6287
2016-12-29,38.1677,109.2625,74.4719,35.96,10.2971,54.1755,46.4412,24.8411,50027,48.7186
2016-12-30,37.4055,109.3605,74.5831,31.54,10.2714,55254,46.5038,24.6606,49.8935,48.4657
2017-01-03,37.5951,109042,75.9766,32.26,10.3655,56.0188,46.5752,24.8681,50.3298,46.7365
2017-01-04,37.7702,109.2074,77.1991,30.2,10.9733,55.2769,47.1826,25.4727,51.0422,48.5145
2017-01-05,38.9309,108.8338,75.5577,33.46,10.4168,54382,47.9777,25581,50.8374,48.3923
2017-01-06,39.7061,109.1523,75.7458,33.69,10.1087,53.6478,47.9241,25.1298,51532,48.8817
2017-01-09,39.7525,108.5643,74.7541,33.07,10143,53.6478,47.9598,25.2291,50.3832,48.7837
2017-01-10,39.7016,108.1418,76.0706,33.71,10.2629,53.8466,48.46,25.4005,50.4545,49.3873
2017-01-11,39.8573,108944,76.2074,34.79,10.3226,53.9996,48.7369,25.8156,50.7661,49.5504
2017-01-12,40.5866,108.6684,75.1388,37.62,10.1174,52837,47.9151,25.8878,50.7483,49.4608
2017-01-13,40.7611,108.6378,75.9595,35.63,10.1688,52.6458,47.7543,25.7163,50.3298,50.8065
2017-01-17,40391,108.5582,73.8393,36.06,10.3141,52.3857,47.4238,25.7795,50.3832,50.3659
2017-01-18,40.2793,109.3115,74.6173,36.06,10.34,52.7835,47.8794,25.7163,51.0778,50733
2017-01-19,40.3571,109.4279,74.1385,33.44,10.0574,52.0109,47.7454,25.2742,50.4456,50.7901
2017-01-20,40.3217,109.3115,74.6686,35.31,10.1856,51.9803,47.6114,25.5449,50.6237,50.9696
2017-01-23,40.7981,109.3237,74.2668,34.38,9.9804,52.4087,48.0313,25.9329,50.0181,47.9026
2017-01-24,41.0255,107.7682,75.8569,36.75,10.0916,52.5463,48.7101,27.6473,50.41,49.1915
2017-01-25,41.7279,108.2336,75.5577,37.35,10.2971,53.2271,49.8714,28306,51247,49.8358
2017-01-26,41.8591,108.2887,76.6947,38.9,10.0231,52.2251,50854,28288,50.1072,49.8441
2017-01-27,41.6905,108.6929,76216,40.45,9.7235,52.5158,50.2823,27918,49.9825,50.5457
2017-01-30,41.4216,107.4314,75.9253,40.61,9.6466,51.8656,49.7017,27.7105,47783,49999
2017-01-31,41.0774,107.0639,74.7113,42.12,9.9376,52.9364,49.4694,26.9886,46.8302,50733
2017-02-01,41.5199,107.2782,74.8139,40.93,9.7235,52.5387,49.5498,26.8709,46.7056,50774
2017-02-02,41899,106.6719,73.8136,40.15,9.8176,52.8446,49.4069,27052,46.0199,51.3447
2017-02-03,40415,107.1986,75.1644,42.2,10006,53.2577,49.3801,27061,46.7501,57.0544
2017-02-06,40.2873,107.2354,74.9079,41.0,9.8776,53.0818,49.5766,26.6989,46.9816,58.2207
2017-02-07,40.5297,107.6396,75.3268,39.18,9.6637,52.8217,49532,26.6355,47.8988,57.6579
2017-02-08,40.8893,108.4419,74.8395,40.23,10.1174,52.3934,49657,27061,50.2675,57.7233
2017-02-09,40.9717,109.1216,76.0406,42.29,10.4767,52.4469,50.3002,27.2693,51.6477,57.9106
2017-02-10,41.2759,109.6238,75.9204,40.84,10.7423,52.4316,50.2466,27903,51.1134,57.7639
2017-02-13,41.7284,110.8609,76.4614,43.26,10.5709,52.3628,50.4342,27.5409,51.3271,57.4132
2017-02-14,41.7214,111.2161,77.4491,41.77,10.7336,52.5552,50.3538,27.2602,51.0778,57.2092
2017-02-15,42.0361,112.0021,78.0932,45.55,10.6739,57.8269,50452,27.8487,51.7635,57.2582
2017-02-16,42108,113.0561,77.7325,44.01,10.3314,58.0039,50.05,27.5499,51.7368,57.7803
2017-02-17,42.1544,112.7726,78849,41.98,10.4426,59.8586,49.4873,27.6043,51.6121,57552
2017-02-21,42.7215,113.0315,79.7422,43.4,10.6138,60.3665,49925,27.9754,52.1998,57.9596
2017-02-22,42.6801,114.6773,79.7765,43.1,10.3141,61.1361,49889,28066,52.3156,57.6906
2017-02-23,42.5095,115.3862,80.2231,43.12,9.9118,61.6055,50.2666,28.0479,52.6718,56.8912
2017-02-24,42.1628,115.5218,79536,44.66,10.2542,62.3751,50.3655,28.4191,52.9834,56361
2017-02-27,42.3325,115.2136,80.4378,44.16,10.5109,62.6445,50.3834,28.9985,53.0547,55.9205
2017-02-28,42.1529,114.8684,80.6096,42.87,10.2371,62.9908,50.2935,28.9713,52.7786,55.9205
2017-03-01,42.5539,117032,82.5505,40.35,10.1762,63.1601,50.7879,29.5145,53.6513,57.5681
2017-03-02,42.3459,117.0505,81.0132,39.43,11.5952,62.2905,50.8509,29.4331,53.5801,57.1197
2017-03-03,42.3943,116693,80.6783,39.79,10.6549,62.8369,50.0868,29.4693,53.3218,56.9726
2017-03-06,42.2312,116.4402,79871,39.37,10.4461,62.5829,50.1048,29.3425,52.3868,56.0023
2017-03-07,42.2018,116.5573,79.7164,42.37,10.2021,62.6599,49916,29.7409,51.5052,55.7003
2017-03-08,42.4252,116.8162,79.3557,43.23,10.2895,61898,49916,30.1483,51.1936,55.9452
2017-03-09,42.5499,117.0566,79.1066,43.94,10.2459,62252,50.5183,29922,51.3539,56.2794
2017-03-10,42523,117.8641,79.1753,43.76,10.4286,62429,51.4262,30.3927,52.3067,56.3285
2017-03-13,42.6293,118.0552,78.8318,43.47,10.1674,62252,51.3363,30.0397,52.7608,56.1245
2017-03-14,42.5265,117.3217,78.7975,46.56,10.1327,62.3597,51.2284,29.7862,52.6807,55.9041
2017-03-15,42.5484,117858,77.2258,46.61,10.2806,62.7676,51.57,30.1211,52.7697,56.5896
2017-03-16,42.5709,117.3094,77.4749,45.52,10.4982,62.8446,51.7228,30.6462,52.9033,56.1081
2017-03-17,42.5155,118573,75.7744,46.62,10.4461,62.9831,51.8127,30.4742,52.1464,54.3057
2017-03-20,42748,118.9737,74.5291,48.01,10.1587,61.2284,51.9206,30.3656,52.5204,54.4442
2017-03-21,42.0611,118.4312,71.8409,47.9,9.9498,60.4819,51.9475,30.0215,52.1197,53.0414
2017-03-22,42.3035,118.4867,71.8667,49.5,9.6104,62.1365,52397,29.8586,52.9478,53.6939
2017-03-23,42.2696,118.4374,71.9526,49.61,9.7931,61.6286,52.6037,30103,52.3245,54.8438
2017-03-24,42.1813,118.0491,71.9698,51.38,9.8454,61.6979,52.6756,30.0759,52.1998,55.3334
2017-03-27,42.2417,117.3833,70.5355,54.44,10.0718,61.5363,52.9183,29922,52.28,55.6038
2017-03-28,42.6996,117.7285,72.2875,53.06,10.3155,61.9518,53.2689,30.1211,52.5738,56.4373
2017-03-29,43.6134,117.5374,72.7255,51.19,10.6897,62.7368,52.9992,30.2117,52.6094,59.4199
2017-03-30,43.7142,117.9073,74.8383,48.94,10.6549,61.2438,53.2959,30266,52.7519,58.1369
2017-03-31,44223,117.9381,74426,49.42,10385,60.9976,52.9543,30.1574,53.0012,56.3883
2017-04-03,44.4709,117.5621,73.6874,50.11,9.8889,60582,52.7835,30.2117,51.8703,55522
2017-04-04,45.2351,117.2354,73.2237,51.31,9.5145,60.2203,52.7116,30.1392,51.8347,56707
2017-04-05,45.3573,117.2662,72.2532,49.9,9.2449,59.5046,52.8554,30.0849,51.7011,58.6597
2017-04-06,44.8086,117.0505,72.3391,50.47,9.2535,59.2968,53.0891,30.1392,51.7724,61.0212
2017-04-07,44639,117.1121,71.7465,50.2,9.2449,58481,52.6846,29.9853,52.0306,61.9937
2017-04-10,45.2456,116.9395,71.0852,49.8,9.5145,58.9735,52.5318,30.0487,52.5115,61.0458
2017-04-11,45.0121,117.1614,71.36,51.92,9.7758,59.1429,51.9385,30.5467,52.4313,60.6945
2017-04-12,44.7064,116.9334,70.7846,49.08,9.6887,59.4045,51.8936,30275,52.2354,62.2062
2017-04-13,44.1297,116.2861,69.5822,50.38,9.4188,58.8812,51.6599,30.5014,51.9594,62.5167
2017-04-17,44.9937,117.3402,71.2827,48.76,9.5233,59.2814,52.5498,30.9269,52.2711,62.9169
2017-04-18,45083,117.2539,70338,49.61,9.6104,59.9047,52.4689,31.0355,51532,61.6014
2017-04-19,44.8545,117.0135,70.3466,49.5,9.6714,59266,52.7475,30.7368,51621,61.4869
2017-04-20,44.9972,117.8333,71.9011,49.09,10185,59.7585,53224,29.9672,51.4518,61.6831
2017-04-21,44.8211,118.0429,70.9993,49.88,10.1674,59.6123,52.9992,29759,51.5141,62.3613
2017-04-24,45.2641,119.7257,72.7255,53.41,10385,60.3203,53.5925,29922,52.4402,61.8465
2017-04-25,45.2745,120.2805,73.4985,53.16,10.2545,60.4896,53.9611,29.5598,52.6183,62.2062
2017-04-26,45.3578,120.2003,71.3342,58.06,10.5244,60.3049,54.4285,29.8676,52.9122,62.2141
2017-04-27,45.8113,120.8846,70.6901,57.2,10.5505,60405,54815,30103,53.1615,62002
2017-04-28,46141,120712,69.0326,57.49,10.4374,60.8206,55.5251,29.7771,53.6335,61.5605
2017-05-01,47.3003,120.0832,70.0546,56.21,10.4374,60.0125,56.2263,29.6504,53.7403,62.4266
2017-05-02,47.2359,121.1434,70.8189,61.78,10.8379,58.1424,56.3611,29.2248,53865,62.9006
2017-05-03,46.9411,121.8215,70.8447,60.98,10.7507,51.5932,56.3072,29.4065,53.9273,63.1377
2017-05-04,46.7665,122.9804,70.8447,59.03,10.4722,53.7096,56.6038,29.5245,54.0965,63.3746
2017-05-05,46.5979,122.9125,70.6558,61.0,10.8988,53.5095,56.6488,29.6063,56296,64.0527
2017-05-08,47.3407,122.4502,70.5269,62.16,11.0033,53.8789,56.3881,29.6608,57.2399,64069
2017-05-09,47.5292,122.0249,70.6987,60.74,11.0294,53.4325,56.8286,30.1602,57142,64.5511
2017-05-10,47.3362,121.2113,70.1405,61.15,12.3786,53.8789,55.8577,30.1148,56.9639,65.0495
2017-05-11,47.2698,121.2791,69.1812,62.5,12.2742,53.9866,55.7229,30.1966,57.2132,64.8943
2017-05-12,47.9547,121.1681,68.5253,62.16,12.0392,53.8173,55.0038,30.0331,57.3379,65.0577
2017-05-15,47.7861,121.8215,70.0356,62.26,11952,53.9558,54.7521,30.3782,57.4269,65.8013
2017-05-16,48.1902,121.9941,69.6386,59.68,11.7867,53.8789,55.0128,30.4781,58.0503,65.8504
2017-05-17,47.1272,120819,67.7227,60.11,11.2296,53.5769,53.7094,29.8424,57.4358,64.3714
2017-05-18,47.8121,121.0671,68.4131,59.7,10.9337,53.6311,54.8689,30.1966,58.0338,63832
2017-05-19,47.8794,121.4143,69.2761,59.55,10.8464,53.9485,55.2824,30687,58.3909,63.7913
2017-05-22,48.4196,123.0948,68.7238,60.84,10.8814,54.2505,55.7768,30796,58.7211,64.1264
2017-05-23,48463,122.6111,69.3365,64.04,10.6202,63.2548,55.66,30.3056,58.9175,63.9547
2017-05-24,48.9025,122.4623,68.9741,65.73,11.5599,63.9052,56.1124,30.5144,59.3459,63.6932
2017-05-25,49.5525,123.7335,68.6202,64.46,12.2307,64.4317,56.7909,30.1693,59694,64.2569
2017-05-26,49.6722,124.4342,68.8619,72.93,11508,63.6187,57.3247,30.0694,59.6137,64.2734
2017-05-30,49.7181,125.5317,67.5587,72.5,11.5779,62.6974,57.6685,29906,59.3459,64.0119
2017-05-31,49.6143,126.7905,66385,70.19,11.6574,61.9154,57.9671,29688,59.7208,63.3418
2017-06-01,49.6807,126.7161,67248,73.53,12.1523,61.4276,59.1704,30.0604,60.1492,63.0313
2017-06-02,50.2184,128.1733,67.3516,75.71,11.8607,62.1709,59.2337,30687,60.2206,63.3991
2017-06-05,50.4484,127.8757,67.6018,74.31,11.5071,62.0161,58.8628,30.2329,60.3009,63.5298
2017-06-06,50.0323,127.3734,67.5501,73.61,10.8883,61.3889,58.2023,30.1602,60167,62.8106
2017-06-07,50385,127.1254,68.0938,74.41,10.6675,62.9684,58.1752,30.6053,59.7654,62.7289
2017-06-08,50395,127.7021,68.5426,75.85,10.8707,62.5193,58.2023,30.4599,59.6851,62.2224
2017-06-09,48.8007,128.3159,69.1035,73.66,11242,61.2109,57.3066,30.5326,59.1852,61.49
2017-06-12,48.1323,128.6012,69.1898,74.1,11.1536,60.3669,57.5328,30.3237,59.1674,61.8586
2017-06-13,48.9244,129.6678,69535,76.52,11.1006,60.1502,57958,30.8595,59.2923,62.1697
2017-06-14,48709,130.2258,69.1208,77.37,11074,60.2973,58.5914,31.2137,59328,61.2364
2017-06-15,48.0954,131.0196,70.2082,78.19,11074,59.8792,59.2609,30.7142,59.2566,60.6715
2017-06-16,49.2696,132.2287,70.1737,77.61,11074,59.5695,59.3875,30.5598,59.4351,61.2772
2017-06-19,49.6418,132.3032,70.5362,80.0,11127,60.2353,60.0028,30.7415,60.1581,62.8083
2017-06-20,49.5131,132.3032,70096,76.59,10.7911,59043,59.4418,31.0321,60.0421,62.1615
2017-06-21,49.9939,131.9931,69.8026,78.42,10.6496,58.6327,60.1023,30.8505,60.6133,62.5709
2017-06-22,49.9475,131.5962,69.3797,77.45,10.7823,58.4856,59.4328,30.3964,59.9082,62.8166
2017-06-23,50.0693,132.0179,68.6289,72.5,10.8619,58.6249,60.1204,30.7687,60.1403,64.2412
2017-06-26,49.5824,131.8381,69.5523,72.06,10.8001,57.6571,59.7132,30.8323,60.2117,64.5606
2017-06-27,48.7244,130.0832,70.2341,69.37,10.9768,57541,58.8537,30.6688,59.3816,63.4716
2017-06-28,49.4003,130.6041,71615,71.7,10.8707,57.3165,59.8037,31.1229,59.8279,64.1921
2017-06-29,48682,128.8864,70.3118,69.89,11.0297,56.9758,58.9442,30687,59.0335,64.3067
2017-06-30,48.2864,129.0973,71.3043,69.91,10.9946,57.7578,59.3242,31.3954,59.2656,62.8166
2017-07-03,47.5711,130.1142,72.1155,71.46,11.2772,58741,59.0347,31.2046,59.5333,62.1862
2017-07-05,48.4561,130.0708,71.3733,72.89,11.3391,59.6856,60.2018,31.4498,59.7029,62.4234
2017-07-06,48.1438,128.9919,70.8641,71.96,10.8442,58.3849,59.2428,31.3227,59.1674,62.6448
2017-07-07,48.8232,129.9654,71.2007,64.0,10.7469,59.4921,59.5594,32.5033,59.7654,63.4225
2017-07-10,49.7066,130.5235,70.8123,61.75,8.4756,59.2056,59.5685,33.7566,60051,63.7418
2017-07-11,49.5899,130.0088,69.9407,61.67,8.1662,58.4623,59.4871,33584,60.3366,63.6436
2017-07-12,50.2074,131.0258,70.9418,61.55,7857,59.4379,59.6861,33.2208,60.8097,64.4215
2017-07-13,49.9141,130.8955,71.2784,62.02,7.9807,60.6766,59.8671,33.1481,60.6044,64.3233
2017-07-14,49973,131.3172,71.2007,61.3,7857,60.6844,59.4871,33.3298,61.4345,64.2821
2017-07-17,50.3835,131.2614,70.9159,63.05,8.1928,60.9244,60.6361,33.3116,61488,64.0366
2017-07-18,51.1023,131032,70.3981,65.37,8.2016,60.5373,60.3918,33.0664,61.3988,63.8481
2017-07-19,51223,131.5218,70.2341,65.76,8.4313,60.9244,60.4099,33.2753,62.0325,64446
2017-07-20,51.3143,131.7389,69.9148,66.2,8.5022,61.6135,61.1427,32.9937,62.4431,64.3886
2017-07-21,51.1632,130.9389,75.8956,68.57,8.4492,61.6522,60618,33248,62.4609,65453
2017-07-24,51.8256,130.2196,75188,67.24,8.2105,62.0393,60.6089,33.2026,62.4431,65.7068
2017-07-25,51.8715,123.6404,75.1621,71.5,8458,62.3954,60.7537,33.6022,62452,65.5513
2017-07-26,52.5165,123.4172,73.9711,73.44,8.4313,61.7141,60.3466,32.9574,62.5234,65.5513
2017-07-27,52.1773,124.0497,73.1857,78.71,8.7056,61.3502,60.0209,32.7576,62.2288,64.2578
2017-07-28,50.8823,123.8451,73.3324,77.12,8.6876,61.8225,60.0751,32.5578,61.8718,64.2168
2017-07-31,49.2731,124.7442,74.3767,78.81,8.6965,60.6921,60.4189,32.4125,61.8718,64.1758
2017-08-01,49.6926,125.9906,74.23,79.31,8.9705,60.4366,61.0523,32.7667,62.0414,64.9537
2017-08-02,49.6777,127.3734,73.9711,82.93,8.7762,59.9876,61.0704,33.1027,61.1578,63.9547
2017-08-03,49.2302,128.7438,73.3455,83.72,8.8115,58.8107,60998,32.9937,62.4341,64.2248
2017-08-04,49.2632,128.7624,73.1894,82.28,8.9881,59.1049,61.3508,33.2299,63532,64.4541
2017-08-07,49.4971,128.6322,73831,84.18,9.0324,59.8172,61.5227,33157,62.1128,64.5771
2017-08-08,49.3759,128.0059,74.1432,83.43,9.0501,59.6004,61.5499,33.0113,62.7287,63.4471
2017-08-09,48.9853,128.0369,73.8224,84.3,8.9,59.5617,61.6675,33.1206,63.3802,67.9423
2017-08-10,47.7337,127.8819,72.0189,81.6,8.6436,60.3592,60.9618,32.6835,62.4877,66.5421
2017-08-11,48286,127.7269,71.7934,82.65,8.6702,59825,61.0523,32.8656,63.0232,67.1807
2017-08-14,49.0497,128.5888,73.0593,85.37,8.5816,59.7863,61.5499,33.3482,64.1211,68.9657
2017-08-15,49.0217,128471,72964,83.75,8.2811,59.7398,62.1651,33.4939,63.9693,69.8826
2017-08-16,48.7943,128.9298,72.6778,82.39,8458,59.7398,62.3099,33.5395,64.3174,70.2429
2017-08-17,47.9158,127.3362,71.0911,93.31,8.3873,58.4933,61.0794,32.8292,62.8268,68.4335
2017-08-18,47.8111,126.2076,70.6922,87.46,8.5373,58.3842,61.0342,32.5013,62.6748,68.2369
2017-08-21,47.5527,126.8401,70.5969,87045,8.2105,58.4933,61.9751,32.5833,62.1828,68.1796
2017-08-22,48.2316,127.4044,70.6142,88.89,8.0867,59.2177,61.7851,32.3921,62.7463,70.0136
2017-08-23,47.7876,126.3972,70.4841,87.24,8.4932,58.7971,61.6304,32.2737,62.6301,69.6534
2017-08-24,47.5108,126.0542,70.6055,79.78,9.9426,58.7893,62049,32219,62.4512,69.6205
2017-08-25,47.1521,126.0604,70.6576,86.9,10906,58836,62.0399,32.5833,62.4154,69498
2017-08-28,47.19,126.2662,69.8425,88.27,11.1448,58096,62.3858,32.1553,62.5764,69.4239
2017-08-29,47.5911,126.5531,69.1402,86.11,11.0828,57.8,61.9853,32128,62.2991,69.3504
2017-08-30,48266,127.0333,69.4437,80.75,11.2085,57.6832,62.3767,32.2737,62317,69.1292
2017-08-31,48915,127.4262,69.0275,84.2,11.4421,58135,63.2321,32.9202,63.3009,69.5959
2017-09-01,48.7977,126.9523,69.6344,81.4,11.7654,59358,62.9136,33.0022,63.3546,69.65
2017-09-05,48.1503,125.3432,68.2037,79.95,11.7923,58.9529,60.9478,32.5195,63.0952,69.2645
2017-09-06,48.2765,126.0105,68.9061,80.21,12.2234,58.8906,60.9387,32.8747,63444,68.9115
2017-09-07,48.8586,127.5136,67.8309,81.48,12.2504,58.9217,59.7556,32.7563,63.8823,69.1742
2017-09-08,48.1817,128.2807,67.8136,81.99,12.1426,58283,59.6737,33.0113,63.5961,69.0429
2017-09-11,48.7833,130.6942,68.5506,84.06,12.2504,59.0074,61.5667,33.6305,64.5621,69.9288
2017-09-12,49.0137,130.7441,68.9928,84.69,12.6187,55.65,62049,34.3682,65.1524,70.4702
2017-09-13,49.8627,130.6506,69.5477,86.92,12.5376,56.3122,62.2675,33.84,64.6426,70.0191
2017-09-14,49.4941,131.8605,68.2384,90.41,12.6278,56.7328,62.5587,33.9948,64.1685,70.0519
2017-09-15,49.2237,133.0579,69.4003,92.45,12.7892,56.4991,60.0105,33.8491,64.2401,69.7812
2017-09-18,48.5952,133.3136,69.5824,94.7,12.6456,56.7406,59.3279,34.1405,64.4369,69.6007
2017-09-19,48.3792,133.1889,70198,93.43,12.5916,56.4602,59.3552,34.2134,64.8483,69.5352
2017-09-20,48.5463,131.2867,70.9264,91.06,12.5109,55.6734,58.6818,33.7398,64.8125,69.6336
2017-09-21,48.1193,131243,70.7356,90.49,12.5467,55.6033,58.6545,33.5668,64.2759,69.5924
2017-09-22,47643,131.4426,71.0477,88.92,12.8072,55.5254,58.5452,33.6032,64.4548,70.1421
2017-09-25,46.8793,131.4239,71516,89.26,12.8431,55.6812,57.7899,33.7671,64.1238,69.3711
2017-09-26,46.8199,131611,71.7934,88.75,12.9331,55.6734,59.4462,34095,64.0612,68.92
2017-09-27,47432,130.6443,72.7732,89.89,13.1125,55.1359,57.9537,34.7415,64.3206,69.4121
2017-09-28,47.7078,130688,72938,86.22,12942,54.17,58.5816,35.4974,64.5263,69.5513
2017-09-29,47.9547,130.9063,73.4062,86.54,12969,54.1077,58.7637,36.3625,64.8841,70.4456
2017-10-02,47847,132.6899,74.4987,86.37,13.2202,54466,58.6362,36408,64.8036,70.0108
2017-10-03,47.7427,133.8188,74.8889,86.59,13005,53.9986,58.3359,36.6721,64.8931,69.8141
2017-10-04,48.1592,135.0349,74.8628,91.26,12.8701,54.1466,59.3279,37.1912,64.9825,70.1339
2017-10-05,48.9274,134.9413,75.5132,91.77,12.9598,54.3725,59.9832,36.9909,65.4745,70.3637
2017-10-06,49.3629,135.0349,75.4698,92.32,12.9598,53.5312,59.7283,37.4098,66.0111,71.7252
2017-10-09,49.4333,135.1347,75.6952,93.59,12.2145,52.3316,60.4746,37.5464,65877,72.5209
2017-10-10,49.2442,135.1783,75.6952,96.41,12.2055,52.8457,61048,37.5919,66.19,72.2583
2017-10-11,49.6333,135.0287,75.2183,105.16,12.0082,52.7678,61.1572,37774,65.8322,71.8976
2017-10-12,49.9291,135.7022,73.3455,101.83,11.6936,52.8535,60.8477,37.5919,66.2705,74.8095
2017-10-13,50.0294,135.7833,74.0131,102.4,11.7386,56468,61.8306,37.6465,66.5299,74.6783
2017-10-16,50199,136.4069,75.3051,101.19,11.7205,55.1359,62.1036,37.6739,66.3421,75.0473
2017-10-17,50.3381,135802,74.6287,96.98,11.7205,55.4709,62.0035,37.7831,66.1632,75556
2017-10-18,49733,136.1263,75.1403,100.34,11.8912,54.8711,61.3938,37.8014,66.1364,75.1129
2017-10-19,49.2148,136.7312,75.8513,98.92,12.0348,55.1749,59874,38.7302,66.4315,74.6702
2017-10-20,49.0302,138.0285,77.7502,101.24,12.3583,55.4397,59.9559,38.8577,66.9056,75.3754
2017-10-23,48.2016,138.1719,77.7935,92.16,12.5916,55.4008,60.1561,39.0398,66.5478,75.0473
2017-10-24,48.6805,146.3419,77.6201,99.69,12.6996,55097,60.4473,39.4496,66.8072,74.9818
2017-10-25,48.5314,148.2315,78.7473,105.5,12.8251,54.5439,59.9195,39395,66.4136,74342
2017-10-26,48.5074,145.2754,80.2213,104.1,13.1036,54.4971,60.6111,40.0689,66.7088,74.5881
2017-10-27,54.9184,146398,80.4468,103.76,12.7982,54.3881,61.1663,40.3421,67.4333,75.3921
2017-10-30,55.4122,144078,80.1433,104.32,12.2504,53.9597,60.0833,40.3512,67.5407,74.7932
2017-10-31,55.1343,143.5603,79.9265,104.18,12.0619,53578,60.42,40.2601,67.6838,75072
2017-11-01,55.0545,143.5541,79.6838,106.04,10.7234,54.1856,58.7637,40.7337,65.7786,75.0556
2017-11-02,54.5826,144.8326,80.1606,96.58,10.8493,53.8506,59337,40.6426,66512,74.3911
2017-11-03,55.4496,144.8264,79.4236,100.24,10.6159,52.8613,59.5463,40.3603,66.4315,75.0147
2017-11-06,55.9015,143.6352,80.0306,101.75,10.6875,52.6899,59.7647,40.8338,66.8877,76.3024
2017-11-07,56.0267,143473,78.1404,107.53,10499,52.5263,60.4109,40934,66.7714,75.9005
2017-11-08,56.5111,143.3358,77.1432,106.67,10.5258,52.8847,60.0014,41.3529,66.5299,79362
2017-11-09,56324,142.4377,76.3976,104.94,10.9391,52.6588,60.2289,41.8811,66.1364,77.6231
2017-11-10,56.1355,141.8515,75.9085,104.69,11.2805,52.3082,58.8456,41.8902,66.4226,78.6976
2017-11-13,56326,142.3317,75.7343,102.81,11.0917,51.6539,60.0469,42.8828,66.6909,79.4032
2017-11-14,56.7086,143024,74.9068,105.1,11.1097,51.5838,60.0833,43.3837,67.0576,78.5501
2017-11-15,56.2023,141.8203,76.3266,99.15,11.3613,50.7503,59.8649,43.2835,66.2705,78.7387
2017-11-16,56.7311,143.0801,75.9085,98.31,11.2716,51.1242,59.9013,43.2744,67.4244,79.8295
2017-11-17,56.3615,143.0427,76.5008,97.29,13.9658,51.3831,60.2653,43.8299,65.3451,79.4851
2017-11-20,56.1834,144.3711,76884,98.94,15304,51.2262,60.1834,43.8936,64.4399,80.3136
2017-11-21,56.8408,145.9926,76.6053,98.59,14.9447,51.2262,60.9751,44.9409,64.3234,81.2241
2017-11-22,57.6724,145.1558,76.0043,97.4,14.9268,51.3674,61195,45.1503,64.2696,80215
2017-11-24,59.1609,145.0305,76.1088,100.33,15.0256,51.1869,61.1217,45.5328,64.7715,80.1905
2017-11-27,59.6512,146.6727,75.6646,101.85,14.8098,51.1163,60.6178,45.0502,64888,80.0101
2017-11-28,59.54,147.6944,78.1731,99.88,15.9237,51.3438,60.9385,45633,65.3092,80.3874
2017-11-29,57.9273,149.1862,79.2357,99.59,15.8968,52.1048,60.1964,46.1339,64.6281,78.3532
2017-11-30,58.6995,152.4017,80.1329,100.75,15.7697,52.4892,60.1414,46.5584,64.7805,78.8617
2017-12-01,57.9812,151.1544,80.76,98.71,15.7787,52.6696,60.4712,46038,63.9559,78.4024
2017-12-04,56.5645,149.9697,82.6501,95.84,15.7059,52.9442,61.6165,46.1749,63.0238,76.4666
2017-12-05,56.9446,149.3429,81.7965,91.38,15.5697,51.8224,60.4162,45.8645,63.1224,76.3068
2017-12-06,57.4823,149.5999,81.7617,90.96,16.0331,53.6031,60.5262,45.3807,64.0814,76.7259
2017-12-07,57.8535,150.6216,82.8069,86.61,16.1602,54.2935,60.6361,45.7915,64.18,77.7694
2017-12-08,57.9637,149.2614,83434,86.97,16.3601,54.7485,61305,46.3575,64.3682,78.8212
2017-12-11,58.3089,149.9948,83.5908,88.03,16.2692,54.6543,61.4149,46.0745,64.1352,78.6897
2017-12-12,58.1173,148.2898,83.7998,81.4,15.8515,53.8777,60.9751,45.6455,64.0366,77.8845
2017-12-13,58.0699,149.8757,82502,81.02,16.0331,51.9479,59.9306,45472,63.8035,78.0158
2017-12-14,58.5753,149.2301,81.9272,84.89,15.4153,51.8694,59.7199,45.9558,64.3592,77.3998
2017-12-15,58.8187,149.1799,83.8869,83.19,15.1791,53.1011,60.4254,46.1749,64.6012,78.2624
2017-12-18,59.3893,149.4432,86.5,78.88,16.1966,52.5833,61021,46.9692,64413,78.8047
2017-12-19,59.2297,149.4244,86.0035,75.36,16142,52.4892,62.4228,46.3758,64.4668,77.9996
2017-12-20,58.7429,148503,85.8728,73.7,16242,52.7559,62.0288,46.3575,65.1658,78.3692
2017-12-21,58.6002,147.1616,86.6829,71.45,16.6143,52.5519,60.7827,46.4945,64888,79.1416
2017-12-22,58.2809,147.1303,87.5365,76.67,16.5235,52.3558,60.7919,46.4032,64.2606,78.7882
2017-12-26,58.7,147.5816,87.0313,75.72,17.2866,52.6931,60.1872,46531,63.8484,78.7965
2017-12-27,58.9743,148.0517,86.8832,81.02,16569,52.4499,61.1676,46.5766,63.8125,77835
2017-12-28,59.1659,147.7508,87.3623,81.95,16.5507,52.6774,60911,46.8687,63.9828,78.0324
2017-12-29,58.3363,147.5314,86.7351,82.53,15.8332,52.6225,60.8102,46.6223,63.6512,77.9747
2018-01-02,59311,147.7006,86.7613,82.46,16.5328,53.3364,61.1584,46.6131,63.5885,78.0979
2018-01-03,60.0687,147.6944,86.6132,80.14,16.8324,54.4817,61.2958,48.2564,64.1262,79.5769
2018-01-04,60.3376,149.6249,88.3378,77.61,16.5328,55.2819,61.25,47.5352,65139,81.4914
2018-01-05,61.3128,150.7908,88.3465,79.97,16.6052,54.8661,60.7461,47.9186,65.6946,82.6829
2018-01-08,62.1972,150.3019,87.7978,81.83,16.6326,54.0738,60517,48.2655,65.7574,82.6172
2018-01-09,62.4881,151.2358,88573,80.52,15.9148,54.6229,61.9647,48229,65838,83.5045
2018-01-10,62.5694,151.1481,89.8359,80.72,16.6052,54.4347,62.2579,46531,66.2951,83.1758
2018-01-11,63.6842,151.8814,90.9508,80.73,17332,55.2584,63.0367,47.5078,66331,83.0607
2018-01-12,65.1069,153.2353,91.8305,85.69,17.3501,54.7092,63.8521,47.3891,66.8239,83.2251
2018-01-16,65.0899,153.4046,90.9508,81.61,16.8868,55.0544,62.7801,46.4032,66.9763,83.0362
2018-01-17,64.5981,155.5169,90.9247,86.53,17.1322,55.2662,63.6322,47.5626,67.9711,82.6663
2018-01-18,64.5143,154138,90.0711,87.3,17.2142,54.6308,63.2382,46.5036,68.7867,82.5595
2018-01-19,64.5771,155.5608,90916,86.15,18.0949,60.8438,62.8168,46.9966,69.2706,82.9704
2018-01-22,66.2098,155.0092,91.8828,83.12,20.3752,64.4132,63.0916,47809,69.8711,83.5702
2018-01-23,67.9672,154.3887,92.0744,84.21,20.9474,63.2051,62771,47.8182,70.14,83.7675
2018-01-24,67.7163,155.2537,91.6825,81.0,19.8481,62.7815,65.2081,47.3343,70.3103,83.1431
2018-01-25,68.7359,158.1809,90.8115,81.19,19.5393,62.7579,64.8325,45965,69.8622,83.6935
2018-01-26,69938,162.1109,91.3689,79.61,20.1752,64.17,65.6479,45965,70.2924,84.2194
2018-01-29,70.7177,160.4687,91.1076,78.75,19.8664,63.4326,65.9136,44.1118,70.0414,82.2638
2018-01-30,71.7223,157.6669,90.1234,78.99,19.3849,62.7187,65.7762,44.3035,69.6919,81.3436
2018-01-31,72.3743,157015,90.5502,78.57,18.8128,62.3108,65.6113,44.7782,69889,81.7955
2018-02-01,69.3369,155.4104,91.2121,77.17,18.6401,62.4912,65.1532,43.8927,69.4588,81.7461
2018-02-02,71.3298,153.6741,88.4685,80.14,18.6583,61.6597,64.0903,42.3316,67.8635,81253
2018-02-05,69.3369,145.0681,84.4879,80.21,18.0133,63.4561,62.3403,40.8435,65.6857,78.9526
2018-02-06,71.9727,146.4408,85.7422,79.36,18.5129,64.7583,63.4673,42.0942,66.2324,78.8293
2018-02-07,70.6728,146165,85.4635,83.65,19.5757,63.8091,63.3299,42.2586,68.5805,78.9444
2018-02-08,67.3666,139.7089,79.9587,87.15,18.2858,62.7266,61.1676,40.6701,67.3616,75.5263
2018-02-09,66.8229,141.1631,80.4998,88.56,18.7582,63.3463,61.4516,40241,68.3744,79.6918
2018-02-12,69.1489,143.6577,83.2729,89.79,18.3403,62.4912,63.0092,40.9348,69.3961,80.4396
2018-02-13,70.5596,145.0179,83.3779,89.69,18.9943,62.3735,62.9909,40944,70.0056,79.8973
2018-02-14,72.3823,145.4191,85.1887,88.7,19.9845,58.8826,64.0628,41.4643,71.5381,82.2802
2018-02-15,72.9165,148.0861,86.3172,87.29,20.0662,60927,63.7696,41.1813,72.9273,83.0607
2018-02-16,72.2646,149221,87.0696,76.53,19.9117,62.4345,63678,41.6013,72.5509,82.8389
2018-02-20,73.2453,148.2122,86.1335,75.77,19.5303,60.0429,63.6322,41227,73.0797,82.7158
2018-02-21,73972,146.39,85.1975,73.82,19.4304,59.2773,63.7513,41017,73493,82.8883
2018-02-22,74.0928,148.7986,84.5676,74.39,19.4667,59.6641,62.8937,40.5181,73.3222,83.0773
2018-02-23,74824,149.4417,86.6409,73.63,19.0124,60477,63.4101,40.7103,74.1488,85.4353
2018-02-26,75919,153.9309,88.1368,74.62,19.1851,59964,63.2994,40.5547,74.5441,85.9777
2018-02-27,75.4216,151.8124,86.8246,72.19,18.9943,59.0642,62.2389,39685,74.1308,84.7452
2018-02-28,75.4451,148.4896,85.6699,71.89,18.74,59.5378,61.7041,38.3576,73.6906,84.2521
2018-03-01,74.4973,145.8604,84.4276,69.73,18.4221,59.9719,60.8464,38.7055,72.4597,82.9293
2018-03-02,74.8365,145.2488,84.6113,69.57,18.7855,59.3325,59915,38.4949,73.0258,83069
2018-03-05,76.0018,146.7873,85.6436,72.58,18.7855,61.5584,60.1179,38.6505,73.9152,83.8086
2018-03-06,76.7016,147.3232,85.7661,71.55,19.3941,60.8638,61.0032,39.7674,74634,83.6854
2018-03-07,77.0688,148.5275,85.4074,72.39,21.7014,61.1164,60.8741,39.7766,74.7957,84.1372
2018-03-08,77411,149.0129,85.8623,74.24,20.4738,60.7849,61.5381,39.9047,74.7687,84.7698
2018-03-09,78.7593,152.1718,88.1718,76.64,20.4281,59.1668,62.2205,40097,76.1074,87.6867
2018-03-12,79732,151.1945,87.8831,75.93,20.0433,59.9324,62119,40.5913,75.5324,87.1608
2018-03-13,79.2227,149.7885,86.4484,75.38,20.2906,59.8851,62.3127,40.9758,75.2809,87.1281
2018-03-14,79.3634,147.7204,85.0313,74.8,20199,58.5985,61.7502,40.6371,75.1371,85.7313
2018-03-15,78.9304,148.7166,85.7748,77.53,20199,58.2038,61.5381,39.7766,76.2152,85.8134
2018-03-16,78.3996,149.5678,86.9208,76.93,20.5929,57.9591,61.7041,40.0604,76.0086,85.8709
2018-03-19,77.0653,145.9991,86.2997,76.11,20.7396,57.3435,62368,39859,75.2988,86.8895
2018-03-20,79.1394,146.5603,86.3172,76.88,21.0054,58.4012,62.5709,39.5294,75.7481,88.1715
2018-03-21,78.9074,147.6258,85.8886,76.96,21.5274,57.6355,61.8424,40.6829,74.8855,87.4074
2018-03-22,77.0648,140.7092,82.8005,75.37,21.1426,56.8699,61.0493,39.8773,72.7472,84.6631
2018-03-23,74.6026,135785,80.8234,75.84,21.2983,57.2409,59.3986,39.6392,71.2109,83.3156
2018-03-26,77.6105,138.8618,83.1679,75.01,22306,57.7697,60.6804,40.9026,73.3402,85.4026
2018-03-27,74.6769,136.1066,81.8994,75.96,21.6097,57.3119,60.6159,40.0695,71.9476,83.9095
2018-03-28,71.4031,136529,82.4681,76.81,21.6555,57.6671,59.6107,39.6209,71.5793,82.7822
2018-03-29,72.1972,138.4079,83824,80.4,22.1777,58.3617,60.4775,40.1336,72325,82.7247
2018-04-02,68.4386,134.0574,82.0132,79.59,21.7838,57.2882,59.5922,38.7329,71166,81.8607
2018-04-03,69.4392,136.3966,83.4916,78.61,22.7822,58.5038,59.4723,39.2547,71.9207,82.3955
2018-04-04,70363,137.1721,84.2877,76.17,24.0923,59.7035,59.9242,41.7723,72.5226,83.4898
2018-04-05,72.4172,137872,85.3112,77.4,24431,59.3089,60413,42.6236,72.7023,84.0414
2018-04-06,70.0967,133.8241,82.8617,78.53,25.0541,59.6641,59.4908,41.5159,71.0402,82091
2018-04-09,70.1391,134.1772,83.5441,76.97,25.0633,59.1273,59.8136,41.2688,70.8964,82.3214
2018-04-10,71.6425,136.8064,84.6988,78.19,25.7412,58488,58.1905,41.4976,72.2351,84.3705
2018-04-11,71.1851,135.1356,83.4129,78.38,25.7504,58.7958,58.6885,40.7561,71.8129,84.3292
2018-04-12,72.2551,136.4533,84.7513,80.19,26.2359,59.2378,58.7899,40.4815,73.2683,85.5799
2018-04-13,71.3717,135.8859,84.3227,84.51,26.1442,59.3089,58.0429,40.7195,72.6125,84823
2018-04-16,71.9059,137.2604,84.7688,87.87,25.6862,59.2457,59.0942,41.0033,73466,85.5882
2018-04-17,75.0151,138.7673,85.2762,92.71,26.1626,59.0405,59.1772,41.5892,73.8433,85.8352
2018-04-18,76.2128,138.4079,84.9788,92.67,25.8327,59.0879,60.1917,41.7173,74.3016,85.9833
2018-04-19,77.6629,137.9855,86.0373,90.51,25.1457,59.7509,59998,40.0604,74.0051,85.6295
2018-04-20,76.1953,137.2919,85.7136,90.17,24.3212,58.1959,60.7542,39.3738,73466,85.1769
2018-04-23,75.7149,136.1129,85.2937,90.82,24.5135,57967,61.1138,39.7949,73.2863,85.5799
2018-04-24,72.8332,126.8129,85.2237,91.19,24.7517,57.3987,60.4406,40042,72.5945,84.7572
2018-04-25,72.8372,125.3691,81.1471,91.27,23.7075,57.2645,60.9294,41.1314,72.6933,83.7862
2018-04-26,75.7199,124.2657,80.1848,89.91,24.6694,56.8067,59.3063,41.6258,73.4301,85.2591
2018-04-27,78.4465,123.6541,80.2373,92.54,23.4326,57375,59.3525,41.3145,73.3312,85.1522
2018-04-30,78.1228,122.5634,79275,94.29,23.4692,57012,58.1536,40.4082,73.5109,84.8065
2018-05-01,78.9274,122.9606,78444,92.79,23.2769,56.5463,59.1219,40.4998,73.5109,84.5762
2018-05-02,78.2999,122.6327,78.0153,90.04,23.7075,57.8486,57.9599,39923,73.1156,83.6627
2018-05-03,78.4193,123.3767,76913,85.6,24138,55.4649,58.3749,40.6371,73.0976,83.2841
2018-05-04,78862,125697,77.9103,83.49,23.2677,55.6386,58.6239,40.93,73.8254,83.9424
2018-05-07,79.8193,126.2644,77.7879,83.05,23112,54.7466,58.0337,41.1864,69.9531,83.4077
2018-05-08,79.4327,127.1976,78.8901,82.68,23.8083,54.8729,58.2366,41.1223,67.8777,84535
2018-05-09,80.2114,128.2568,80.5785,85.19,24.0923,55.1887,58.9744,39.9413,67.4105,85.1192
2018-05-10,80.2652,129.2719,81.0684,83.68,23.9274,55.8438,59.0758,40.2764,68237,85.8022
2018-05-11,79.9575,129.3539,81.3834,82.95,23.6342,56.1753,59.0389,40.2764,68.8031,86.0736
2018-05-14,79.8891,129.7322,81.8754,81.35,23.1854,56.0727,59.7767,39.9459,68.1562,84.4116
2018-05-15,78.6211,127.62,83.1581,81.36,23.6983,56.0727,60.1087,37.2559,67.7968,83.0045
2018-05-16,79.1778,126.2329,84.1245,83.48,24.8709,55.7175,60.3669,37614,67.7339,82.9139
2018-05-17,78.9025,127.1915,84.9943,83.74,24825,55.7964,59.7767,37.9996,68.0843,82.2143
2018-05-18,78.5338,126.3027,84722,86.04,24.7885,55.3436,59.7951,38.4127,68.3179,82.4778
2018-05-21,79087,128.0802,84.8186,88.27,24.0096,55.5581,59.7306,38.2107,68.2368,83.0867
2018-05-22,78.8845,126.3091,84.9943,92.34,23.2129,55.5899,59.9888,37.5222,67.7774,81.7865
2018-05-23,79.9051,126.1186,84.0543,92.21,23.3136,55.4866,59.6476,38.1465,68.2458,82.3544
2018-05-24,79.9655,126.5884,83.7555,91.62,23.7533,55.6931,59.6197,38376,68399,82.0415
2018-05-25,80.3186,126.3472,83.2987,93.15,23.3136,55566,59.7126,39.1656,68.2638,77524
2018-05-29,80.4543,124.2586,80.5311,94.71,23.2496,55.3436,58.1327,39.5053,67.0297,74.0515
2018-05-30,81.0539,126125,81.8929,95.75,23.5793,55.8918,58.4394,38.9177,68.1828,76.2568
2018-05-31,81.2898,125.2045,82587,95.91,21848,55.2562,57.8817,38.7524,67.8765,75.7959
2018-06-01,81.8844,126.7026,83.2635,96.94,19.9423,55.5263,58.7089,38.7524,69.2457,79.6091
2018-06-04,83.0682,127.6358,83.8522,96.6,22.0128,55.6058,58.8669,38.6422,69561,80.4586
2018-06-05,84.6185,127.7247,82.8945,96.83,22.6541,55.9633,56.3111,38.5504,69.3899,80.3057
2018-06-06,84.5886,129.4133,84.7483,93.51,23.1945,55.6693,57.1104,38.8718,70.3898,81.0806
2018-06-07,84.2668,130.1814,85.0119,93.65,22.6683,54.8987,56.9988,38.9636,69.1106,80.7456
2018-06-08,84002,131.1464,85.1964,92.99,24.2562,54.9543,56.6364,40.5702,69.4619,81.8364
2018-06-11,84.2579,130.2132,84.5726,94.54,24.4226,55.3674,56.8222,40.4417,69.3358,81.2241
2018-06-12,84.7382,130.0862,84.5814,96.04,24598,55.3674,57.7795,41.2404,70.4889,81.0231
2018-06-13,85043,130.0672,84353,94.47,24.0071,56.4002,59.3223,39.5144,70.2817,80.8222
2018-06-14,85.9908,129.2673,84.5902,93.63,23.6284,56.0507,59.6661,39.5512,70.7591,80.7935
2018-06-15,85.5972,130118,85.4512,93.68,23.3977,55.6773,60.5769,39.3308,72.6959,80.2292
2018-06-18,85.9873,129.6101,85.6006,94.44,23813,56.4717,59.8985,38.4954,72.0743,80.0283
2018-06-19,86.5355,126.5757,84.6429,95.69,23.7393,57.0914,58.9877,38.2934,71.3446,79.4637
2018-06-20,87.2987,125.7441,84.0806,94.0,25.4199,55.8282,58.5509,38.3576,71.0023,78.7558
2018-06-21,86308,124119,83694,94.06,25.4752,56.4479,57.9933,37.9261,69.9754,77.5695
2018-06-22,85.5822,124.7411,83.4744,94.87,25.7892,56.8213,59.0435,37412,70.8942,77.3494
2018-06-25,82.9624,124.2967,83.0087,94.06,24.5148,56.6068,54.4059,36.7785,70.2276,75417
2018-06-26,84.3561,124.7919,82.3586,94.48,24.6625,56.3446,55.5397,37.1366,70669,75.1011
2018-06-27,82.8307,123.7381,81.1198,95.43,23.3421,55.6693,53.9691,36.8061,69.7052,75.2064
2018-06-28,84.8729,124.4046,81.2252,98.89,23647,55.2959,53.1233,37.1458,71.1825,76.5172
2018-06-29,84.7906,124.8807,80742,99.41,22.6035,55.3833,53.2627,37.6415,71.1555,77.1199
2018-07-02,85488,124119,82.3937,106.17,22.6222,55.0814,53114,37.7058,71.6059,78.4496
2018-07-03,84.4993,124.3157,81.6557,105.16,22.8619,54.0247,52.7516,37.7517,71.9752,78.4496
2018-07-05,84.7871,125.2743,81.4097,104.7,23.0838,55137,52.8724,37.9445,71.9662,79.5976
2018-07-06,85.3308,125.3505,81.6206,103.29,24.0071,55.4389,53.4858,38.0271,72.5698,79.9325
2018-07-09,86747,127.2994,84.8362,104.02,23.8777,55.1847,53.8482,38.3944,72.9481,80.5734
2018-07-10,86949,127.9024,84353,95.69,23.4068,55.7726,54.6661,38.1281,73.6417,81.3101
2018-07-11,87.5441,125.4902,83.7467,95.01,23.1945,55423,53.8947,37.7884,73.4976,80.4109
2018-07-12,89.6203,126.5312,83.6765,95.71,22.6497,54.7,54.2757,38.2475,75056,81932
2018-07-13,90.4388,127712,83.1054,93.45,23.2314,54.3981,53.9505,38073,73.6057,82.4198
2018-07-16,90.9107,127.6676,84.2651,91.15,23.61,53.7546,54.2757,38.5413,73.8309,82.0087
2018-07-17,91.9802,128277,84.3266,95.56,24.3394,54.6126,54.4523,39.6797,74.5335,82.7929
2018-07-18,91.9298,128.3595,85.3018,95.25,24.5611,54.3505,55.3259,39.7072,74.1642,83.3288
2018-07-19,90.4358,127.9786,83.7907,94.07,24.8104,54.0009,54.7033,39.7348,74.2092,83.3959
2018-07-20,90.4722,128.2008,85.4248,95.46,24.1548,54.0486,54.0341,39.0646,74.0831,83.2714
2018-07-23,89.8886,126.2265,87.2874,96.57,24.0254,53.7546,54.0434,38.4495,74.4705,83.8933
2018-07-24,91.2474,127.3946,86.9448,95.01,22.5296,53.8658,53.6716,37.0723,74.1011,83.1758
2018-07-25,92.9619,129.7434,86.9097,95.6,22.3265,54.0962,53.6902,36.3011,74.6236,84.4195
2018-07-26,90.1879,132016,84.7659,95.18,22.2804,54.4061,53.5973,40.2489,74.5155,83.3959
2018-07-27,90.6503,131.6732,82.9999,97.52,21.3755,54.0327,54.1085,40304,73.4706,82.1521
2018-07-30,88.7523,130.2132,82.3849,98.67,21.7726,54.1598,54.5824,40.1204,72.7499,80.8511
2018-07-31,88.6635,134.7838,82.8682,102.29,21.8742,54.9225,55.0564,40.1204,73.4165,81.0711
2018-08-01,89.6477,131.4384,83.6325,105.27,21.7634,52.4358,54.4802,40.2489,73948,82.1711
2018-08-02,91.5013,130.4734,84.1421,106.02,22.3359,52.7218,54694,40.1938,69.2367,82.3721
2018-08-03,90.9506,131.5907,85.2965,106.2,23.0282,52.5073,54.8798,40.1938,70.1015,82659
2018-08-06,92.1708,131.2162,85.1642,105.11,23813,52.6185,54285,40.1938,70.7051,83.1374
2018-08-07,92.9055,132.4033,85.8524,104.78,24.2933,52.9999,54.5453,40.7785,70.3267,83.3098
2018-08-08,94.1047,131.4955,86.1347,108.28,23.9239,52.2769,54.4616,40.6035,69579,85.1369
2018-08-09,94.7033,129.9973,86.1259,103.23,24.0809,51.7922,55.1494,41.4322,68.6962,83.4723
2018-08-10,94.0937,128.2072,84.7848,106.29,25.0596,50.3622,55391,41.3585,68.0657,82.3721
2018-08-13,94.5876,126.8614,84529,106.22,24.6719,48.9559,54.8241,40.0695,67.9396,80.9275
2018-08-14,95.7573,127293,86.2847,109.04,27.0171,49.2181,55.1308,40.5023,67.7594,82.8122
2018-08-15,93.9102,127.8453,85.8083,108.94,24.6903,49091,55.0192,40.3549,67.1468,82.7741
2018-08-16,94.1047,128.9626,87.2728,110.23,25.2721,49.7504,55.6048,40.8061,67.6513,82.9939
2018-08-17,93.8902,129991,87.4934,117.88,25.5122,50.0841,56.3018,40.8613,68.0657,83.5871
2018-08-20,93.6154,129.8831,88.1286,119.59,26.1123,50.7038,56.4598,41.2388,67.4801,83.8837
2018-08-21,93.9501,130575,88.6579,121.14,26.1769,51.1522,57.1104,42.7856,67.6518,84.3811
2018-08-22,95.0215,129.6672,88.6226,118.65,26.1031,50.4476,57.5007,42.0767,67.9769,84.6014
2018-08-23,94.9218,129.5714,87.8198,116.83,26.4909,50.2073,57154,41.4046,67.8414,84.7736
2018-08-24,95046,131.1946,87.7492,116.66,25.2444,51.3924,57.3695,41.3953,68.5189,85.7587
2018-08-27,96.1579,133.1374,89.0197,116.31,25.0412,51.8088,57.8099,41782,69.1963,85.8832
2018-08-28,96.4143,133.8404,88.7021,115.03,25.2721,51.8489,57.8474,41.7268,69.2414,86.1607
2018-08-29,99.6706,134.4986,88.3491,114.1,25.1336,52.3053,58.3814,41.5611,70.1718,87.1939
2018-08-30,99.8841,134.3452,87.5639,110.99,20.8216,51.7768,57.6975,40.9902,69.9008,86.7347
2018-08-31,100.3994,134.7926,87.4228,113.6,20.0089,52.0331,57.6131,40981,70.8401,87146
2018-09-04,101.7363,133.3099,88.0757,110.92,20.5814,51.0161,57.3414,41.1375,68.3201,86.9639
2018-09-05,99507,135.3741,88.0933,112.31,20.8122,51.2403,57.1072,41.5335,68004,86.3504
2018-09-06,97.6858,135.9557,86.5935,104.49,19.8341,50.6798,57.8474,41.2204,68.3924,87079
2018-09-07,97.3745,135847,86.7876,103.94,18.6883,51.0081,58.1472,39.5815,68.4014,86475
2018-09-10,96723,136.0771,86.8758,103.43,19.0608,50.4155,58.0816,39.4711,68.2479,86.0627
2018-09-11,99.1244,135.3422,87.0169,108.37,19.2379,50.6558,57.9598,39.5815,69.1963,86.3216
2018-09-12,99.2666,132.1021,85.9406,108.16,19.2379,50936,58.5876,40.0511,68.3743,87.6446
2018-09-13,99.2601,133.5975,85.5789,107.14,18.9583,50.9921,58.7468,39.2777,69.7292,88.7184
2018-09-14,98.2784,132.8498,86.4523,108.28,18.7906,51.5126,59918,39.5907,68.8982,88.6417
2018-09-17,95.1777,133.9043,85.6671,105.92,18.2503,51.7368,60.7332,39.1672,68.6092,88.9101
2018-09-18,96.8248,135.1824,85.6053,106.85,17.8962,51.8889,61.5296,39.7565,69.4401,89.0156
2018-09-19,96095,136.1985,87.3081,103.6,18.4833,52.2413,62.0355,39.2409,68.7356,89.4662
2018-09-20,96.9869,137.5725,87.5728,101.64,18.7441,52994,62.7195,39.1672,69.7021,90.9042
2018-09-21,95.5259,138.2499,87.3522,102.04,19.0142,53.4344,62935,39.0475,70.0995,92.3998
2018-09-24,96.4911,136.4478,86.1347,98.25,19.4614,53034,62.5977,38624,69.7924,90.4442
2018-09-25,98.4959,134.6136,85.9935,99.11,19.5547,53.3543,62.4009,39.5815,69.3859,90.9233
2018-09-26,98.5108,134.8884,84.8642,101.2,19.7782,53.9709,62757,39.1764,69.3589,90.3481
2018-09-27,100.4129,134.2749,84.2202,100.71,19.5547,54.8837,59.7213,38.5135,69.3318,89.8591
2018-09-28,99915,134.6584,83.7526,96.64,19.6757,55.0199,59.7494,38.8358,69684,89.6579
2018-10-01,99.9829,135.6042,83.7702,97.2,19.1726,54139,59.5432,38.8726,69.5305,90.0125
2018-10-02,98.3343,137.8537,84.2819,97.07,18.5018,55.3001,59.1404,39.2133,69.8014,89.5716
2018-10-03,97.4089,137.8857,85.3407,95.32,18.9397,55.0999,58.6719,38.1913,69.1511,89.8018
2018-10-04,95247,136.6587,85.2524,95.18,18.6324,54.7636,57.8005,37289,68.7356,89.0731
2018-10-05,94.2608,136.2433,84.7495,91.2,18.5858,55196,56.7605,37068,67.9318,87.2324
2018-10-08,93.0023,136.9974,85076,93.16,18.4274,56.6694,57.2383,37.4271,66.9382,86.3599
2018-10-09,93.2966,134473,84.6966,85.76,18.1106,55.9808,56.7043,36267,66.8118,85.9477
2018-10-10,87.5566,129.1879,82.5527,89.12,17.7286,54.0109,55.3363,35.2358,64.5266,83.3112
2018-10-11,85.7663,125.7242,80.2324,87.92,16.7597,53.3383,54.2026,34.9135,63.4879,82.3238
2018-10-12,89.2207,126.6828,80.1001,87.37,17.1698,53.8187,54568,34.6465,65.1859,84.0399
2018-10-15,87.8409,127.1365,79.8883,87.86,16.9555,54.4673,54.0808,34.6925,65.0414,83.8002
2018-10-16,90.7845,129303,80.8411,87.35,17.0298,55.0839,55.3644,35.5856,66.3872,86.3408
2018-10-17,91.3716,129.6864,80.7088,87.18,16.8157,54.9478,55.2801,34.7846,66.8298,85.7751
2018-10-18,88.3283,128.0568,79.7119,88.04,16.3685,53.8988,53.9122,34.4163,66.4685,84.7589
2018-10-19,87.9946,127.7181,80.8411,87.16,15.8001,53.9949,53.6217,33.0721,66.5588,84.6534
2018-10-22,89.2551,128.6831,78115,88.58,16266,53.5225,52919,32.1974,66.4685,85.0082
2018-10-23,88.2275,123.0529,76.7916,87.28,16.5082,53.5705,53.6217,32.8511,66.3059,83.9441
2018-10-24,83.0148,117.9339,75.7505,83.51,16.8996,52.5616,51.2981,31691,63.3614,70.2249
2018-10-25,88.8994,118.2215,77.8768,83.97,17151,52.9459,52.3287,32.7959,64.5627,72.8038
2018-10-26,81.9478,118.1959,75.6535,84.68,18.1013,52.2332,50.8483,33.1918,63.7046,70.1003
2018-10-29,76.7635,118.7328,76.2799,84.3,18.2598,52.6657,50.6609,32.2619,62.5214,66.6682
2018-10-30,76.3415,121.3018,77.4974,84.45,19.0608,54.4673,50.7265,33.4772,60.0827,68.1253
2018-10-31,79713,121.5894,78.7855,84.12,18.3528,49.4867,52.5067,33.1089,62.3498,69.8223
2018-11-01,83.0811,122842,78.7855,82.78,17.9896,50.1032,54.1089,34.0388,62124,68624
2018-11-02,83.0811,123219,76.9945,83.02,18.8745,50.0472,53.4718,33.2286,62.7743,67.7132
2018-11-05,81.1991,123.5002,77.6827,81.5,19.1819,49.6468,53275,34.3979,62.7382,68.8444
2018-11-06,81.9478,124.8103,78.6796,81.37,19.3869,50.7118,53.6405,34.5176,62.9098,69.2279
2018-11-07,87.5686,128.6383,79.8795,81.49,18.6043,50.2474,54.9709,34.6097,64.4634,60.5996
2018-11-08,87.5396,130.4149,80.5162,76.82,18.9397,50.0312,54.4556,31.5069,64.3459,60.6476
2018-11-09,85.4206,128.5169,80.1086,77.93,17589,50.6638,54.8491,31.6726,63533,59.4396
2018-11-12,81.6505,125.9223,78.9743,75.94,17.9057,49.7189,54.1277,31203,62.8195,59.4491
2018-11-13,81.3672,126.7722,79.6655,76.37,17.1137,49.4306,55.1864,31.9396,62.8737,59.4779
2018-11-14,79.7629,126.5741,78797,72.22,16.5828,48.1174,55505,31.7463,61.0311,59.1136
2018-11-15,80782,130.9518,79.0097,73.42,16.3312,47.2525,56.0765,30.9176,62.0246,59.6984
2018-11-16,79.4836,133.5656,77.6628,78.38,15.6046,47.1718,56.1796,32.0225,63524,60101
2018-11-19,75.4371,131.3799,77.7425,77.7,14.9617,47.1718,55327,32.1882,62.6907,56.9661
2018-11-20,74.5976,128.1399,76.2183,76.37,14.7567,46.8649,56.1046,32.0961,61.2414,55.4034
2018-11-21,75.6586,127.8439,76.5994,71.28,14.8685,47.0264,56.7282,32.9616,62.2015,55787
2018-11-23,74.9268,126.6278,75.8816,71.0,14.9337,46.4449,57.3991,33.1095,61.5765,55576
2018-11-26,78881,128.5967,77.9552,69.74,15.3343,47.2202,58.0132,33.3962,62274,57.1482
2018-11-27,78.8855,129.1307,78.1502,70.39,15856,47083,57.2101,33.5626,63.3157,58.0781
2018-11-28,83.6907,131.4793,80.1174,74.17,15.9492,47.3495,58.5234,34.5057,64.0947,59.7847
2018-11-29,83.4822,131.6208,78.7527,71.22,19.2845,46.8084,57.3802,34.5334,63678,59.7368
2018-11-30,84.3102,133.7828,79.4705,69.31,19.48,46.0896,56.9644,34.4132,64.5204,60.4366
2018-12-03,88.4101,134.3233,80.1706,68.23,18.2503,47.9148,57.7109,35.1251,65.1544,60.8776
2018-12-04,83.2243,130.1023,75.2258,72.1,17.5795,46873,55.0842,33.5441,63.4244,59.6468
2018-12-06,84.7602,130.4112,74.9777,71.67,18.1916,47.3818,55.6511,34.1728,62.8628,58.1949
2018-12-07,81.2654,127.5543,73.2586,69.95,17.6644,48.0278,53.6008,33.7105,61.5946,56.6659
2018-12-10,81859,127.6058,73.0636,68.57,17.9563,48.1651,53.2418,33.2112,60.7704,56.5986
2018-12-11,81.9692,127.0525,72.0977,65.85,17.9656,47.2202,52.9772,33.0448,60.9243,56.0986
2018-12-12,82.9819,128.5645,72.7003,64.9,18.0975,48.1571,53.4024,33.2575,61.6218,55.9158
2018-12-13,82.7245,130.0573,71.2381,69.04,17702,47.7129,53.4685,33.3592,62.5729,55.8485
2018-12-14,79.4088,126.1774,69.7671,70.68,17.7961,47511,53.2229,32.8229,61.3863,54.5792
2018-12-17,75.8671,124.0669,68.1543,75.29,17.4289,46.7518,53.2323,32638,58.5783,53.3581
2018-12-18,77392,125.1865,67534,75.62,17.7491,45.8635,53.1095,33.3222,58533,53.0599
2018-12-19,74.5786,122.2267,66.1693,69.51,17.6738,45.6858,51.9757,32.9524,58.1798,51.9926
2018-12-20,72.8701,120.5666,66.0098,67.37,17.5232,43.8122,47.0436,32.4161,56.8663,50.7138
2018-12-21,68.7109,118231,64.1489,71.85,16.0259,43.0853,45.2201,31.0847,54.4297,48.5406
2018-12-24,67.0403,114.9302,62.7222,75.0,16.2143,42.0435,43.6611,30.4745,54.3663,48.1079
2018-12-26,73.3725,119846,65.9389,79.52,17909,43.2065,44.8799,31.6025,56.4859,50.1271
2018-12-27,72.9105,122.7028,66.4529,78.89,18.1539,43.0369,45.4752,31.9538,57.1381,51.3868
2018-12-28,73.7276,121.8471,66.1605,76.5,18.2574,42.8027,45.9948,31.9815,57.0022,50.9157
2018-12-31,74.9223,122.5999,66.9846,75.39,18879,43158,46.5806,32.0463,57.5004,51.1273
2019-01-02,76776,122.8637,68.4645,71.99,19.4345,43.15,47.1003,32.6103,57.1471,52.3965
2019-01-03,74838,118.2374,67.4897,74.96,18.6153,43.1338,44.7571,32.4808,55.3446,52.6081
2019-01-04,78.5847,123.1018,70.4849,77.59,18.8036,44329,47.2893,33.9786,57.6997,55.1179
2019-01-07,81.2844,122.8187,70.8748,78.22,19.6982,44.7005,47.8467,34.5796,57.6091,55.1562
2019-01-08,82.6347,123.3334,70.9103,77.6,19.7171,45.0074,49.0372,34.4409,58.2613,56887
2019-01-09,82.7763,123.7323,71.3976,77.39,19.7642,46.0735,49.1223,36.5952,58.2069,56.9158
2019-01-10,82.6167,124.5688,70.8482,79.08,18.1353,45.7666,49.4057,36.1607,58.7051,58.3005
2019-01-11,81.8356,123.6744,71.7255,77.99,18.9355,44.9993,49.5096,36.6137,58.8048,58.7334
2019-01-14,80.6708,123.6487,72.1332,79.53,18.0409,44.0625,49.3207,35.5227,58.5421,57.9064
2019-01-15,83.5316,121.5704,72.2395,79.65,18.0409,42.9884,50001,35.5782,59774,58.3775
2019-01-16,83.9915,121.9179,74.1004,84.09,18.2481,42.2939,49.8214,34.9957,59.5928,58.9545
2019-01-17,84.4624,123.3527,74127,84.59,18.6059,42.2697,50.5868,34.7738,60.2812,59.5603
2019-01-18,84611,126023,75.2967,81.94,19.5098,42.8269,51.8529,34.3762,61.4316,60.2142
2019-01-22,81417,123.7066,73.9055,83.74,18.8979,41.9062,51.5127,33.6735,60.5077,59.4449
2019-01-23,81.8086,123.7259,69.2974,84.01,18.9071,42.5362,51.2765,34.4872,60.7432,59.6373
2019-01-24,82.5524,123.8739,71052,83.96,19199,42.8754,51.9851,35.4118,61.7033,59.7333
2019-01-25,83.3325,126.0487,70.5558,80.33,20.0276,43.0369,52.4481,34.4872,63.4244,60.9064
2019-01-28,81.7024,124.3114,70.4317,78.13,20.2443,43.5537,53289,33.6458,62.4552,60.5026
2019-01-29,79507,126.7243,70.5026,78.54,19.9901,43.3761,53.1567,33.9139,62.1925,60.0603
2019-01-30,83.3256,128.2171,71.6723,77.61,20.3291,43.9414,54.2622,34.7553,63.2251,61.7141
2019-01-31,85.7349,128.8798,71.4154,78.86,20.4043,44.4744,54.4039,35.5504,63.1164,61.6564
2019-02-01,81.1207,128.1463,71.6723,79.1,20.1219,44.3856,54.5268,35.1251,63.5331,62.5988
2019-02-04,81.4739,128.8219,72.1243,79.7,20.6397,43.6991,54.9708,34.8847,64.5747,62.2719
2019-02-05,82.7459,129.4074,71.6546,78.12,20.9411,43.6022,55.3299,35458,64.5023,62.2238
2019-02-06,81.8206,130.3404,71.0166,78.66,20.5644,43796,55.0937,34.6998,67.4824,62.9739
2019-02-07,80.5291,128.5838,70033,78.73,20.6304,43.2953,53.8181,35.5504,66.1146,62.1277
2019-02-08,79.2247,128571,69.3191,76.93,20.5927,42.8269,53.5063,35.0121,66.2686,66.5508
2019-02-11,79.3634,129.2723,69.5061,74.43,20828,42.2697,53.6858,35.0492,66.0965,64.6566
2019-02-12,81.7084,132.9141,71.0648,72.37,20.6962,42.5523,53.4496,37.6946,66.5313,64474
2019-02-13,81.8076,134941,71.2429,72.45,20.2066,42.94,53.9032,37.2862,66649,64.6183
2019-02-14,80.9422,132.7705,70.9045,71.44,19.7829,42.73,53.9504,36.9428,66.2324,62.7816
2019-02-15,80.2089,135.3167,72.6501,72.14,19.6982,42.6485,54.0921,37.1006,66.6309,62.9451
2019-02-19,81.1881,135.0252,73.2112,72.26,19.4816,42.9257,55.0842,37.5275,66.2867,63.3007
2019-02-20,80.9147,135.1029,73.6744,73.03,19.3309,42.9664,55.6039,37.0077,65.6237,63.8874
2019-02-21,80782,134.6105,73.0955,73.64,18.8601,43.6024,55.5276,37379,64.7971,63.5701
2019-02-22,81.3866,135.6342,72.3206,75.11,19.4251,42.2082,56.0517,37.9081,65.7417,64.1086
2019-02-25,81.4584,136.4311,72.5165,78.7,20.0371,43.5616,55.8135,37.8617,65.6237,64.3585
2019-02-26,81628,135.6536,72.0534,76.41,19.7547,43.0969,55.5086,37.6853,65.4329,64599
2019-02-27,81862,135.4269,73.2647,72.14,20.3949,43.2355,54.9654,37.1655,64.7699,64.3585
2019-02-28,81.7991,134.3643,74.4403,68.25,20.6679,43.2763,55.0416,36.0981,64.4701,63.3297
2019-03-01,83.3904,134.4291,75046,67.58,21.0918,43211,55.1179,35996,65.5147,64.6856
2019-03-04,84.6095,134021,74.1999,61.72,20.3291,43.0561,53.8981,37.1191,65.1786,63.4739
2019-03-05,84423,132.0644,73897,61.4,20.1031,42.5588,54.4222,36.3394,64.8425,62.5892
2019-03-06,83.2517,131.3906,73.4873,64.25,24.1989,41.5967,53.5074,36.3394,64.9061,61.7911
2019-03-07,81.1068,129.4858,72.3918,62.77,24.4457,41238,52.7736,37.6482,65.6963,61.9066
2019-03-08,80.8499,130.1531,72472,65.4,24.3224,40.9526,52.3829,37.4997,64.6245,61.7238
2019-03-11,83335,134.1765,73.7902,65.36,25.2808,42.1022,52.8213,38.1494,65.7145,62.9258
2019-03-12,83.4587,133.3342,73.8792,66.47,25.3472,42.3957,52.6593,38.4279,65.1968,62.6084
2019-03-13,84.3422,133.8914,74.5828,65.77,25.3661,42412,53.4502,38.0102,64679,62.9932
2019-03-14,84.1132,134.3579,74.1108,66.06,25.1005,42.4365,53.7742,37871,64.4247,62.8104
2019-03-15,85.4171,134.8114,75.1083,64.59,25.0435,43.0969,53.9458,37.8338,65.5147,63.2239
2019-03-18,86.9031,135077,75616,66.04,24.9487,42.5751,54.6509,37.5554,65.2876,63.5605
2019-03-19,87.8858,135.4204,75.1796,68.08,24683,42.4365,54.4318,36.7386,65.4147,63.8393
2019-03-20,89.6527,134.9539,73.8792,72.01,24.1896,41.9147,53.8695,36.3951,65.1332,62.9547
2019-03-21,90.7496,135.8026,73.8258,70.61,24.1041,42.6322,54.5652,37.6296,65.5782,64.0796
2019-03-22,88.0315,132.5956,71.2518,70.87,23.4019,42.1511,53.7647,37.9916,64.3884,61.8681
2019-03-25,88.5049,131.6562,70.6818,74.24,23.5821,41.9392,53.9839,38.9477,64.2612,61945
2019-03-26,88.9788,134.2672,71.8396,74.93,24.0472,42.0615,49.2764,38.6043,64.57,62.5236
2019-03-27,88.0779,134.2153,71.3142,71.99,24.9296,42.2408,48.2758,39.4861,64.5155,61.6268
2019-03-28,88463,135.1029,72.1068,72.0,25.4517,42.5588,47.9708,38.6785,65.0151,62.0221
2019-03-29,88.8286,134617,72757,71.69,26.0115,43.2681,48333,38.4093,65.8053,62.0221
2019-04-01,90.4967,137.3122,75.2419,69.83,25.8786,43.0561,49.7338,38.7156,67.0769,63.3049
2019-04-02,90.4862,137.4353,75.42,68.0,25.3472,42.5262,49.9053,38.7064,66.8226,61.9064
2019-04-03,90.8214,138.0832,75.9811,63.13,24.9012,42306,50.6867,38.8827,67.3766,62.9673
2019-04-04,90.7296,139.3142,77.2191,61.95,25.2808,43.3904,50601,39.7367,67.0224,62.4175
2019-04-05,91.6485,139.5604,77.0766,64.03,24.5596,43.4149,50.5724,40.4236,67.3948,63.1216
2019-04-08,92276,139.3077,76.6313,62.01,23.8099,43.6431,50.0387,40.5628,67.5856,62.3403
2019-04-09,91.5766,137.3252,75.7941,66.71,23.4778,43.3007,49.4574,40.2843,67.5492,61.3374
2019-04-10,92.1498,137.4223,76.2662,68.2,24.1989,43.2029,49.81,40.7763,67.7581,62109
2019-04-11,91.9872,138.3423,76.8184,67.6,24.2843,43.1784,50.0006,41.6302,67.3857,62.2728
2019-04-12,91.9368,140.8626,78.2256,69.6,25.11,42.9257,51.0488,42.0943,67.4766,63.6328
2019-04-15,92.0271,139.8325,77.3795,70.07,25.5275,42.7871,51.2108,42.1593,67.5038,63.4109
2019-04-16,92.9335,140.5257,78.2968,70.62,25.7364,42.1837,52.2209,42.4099,65.3058,63.6423
2019-04-17,93.0223,141.0051,78.3057,67.75,26.6284,42.0288,51.9732,42.4842,65.5328,62.8805
2019-04-18,92.8661,141.8085,78475,66.84,26.7043,41.6864,51106,43.0875,64.7971,62.2825
2019-04-22,94.1441,141.5882,78.0296,68.13,26.0779,41.8332,50.5724,42.3821,64.9243,62.3115
2019-04-23,95.9628,142.2102,78.5462,68.15,26.4386,41.7842,51.2204,43069,66.1686,63517
2019-04-24,94.8644,141.9381,78.19,66.23,26.9415,41.6783,51.2013,43.3196,66.0051,62.6104
2019-04-25,94.8894,123.5641,78.4215,66.16,26.8181,39.6237,51.2966,41.2589,66.2413,62.0511
2019-04-26,97.3027,124.1796,83.4804,70.64,27492,39.9254,51.8588,40.8412,66.6409,62.6876
2019-04-29,96.6941,123.2337,82278,72.51,28.1562,40863,51.8684,40.7948,65.7599,63.1698
2019-04-30,96.1,122.7802,82.6788,69.29,28365,42.73,52.2781,41129,66.2685,63.4011
2019-05-01,95.3518,120.5515,82.4562,68.42,28.4504,42.5262,53.1929,41.1661,65.5601,63.4977
2019-05-02,94818,119.6963,82759,69.16,28.2985,41.6864,51.7731,41194,60.5009,62215
2019-05-03,97.8928,120.0008,83.9524,71.04,28.9249,41.7027,52.5831,40.9619,53.8159,60.7683
2019-05-06,97.2987,118.5884,83.3735,65.27,28.4314,41.2951,52.2686,40.9619,54.1338,60.2573
2019-05-07,95.8247,116.0487,81.5833,67005,27.5584,40.7488,51.1537,40.6092,53.1438,58.7045
2019-05-08,95.6635,115.7053,80.3542,70.65,27.7197,43.5698,51.4777,40.1265,53.5707,58.1548
2019-05-09,94.7706,113.5608,80.3364,72.98,27.0079,43.3496,51.4014,40.4885,53.6797,57.3254
2019-05-10,94.2773,113.9366,80.8629,73.26,26.1729,43.8307,51.7826,40.5351,53.7069,56.9299
2019-05-13,90.9202,112.7769,78.3133,72.59,24.7588,42.7952,50296,40265,51.6633,53.9885
2019-05-14,91.7901,113.5155,79852,74.15,24.6735,42.9257,51.2871,40.9635,52.4535,54.9723
2019-05-15,93338,112.8093,79.9593,73.57,24.5976,43.4312,51.2585,41.0287,53.2256,55.3484
2019-05-16,95.1547,111.3127,81.3907,76.76,24.7209,43.4475,51.3919,41.8763,53.2619,55.6087
2019-05-17,93.2308,109.5504,80.9971,88.5,24.74,42.9866,51.1537,41.4851,53.9885,54326
2019-05-20,92.7304,107.7105,81.7485,99.17,24.8063,42.6574,49.9148,40.3861,54.4881,52.7155
2019-05-21,92.6581,108.3907,82.4821,99.49,24.5596,42.7808,50.1817,40.7959,55.5908,53.2748
2019-05-22,92.7659,109.9716,81.6412,99.72,23.0793,42715,50.1531,40.7586,56.0464,52.3682
2019-05-23,90561,108.3837,79843,97.89,23.0887,42.3199,49.6624,40.6282,55.6637,50.1308
2019-05-24,90.9501,108.5275,81.2118,99.17,23.3544,41.6039,49.6528,41569,56.3836,51.1917
2019-05-28,91.6061,106.7371,79.3957,101.9,23.7339,41.6615,49.3064,41.0846,56.5659,49581
2019-05-29,90.7461,105.4629,80013,106.74,17.4517,42.6409,49.6432,40.4978,56.3927,47.9319
2019-05-30,90.6029,104.9271,79.0379,109.01,16.6072,42.1224,49.5951,40.9449,56.8302,47.6233
2019-05-31,88.5453,104.3848,76.8193,114.51,16.4173,43036,49.2487,39.8272,56.4383,45.8487
2019-06-03,84.4359,104.5743,77.9018,114.58,16.1422,44.9371,49.1814,40.3022,55.1716,44.9809
2019-06-04,86.2751,107.3513,80.4424,117965,16.2655,45.0606,50.2974,41.3641,55.6819,46.8602
2019-06-05,86.7211,107.0638,80.4245,118.22,15.5632,44.8795,48.9601,41569,56.6661,46.3468
2019-06-06,87.5122,107.6323,80.8361,116.99,15.1406,45.3487,49.2199,42.0719,56411,46.8408
2019-06-07,89.9899,108.8673,80.7466,116.3,15.0157,45.3898,50.2493,42.4724,57.2129,47645
2019-06-10,92.8132,109965,80.8987,117.82,14.8139,46.4186,51.1633,42.37,57.4408,48.7009
2019-06-11,92.9664,110.3702,81.7128,115.41,14.9004,46254,51.1536,41.7925,57.7506,49.1465
2019-06-12,92.5484,110.4355,81006,114.48,14.6314,46.9947,51.3653,41.9508,56.6388,48.6137
2019-06-13,93.2956,110.3309,81.2028,114.42,14.7466,47.3239,50.8458,42342,56.8119,49.8344
2019-06-14,93.2642,108.9195,81.0239,118.44,14.8812,47.6202,51.1055,42.8077,56174,50.1055
2019-06-17,94.0803,108.9784,80.4693,121.69,15.4095,47.3321,50.2974,42.8077,57.0124,50.28
2019-06-18,94.8455,112.2978,81668,121.75,15.1309,47719,50.3936,42696,58.0696,51.6266
2019-06-19,95.2156,111.5725,80.9434,121.69,15.3903,47.2087,50.8361,41.7739,57058,51.4523
2019-06-20,95.6845,113.6569,81.9722,122.31,15.6497,47.4144,46.9494,42.5563,58.4797,52.7117
2019-06-21,95.3408,113.2714,81.8738,127.55,15.5633,47.3651,44.8616,41.5969,58744,52.7408
2019-06-24,95.4705,113291,79.3689,127.84,15.4864,47.3157,44.2555,41243,58.3703,52.2563
2019-06-25,93.6932,112.4088,79.4584,126.41,14.7563,45.9906,43.7264,39.6503,57.5592,52.3241
2019-06-26,94.6689,112.3108,79.9593,127.6,15.1982,45.7849,43.6591,39.1752,57.4681,51.9463
2019-06-27,94.9906,112.0625,79.9146,134.8,15227,45.3487,44.1786,40.2557,57.4681,52.1206
2019-06-28,94.4594,113.2648,81176,137.53,15.4095,45.8507,44.7847,40.1718,57.7688,53.4286
2019-07-01,95884,114.0293,82339,135.82,15.4384,46.3281,44.5345,40.6282,58.5799,54.1939
2019-07-02,96.4886,113.7092,81.4981,136.79,15.1501,46.4268,44.7654,41.0939,58.6528,54.2229
2019-07-03,96.7225,114.3364,83.1888,136.76,15.7266,46.6902,44.4287,41.3082,58.4888,53.9613
2019-07-05,96.9176,112.3892,82.7863,135.76,16.4759,46.5914,45131,40.4978,58.9718,54.6976
2019-07-08,97387,110.5531,82.1243,132.02,16.7161,46.8877,44.6596,41066,58507,53.2639
2019-07-09,99.1818,108.2727,82.5626,135.81,16.3415,47.1511,44.1786,40.8983,58671,53816
2019-07-10,100.6339,108.2727,80.6571,137.04,16.4086,47.0688,43.7841,41.5969,58.3794,53.5255
2019-07-11,99.8188,110.4551,81.1492,133.31,16.6777,46542,44092,41.3641,59.5004,53.7483
2019-07-12,100.3141,113.2648,81.4712,135.57,17.3886,46.7972,44.5057,42.37,60.0198,55.0367
2019-07-15,100.8124,112.9381,80.2903,131.77,17475,46.7313,45.1695,42.1185,59.9834,55.1917
2019-07-16,100.2592,115.3231,80.4514,129.85,17.7057,45.9577,44.6885,42.3234,60.1018,55.1045
2019-07-17,99.3678,114.1339,78.8948,128.21,17.7921,45.8178,43.9092,42.0999,59.4548,54.2713
2019-07-18,98663,113.0819,79.4047,132.31,17.8786,45.9495,43.7649,42.1371,60.0836,54.8624
2019-07-19,97.9956,112.7878,81.0955,136.19,17.8689,45.7355,43.38,41.9136,59.3637,54.1842
2019-07-22,99.0486,114.1143,82.0527,130.93,17379,46.3692,43.3897,41.69,59.7373,54533
2019-07-23,99.4905,115.9961,84.3966,132.27,17.4558,46.8877,44448,40.6189,60.0289,54.9496
2019-07-24,99.8058,117.2377,86.7046,136.62,17.5038,46.8054,45.3331,40889,59.9287,54.7364
2019-07-25,98.4595,116.3947,85.7921,143.06,17206,46.6079,44852,41.4479,59.9469,54.7267
2019-07-26,96.9246,113683,87.7424,134.59,17.4174,46.8548,45.4774,41.4479,60.5119,54872
2019-07-29,95.3982,115.4995,86.7046,132.06,18.1188,46.5667,45.5543,40.9822,60.1838,54.6783
2019-07-30,94.7038,116068,81.5965,129.42,18.0418,46.3857,45.5832,43.3293,59.5368,54.9399
2019-07-31,93.12,114.1666,82.6789,131.06,18.1859,48.0893,45.4389,42.7798,59.3637,54.0293
2019-08-01,92.5484,113.2779,81677,131.32,16.1493,47.6696,44.8905,43823,60521,53.4092
2019-08-02,90.9481,111.4418,80.7322,126.88,16841,47.0688,44.2171,43.7764,57.86,51.6266
2019-08-05,88.0494,107.6258,77.83,126.54,16.1493,45.5133,43.4955,42.7798,56.5385,49.2724
2019-08-06,89.1818,106.9723,79.3395,123.36,16.3606,46147,43.3512,43.0872,57.0307,48.1002
2019-08-07,89.4596,106.9266,79025,118.28,16.3126,46.3116,43.6975,44.5309,56.6935,48.3327
2019-08-08,91.4295,107.3056,79.7528,121.31,16.8313,47.8177,44.6885,44.6333,58.2883,50.0378
2019-08-09,90167,106.8155,78.8093,120.21,15.9188,47.0935,44.2555,44.1288,56.9213,34.7891
2019-08-12,89.0366,105.9203,76.9943,118.72,15.6113,43.9166,43.8226,43.9045,55.7457,32.8031
2019-08-13,91003,107.7368,78.3601,122.6,16.0725,44.0071,44.1978,44.8108,56.2652,33.0259
2019-08-14,87.9412,103.7706,74.9816,124.57,14.9965,43.9001,43.0145,44.2502,55.2718,30.7589
2019-08-15,88.5977,103.4211,75.1793,127145,14.5737,44.2952,42.62,43.8858,55208,29.6545
2019-08-16,89.4182,106.4939,76.8236,131.4,15.0157,45.1594,43.2261,44.6146,55.7913,30.7977
2019-08-19,90593,107.45,78.1444,131.18,15.1694,45.6909,44.0054,45007,56.3745,32.5416
2019-08-20,89.8577,106.1708,76572,132.67,15.0444,44769,43.6302,45.6985,56.1193,32.59
2019-08-21,90.9631,106.2631,77.2908,145.57,15.9379,45.4335,44.2074,46203,56.6313,33.4231
2019-08-22,90.0682,106.0851,77.0303,148.57,16.3319,45.5996,43.8573,47.0346,55.9548,33.4231
2019-08-23,87.2758,102.7683,74.6761,150.07,15.7842,44.2042,42.0968,45.9788,54.8576,32.5416
2019-08-26,88236,102.9463,75.7274,157.73,16.2069,44445,42.2913,45.9788,54.7388,32.2509
2019-08-27,87.8848,102.7023,74.6761,153.62,15.9188,43.6726,41.8536,45.7171,54.5833,30.7687
2019-08-28,88.0055,103.8892,76006,147.25,16351,43.5563,42.2135,45.7825,55077,30.8268
2019-08-29,89.1104,105.7422,77.4705,147265,13.8821,43.7058,42.7971,46.0348,56.1193,31.9313
2019-08-30,88.6061,106639,77.83,151.16,14.0454,44362,42.8749,46.2217,56.1285,32.1831
2019-09-03,89282,104608,76.6888,157.02,13296,44.3205,42.4761,46.5207,56.2108,30.7499
2019-09-04,89.8198,105.5509,77.2369,150.42,14.1318,44769,42.6901,47.1841,57.0611,31.5689
2019-09-05,91.8201,108.2941,79.3574,153.63,15.0181,45.8654,43.8767,46.6795,58.7525,33.1873
2019-09-06,91.4604,108.1028,79.2406,159.63,14.2681,46.3471,44.4701,46.8384,58.9262,33275
2019-09-09,91.3527,109.4217,81.7295,158.58,15.7486,47.4269,46.3084,46502,58.6794,34.0842
2019-09-10,90.8139,111.3471,82.5113,164.98,16.1576,47.3355,48.3023,46.1843,59.1914,35.1274
2019-09-11,90.9357,110.8328,82.7449,166.6,16.7127,48.1495,48351,46203,59.7582,35.5759
2019-09-12,91.9612,112.4813,83.4817,165.39,16.6056,47.7591,48.2634,46502,59.2828,31.6664
2019-09-13,91.7512,113.0484,84.1196,167.66,17.2484,47.2026,49168,46.2404,58.8165,31.8808
2019-09-16,90.1799,111.8812,84.7665,169.47,15.7583,48.0249,47.5826,45.8106,58.5056,32.4171
2019-09-17,90.9137,110.8262,84.3083,171.43,15.8167,47.0614,48.0203,46.4272,58.5148,31.5299
2019-09-18,90.6598,110.4108,84.3712,165.62,15.7194,47.3272,47.5048,47.0532,58.0668,31.2276
2019-09-19,90.8613,110.1668,83.8051,161.81,15.5733,46.6378,47.0573,47.5298,58.0302,31.4129
2019-09-20,89.4975,109.9624,83.3289,172.53,15.3103,46.48,46.9017,48.1931,56.5033,31.0229
2019-09-23,89.0556,109.9624,83.4277,168.54,15.4856,46.4883,46.3959,48.7724,55.6119,31.2374
2019-09-24,86.8762,108.6304,82.08,168.32,14.9792,46.1395,46.3181,48.5202,54.7845,30.1162
2019-09-25,88.2091,108.1424,82.0261,167.14,15.3005,46.5797,46.7461,49.0714,55.0313,30.1649
2019-09-26,86.7879,108.0303,81.8823,157.47,14.9792,46.9784,42.7484,48.9686,54.5422,28.8683
2019-09-27,86.0701,108.4919,82071,154.74,15.0863,46.9617,42.3886,48.7164,53.7147,29034
2019-09-30,86.5919,108.4062,81.7475,152.71,15.1934,47.0282,42515,49.2489,55.0999,28761
2019-10-01,86.5789,104.4366,80.0313,150.96,14.7357,46.8372,41.3284,48.6229,55.4245,27.3766
2019-10-02,85.4605,102.6364,77.4975,150.28,14.1319,46.3969,40.3071,48025,54.8028,26.4114
2019-10-03,86.0187,102.3594,77.1201,157.08,14.3363,46.3388,39.8791,47.9689,55.0222,26.5576
2019-10-04,86.7784,102.7485,78.4589,160.09,13.9955,46.7541,40.0153,49.0901,55.3239,26.5869
2019-10-07,86.4298,101.2318,78.0636,159.41,13.9371,46.2059,39.7916,48.8939,55.1136,26.2749
2019-10-08,85.0754,99.3987,75.8352,155.08,13.7033,45.2009,39.0329,49.4452,53.8519,25.6704
2019-10-09,85.8975,99.5635,76.9943,156.77,14.1708,45.5414,39.4219,49.1929,54.3456,25729
2019-10-10,85.8112,100434,78.1983,156.59,14.2292,45.9983,39.8305,49.0527,54.6748,25.9239
2019-10-11,86.3928,104.2519,79.8067,162.06,14.8233,46.6876,40.4141,48.5762,55.4153,27.3279
2019-10-14,86.6178,105.8411,79618,156.89,14.7649,46.97,40.8907,48.8565,55205,27.3961
2019-10-15,88.1617,107.4698,80.9838,156.75,14.9208,47.4518,41.3284,49.1742,56.0782,28.2735
2019-10-16,88663,106.9423,80813,150.22,15.3493,46.0149,41.2311,50.1459,56.1285,27.1719
2019-10-17,89.1643,107.8391,80.8759,146.17,15.7096,45.7242,41.2797,49.9777,56.1193,27.2011
2019-10-18,87.6693,107.5489,80.6873,148.78,15.5051,45.4335,41.6202,50.4262,55.4428,25.7777
2019-10-21,89.0735,109.4217,82053,149.79,15729,45.8072,41.9411,49.6787,55.5708,26.8209
2019-10-22,88.0794,110.4767,82.8078,145.94,15.9141,46.0149,41.3867,49.8002,54.7662,27.0354
2019-10-23,87.9018,111.2812,83.3738,146.78,15.8265,46.0564,42.7971,49.8376,55.1776,27.2791
2019-10-24,88.8301,106.7511,82646,145.46,15.8557,45.3836,42.6998,50.4356,55.3239,26.7234
2019-10-25,87.8599,109.5206,83.7872,156.8,16.4108,45882,43.3515,50.1833,55.2782,27.6009
2019-10-28,88.6455,111479,85.5123,159.17,16888,46.1228,42.9722,48.4174,55.4702,27.3863
2019-10-29,87.9287,111.3141,84.8744,171.01,16.9855,46671,42.9527,48.1745,55269,27.1621
2019-10-30,88.7907,111024,84.9373,172.41,16.3232,43.8221,42.0287,48.7631,54757,26.9964
2019-10-31,88.6246,108.7952,83.7872,178.85,15.7681,44852,41.7174,48.9313,55.7171,26.9769
2019-11-01,89.3619,112.1582,85.5842,180.19,16.5764,45.0348,41.7758,49.8002,55.9822,27.6593
2019-11-04,90.0213,115.3299,86.4108,177.6,17.0537,46.7292,43.0013,47.7914,56.7502,28.8195
2019-11-05,89.8742,115.5739,87.4262,177.57,17.5407,46.1727,43.6336,47.3803,56.6131,28.8975
2019-11-06,89.5778,114.7365,87.1926,165.01,17.3653,45.8571,43157,48.6323,56.9239,28332
2019-11-07,89.2002,115.0793,87.7856,167.87,17.6478,46.0564,43.8184,47.6793,57.6279,28.8
2019-11-08,89.0845,114176,87.7481,176.21,17.2192,46.4219,43.8184,47.7914,57.4725,29.3265
2019-11-11,88.3747,112.1714,87.5226,171485,17414,46.3637,43.4585,49.1929,57.2713,28.6635
2019-11-12,88.6914,112.6527,87703,168.26,17.2972,46.2807,43264,50.7065,57.4542,34367
2019-11-13,87.4499,112.4615,86891,175.43,17.5211,45.8487,42.8554,50.7626,57.1525,33.7333
2019-11-14,87.5242,112.7121,87.1888,179.35,17.4822,46.0564,43225,50.6972,57.7011,34.9325
2019-11-15,86.7705,113.3385,87.8564,170.78,17.9692,47.0957,43.6238,49.9871,57.9479,36.2974
2019-11-18,87.4209,112.4549,87694,177.6,16.6348,45.8301,43.4779,51.0429,58.3607,36.1218
2019-11-19,87.4339,112.5472,87.5767,180.15,16.3621,46.6515,43.2737,50585,58.6266,36.0536
2019-11-20,87.0717,110.6284,87.0715,168.67,15.5148,46.3498,42.4761,50.9868,58.2506,34.9909
2019-11-21,86532,109.8369,87.3061,168.19,15.3493,45.7966,42.3285,50.3701,58.1497,34.7179
2019-11-22,87.0812,111.4731,88506,167.47,15.5148,45.3272,42.9779,50557,57.9571,34.9422
2019-11-25,88.4839,113229,90.0939,165.89,15.9043,45.1596,43.7847,51.2204,58113,36.0342
2019-11-26,89.6362,112.5572,89.5164,165.58,15.4953,44.6567,43.9618,51.9187,58.4524,35.6832
2019-11-27,90.7122,113.4751,90.4457,163.94,16.3037,44.7992,44.4931,51.8343,58.8376,36.0147
2019-11-29,89.8288,112.9164,90.2292,163.38,15.5538,44.7405,44.3554,51.8812,58.8009,36.3948
2019-12-02,88871,111.9187,89.5255,167.26,16.0018,44.8746,43.7749,51.4125,58.2781,35.3615
2019-12-03,88.2904,109.8568,88.5691,165.04,16031,44.3047,42.8402,51.3282,57.5535,36.1851
2019-12-04,87828,111.1671,89.5435,172.36,16.5472,44.5058,43.1747,51.8718,57.2325,35.6654
2019-12-05,86.8198,109.3247,89.8322,165.01,16.4388,44.8495,43.4895,52.2655,57.0583,35.5968
2019-12-06,87.3745,114047,91.4652,164.28,16.6556,45.0255,44.0504,50.8033,57471,36.6362
2019-12-09,87.2703,112.9563,92214,160.99,17.1188,44.7573,44.6801,51.45,56.7556,35.6556
2019-12-10,86.7565,111513,92.4035,163.61,17.5327,45.8552,44.5915,51675,56.0402,35.1653
2019-12-11,87.2309,112.2313,91.5103,165.58,16.4092,46333,45054,52.4061,55655,35.3712
2019-12-12,87.81,112.1116,93856,162.16,17.0892,46.8778,46.1461,50.9533,56.6547,36.6755
2019-12-13,87.8404,112.2645,94.1628,166.11,16.5176,46.7437,46.6873,51.3751,56.5355,36.7931
2019-12-16,88253,113.5682,93.2245,169.14,16.5669,46.8694,46.2347,51.2719,56.5538,36.3028
2019-12-17,89.3229,113.0228,94.1357,195.68,16.5965,46.8024,46.4413,50.3346,56.6455,36.2048
2019-12-18,88.9922,112.4242,93.9914,198.22,16.9513,47.0538,45.8313,49.4816,57.1591,36.9108
2019-12-19,89.4038,114.4993,93.2696,210.11,16.8429,46.9197,45.9002,49.0692,57.5168,37.0285
2019-12-20,89.1154,116641,93.2606,212.3,16.3402,48.2356,49.4029,50.3252,57.9846,36852
2019-12-23,89.4397,118.7028,92.8636,214.29,16.4289,47.7495,50.4361,49491,57.4435,36.7931
2019-12-24,89.2506,117.5123,92.8817,214.33,16.7049,47.8165,50.1212,49866,57.2325,36.6853
2019-12-26,93.2193,117.4524,93.3598,211.25,17.1484,48.0931,50.5049,49.6879,56.9757,36.4793
2019-12-27,93.2707,117.8981,92.9268,207.73,17.0005,48.0847,50.5049,49.5941,57.0124,35.94
2019-12-30,92.1279,116.9469,92602,203.58,16.8231,47.9003,50.1999,49.2567,56.5446,35.8713
2019-12-31,92.1752,117.3394,92.8456,207.29,17.04,48.2356,50013,49.4442,56884,36.8618
2020-01-02,94.6779,119.7205,93.4771,203.22,17.2272,48244,50.4853,49.2754,56.7923,36.0479
2020-01-03,93.5286,118.6895,92.0246,206.56,17.1287,48.5625,49.0881,49641,56.2786,34.5475
2020-01-06,94.9208,118.8026,91.1945,199.62,17.0104,48.2104,47.6024,50.0628,55.7146,34.6456
2020-01-07,95.1193,118.3237,90.2923,204.68,17.4933,47.8081,47.7499,49.8753,55.3248,35.1555
2020-01-08,94.3766,120.1395,91.2487,209.25,17789,47.2633,47.9762,50.1472,55.7008,35.7537
2020-01-09,94.8295,120.5186,92.4847,205.01,17.0991,46.9197,48.4092,49.9316,56.0493,35.5183
2020-01-10,93.9371,120.0331,91.6186,210.19,17.0301,46.6515,48.0648,50.4002,55.6183,35.0476
2020-01-13,94.3431,120.3324,91.9434,211.1,17.7298,46.7521,48.5666,50.2128,56.0952,34.8613
2020-01-14,93.2527,120.6317,92.5298,210.14,18.0551,46.6012,49.4029,50.8876,56.2878,34.3318
2020-01-15,92.8826,119.5741,92.3313,210.01,18193,46.4168,49.6292,51.4969,56.7281,33.9689
2020-01-16,93.6767,120.3922,92.8546,215.35,18.0255,47.2047,50.5246,51.9093,57.2784,34.6554
2020-01-17,93.0173,120.6184,93.9463,213.32,17.5327,46.9867,51.0658,52.2187,57.5719,34.9103
2020-01-21,94.3781,119.3147,92196,217.5,16.9611,47.2801,49.8752,53.3997,57.1316,34.3023
2020-01-22,94.1516,118.4102,96319,208.49,17.2075,46.8359,49.0782,53.8215,57.0399,34.6456
2020-01-23,94.0079,118.2173,95.6604,208.14,16.9907,46.6012,48.6552,55.2931,57.3701,34.8711
2020-01-24,92.8636,118.49,94.0996,201.61,16.5373,45.5284,46.7562,54.8432,57.2509,33812
2020-01-27,91.2025,116.8139,91.2667,204.51,16.3599,43.4497,44.5423,55.9305,56.6547,32.8902
2020-01-28,92.4451,110.1295,92.0607,212.03,16.8429,43257,45.7526,57.5333,57416,33.3217
2020-01-29,92.6821,107.7484,91.3028,210.03,16.6852,42.7876,45.7526,56924,57.7095,32.4588
2020-01-30,93.3146,108.0876,92.1779,207.89,16.4092,43.9778,44.0307,56521,57.2967,31.8508
2020-01-31,100.2004,105.5269,90.0397,211.26,16.1234,43.9443,42.8303,55.4899,56297,31.2624
2020-02-03,99.9749,104.1502,89.9946,208.4,16.1333,44.4136,42.0628,55.0588,57.4251,31.5468
2020-02-04,102.2431,104.5825,91.7539,218.89,15.8869,44.4052,42.8598,54.0558,58.1772,32.4195
2020-02-05,101.7542,107.9679,94.4966,219.48,16.6753,45.5619,43.4305,55.9399,59.5897,33.8316
2020-02-06,102271,108.3404,93.3959,218.19,16.7443,44.9584,43.0763,56.8022,65.5056,33.9591
2020-02-07,103.7201,106.4714,92199,215.53,16.3698,45.3272,41.5217,57.0607,63.8271,32.0665
2020-02-10,106.4452,106518,92.3349,216.89,16.6063,45.8217,41.1084,57.8315,63.6345,30.9878
2020-02-11,107.2877,108.0477,92.7425,209.9,16.8921,46.0983,42.2596,58.1512,63.4694,31.2722
2020-02-12,107.7466,108.9456,93.1047,210.53,17.0498,46.1151,43.3518,57.9067,63.6804,31.1839
2020-02-13,107.2413,107.2208,93.0866,199.51,16.9118,47.1724,42.5056,57.9726,63.8454,30.0464
2020-02-14,106.4931,108.0597,92.9598,200.83,17.0892,45.8613,41.9153,58.1042,62953,30.2229
2020-02-18,107.5306,106.6302,93313,182.58,16.6359,45.3369,42.2301,58123,63.3302,29.2031
2020-02-19,108.2564,106.9389,94.3184,180.85,16.6063,45.4722,42.6434,58.17,63.3716,29.2227
2020-02-20,107.4024,106.4154,93.7749,176.4,16.8034,45.6583,42.3049,58.3298,64.0019,29.8111
2020-02-21,104.5526,105.3215,91.6104,174.33,16.1628,45.0239,41.4986,58.17,64.4895,28.6833
2020-02-24,100.2288,102.3819,88.9748,171.59,15.1576,44.8463,37.5867,56.8069,62.0329,27.6047
2020-02-25,98.4056,98.5564,84.0297,178.6,14.2805,43.1546,35.6755,54.6072,59.3278,25.6728
2020-02-26,98.7473,99.9725,84066,177.46,13.5019,42.7402,32.9879,53.1783,58.2237,24.8099
2020-02-27,93994,100.7779,80.7602,178.0,12.9894,40.4733,31.7038,52.5109,57.3404,23.4566
2020-02-28,93.9665,100.1604,79936,180.74,12.9401,39.7121,33.3064,50.0762,56.0614,23.6429
2020-03-02,97.4683,102.6973,82.8433,183.19,12.7233,41.4714,32.9083,51.5426,56.4295,23.2703
2020-03-03,95.2256,97.4759,78.2696,231.69,12.5065,41.0739,31.6839,52.2571,54.8469,21.7895
2020-03-04,98.5597,103.3416,80.9051,221.59,13.63,42.0466,32311,55049,57.2024,21.8974
2020-03-05,95.9758,101.6168,77.0559,212.8,11.67,40.9555,27.7421,53.3099,55.1413,19.5635
2020-03-06,94.8315,103.1202,74.5291,209.76,11.3,39.6275,27.0254,51.5144,53.5864,18.6613
2020-03-09,89.8193,96684,66.1786,206.28,10.41,36.8616,21.6402,46175,49.6484,15337
2020-03-10,94.3691,102.8853,70.9607,203.53,11.49,36.6586,23.9097,47.9329,51.3229,16.1117
2020-03-11,90.8294,98.8182,64.6842,201.69,10.86,33.7489,21.6502,42.8848,48.8939,16.1117
2020-03-12,83.6338,89.6504,57.6289,200.89,10.07,30577,14.9013,36.8685,45.0663,13.1698
2020-03-13,89.0406,95.0867,65.9703,198.55,11.28,32.6155,17.4993,36.9438,48.4154,14.8467
2020-03-16,84.2594,87.8585,50.2204,200.94,9.8,28454,14.5031,29.4704,40.0978,10.6398
2020-03-17,90.1799,90.2276,48.8347,201.77,9.48,29.8496,12.6517,29.3576,46.0968,9.8063
2020-03-18,91.2853,91.9592,40122,202.4,8.04,25.5866,9.2573,27.0545,43.6769,9.1296
2020-03-19,93.8259,92288,41.8971,202.96,9.13,27.6927,9.9541,28.2107,42.7753,12.2284
2020-03-20,92.0879,83.8183,40765,208.74,8.69,26.8807,11.9449,29.4986,40.5762,11.4439
2020-03-23,94.9183,79.1069,38.8268,206.74,8.22,27.6927,11.9449,27.7877,38.2852,10.63
2020-03-24,96.7774,89.0733,46.1086,203.67,9.14,29.6043,13.6172,30.9181,42.7016,14.99
2020-03-25,94.0708,88.2813,47.4037,196.82,9.47,30983,15.4786,34.8099,43.8794,14.5
2020-03-26,97.5451,91.3954,52.4122,191.76,10.0,31.8373,17.7382,36.9156,45.8392,15.31
2020-03-27,94.7821,89.4223,50.0846,192.33,9.91,30.6109,14.3439,34.6688,42.9317,14.24
2020-03-30,97.9671,92.4424,48.7894,192.0,9.31,33.4867,12.7412,34.6312,43.5941,14.44
2020-03-31,97.2573,91.6169,45.6648,196.24,9.09,34.7047,13.1096,31.9615,42.7568,13.05
2020-04-01,95.1612,89.3551,40.4661,195.99,8.17,32.4548,8.7596,30.7207,39.1133,11.96
2020-04-02,95.7164,92.5565,39.7869,193.03,7.97,33.0553,7.9334,30.6455,40751,12.49
2020-04-03,95.1059,89.7914,38.2834,192.88,8.06,31.4398,8451,30213,39.9322,11.67
2020-04-06,99.6452,94.4289,44.7591,188.99,9.52,32.3702,10.1631,34.6406,44.5786,13.52
2020-04-07,100344,97.0464,47.92,186.1,10.09,32.1587,11.2481,34.3492,43.9806,13.91
2020-04-08,101.9103,99.9927,51.3706,184.58,10.61,33.3598,11935,37.2728,47.2837,15.8
2020-04-09,101.8984,99.1806,54.4409,187.08,11.37,34.5356,12363,38.5794,49.9428,16.09
2020-04-13,108.1891,98.2544,51.1714,184.52,11.0,32.9454,11.4472,36.3139,48489,15.59
2020-04-14,113.8982,100.7645,50.1208,178.55,11.1,33.3768,12.4526,37.7522,49.7496,15.38
2020-04-15,115.1133,97.4222,47.6392,182.73,10.16,31.2283,12.3232,35.4585,47.7898,14.36
2020-04-16,120127,97.2477,45.2935,184.22,10.1,32.2349,11.7956,36.3797,47.3573,13.57
2020-04-17,118.4714,98.2947,49.4777,184.01,11.07,33.9096,12.5024,37489,49.5104,15.33
2020-04-20,119.3997,96.4222,48.7894,190.09,10.3,32.8862,12.1639,35.9943,48.3326,15.07
2020-04-21,116.1329,95.0531,46335,191.39,9.76,30.5601,11.7857,35.7405,46.9157,14.41
2020-04-22,117.8973,96.3819,46.6611,186.95,9.15,31.9727,11.5866,36.5583,48.0842,14.71
2020-04-23,119691,96.8652,47.6483,183.14,9.04,33.0976,12.1141,36.8309,48443,15.34
2020-04-24,120.2283,98.6571,50.8544,189.14,9.1,33.5036,11.8553,38.4854,49.5104,15.92
2020-04-27,118.5213,103.1202,53.6077,190.82,10.61,33.5713,12.9204,39.5853,51.5622,16.87
2020-04-28,115.4326,105.7779,57.7376,189.62,11.18,34.1888,14.3936,44.1163,52013,17.98
2020-04-29,118.3572,104.8718,63.1717,194.96,11.38,35.2291,16.6134,45.6392,54.4973,18.82
2020-04-30,123.4098,101.9591,58.6524,196.95,10.58,33.5544,15827,44.3889,53384,18.13
2020-05-01,114.0338,99.7309,55.7723,191.3,10.1,32.0488,13.8661,43.7497,51.9854,16.79
2020-05-04,115.5278,99.5967,55.7813,206.71,9.75,31.8796,14.2742,43.3643,51.8842,16.59
2020-05-05,115.6181,98.9457,55.2107,201.57,9.55,32.0911,13.0299,44.5769,52.5743,16.53
2020-05-06,117.2872,98.1202,52.9737,198.58,9.59,28.9276,12.7612,44.4265,52.9883,16.21
2020-05-07,118.1028,97.8115,55084,198.5,10.16,30.7631,13.4679,44.3325,54.0648,17.33
2020-05-08,118.7014,99.6705,56.7053,197.91,10.59,30.8984,14.1448,46.7904,52.5927,17.65
2020-05-11,120.1674,97.8048,54.2439,197.66,11.14,29.3252,13.7864,45.7903,51.1113,16.7
2020-05-12,117571,94.9793,52.9675,200.01,11.01,29.2914,13.1295,44.4221,48.9583,15.82
2020-05-13,118.1182,91.3551,49.2024,197.41,10.49,29.0545,12.2037,43.1106,45.5263,14.66
2020-05-14,119.1623,91.2679,53.9339,198.8,10.52,29.4098,12.2137,43.5541,46.6857,15.15
2020-05-15,120.2063,93.08,52.9037,208.4,11.14,29.4613,12.7213,44.5448,46.1704,15.28
2020-05-18,121.0284,100.1806,57.7993,207.4,11.86,30.4053,14.6524,48.9795,48.8939,16.73
2020-05-19,122.1792,99.5833,54.9276,202.68,11.65,30.1564,14.0452,49.0455,47.5634,16.16
2020-05-20,124604,100.4557,56.0489,194.28,11.36,30.5426,14.0851,49.4418,48.5613,16.98
2020-05-21,122.05,98829,55.5384,196.24,12.03,30.4911,14533,50.0079,47.8037,15.85
2020-05-22,121.5581,99.2561,54.8911,194.38,11.81,30.3624,14.3936,51.0081,47.5357,15.48
2020-05-26,120.8089,103.0788,59.9873,195.6,12.66,32.3705,16.2053,52.7348,49208,16.36
2020-05-27,120.2368,107193,64.6186,196.1,13.05,33.7779,17.1609,55.5088,51139,17.68
2020-05-28,119.7733,106.2915,62.4853,203.6,11.6,33.3574,15.8569,52.7537,49.6145,16.57
2020-05-29,121832,106034,62.0294,205.01,11.62,33.4861,15.6678,52.1781,48.9678,14.21
2020-06-01,123.2621,105.4511,62.8955,204.87,11.44,33.6578,16.7229,51.8856,48.8292,14.76
2020-06-02,123.3305,106.8473,64.6368,211.43,11.91,34.2156,16.7926,52.0837,49245,16.16
2020-06-03,123.6293,109.2671,67.7729,199.83,13.26,35.52,17.1708,53.4707,51139,17.85
2020-06-04,122.7414,110.1753,70.3347,191.89,13.53,35.4428,18.3952,50.5552,51.37,17.6
2020-06-05,123.8587,113.4694,72.0395,183.44,13.83,36.4468,21.4113,53.2915,53.4211,18.0
2020-06-08,125.9069,113.1034,72.9329,181.91,14.17,37.5968,24.7957,52.0082,54.1233,19.56
2020-06-09,129.7379,112.9881,71.5381,181.7,13.15,36.8244,22.9342,52.3951,52839,18.14
2020-06-10,132.0619,111.0903,65.4573,176.5,12.22,34.6876,20.4955,53.1028,53.1532,16.94
2020-06-11,127.5979,103.2821,60.2791,180.58,11.08,33366,17.36,48.1869,49.5776,14.77
2020-06-12,126.9525,104.9699,64.3906,174.42,11.14,33.8036,19.8883,50.9515,50.6309,16.27
2020-06-15,128.3322,106.9083,64.8829,177.45,11.45,34.1727,19.3508,52.7253,50.5107,16.39
2020-06-16,130.4567,108.2233,67.0983,176.76,12.32,35254,20.3263,54.7351,51.1575,16.22
2020-06-17,131.7392,107.9183,65.1564,181.61,11.38,34679,19.0024,55.2257,51.2684,15.81
2020-06-18,132.3877,107.9115,63.7981,184.96,11.46,35.3655,18.7336,54.0746,50714,15.66
2020-06-19,133.4367,107193,62.0568,189.12,10.65,34.8678,17.7482,52.8952,50.0396,15.43
2020-06-22,135.3727,106.2034,62.2665,186.37,10.89,34.6618,17.1509,53.2632,49.7531,15.49
2020-06-23,137.8962,106.9829,63.4243,186.48,10.74,35254,17.9174,53216,51.0004,16.24
2020-06-24,136.3992,103.1737,59.6774,182.09,10.07,35.3484,15.9266,51.0364,49.7069,15.04
2020-06-25,137.4059,104.8343,61.1178,180.5,9.86,36.4897,15.9266,51.0553,51.3608,15.91
2020-06-26,134.3276,103377,55.7572,183.21,9.81,34.5159,15.7076,50.0362,51.0097,15.48
2020-06-29,133.7046,105.4443,56.8694,179.37,10.47,35.0223,16703,51.5365,52.1923,16.08
2020-06-30,137.6174,105729,57.0609,180.94,10.64,35.2969,16.3446,52.3196,52.4972,16.5
2020-07-01,143.5973,105.3494,55.3378,170.5,10.59,34.4387,16.2849,50.8194,52.1276,16.14
2020-07-02,144176,106.4407,55.7481,177.0,10.83,34.1383,15.8071,51.0175,51.8135,16.15
2020-07-06,152.4934,107.1591,57.1156,174.05,11.04,34.7476,15.5384,52.7631,51.9798,15.29
2020-07-07,149.6541,104936,54.6176,167.74,10.31,34.0182,14.5031,53.3575,51601,15.28
2020-07-08,153.6941,104.7733,55.9669,169.18,10.46,33632,15.2497,55.5277,51.4624,15.46
2020-07-09,158.7582,102.6518,53.1954,169.24,9.9,32.8082,14.5131,54.7634,51.0743,15.16
2020-07-10,159.6246,103.6007,55429,166.24,9.75,34.2327,16.0858,55.3484,51.5363,15.49
2020-07-13,154.8359,104.9224,56.1219,162.45,9.86,34.7562,15.2099,53.6972,52.1646,15.51
2020-07-14,153.8382,107.4574,55.3196,164.34,10.06,35.9577,14971,55.8107,52.1738,15.41
2020-07-15,150.0906,107.9928,58.0546,161.39,10.45,37.0991,17.3998,56.6599,55.1304,16.42
2020-07-16,149.6431,108.7858,57.7629,158.61,10.51,36.7644,15.7076,59.0094,56.4054,16.66
2020-07-17,147.7511,108.3317,56.5139,161.5,9.97,36.9532,15399,59.8963,56.7565,16.81
2020-07-20,159467,105.9865,55.4655,161.59,9.38,35.9663,14.9312,59.9152,57.0152,16.9
2020-07-21,156.5464,106.9558,57.3162,156.34,9.86,36.8073,15.1203,59.1698,56932,17.1
2020-07-22,154.6319,107.5726,58.3919,151.25,9.97,37.2192,15.0705,61.1418,57.2461,17.28
2020-07-23,148.9772,107.9657,59.6227,151.82,10.22,38.4292,14.7321,60.2737,57357,17.53
2020-07-24,150.0925,108.3385,59.3127,145.35,9.84,38043,14.7321,60.1511,57.0983,17.15
2020-07-27,152.4021,110643,59.9326,148.56,9.69,38618,13.6869,62.8118,58.6043,17.13
2020-07-28,149.6646,105.2816,58.4375,143.8,10.04,38.2748,14.2642,60.9342,57.8744,16.94
2020-07-29,151.3207,105.9052,60.5161,151.56,10.33,38.7725,14.5828,62.8402,59.8608,17.8
2020-07-30,152236,103.1059,59.1121,151.5,9.86,38.6266,14.2742,62.3212,63.9168,17.76
2020-07-31,157.8628,101.9876,58164,149.39,9.63,37.2793,13.8163,62425,63.1223,17.91
2020-08-03,155.2295,101.9469,57.8814,147.92,9.42,37.7856,13.01,64.4631,62.8636,18.15
2020-08-04,156.5733,102.4891,57.6535,151.29,9.55,38.0259,13.6769,63.5384,62.7527,18.24
2020-08-05,159.8755,105.2952,58.9571,158.06,9.71,38.4807,13.9556,64246,62.3,18.48
2020-08-06,160.8717,105.7358,57.9361,153.13,9.48,38.3606,13.7168,63.8026,62.4386,18.69
2020-08-07,158.0014,107315,60.0358,151.97,9.9,39.0128,14.1547,64.5197,62.3462,19.9
2020-08-10,157.0387,109423,61.5516,150.77,10.5,40.1628,15.3691,65.7651,62.0043,20.26
2020-08-11,153.6721,110.7379,63.5786,151.32,10.95,40.0941,15.7474,65.3064,61.4685,20.02
2020-08-12,157.7411,111.3343,62.2273,155.9,10.81,40.1713,15.1203,67.4063,61.8842,19.6
2020-08-13,157.6802,112.4188,61.7616,151.36,10.7,39.8796,15.1501,67.6144,61.8103,19.64
2020-08-14,157.0317,112.5815,63.4325,151.15,10.82,39.8449,15399,67.5293,61838,20.41
2020-08-17,158.7472,111.6393,60.9854,143.26,11.14,40.2439,14.6126,69.3644,62.4016,20.15
2020-08-18,165.2359,111.4157,59.7802,136.32,10.36,40.0531,14.3439,69563,62106,19.37
2020-08-19,162.6415,111.1378,59.9902,142.45,10.32,40.5042,14533,70.0265,61.8011,19.71
2020-08-20,164.4817,110.46,58.6845,142.84,10.06,39.8969,14.4733,70.5657,61.4581,19.13
2020-08-21,163.8507,110.6036,58.2553,147.59,10.11,40.5736,14.5828,72.8075,60.9204,18.68
2020-08-24,164985,111.8484,61.5059,151.94,10.58,40.6256,16.0659,72.0508,62.6817,18.94
2020-08-25,166.9319,111.5543,61095,146.97,10.84,40721,15.8171,71.3981,62.0513,19.21
2020-08-26,171.6888,112.1015,60.5198,144.33,11.13,40.4695,15.2099,70.0644,62.8022,19.46
2020-08-27,169.6012,112.2246,63.5604,137.83,12.03,40.1138,16046,68.5793,62487,19.76
2020-08-28,169691,113.3053,64.9483,132.53,12.31,40.4868,17131,67955,62.7466,20.56
2020-08-31,172.1432,111.4996,63.0308,133.92,13.01,39.5759,16.4044,67.5104,61.9772,19.98
2020-09-01,174.5455,112.7171,62.6199,133.84,12.96,39.4458,16.4342,69.3928,62.0792,20.04
2020-09-02,176.1583,115.9385,63.3412,149.14,12.7,40.2613,16.6333,68.9482,63794,22.37
2020-09-03,168.0049,113.7498,63.8434,152.42,12.69,39.6974,17.4993,66.7442,62.2182,21.35
2020-09-04,164.3445,113.3805,67.5597,154.51,13.6,40322,18.4449,64.5402,61.9308,20.65
2020-09-08,157.1225,111.6022,64.2452,155.02,14.23,39.2289,18206,64.3321,60.8092,19.96
2020-09-09,163.0471,113.3326,64.4369,159.29,14.54,39.7754,17.5789,66.2807,61.56,20.1
2020-09-10,158.3831,111.5885,63.3869,158.6,14.33,39.3764,17.7979,65.9591,60.7721,19.58
2020-09-11,155.4455,113.6541,64.8752,159.72,14.26,39.5933,17.6088,67.5293,63.2008,19.55
2020-09-14,154.7845,115.2204,68.1532,154.38,14.98,40.1225,17.7681,68.7874,64.2297,20.19
2020-09-15,157.4363,113.9277,66.9297,154.65,15.2,40.2266,15.8569,67.8887,65.0084,19.56
2020-09-16,153.5439,115.9385,69.5503,155.02,15.49,40348,16.3844,70.3481,65.5553,19.41
2020-09-17,150.0836,117.9015,69.3768,155.43,15.35,41.0594,16.1655,69.3549,64.9991,18.87
2020-09-18,147.3989,115.9659,69.2033,157.78,15.27,41.3023,15.2397,68759,63.8311,18.46
2020-09-21,147.6762,110.3642,65.4231,160.29,14.69,39.6713,14.2244,68.2198,62.4685,17.32
2020-09-22,156.0825,111.0345,63.88,159.54,14.62,39.8882,14.3439,71.4265,63.2657,17.13
2020-09-23,149.6411,109.0989,62209,155.39,14.58,38.7431,14.0651,67.3212,62.1904,16.28
2020-09-24,150.6353,109.7213,62.1816,145.29,14.46,38.7344,13.6769,68.1063,62.0143,16.18
2020-09-25,154.3934,109.6187,63.3321,144.18,14.61,39.9837,15.0008,67.9455,63.1081,16.32
2020-09-28,158.3302,110.5694,65.1309,145.38,14.76,40.3393,15.2397,70.4616,64.2575,17.09
2020-09-29,156.8751,109.3041,64.3274,146.11,13.96,39.1942,15.0008,70.0171,63.9609,17.7
2020-09-30,157.0671,109.5571,65.6148,139.9,13.93,39.6453,15.1103,71.54,64.3502,17.85
2020-10-01,160.6851,108.6064,66.5918,146.56,14.65,39.7494,14961,73.3467,64.2668,18.81
2020-10-02,155.8834,109.6803,68.4272,158.25,15.2,40.2439,15.0904,73.6778,63.8311,18.36
2020-10-05,159.5847,111.3149,71.2577,168.67,15.73,40.9813,14.8913,71.6062,65.75,18.71
2020-10-06,154.6344,110.9593,69.0572,165.94,15.54,41.2936,15.1203,71.0481,64.7303,17.89
2020-10-07,159.4096,113.8729,71.4404,172.66,16.51,42.5602,15.9166,71663,66.9643,18.44
2020-10-08,159.1532,114.7074,73.3031,164.6,16.88,42.5255,15.5384,73.5075,67.5854,19.99
2020-10-09,163947,115.7949,72.9378,170.04,16.37,43.7834,15618,73867,67.7429,20.05
2020-10-12,171.7426,115.3503,73.4218,170.39,16.55,44.5815,15.1402,74.1129,69.1797,20.18
2020-10-13,171.7776,113.9687,72.6274,171.94,16.3,44.1911,13.9656,73.6399,67.8727,20.21
2020-10-14,167.7909,115.1793,71.8239,172.44,16.47,45.2408,13.9059,74.0372,68.5587,19.97
2020-10-15,166.5409,115.6444,71.7234,173.22,16.6,47.0279,13.9556,74.5575,68.3362,20.18
2020-10-16,163.2516,116.9371,72.3352,172.28,15.64,47.3575,14.0154,72921,68.0025,20.59
2020-10-19,159.9843,115.9659,70.4177,172.16,15.0,47.3662,14.0851,71.6913,66.9272,19.89
2020-10-20,160.4731,116.9234,70.5547,167.42,15.06,47.7392,14.5429,72.3819,67.9932,20.01
2020-10-21,158.8734,115706,67.3132,166.31,14.85,47.7999,14.4135,69.1563,67.5668,19.84
2020-10-22,158.4474,116.7593,70.0798,166.87,15.67,48.9711,15.1203,66.7726,68021,19.94
2020-10-23,159.8441,116.1369,71.2121,166.13,15.91,48.5981,15.2895,69109,68707,19.84
2020-10-26,159.9758,113.6472,68.4363,166.91,15.12,48.3118,13.9656,67009,67.4,18.64
2020-10-27,163931,110.1385,67.6236,162.33,14.92,48.3118,13.6968,65.3631,68.0303,17.85
2020-10-28,157768,108.4286,65.8066,160.29,14.17,50.3678,12.2435,65155,65.9075,17.64
2020-10-29,160.1738,108.3944,66.7653,160.44,14.29,50.5673,12.9204,64351,65.8334,18.25
2020-10-30,151.4514,109.4067,66.7288,149.1,14.22,49214,13.6471,63197,66.2042,18.42
2020-11-02,149.8716,111.4449,69.1028,147.26,14.43,50.3765,13.4878,65.4388,65.6294,18.96
2020-11-03,152.0629,113.2027,70.8286,147.45,15.13,48.9971,13.6471,65.7037,66.6862,19.53
2020-11-04,161.6778,109.5435,68.9841,145.92,14.81,48546,13.2788,70.7076,67.6873,19.07
2020-11-05,165.7103,111.6227,71.8604,149.91,15.34,50.7495,14.1149,68.9671,68.8182,19.58
2020-11-06,165.1801,111.4996,71.1012,151.46,15.53,49.8906,13.7566,66.7915,68.7997,18.11
2020-11-09,156.8182,111.78,79494,148.87,18.67,49.3181,19.1616,61.4376,68.4845,19.54
2020-11-10,151395,115.6855,79.2471,149.23,18.74,51.0184,16.6532,67.0469,69.6154,21.06
2020-11-11,156.5015,115.7333,77.4095,147.83,18.07,51.0965,16.1356,68.9103,71.1542,21.02
2020-11-12,155.1492,114256,76413,149.3,17.71,50.3071,14.8615,67.5577,70.6536,20.28
2020-11-13,156.0735,116.13,79.2654,149.03,18.06,51.3307,15.9365,69.3076,71.5528,20.5
2020-11-16,156.1857,118.9138,81.0117,146.3,19.0,52.6493,17.4894,70.1211,72.1182,21.5
2020-11-17,156.4152,118.7633,80.2345,147.89,19.31,51.9408,17.9672,69.4968,71.3767,22.05
2020-11-18,154.9087,117.2312,78.2689,141.82,19.93,51.0661,17.5093,70.5089,69443,22.28
2020-11-19,155.4854,118.3902,77.7021,139.8,20.47,51.1973,18.1065,71.0387,70.8375,22.03
2020-11-20,154.6064,119.2732,76413,141.11,20.89,51381,17.2903,70.9441,70.5586,21.46
2020-11-23,154556,120.1356,79.7957,145.46,22.69,52.4219,18.0966,73.1008,71.7671,22.19
2020-11-24,155.5372,122.1638,83.5258,143.17,22.97,54.8011,20.1371,70.2725,73208,23.67
2020-11-25,158.8799,122.1914,82191,151.5,22.83,54.0839,20.5552,71.9467,73.0221,23.56
2020-11-27,159.3922,122.0328,80.2345,157.22,22.61,53.2179,21.4809,71.8711,72.8919,23.28
2020-11-30,158.0304,119.1629,78.2963,152.34,20.74,51.5122,19.8883,70.4711,72.6317,21.91
2020-12-01,160.6263,117.6382,82.0082,158.24,20.21,52.0195,20.0575,68.1914,73.1244,22.14
2020-12-02,159.8007,118.5558,83.5533,159.78,20.75,51.8796,21.0629,65.5239,72.6224,22.34
2020-12-03,158.9627,118542,83.4527,156975,21.14,53.1654,22775,68.6261,73.2173,23.76
2020-12-04,157758,118.9766,84.3304,153.25,21.27,53769,23.3424,67611,75.3555,24.95
2020-12-07,157.5296,117383,84.9978,150.03,22.08,53.1654,23.0935,70.0111,74.8628,24.19
2020-12-08,158.4918,118.9766,84.6961,144.73,21.86,53664,23.4618,67.1936,74.2492,24.24
2020-12-09,154.8459,120929,86.7806,142.89,21.53,55.5447,22.5859,66.3208,73.4497,24.84
2020-12-10,154.7107,119.6872,86552,144.58,21.59,56.4194,22.2176,66.3777,72.8641,24.85
2020-12-11,155.4554,120.0528,84.2664,144.99,20.69,57.7664,21.2221,66.3208,72.9849,23.93
2020-12-14,157.4782,119.4043,82.6664,149.25,20.09,55.7896,20.8339,66.7857,73.6171,23.24
2020-12-15,157.8847,120.5081,84.7326,153.89,20.55,56.9967,21.4312,67.3074,74.8628,23.43
2020-12-16,161.6678,121.0117,85.5646,158.05,20.28,56.5331,21.6601,67.5256,73.7379,23.06
2020-12-17,161.4244,121.8672,86.0126,156.7,20.66,55982,21.5307,69698,75.9783,23.39
2020-12-18,159.7069,121.7085,83.7178,159.06,20.04,56.3144,21.3615,69.4704,75.3183,23.1
2020-12-21,159.9329,121.1842,87.1188,158.42,19.46,56.6993,20.9633,68.7873,74807,23.01
2020-12-22,159.9499,120.5771,86.8446,160.35,19.08,56.0607,19.7191,68.6071,75.3183,22.69
2020-12-23,158.8899,120.0321,88.5176,161.35,20.52,56.6118,20.8439,67.1177,75.2904,22.89
2020-12-24,158.2623,120.3978,88.9565,162.16,20.09,56.2707,20.7443,68.1612,75.3648,22.9
2020-12-28,163.8128,120.5288,89185,159.38,20.41,56.0782,21.6104,66.7857,75.6436,24.06
2020-12-29,165.7103,119.9355,87.9325,158.04,20.3,55.4922,21.3316,66.3967,74.8349,23.66
2020-12-30,163.9071,120.1149,89.4867,149.39,20.71,57.0229,21.69,66.52,75.3648,24.34
2020-12-31,162.4645,120584,90.3736,147.42,20.36,57.3641,21.5606,65.3816,76.1828,25.75
2021-01-04,158.9577,118.5696,89.4502,149.48,20.49,57.4778,20.2865,63.8828,73.8309,25.92
2021-01-05,160548,118.3695,91.5529,147.48,21.37,58.9561,20.5054,63.0005,74.0447,26.88
2021-01-06,156.5509,120.1701,98.1721,151.02,22.24,61379,20.3064,62.4693,74.5095,26.45
2021-01-07,157.7371,117.0863,101.2348,152.68,21.21,60.7405,20.6448,65.1634,75.2532,28.91
2021-01-08,158.7617,114.9477,101.0794,153.31,21.53,61.4053,20376,63.5223,76.1828,29.6
2021-01-11,155.3452,113.9681,99.9366,154.77,23.04,60.9854,20.0476,64.5658,74.5002,28.39
2021-01-12,155.6754,114.8718,101.2623,153.16,23.26,60.9592,20.0376,64.9168,74.0354,28.3
2021-01-13,157.9231,114.7131,102.4691,167.45,23.7,61.6065,20.0077,65.1919,74.0075,28.26
2021-01-14,156.0066,114.8028,104.5901,168.8,23.7,63.1984,20824,65486,74.4165,28.97
2021-01-15,154.8484,114.2095,102.8805,171.87,24.26,61.8076,20.6946,65799,74.5932,28.5
2021-01-19,155.6719,116.6724,103.1822,167.17,23.62,61.7989,20.7742,67.6489,74.1469,28.21
2021-01-20,162.7862,117.4313,101.8291,166.73,23.6,62.0263,20.6846,71.2538,76.1456,28.82
2021-01-21,164.9616,117.7417,99.2326,171.46,24.09,60.0757,20.6448,72.6389,75.1881,29.3
2021-01-22,164.2253,116.6172,96307,174.6,24.32,60.0057,20.1272,73.7204,74.8906,29.23
2021-01-25,164.3136,117.5486,93738,179.22,24.42,59236,19.1318,74.9157,74.3979,29.15
2021-01-26,165.9163,121.3843,91361,184.7,24.39,58.3,18.6341,73.7963,73.9517,29.35
2021-01-27,161.2498,128766,93.8843,185.29,22.89,55.9033,18.8929,70.8269,70791,28.47
2021-01-28,161.5012,126.5377,97.6784,184.44,23.58,58.3,19.6494,72.8571,73.3475,29.24
2021-01-29,159.9339,121.1842,95.3197,182.48,23.07,57.2416,18.5843,72.8571,72.4643,28.2
2021-02-01,166.7519,120.5219,94.0397,175.96,23.01,58.8423,18.7137,73.1322,73.2917,25.5
2021-02-02,168.6035,120.7427,96947,173.08,23.61,60793,19.3607,73.4452,74.4165,25.66
2021-02-03,165.2379,121.06,98.0167,178.01,24.66,61.6677,20.3462,72.6199,73.7565,25.62
2021-02-04,166.1593,122.1776,102.9994,174.29,25.8,62.6124,20.9534,73.1227,69.4337,26.44
2021-02-05,167.2143,123.4953,104.6633,175.04,26.04,63.9332,21.2122,75.9118,69.2571,25.94
2021-02-08,165.7572,124.7026,106.0529,176.28,25.5,64.8254,21.5108,78.7008,70.5121,25.48
2021-02-09,164.8623,124.8268,105.9889,180.1,24.66,65.9801,20.9534,77.6004,70.8003,26.42
2021-02-10,163.9435,124.9234,107534,177.48,24.68,65.3328,20.8339,78.3214,70.6887,25.71
2021-02-11,162.7238,123261,107.1135,175.02,25.61,66.6623,20.6249,79.1657,71.5533,25.63
2021-02-12,163501,124.2974,107.6529,178.73,25.1,68.6787,20.5054,77.9609,71544,25.79
2021-02-16,163064,122.8575,109899,180.83,25.92,69.8321,22.3669,75.0889,70.7538,25.89
2021-02-17,165.0439,122.8714,109.0826,176.3,26.34,68.6787,23.0935,74.5469,71276,26.0
2021-02-18,166.0211,124.7634,107.3488,177.58,26.31,65.8083,22.7849,74.4042,69.7746,25.49
2021-02-19,162.1138,122.7949,109.6789,180.51,26.92,67.2523,24.4771,75.3267,68.6742,25.81
2021-02-22,158.6639,122.5028,112.4493,191.55,27.09,68846,25.8508,73.6625,68.3105,25.99
2021-02-23,159.3503,122.5376,112.4126,193.81,26.69,68.1592,26.3385,74.0809,67.9654,25.6
2021-02-24,157.6059,123.5531,114.1922,194.67,28.43,67.5869,26886,76.1255,69.8772,26.02
2021-02-25,152.4994,124.3391,109.3853,190.72,27.48,65.7906,25.3531,70.8761,68.4317,24.89
2021-02-26,154.2837,121.7655,110.2568,193.61,27.37,67.4284,26.6272,73.1014,68525,25.22
2021-03-01,156.9379,122.7045,113.6877,191.05,27.62,69.2774,26.1892,73.8336,69.7839,25.96
2021-03-02,154.3635,123.1914,113.2565,189.54,27.15,69.7881,27.4634,74.9178,69.8958,25.71
2021-03-03,149.8975,123.8522,115.0454,186.97,27.65,69.0749,28.5384,72.3121,68.2266,26.22
2021-03-04,148.5292,123.5531,115.5316,191.93,27.86,66.9705,27.2742,71.1424,67.5178,25.86
2021-03-05,149671,125758,117.1461,194.62,29.7,68.4321,25.9702,75.1365,68.7395,27.29
2021-03-08,147.2512,127.8239,118.0543,197.59,32.32,69.0837,26.5675,76.5629,67.7882,28.02
2021-03-09,152.7832,126.0224,115.8618,196.34,32.23,69612,27.4534,75.8307,69.3736,28.25
2021-03-10,152.5233,128.3386,118.8249,212.11,33.27,70.8975,26.5774,78.0655,70.8937,29.0
2021-03-11,155.3143,128.3803,121.1825,251.75,33.1,71.7252,27.3439,79.2257,72.3112,28.8
2021-03-12,154.1121,128.6238,121.5953,249.81,34.2,71.1264,28.3294,76.7341,72.5257,29.02
2021-03-15,153.7225,131.7955,121.6412,276.74,36.19,69.7705,29.6533,79.6156,73.9245,29.43
2021-03-16,154.2303,129.9662,117.8708,280.16,36.17,69.5416,28.1203,79.1781,72.7961,28.29
2021-03-17,156.4187,130.9748,120.7697,278.19,36.88,69612,28.7972,82.7253,72.7682,28.66
2021-03-18,151.0443,132.8528,117.7057,276.78,35.8,69.1453,28.1402,78.6266,71.2481,28.16
2021-03-19,153.3873,131.26,115.9811,271.76,35.9,68.8372,28.8271,79.53,71388,28.03
2021-03-22,155.1786,131.7886,114.8711,272.72,34.13,68.3793,27.3539,80.3478,71.5558,27.72
2021-03-23,156507,130.9956,112.2933,266.17,31.78,66.5479,25.2137,79.3493,71.0895,26.46
2021-03-24,153.9914,132.6372,113.6693,273.06,31.23,66.5038,24.7359,79.4634,71.7517,26.35
2021-03-25,151.9557,134.3135,117.3021,273.45,32.86,67.8862,25.7313,81.8313,71.9009,27.36
2021-03-26,152.2435,135.5516,118.8799,267.34,33.56,69.8057,25.9404,85445,73.8966,28.39
2021-03-29,153.4257,136.1498,116.0361,279.8,33.14,68.3969,25.5124,83.5621,72.7961,28.54
2021-03-30,152.4061,135.3847,117935,294.53,35.01,70.2724,26.5277,84.8649,73.2717,31.14
2021-03-31,154.3411,134.0213,116715,300.71,34.31,69.7969,26.4182,84.7508,72.8521,31.26
2021-04-01,157.6792,134.0353,119.0542,291.56,34.46,70.6158,26.7367,86.5862,73.5608,30.83
2021-04-05,160958,135.6142,121.6412,273.61,34.64,69.5063,27981,88.0983,74.9131,31.85
2021-04-06,160.8128,135.5238,121.1183,261.33,35.17,69.8321,28.4687,88802,74.2882,31.25
2021-04-07,163.5848,135.6003,121.9806,262.37,37.71,69.1894,28.8669,87.6513,73.8686,31.2
2021-04-08,164578,136.1359,121.7604,260.07,37.31,69.0221,28.4289,86.9856,74.6613,31.46
2021-04-09,168.2144,137.7217,123.0814,258.87,38.7,69.9554,29.1655,89325,75.1182,31.44
2021-04-12,168.5731,137.6035,123.1456,261.28,39.85,69.7881,27.6226,89.1538,74.8198,32.29
2021-04-13,169.6012,136.6575,121.7054,256.74,38.71,68.3969,27.6923,88.5737,75.0156,31.15
2021-04-14,166259,136.8523,124.5492,247.93,38.77,70.4661,27.8118,88.2789,74.1017,31.78
2021-04-15,168.5581,137.3601,123.7235,249.92,39.83,71.2409,27.1946,88.4882,74.3908,31.96
2021-04-16,169.5732,138.1252,125384,225.46,40.51,73.6271,26.9059,91.6454,75.1835,31.65
2021-04-19,168205,138.1321,124.2189,222.71,39.73,73.2396,26.7666,91.0273,74.9783,31.64
2021-04-20,166.3433,137.9304,120.6321,216.73,37.81,71.5931,25.6019,87.4231,74.2416,31.04
2021-04-21,167.7066,139725,121.9255,231.11,38.72,72905,27.2046,88.7259,73.9059,31.73
2021-04-22,165.0638,139.7389,122.0081,222.12,38.97,73.3893,26.7865,90.2665,73.71,31.29
2021-04-23,166.6521,140.6431,124.4666,227.12,39.48,74.9302,27.1448,93.3952,73.3836,31.87
2021-04-26,170.0501,138.8555,126.8609,225.23,37.85,75.7667,27.4235,95.4873,74195,31.65
2021-04-27,170.4706,135.2525,127.4664,228.57,38.84,77783,27.6824,95649,74.5494,31.9
2021-04-28,172.5193,136.2819,132.4292,233.45,38.82,75.4145,27.6724,94.9167,74.7732,31.88
2021-04-29,173.1583,138.4521,136.8968,233.24,37.7,75.2472,27.0851,96.4954,75.8736,33.43
2021-04-30,172.9643,137.1236,136.7592,213.42,37.49,74.3315,27.8317,93.4713,74.9783,32.91
2021-05-03,168.9273,138146,137.5297,221.25,38.7,75573,27.8018,95.9058,76657,33.67
2021-05-04,165205,138.6816,139.4562,208.17,38.34,76.6295,26.5575,96676,75771,32.7
2021-05-05,163.1434,140.1145,140.9056,213.58,39.02,79.2446,26.3983,96.7236,75.9669,33.74
2021-05-06,164.9307,140.7892,143.5109,216.43,40.62,78.3377,25.8309,96.5239,70.0544,33.8
2021-05-07,164.1944,141.2483,144.6759,220.24,40.75,80.4069,26.6372,98.9727,69.77,34.5
2021-05-10,159.1502,144.2114,144.3732,223.01,40.78,79.7201,26.1494,99.5254,69.0192,34.52
2021-05-11,160.8173,141.7004,141.9697,221.33,40.01,79.9226,25.7612,94904,67.7416,34.03
2021-05-12,157.2273,138.3269,140.3277,216.19,38.05,77.8006,24.6663,87.9959,65.9604,33.84
2021-05-13,157.7027,141.4847,143.3733,226.74,38.53,78.6371,25.0047,90.4923,66.4827,35.51
2021-05-14,160.7669,142.1594,145.4136,220.4,41.29,79.7993,27.0752,91.7501,66.2215,36.86
2021-05-17,163.1359,142.6672,147.0599,210.89,42.81,78.8396,27.3937,91.1403,65.8718,36.76
2021-05-18,161.2348,141.2204,144.31,215.99,41.85,77.7151,27.8715,87891,66.1842,36.76
2021-05-19,161.2109,140.9213,144.5307,218.5,40.54,76.1213,27.5529,87.0049,66.1936,36.93
2021-05-20,162003,141.2927,145.1377,213045,37.41,75.6963,27.4036,87.1955,66.7176,36.83
2021-05-21,159.7783,141.4398,146.2781,207.09,37.16,76.9005,27.0453,86.2617,66.6615,37.28
2021-05-24,161.8689,141.9654,147.8324,210.45,37.64,76.8562,27.7719,86.8048,66.5305,37.33
2021-05-25,162.5702,141.3347,145.5148,208.76,38.05,77051,28.4488,88.8058,66.4369,36.94
2021-05-26,162875,141.2437,147.0047,213.13,41.02,77.7771,29.2352,89.8444,66.4369,36.92
2021-05-27,161.1266,142.4068,148.7981,211.8,43.9,77.0421,29.8623,91.0736,66.5492,38.39
2021-05-28,160.7754,142.2667,147.8692,219.23,42.7,76.8739,29.4243,90.7972,66.9609,37.92
2021-06-01,160.5549,142.3788,152.9,230.27,41.74,79.1229,30.0116,90.5686,66.6147,38.11
2021-06-02,161.3201,142.4418,152.5965,225.54,41.47,78.4234,31.1663,88.5771,66.7082,39.76
2021-06-03,158.9767,142.7081,152.9368,229.58,40.78,78751,30.5292,87024,66.2497,40.36
2021-06-04,159.9349,144.3757,152.9092,225.4,39.52,78.9016,30.3998,88215,66.9047,39.89
2021-06-07,159.5254,142.7501,150.4168,228.38,40.16,79.3354,30.7482,87.9768,66.7176,40.36
2021-06-08,162.8226,142652,149.6626,220.2,41.15,79.4683,30.9373,88.5104,66.8486,40.33
2021-06-09,163.6726,142.0564,147.7037,222.63,41.5,78.6182,30.3102,86.4046,66.6708,40.41
2021-06-10,167.0896,142.3297,145993,218.26,40.84,77.5026,29.6931,83.6985,66596,41.27
2021-06-11,166.9489,142.1055,147.7497,231065,43.1,74.9968,29.7926,84.5465,66.6708,41.42
2021-06-14,168.7966,141.0895,145.9654,233.19,43.19,73.1551,28618,83.8319,66.2404,41.04
2021-06-15,168.7596,140564,149.0924,235.42,43.05,72.1191,28.4787,84.4798,65.8287,41.14
2021-06-16,170.3619,137.9715,149.1752,228.57,43.24,71.2248,29.1456,83.2125,65.5105,40.97
2021-06-17,174.0527,136.7313,141.2198,223.1,41.91,69.0732,28.2896,84.6799,64.7245,37.89
2021-06-18,173936,134.2508,137.9733,227.37,40.34,68356,28.0507,85.6995,63.9291,36.27
2021-06-21,172.2928,136.7803,142.4522,212.74,41.5,70.9946,28.5384,86.2807,65.1456,37.63
2021-06-22,174.8608,136.7313,142.4522,215.4,42.64,70.6316,27.9312,86.6905,65.0614,37.85
2021-06-23,174.78,134.7834,143.8134,214.76,43.65,70.8264,28.0208,85.4327,64.6683,37.53
2021-06-24,172.0494,135414,144917,208.65,44.77,71092,27334,85.1087,65.3327,38.25
2021-06-25,169674,136458,147.1427,205.36,46.24,70.0472,28.0009,84.6609,65.9597,39.46
2021-06-28,171.7905,137.6842,143.4731,208.22,45.41,70.2597,26.03,85.3565,65.6415,39.04
2021-06-29,172.0025,137.3549,141.7716,239.84,45.79,70.4279,25.6617,86.2426,65.8942,39.04
2021-06-30,171.6045,139.1766,142.2683,235.95,46.43,69.1971,26239,86.1092,64.8087,38.94
2021-07-01,171.2458,139499,144.5307,228.79,46.29,70.3217,26239,88.4342,65.3514,40.39
2021-07-02,175.1372,140.0595,144.7606,233.31,45.82,70.5607,25.9404,88.0054,65.1362,40.54
2021-07-06,183.3558,137.9575,143.0132,239.98,45.01,68.7721,24.9052,86.6142,64.3128,39.21
2021-07-07,184.3954,140.0385,142.5902,241.81,43.56,68.8872,23.9695,88.6057,64.4999,38.94
2021-07-08,186.1328,138.9244,140.2173,240.45,42.86,67.4174,23.6111,84.8896,63.9759,39.19
2021-07-09,185.5307,140.8373,147.6577,240.2,44.65,68.5773,24.1486,85.3469,64.6964,39.73
2021-07-12,185.4913,140.1226,151.6124,249.28,44.63,68.6482,23.7505,84.8324,64.7994,40.28
2021-07-13,183.4366,139.8563,149.7638,244.73,43.55,67.5945,22.7451,82.4312,64.2847,39.75
2021-07-14,183.6521,142.1195,146085,241.72,42.24,67.2403,22.4764,82679,64.7806,39.45
2021-07-15,181.1341,141.9513,147.4738,255.66,40.68,67.0278,21.8493,82.9362,64.4063,39.31
2021-07-16,178.2623,139.6951,144871,255.75,40.05,65.1595,20824,82.2311,63.8543,38.29
2021-07-19,177.0631,138.4269,141275,249.44,38.39,65.3278,19.6295,82698,62.1887,37.57
2021-07-20,178.2404,140.7111,145.2941,240.66,39.84,66.2132,21.0927,84861,63.2648,38.63
2021-07-21,178.8394,140.6761,150.1041,234.44,40.54,67.2049,23.0836,87.1574,63.3958,39.07
2021-07-22,181.4747,139.4849,148467,235.12,39.78,66.0096,22.6058,85.4136,63.7326,38.71
2021-07-23,182.4031,140.4799,147.2254,231.13,39.04,66.3549,21.8592,89.1393,64.8368,39.34
2021-07-26,184557,141.3067,149304,229.62,39.62,66.1601,23.0537,88.1578,64.9678,39.82
2021-07-27,180.8941,140.4659,149.4879,225.64,38.67,66.5851,22.6953,88.7486,64.6871,39.39
2021-07-28,181.0902,138.9314,148.4302,226.05,37.81,69.5159,22.7153,86.9858,65.3046,39.75
2021-07-29,179.5737,138.8543,150.7479,205.04,38.36,70.4899,22.6058,91.0069,69.1692,40.67
2021-07-30,165.9892,138.6932,148.7153,211.49,37.81,68.7367,21.5506,90.9306,68.8043,39.98
2021-08-02,166.1832,138.3989,147.2438,209.96,37.53,67.9044,21.3615,91.9407,68.9353,42.61
2021-08-03,167.9171,140.8583,148467,201.98,38.55,68.3914,21.3316,92.9507,70.0862,43.42
2021-08-04,167.3425,138.4059,148.2463,205.62,34.41,66.6559,20.9434,91.3308,68.8324,42.18
2021-08-05,168.4035,138.5951,150.0857,203.37,35.98,66.3726,22.4465,91.7977,68.6826,38.72
2021-08-06,166.8546,138.8263,153.7547,200.55,36.43,67.7893,22.9741,90.2351,68.3083,41.09
2021-08-09,166.7015,138.3358,153.9956,196.25,36.58,68.4888,22.6058,89.9582,67.8685,40.41
2021-08-10,165.6445,139.6111,158.1278,201.4,39.27,69.6399,23.5414,91.3905,68.3738,40.47
2021-08-11,164.2193,141.2367,161.7227,192.41,39.8,70.1623,23.8799,94.0068,70.2266,41.24
2021-08-12,164.7875,141.1386,163.9278,196.04,38.77,70.0295,23.2528,92.9851,71.6021,41.58
2021-08-13,164.3121,140543,164669,198.47,37.54,70.1003,22.7551,93367,72.6408,41.23
2021-08-16,164.5625,141.7622,164.2891,205.03,36.92,70.4633,22.6854,93.9686,72.2197,41.75
2021-08-17,161.7177,139.8213,160546,199.67,35.59,69.7815,21.9388,90.3115,72.0606,36.81
2021-08-18,159.6855,137.6912,159.3786,197.5,36.15,68.8233,22.3768,89.2229,71.7425,36.33
2021-08-19,159.0136,136.8854,155.7467,194.48,37.46,66.3809,21.5606,89.0319,71.1417,35.31
2021-08-20,159.6221,137.0831,155.8579,204.94,38.02,65.6233,21.8592,90617,71.9959,35.44
2021-08-23,162.9104,137.4502,156.9048,212.28,38.88,66.7286,22.7252,90.3592,72.6154,36.07
2021-08-24,164.9012,137.4997,157.5534,215.89,41.56,67.3347,23.7306,91.6292,73.2256,36.71
2021-08-25,164572,137.2102,161.1483,194.02,39.8,68.0745,23.9993,92775,72.7375,37.21
2021-08-26,165411,137.9021,159.0173,196.7,35.68,67.1208,23.3623,91.2377,72.2587,36.71
2021-08-27,167.0886,137.7115,162.8808,193.93,37.26,68.7431,24.2382,92584,72.5028,37.35
2021-08-30,170.6771,138.5022,153.0505,193.83,36.52,67.5041,23.5215,91.7533,72.1367,36.28
2021-08-31,173.1324,137.4926,153.7732,182.26,35.76,67.4862,24.0292,91.3045,71.6298,36.72
2021-09-01,173.5419,136.5748,149.7985,182.13,35.79,67.5308,23.4021,92.6318,72.1179,34.86
2021-09-02,172.7498,137.5985,148.2975,195.14,35.21,68.8055,23.9097,92288,72.5685,35.64
2021-09-03,173.4945,137.2455,145.7033,190.45,34.78,68.9838,22.8546,90.6743,71.8551,36.02
2021-09-07,175.0529,131.0253,145.3975,195.56,34.43,68.6807,23.4519,89.5571,71536,35.98
2021-09-08,175.8614,132.6563,143.2388,187.36,33.88,68.1815,22.6754,87275,71.9584,35.39
2021-09-09,173.7993,131.1454,144.3321,184.84,35.03,67.4328,23.1731,86.1673,71.7894,35.49
2021-09-10,173.0506,130.2981,144.1282,181.95,35.35,67.8695,22.6456,85.5467,71.5829,34.37
2021-09-13,172453,130.7782,147.2506,186.05,35.64,68859,23203,84.9833,71.7143,35.98
2021-09-14,172.0953,128.7943,143.0442,192.82,35.08,68.6183,22.7551,83.9138,71.0385,35.38
2021-09-15,173.3818,130044,147232,192.32,35.94,72.3175,23.0637,84.6395,71.7894,35.74
2021-09-16,174.0028,128.9637,148.3994,192.57,36.93,72.2819,22984,86.2246,72.0522,35.99
2021-09-17,172.7198,128.1377,147.8435,199.27,37.28,71.8273,23.4419,86.7021,70.8507,35.96
2021-09-20,167.3929,127.4599,144.8787,207.92,37.04,68.7431,23.1333,84.1048,70.4565,34.98
2021-09-21,166.7893,125.9702,144.9991,207.51,37.7,68.7342,22.8546,83.9616,69.9402,34.5
2021-09-22,168606,126.9727,147.8899,201.57,38.82,68.8946,23.5016,84.4772,70.7663,34.78
2021-09-23,170.3993,128.1659,153.8195,197.93,39.81,70.1425,24.5767,83.3791,72.4183,35.18
2021-09-24,170.8742,127.82,153.9585,194.19,39.99,70.2139,25.3232,83.1117,72.8595,34.93
2021-09-27,169.8905,128.3495,157.2847,200.0,40.37,71.6133,26.2589,83.3887,73.2443,35.51
2021-09-28,165409,127121,155.0796,202.92,40.41,71.9164,26.0499,81.2498,71.6768,34.52
2021-09-29,164.6688,127707,154.3106,201.0,40.77,72.1481,25.4029,82577,70.9446,34.29
2021-09-30,163.8667,123.8521,150.0672,196.32,37.63,72.4869,24.8952,80.1803,69.6586,33.61
2021-10-01,163.7779,124.7417,154.3013,199.67,38.78,73.5565,25.9702,79.9702,70.6536,34.73
2021-10-04,159.1148,124.2898,153.9029,190.53,39.72,73.6189,25.2237,79.2636,69.7807,34.71
2021-10-05,160.6722,125.5889,156.3211,188.27,39.18,74.9827,25.3033,79.2159,69.8651,35.1
2021-10-06,162.7179,125956,155.5336,184.27,37.75,74.8134,24.7857,79.4451,69.7994,34.34
2021-10-07,164.7341,125.5324,155.5429,175.88,39.36,75.3215,24.3776,80.4859,70.6442,34.65
2021-10-08,164.0452,124.9323,156.3952,182.39,39.33,75.1967,23.7206,79.6456,70.8601,34.35
2021-10-11,161.9342,124.4593,153.9678,186.36,37.2,75.7137,23.7704,79531,70.7663,33.73
2021-10-12,161.9856,123.9297,155.3298,186.21,38.75,75.2947,24.2183,79.9416,70.5034,33.27
2021-10-13,163.8287,125.0876,150.1876,183.71,37.47,74.9292,23.5414,81.0015,70.9915,33.4
2021-10-14,164.6059,127.3116,153.8103,182.63,38.65,76.5426,23.6211,83.4937,72.6999,34.6
2021-10-15,170.0511,128.4554,156.0061,178.07,39.16,76.7938,23.5614,83.1213,73.9953,34.92
2021-10-18,171.9327,128.3001,156.7288,176.24,39.3,76.8476,23.0238,84439,74.0516,34.68
2021-10-19,171.8035,128.7166,157.3125,186.47,38.34,77.5562,22.2375,84.3053,74.8964,34.48
2021-10-20,170.3524,128.7943,160.5182,186.43,37.82,78.5517,22337,85.4798,74305,34.84
2021-10-21,171.3476,128.5825,153.5138,191.27,38.46,78.6504,22.2275,85.1934,74.2299,34.97
2021-10-22,166.3862,127.6505,155.5058,197.73,38.23,79.2244,22.1877,84.5918,74.1549,34.57
2021-10-25,165629,128.7802,156.2841,191.13,39.73,79.2154,21.9488,84.5727,74.1173,34.05
2021-10-26,168.4075,128.6107,152.7355,189.24,39.25,78.2557,21.7198,84.6968,73.9202,32.78
2021-10-27,169.2266,125.8431,141.2931,183.61,38.22,81.2783,21.5407,83.8088,72944,32.3
2021-10-28,171.9242,126.9939,141.2931,185.35,39.0,83.3323,21.8692,85327,72.5779,32.63
2021-10-29,168.2259,126.1537,139.9311,186.82,39.54,83.0901,22.0583,85.2411,73.3007,32.57
2021-11-01,165.5163,126.7892,141.7656,190.89,41.44,82.6237,22.9641,86.2246,73.2162,33.37
2021-11-02,165.2489,128.4766,140.7465,192.88,42.38,81.7358,22.8048,84.5059,73.7982,32.98
2021-11-03,168803,128.6601,142.5902,183.51,46.27,82.0318,23.0637,84.8019,74765,32.48
2021-11-04,173.4421,127.5164,142.1826,171.9,46.95,83.0273,22775,86.0814,74.6617,33.83
2021-11-05,175.5367,128.3565,143.4889,174.11,46.23,83.3412,24.6762,88.3253,75009,34.33
2021-11-08,174.0397,128173,144.0912,168.25,45.44,82.9556,24.4771,88.5354,75.2531,33.38
2021-11-09,178392,128.0247,143.9985,164.31,46.09,83.3143,24.0591,93.1188,75.5722,33.81
2021-11-10,173694,128.7943,144.7953,160.24,44.99,82.7852,23.3822,90.7316,75.7037,33.58
2021-11-11,173.2177,127234,145.6014,166.01,45.3,84274,22.9143,92.0111,76.0979,33.98
2021-11-12,175844,129.6698,145.8339,167.39,45.68,85.3234,22.2574,93.3766,76.9521,33.34
2021-11-15,176.8681,129.4227,145.4247,167.52,46.16,86.2383,22.1976,92.9087,76.9239,33.05
2021-11-16,176.6197,129465,143.0623,167.19,46.61,85.8616,21.4909,94637,76.7362,32.28
2021-11-17,177.0337,129.4438,141.3231,166.23,45.33,86.2449,21.2321,96.9573,76.0228,32.14
2021-11-18,184.3694,127.2444,142.2904,162.37,47.85,86.5966,20.8538,97.2438,76.2958,32.13
2021-11-19,183.3972,127.5719,140.7372,167.67,45.19,84874,20396,97.5589,77.1902,31.37
2021-11-22,178.2094,127.8779,142495,168.34,47.04,84.9642,20.2367,95.6492,76.6253,31.12
2021-11-23,178.5821,127.7356,145.3596,162.89,41.12,85.0454,20.0575,97.1579,76.0322,31.43
2021-11-24,178.6005,126433,144.9596,161.6,39.25,83.7287,20.0675,96.5276,76.0134,31.63
2021-11-26,174.8169,124.9312,138.7282,158.61,38.05,81.6003,17.8676,94.2933,73.8104,30.5
2021-11-29,177.6607,125.4365,136.7379,160.34,37.92,81.6905,18.0766,94.3028,75.0437,31.02
2021-11-30,174.9421,121.0306,130.7018,159.76,36.0,78074,17.5391,93.2906,73415,29.99
2021-12-01,171782,121.5218,128.6928,162.87,34.65,76.1981,16.3048,93.3479,72.3605,29.58
2021-12-02,171.4648,121.1872,133.3338,162.5,35.31,77605,17.8079,98.1414,74.7801,30.54
2021-12-03,169.0919,122.8457,131976,164.09,34.93,78.1191,17.1211,98127,73.9234,30.19
2021-12-06,170.9665,126127,135.7334,155.44,36.1,78065,18.5047,101.1606,75.9946,30.76
2021-12-07,175.7512,125.6643,138.1888,152.91,37.62,79.1653,18.4151,101.5912,76.6818,31.45
2021-12-08,175.7447,125.3013,138.4027,147.46,36.89,78.4799,19.4304,102.3759,76.4653,31.3
2021-12-09,173.7624,125.2301,138.7375,156.84,35.93,77091,19.1019,102.3568,76.2488,30.58
2021-12-10,171808,126.0558,139.8908,141.18,35.48,78.3806,19.1915,104931,77.2938,30.86
2021-12-13,169.1697,124.2621,135.8264,136.18,33.48,79.2374,18.2558,103.3712,77.1337,30.66
2021-12-14,168.6948,124.3617,137.5749,127.63,34.08,78534,18.0667,100.2323,77.0867,30.8
2021-12-15,172.9084,125.1162,137082,131.23,34.37,79.1653,17.8079,102.7492,78.0469,30.66
2021-12-16,168.4748,126917,137.6679,130.9,33.12,79.6072,17.4894,99974,79.7227,31.43
2021-12-17,169.6186,124.3831,134.0035,131.13,33.55,79.4358,18.1961,98.5864,79.8545,30.63
2021-12-20,166687,122.8812,128.6742,139.13,32.81,77.3976,18.8132,97.0169,78.0564,29.98
2021-12-21,170.0172,123.0805,133.4734,133.11,33.97,79.6072,20.4457,99.0361,80.2123,31.35
2021-12-22,170.6357,122.8812,133678,139.1,34.2,80.2655,21.1525,101.0362,80.8713,31.96
2021-12-23,170.6672,124.5397,134.9522,136.04,34.36,81.3117,21.1027,100.4046,81.2385,32.57
2021-12-27,169.2714,125.7711,135.6869,132.81,34.71,82.1234,20.8538,101.6391,82.9331,32.79
2021-12-28,170.2606,126.4401,135.9752,132.51,34.33,82.7276,20.8041,102.3472,83.5356,32.75
2021-12-29,168804,126.9882,135.4079,133.03,35.34,83.1605,20.6946,103.6965,84.3453,32.43
2021-12-30,168.2489,126.4401,135.3149,127.34,35.46,83.0252,20.4358,102.8831,83.7334,32.39
2021-12-31,166.3259,126433,134.9429,129.34,34.83,84.1976,20.0276,103.7827,83.5262,32.19
2022-01-03,170.0047,126.5113,137.9656,128.46,34.98,84.5133,21.3117,100.73,84.3265,33.23
2022-01-04,167129,128.2836,140579,131.32,34.82,85.2528,21.6303,101.1702,86.0682,34.11
2022-01-05,163.9714,127.7569,137.8912,128.82,33.19,84.7478,21.0728,98.6342,84.7501,33.47
2022-01-06,162871,126.6964,140.1884,131.46,34.31,86.6868,20.9733,97.1318,83.0649,33.73
2022-01-07,162.1726,128.0843,143.8715,126.34,33.19,87.4985,21.7995,91.1412,82.3023,33.34
2022-01-10,161.1071,126.2764,146.1594,126.6,32.35,86.6778,21.3018,91.6005,81.6057,32.9
2022-01-11,164.9741,127.3939,147.4243,127.32,34.9,88.1658,21.8791,94481,82.8201,33.07
2022-01-12,164.8194,127.7071,147.6847,126.43,34.24,88.8963,22.2076,95.1509,82.9143,33.48
2022-01-13,160.8358,128.8459,150.0843,127.57,33.92,89.0857,22.7949,95.4667,82.0952,34.09
2022-01-14,161.7576,127.2231,149.3309,129.82,34.14,89.0226,22.8447,94.2896,82.0952,33.99
2022-01-18,158.5447,126.8957,146.0943,136.23,34.17,88.4634,21.8791,89.3995,81.1443,32.57
2022-01-19,155.9323,127038,141.0069,128.69,34.14,87264,21.1226,86.4425,81.0031,32.01
2022-01-20,151.3117,123.5432,139.7606,130.05,32.27,85.4602,20.7045,84.5573,80.6736,32.03
2022-01-21,142.3084,122.8884,136.2728,120.38,32.36,85.0724,19.8982,84.0884,79.3273,30.54
2022-01-24,144.2049,122.9951,137.9284,129.63,35.91,84.4953,19.6494,87.1698,80.1182,30.32
2022-01-25,139.6576,123.6713,141.5184,122.19,36.95,85.3971,20.1073,85.6004,77435,29.44
2022-01-26,138.5467,120.5039,134.7661,125.93,36.05,86.8401,20.1969,82.1553,77.0396,29.32
2022-01-27,139.3099,121116,131.7713,131.26,36.36,87.1107,19.0223,80.4041,77.0019,28.99
2022-01-28,143.6402,116.0909,132.6456,126.82,36.49,88.5536,18.8829,82.3467,79.4968,29.66
2022-01-31,149.2226,118.1693,136.4682,124.38,39.0,89.1579,19.7191,85.3803,80.4194,30.08
2022-02-01,150.8388,119.1729,139.9652,127.98,39.46,90177,20.8339,85.6004,81.3609,30.79
2022-02-02,150.2592,118.6248,139156,122.45,38.88,90.7812,20.7543,86.9401,83.0743,30.69
2022-02-03,138.5198,117.0091,137.9191,135.35,37.47,89.0947,20.2466,84385,81022,34.91
2022-02-04,157.2697,114404,139835,131.1,38.03,88.4725,19.8684,80.4041,81.7375,36.03
2022-02-07,157565,114.7172,141.5277,136.44,39.05,89212,21.4212,81.6673,82.6036,37.33
2022-02-08,161.0348,115.5998,145.0712,141.86,40.52,91.0518,22.4465,83.1123,83.9499,38.82
2022-02-09,160.8113,116.4753,147.7312,140.73,40.83,89.8253,23.0836,84.9305,86.3224,38.63
2022-02-10,158.6305,113.6993,146.4942,137.24,40.97,89.3382,23.0139,81.3706,84.9667,37.81
2022-02-11,152.9339,113557,145.6446,125.82,39.94,91.7101,21.9388,80.6146,82227,36.84
2022-02-14,154803,112.4679,144.8417,126.57,39.66,90.9345,21262,79.3801,81.1914,36.68
2022-02-15,156.1433,111.9911,148.3428,130.54,40.99,92.1267,22.6754,81.1601,83.8463,37.36
2022-02-16,157.7296,110.7739,148.3148,127.16,40.92,93.1602,23203,81.8461,84.1853,37.35
2022-02-17,154.2897,106.8213,144.1135,126.76,39.34,90658,22.3171,79.3994,81.1351,35.79
2022-02-18,152.2435,106.0883,143.7401,129.78,39.19,90.0234,22.0682,80.0614,81.5506,35.62
2022-02-22,149.8451,105463,142.7784,133.76,37.9,89.8693,21.4113,77.1445,80.5213,35.14
2022-02-23,144.4872,103.7598,139.5481,140.68,36.98,90.3679,20.1172,74.9856,79.9359,34.44
2022-02-24,151.0029,103.2711,137961,156.21,38.43,92.3896,20.5353,78.9772,81.2862,35.06
2022-02-25,153.4277,108.1652,143.3946,191.6,38.82,95.3632,21.0032,82537,83.1371,35.53
2022-02-28,153.2027,106.8285,143.0959,192.98,38.08,94783,20.2367,81.9421,81.3334,34.03
2022-03-01,150.7874,104.0257,131.3416,186.18,35.85,95.9797,18.7734,82.3546,81.0218,30.09
2022-03-02,151.6958,105.8008,131.8271,178.46,31.16,97.7022,18.9327,84.0338,83.2787,31.61
2022-03-03,147.5515,106577,129325,164.92,31.6,99.0076,18.1861,83.0071,83.0332,31.34
2022-03-04,145.2993,105.4487,125.2171,167.22,28.59,98.2008,17.1509,81.9421,83.9303,30.0
2022-03-07,137.1305,102.9693,116.5157,163.37,26.5,98.5906,15.4587,76.8471,81.7773,28.95
2022-03-08,135.6954,104.4928,117.7108,156.35,26.89,96.3786,15.8071,77.1061,82.6083,30.86
2022-03-09,138.9522,105.3552,123.1538,158.38,27.86,97.4393,17.1907,79.3034,83.0615,29.98
2022-03-10,146.4731,103.4364,121.6133,155.73,28.93,99.4972,17569,79.0635,82.7782,30.11
2022-03-11,145.1831,101302,121.4546,156.45,28.44,99.6604,17131,77.6818,83.1371,30.56
2022-03-14,141.5202,103113,124.7969,155.95,29.41,98.0467,17.0414,74.2468,82561,30.5
2022-03-15,147.0208,103.7095,125.3571,158.08,30.0,97.9651,17.9572,77.1541,83.2598,31.12
2022-03-16,152.7448,104.5719,128.6901,149.65,31.32,94.3387,19.2413,78.4303,84.7046,32.76
2022-03-17,156.8701,106.1386,128.4194,159.37,32.2,95.5445,19.0621,79.8311,85.5356,32.61
2022-03-18,160.8722,106.5913,129.0356,159.81,32.27,95.1093,19.3707,82.2683,86.6121,33.2
2022-03-21,161.1126,106.7782,125.5158,163.84,31.63,99.7964,18863,79.5625,86.3005,32.99
2022-03-22,164.5022,107.7556,128.9982,166.35,32.07,100023,18.8431,79.4377,87.9342,33.46
2022-03-23,163.0246,106.1314,125.0957,160.16,30.75,101.5007,18216,75.3598,85.8945,32.27
2022-03-24,163.2656,107.0656,126104,164.62,31.16,103.3411,18.4051,75.6381,86.1116,32.77
2022-03-25,164.3869,108.1293,126.8602,167.86,31.93,106.2603,18.3056,74.6114,86.4138,33.54
2022-03-28,168594,107.4178,124.4048,167.83,33.26,103.2232,19311,75.1008,86.4422,32.93
2022-03-29,168.9178,109.2935,126.6828,175.2,34.4,97.9832,19.8385,77.5379,87.5659,33.93
2022-03-30,165.9108,108.8264,125.5438,175.25,32.98,99.4609,19.51,75.6957,86.3005,33.1
2022-03-31,162.6151,106.9938,122.5749,143.9,31.99,100.4582,20.1272,71493,84.6763,32.63
2022-04-01,163.1763,107.5759,122.2015,143.67,31.42,102.2441,19958,73.0954,84.9974,31.35
2022-04-04,167.9515,107.4609,122.9297,145.0,32.22,101.0384,19.6494,73556,85.0068,31.86
2022-04-05,163.6701,107.0081,121.7627,144.67,31.94,101.4373,20.1272,71.0516,81.9661,30.77
2022-04-06,158.3835,108.0143,120.6983,151.18,31.21,102.5886,18.8431,68.2499,82.07,30.4
2022-04-07,157.4143,107.7627,120.7263,152.7,31.62,105.8342,18654,67.5398,82.9199,30.41
2022-04-08,154.0981,107.6621,123.0137,155.63,32.64,107.2031,18.2558,67962,84.0058,30.71
2022-04-11,150.7675,107.8849,122.5189,152.14,32.24,106.6773,18.4549,69.2478,82.3533,30.88
2022-04-12,150.4337,106.7782,123.4525,165.54,32.71,108155,18425,68.7584,81.2957,30.7
2022-04-13,155.1761,106.8357,123.8166,162.96,34.26,109.66,19.4204,71.0996,81.2673,31.01
2022-04-14,151.3506,105.9158,123.7886,170.52,34.49,112.3797,19.4702,69574,80.0208,31.25
2022-04-18,152.4266,105.0534,128.8208,185.03,34.79,114.9181,18.9526,68461,79.8981,31.19
2022-04-19,157.7446,107.8705,132.1912,177.06,37.0,111727,19.8186,71.1188,80.9652,31.41
2022-04-20,153.6367,108.2227,132.4339,165.48,37.19,114.2291,19.5299,71.5698,81409,31.89
2022-04-21,147.9481,109.0707,130.6881,165.99,36.51,110902,19.4204,70.2936,81.6073,30.71
2022-04-22,144.0113,107.2022,126.3001,165.09,34.79,106.9221,18.7535,68461,78.5288,29.43
2022-04-25,145.7313,106.7926,127.4017,162.44,36.24,105.5169,18.7933,71186,79.7564,30.14
2022-04-26,139064,103.6448,123.4525,160.84,34.87,104.1298,17.4197,69.2861,77.6884,29.16
2022-04-27,137.8429,103.6376,116.0956,171.93,34.95,107.8468,17.3301,67252,78.2267,28.85
2022-04-28,144.2573,105.7433,120.7917,166.82,35.53,105.9158,17.7482,69.9098,79.2937,29.58
2022-04-29,123.9899,103.6448,116.3477,173.54,34.58,102.5524,17.2206,66.7722,76.3947,28.7
2022-05-02,124.2079,104.8594,118.2336,175.85,36.1,104.4743,17.2704,67.8949,76.1775,29.37
2022-05-03,123962,106.4188,120.1102,178.33,35.31,105.8614,17.4097,68816,77.0085,29.89
2022-05-04,125.6331,110.8386,125.3851,179.99,36.35,107593,17.6486,72.5101,79662,30.89
2022-05-05,116.1339,107.4106,121.6786,179.77,35.19,104.0936,16.4641,68.2691,69.5012,29.73
2022-05-06,114.5032,107.4609,118607,180.72,34.23,104.4653,15.8469,67.3979,71.3143,29.42
2022-05-09,108.5338,109.5091,115.0406,185.32,34.06,97.7566,14.0751,67.3113,72.0225,28.19
2022-05-10,108.6036,107.1663,112996,183.58,33.0,100023,14.1249,65.6557,70.2945,28.29
2022-05-11,105.1248,105.2187,111.6516,181.82,31.22,99.5153,13.4878,62.4312,68.3492,27.55
2022-05-12,106.6796,107504,106.5727,179.13,32.09,98.9714,13.1991,65.0301,69.4446,28.12
2022-05-13,112.7898,107.2956,109.3039,174.73,32.52,99.3431,14.2145,65.9637,69.2935,29.67
2022-05-16,110.5505,108158,106.9669,183.97,32.78,102.0537,14.0253,65.8097,68538,29.63
2022-05-17,115.0978,109.4803,113.0111,183.42,33.36,105.6075,14.8017,67.8215,70.9271,30.69
2022-05-18,106.8612,107.0297,107.3611,186.84,29.87,101.3501,13.7765,63.2493,66.3189,29.14
2022-05-19,107.0672,106.6813,106.3662,185.01,29.06,100494,13.5177,64029,66.6602,29.64
2022-05-20,107.3386,104.4091,106.7135,185.6,27.97,99.6107,13.0697,66.1755,67.1436,29.6
2022-05-23,107.3047,104.8084,111.5001,184.65,26.73,103.3081,13.0498,64.9146,68.1011,30.06
2022-05-24,103.8558,105.8029,109.6511,182.13,19.09,105.1476,11706,63.1723,67684,29.44
2022-05-25,106.5245,105.8319,112.8328,184.73,22.23,105.3935,12.1241,66.4161,67.9589,29.45
2022-05-26,110.8169,106.7393,116.7654,184.84,21.85,104665,13.1494,70.1316,68.9542,34.16
2022-05-27,114.8764,108.5324,118.6894,180.05,22.55,104.4737,13.9059,71.9797,70.8406,35.08
2022-05-31,119.9275,108.3727,120.0034,199.95,20.44,107.7522,13.8163,72.3358,70.8122,35.22
2022-06-01,121.3985,106.2893,117.2816,219.33,20.44,103.9091,13.4082,72.2588,70.3193,34.57
2022-06-02,125.2165,107.5669,118.6049,210.96,20.41,104.9109,13.9955,73.4235,71.0587,35.13
2022-06-03,122063,105.9626,116.4275,206.44,20.36,102.8983,13448,73154,69.7315,35.25
2022-06-06,124.4972,106.1368,117.9573,192.0,20.53,101.9056,13.5475,72769,70.0349,35.4
2022-06-07,122.7114,106.6159,120.3506,202.28,20.18,102.7343,13.7168,72.6631,70234,35.69
2022-06-08,120.8957,105.5633,117.4787,199.44,19.83,102.4793,12.8707,70.2664,69305,35.24
2022-06-09,115.8775,104.6632,112.0069,196.72,19.36,100.3483,11.6762,70.6995,67.0867,34.49
2022-06-10,109.3928,99.9229,105.6623,191.23,19.07,97.4068,10.9993,67.7541,66.2715,32.74
2022-06-13,103.4268,98.9938,100.4345,197.02,19.25,93.2905,9.8645,64.0098,64.3566,30.15
2022-06-14,102.07,98.1807,100031,195.19,19.25,95.0299,9.4763,63259,64.3377,31.12
2022-06-15,107.4174,97.5129,101.5233,195.78,19.77,94.6383,9.7948,62.9895,64.9254,32.34
2022-06-16,103.4168,95052,95.8356,201.49,18.21,91287,8.7098,59.0045,62.3659,29.75
2022-06-17,105.9708,94.2535,100.6692,201.87,18.96,88.8828,9.5559,58.2922,63039,30.19
2022-06-21,108425,94.3769,99.9183,205.14,19.32,89.8937,9.5261,59.0045,64.2239,30.68
2022-06-22,108.6944,94.66,99.1393,203.21,18.8,84.7483,9.5758,61.6804,63968,30.54
2022-06-23,112.1762,94.4785,97.8066,203.06,18.61,79.5847,9.6057,64.8761,63.8732,30.29
2022-06-24,116.1868,97.5129,103.3253,203.79,19.47,80.4954,10.8002,65.1552,66.6033,32.15
2022-06-27,112.9544,96.4022,102.8654,203.31,18.87,82.7994,10.5016,65.4247,66.2715,32.32
2022-06-28,107148,94.6092,101.8517,201.7,18.3,82.6082,10.2826,63413,64.5652,31.31
2022-06-29,108.6645,94.2027,99.1206,207.0,17.74,83.3094,8.8293,63.5381,64.9159,30.53
2022-06-30,105.9608,93.9414,97.7878,205.25,16.92,82.59,8.6103,63.7114,63.9775,30.31
2022-07-01,109303,93.2735,100.2562,210.71,17.18,82.8268,8.7795,67.4653,64.4894,29.94
2022-07-05,113.2337,93.7962,100106,209.63,17.59,78.8835,9.3369,69.7851,64.1955,29.89
2022-07-06,114.0618,94.2535,99.5241,212.49,16.9,78.1823,8.6999,69.3423,64.4799,29.32
2022-07-07,116.0571,94406,102.1521,219.2,17.67,80.8233,9.2872,70.0642,64.0628,29.87
2022-07-08,115.2689,93.4405,101.9362,215.73,17.21,79867,8.9686,70.6129,63.5319,29.87
2022-07-11,111.4878,93651,100.5847,219.17,16.59,79348,8451,70.5262,62.2806,29.26
2022-07-12,108.9638,94.5148,100.4627,223.05,16.92,79.7669,9.0881,71.6139,61.7592,28.66
2022-07-13,110141,93.1864,99.0455,220.02,16.88,79.3297,8.9587,70.9979,61655,28.55
2022-07-14,110.3705,93.1429,97.0933,223.53,16.51,77.9819,8.67,69.9198,61.1052,27.95
2022-07-15,113.2836,94464,101.5045,220.53,16.71,78.6923,9.1379,70.7091,62.4323,28.74
2022-07-18,113.4931,93.5784,103.7007,224.82,16.86,79.8761,9.6057,69.8525,61.7118,29.01
2022-07-19,117.9327,95.9159,106.0752,232.13,17.89,81.9616,10.3124,71.4984,63.9111,30.79
2022-07-20,122482,96.5547,107.7083,230.13,18.51,83.6828,11.0391,70.3434,64.5747,30.8
2022-07-21,124.3376,97237,107.2484,229.57,18.67,83.4096,9.8048,72.9904,65.3899,31.27
2022-07-22,122.1328,97.3604,102.2366,227.89,18.57,82.8905,9.2175,74492,65.5037,31.0
2022-07-25,120.8558,97.3604,104.1137,231.37,18.31,85.7865,9.1379,72538,64.6695,31.16
2022-07-26,114.5407,102.1733,99.8245,234.3,17.05,86.8156,8461,72.4128,64.5273,30.49
2022-07-27,120.6862,100.8013,102.2459,225.91,17.49,83.3459,8.8094,74.9347,66.6412,31.69
2022-07-28,121.9931,101.8975,101.0915,226.15,17.9,81.3424,9.0582,75.3775,63.3518,31.65
2022-07-29,134.6334,103.9808,103.0813,224.43,17.81,84.0835,9.0184,75108,64423,31.6
2022-08-01,135.0724,104068,102.9874,244.4,17.35,85.4586,8.8791,75.3005,64.1007,31.65
2022-08-02,133.8453,102.8992,100.3688,237.79,17.52,84639,9.3071,71.3829,64.0533,31.12
2022-08-03,139.1927,104.1623,102.3586,231.85,18.02,86.5606,9.7451,71.6581,65.1529,31.52
2022-08-04,142.2355,107.5233,100.3219,229.0,18.06,86.5606,9.7052,74.0525,65.1624,26.15
2022-08-05,140.4697,107.0079,100.3629,226.85,18.02,88.1087,9.7749,73.7146,65.1434,25.54
2022-08-08,139.0829,107.7847,101.7692,223.36,19.28,87.6898,9.9641,74.5931,65.2382,26.22
2022-08-09,137.5066,107.3201,100.4101,229.0,17.97,88.6825,9.4265,72.3339,64.5652,25.76
2022-08-10,142.3552,108438,106.4131,241.41,18.82,89.1105,10.2925,75.7131,65.4468,26.33
2022-08-11,140.3101,108.6413,108.8012,247.69,19.32,89.7844,10.4916,75.9834,65.1434,26.31
2022-08-12,143.2132,110.5141,109.2448,239.6,19.7,92.1977,10.6708,76.9682,66.1483,26.64
2022-08-15,142.8441,109.9261,107.2815,241.71,19.79,91.3872,10.6608,76.0993,66.0724,26.7
2022-08-16,144.4403,109.0768,108.9805,233.58,21.58,90.6313,11.1386,75.8965,66.2999,26.68
2022-08-17,141.7666,107.0224,107.2343,266.94,20.86,91.1595,10.5115,73869,65.3141,25.92
2022-08-18,141.9662,106478,107.4608,265705,21.23,92273,10402,74178,65.7909,26.23
2022-08-19,137.9057,106.4853,105.9129,262.7,20.57,91659,9.8247,71716,65.2865,25.93
2022-08-22,132.9075,103.8379,102883,277.39,19.8,90.9992,9.3469,70.1905,63.6782,24.69
2022-08-23,133.3065,103.9552,103.6476,271.98,19.75,93391,9.4962,70345,62.8311,25.11
2022-08-24,133.4861,103.4345,104.1667,267.64,18.65,92.8595,10.0039,72.1022,62.7931,25.03
2022-08-25,136.9579,104.6959,107.2815,272.64,17.44,94.3349,10.4916,73.9656,63.7924,25.57
2022-08-26,130.4433,94.7074,103657,264.15,15.87,93.7667,9.9242,70.2967,61.5749,24.33
2022-08-29,129.4855,92.7273,101184,267.52,15.27,95123,9.7849,69.6788,61.1562,24.39
2022-08-30,128428,91.5686,100.8348,256.59,15.0,91.5307,9.7252,69.4471,61.1086,24.51
2022-08-31,126.4726,91.1946,99.8815,253.08,14.39,90.88,9.4166,68694,60.1188,24.78
2022-09-01,127.5201,92.1333,98.9282,253.54,15.44,89872,9.3071,68.8678,60.3758,26.7
2022-09-02,127.2109,89.2145,98.3713,252.19,15.43,90.7334,9327,68.9161,59.3194,27.48
2022-09-06,125.8141,85511,96.4363,251.87,15.52,86.2338,9.3967,67.5741,59.2147,26.4
2022-09-07,129.1762,88.4078,99.0037,245.84,16.14,87581,9.7749,68.6361,60.5947,26.66
2022-09-08,129.5154,87.4691,100.4667,249.91,16.12,88.7723,10.0337,69.5823,61.2418,26.6
2022-09-09,132.9573,90.2779,102.2412,259.85,16.2,88.7906,10.3523,70.7988,62.3458,26.76
2022-09-12,136.1299,91.1212,103.6287,260.36,16.6,86.9761,10.5513,71.5036,63.1167,28.36
2022-09-13,126.5225,88.3491,95.3697,272.21,15.52,85.1708,10193,66.8307,59.7952,27.25
2022-09-14,128.2484,86193,95.0016,272.92,15.34,84.4927,10.5215,66.6183,59.0339,27.63
2022-09-15,125.9837,85379,97.0026,263.54,15.05,83.5763,10.8699,67.2169,59.0434,27.47
2022-09-16,123.2402,85.5183,95.9738,262.56,15.48,81.9726,10.7106,68.6651,59.1957,27.04
2022-09-19,124.3675,85.5403,96.7289,256.06,16.05,83.6221,10.7305,70.5671,60.1569,27.75
2022-09-20,121.9033,85.4523,95.6812,257.28,15.93,82669,10.3722,69.4471,58.9673,27.05
2022-09-21,118.2619,84.1982,93.9067,257.61,15.59,82.0184,9.6654,68.8775,57.1781,27.54
2022-09-22,117.0348,83.7069,90.1123,255.88,15.61,80.9187,9.5958,68501,56.9116,26.3
2022-09-23,113.5131,82.8635,88.5172,253.42,15.88,76.2359,8.9089,68.9547,56.0075,23.85
2022-09-26,114.8799,82.8708,86.1763,262.23,15.53,75072,8.8591,65.8845,55.8552,23.57
2022-09-27,114.1416,82.4381,86.2613,272.83,16.03,75.3378,9.1777,65.1893,55.17,23.34
2022-09-28,117.7331,83.8095,89.7064,254.8,16.57,76.8865,9.7849,68.8678,56.3977,24.08
2022-09-29,114.5307,82.3575,88.4228,255.89,15.43,75.3653,9118,66.0004,55.6268,24.67
2022-09-30,112.7349,81.0374,86.9975,258.51,15.55,75.6677,6.9977,65.0252,54.6656,24.48
2022-10-03,115.6081,83.0322,90.2067,254.03,15.67,77.3355,6.8186,68.2982,56.1788,26.05
2022-10-04,120.8059,84.7923,94.2654,261.79,16.15,80.7629,7.7244,71.2429,57.73,27.4
2022-10-05,120.6662,84.4622,93.3876,266.98,16.05,80.4055,7.3959,70.2967,57.7015,27.31
2022-10-06,120.0178,81.4921,91.3016,284.59,16.38,79.0401,6948,71.2526,56.8259,26.89
2022-10-07,114.2912,78852,88.6021,269.39,15.17,78.3711,6729,69.4278,55.6649,26.56
2022-10-10,113.4033,79.5413,87.8281,272.21,15.44,79.3608,6.3507,69.7175,55.3413,26.78
2022-10-11,111.9468,79.82,88.4983,269.69,15.44,78.9942,6.6095,70.1905,54.4562,26.88
2022-10-12,112.6351,79.9007,88.2434,268.25,15.5,80.2772,7.2764,68.7906,54.0089,26.7
2022-10-13,112266,83.7949,92.3304,264.3,16.02,82.7973,7.0674,68.2113,56.1026,27.46
2022-10-14,106.6492,83.3328,90.0368,261.23,16.43,77.8854,7.0973,66.2803,55.7695,27.13
2022-10-17,113523,83.5015,92.0001,274.34,17.06,80.4971,7.2366,67.5548,56.9877,27.11
2022-10-18,116087,85.0343,94.0011,272.0,17.06,81.8351,8.0429,69.8623,57.7871,28.04
2022-10-19,114.8,83.7509,89.8858,268.78,16.65,83.0264,7.6447,65.45,56.9211,28.14
2022-10-20,114.9796,82.9515,89.6498,241.11,16.52,82.3208,7.9633,64.8225,56.8925,28.35
2022-10-21,119.0401,85665,90.8485,246.26,16.94,83.2097,8.1624,67.3424,57.3684,28.97
2022-10-24,119.5389,86.8164,92085,238.66,17.33,83.4938,8.1823,68.7134,57.8252,28.78
2022-10-25,120.3171,86.9044,95.8794,237.83,18.19,84.2819,8.5804,72807,58.5104,28.98
2022-10-26,115.3887,89.9845,96.2003,241.36,18.15,90.1836,8.6302,72.7105,58.6722,29.05
2022-10-27,110.6997,90.0579,96.3986,236.45,18.08,89.6795,8.6103,73.1642,58834,28.71
2022-10-28,103.1674,92.8447,101.0896,243.64,18.71,88.6715,8899,75.2883,59.9761,29.89
2022-10-31,102.1997,92.2506,100.0703,243.73,17.58,90.4493,9.0184,74.2263,59.2432,28.75
2022-11-01,96.5629,91.8913,100.8159,242.11,17.74,91.4299,9.0085,74.6993,59.5097,28.82
2022-11-02,91.9039,90.1019,97418,243.72,16.54,90.8892,8.6501,72.5753,57.3494,28.16
2022-11-03,89.0905,90.0945,93.2743,239.68,17.25,90.4768,8.7895,71.0884,49.4503,25.71
2022-11-04,90.7666,91.5539,96.7761,242.15,17.15,91.2099,8.9587,72.5849,50.0879,27.65
2022-11-07,90.3176,91.4366,98.8621,242.97,17.31,94.5823,8.7198,72.5367,51.1538,29.0
2022-11-08,89.7689,91.9279,99.6172,235.05,17.61,95.8195,9.0582,70.7312,50.6494,28.44
2022-11-09,85.9379,90.8132,95.7756,249.41,16.89,91.5765,8.5207,72836,51.4108,27.99
2022-11-10,96.4033,94.7148,107.6956,224.01,19.05,93.6476,9.7351,81.0233,54.5228,29.01
2022-11-11,100.5535,97.5236,110.3827,225.52,18.97,93.0244,10.3025,81.9887,55.5982,29.46
2022-11-14,98.2589,96.0935,105.9389,230.55,18.83,90.5959,10.5513,78.6771,55.2747,29.07
2022-11-15,98.7079,96.2328,98.3332,239.04,19.3,91.4207,11.1088,81.2646,57.0639,28.61
2022-11-16,96.8922,94.4141,96.6241,238.06,17.88,91.1,9.5858,80.2509,56.5404,28.45
2022-11-17,94.6275,94.3399,94.4212,234.36,18.59,91.7501,9.4663,78.7737,56.8559,28.36
2022-11-18,93.9191,94.0505,93.9654,218.73,18.78,92866,9.4265,78.5806,57.3339,28.51
2022-11-21,92.2431,94696,96.1968,222.13,18.63,93.4009,9.2772,77.8468,55.6417,28.68
2022-11-22,92.9813,95.4157,96.4247,226.24,22.62,93.6775,9.4265,79.8067,56.6265,29.54
2022-11-23,93.9092,94.9705,96.5006,227.74,23.98,93.3086,9.6853,81.5832,57.3913,29.61
2022-11-25,93.1909,95.7422,96.5861,220.45,23.77,93862,9.6853,80.9943,58.2422,29.68
2022-11-28,93.7296,92.4776,94.5541,225.65,24.08,94.4153,9.2772,80.4343,57.4582,28.95
2022-11-29,92.2032,93.5831,96.9279,226.05,23.78,96.0568,9.7052,81.3129,56.9993,29.11
2022-11-30,96.3135,93.4644,98.0294,238.57,23.98,96.6839,9.8844,83.0315,59.4755,29.67
2022-12-01,95276,93.4792,94.3072,233.3,23.88,91.2429,9.9242,83.9513,59.8675,29.44
2022-12-02,93.9092,94.2212,92.7595,241.88,24.31,87.4526,9.9541,83.5931,59.6476,28.86
2022-12-05,90.7965,92.4701,90.2242,242.15,22.87,86.0601,9.6356,82.0341,57.7928,27.37
2022-12-06,88043,92433,89.2842,243.21,22.9,88.0429,9.2573,81.2498,57.0184,27.81
2022-12-07,88.2525,93.7463,88.5246,210.12,23.71,88.0797,8.8492,83535,56789,26.62
2022-12-08,90138,93.4866,88.8569,200.1,24.17,88.8636,8.9886,83.2058,56.6934,26.73
2022-12-09,88881,93.3086,89645,197.2,23.59,88.0797,8.8293,82.6345,55.7756,26.32
2022-12-12,90.3376,94.1173,92.5981,199.86,23.15,88.0429,8.9686,83.4672,56.4448,27.3
2022-12-13,92273,94.4437,93.8704,197.53,23.11,87.1207,8.8691,84.5226,56.5787,27.25
2022-12-14,91.3651,93.5534,91.7245,197.27,23.21,88.7437,8889,84.6291,55.6704,27.29
2022-12-15,88.2425,90.8007,89.1133,191.8,21.78,89.2233,8.5904,87.5825,53.8731,27.0
2022-12-16,87.6539,90.2888,85.5526,189.21,21.78,88.6054,8.4112,86.5464,53.1178,26.3
2022-12-19,84.7208,90.6152,83.4351,195.38,21.71,88.7068,8.0529,85.2973,52.5633,25.97
2022-12-20,84.9901,89.6359,83.9289,199.0,21.61,88.9651,8.0628,84.8712,52.6206,26.16
2022-12-21,86.5664,91.6021,85.1917,,21.92,90.1824,8.4411,86.9046,53.1847,26.79
2022-12-22,83.5934,90.2146,84.9733,,21.44,89.5553,7.8438,87.4856,53.0222,26.22
2022-12-23,85.05,89.1388,86.1128,,22.26,91.2613,7.7742,86.3527,53.5576,26.53
2022-12-27,83.04,89.1981,86.1698,,22.06,92.7553,7.6348,86.4399,53.9973,26.69
2022-12-28,81.82,87.7661,85.1727,,22.36,91.7593,7.6348,84.9874,53.1369,25.98
2022-12-29,84.18,89.4578,87.9928,,22.88,92.0268,8.0429,86.5657,54.6188,26.74
2022-12-30,84.0,88.9755,88.2682,,22.91,92.0083,8023,86314,54.6761,26.5
2023-01-03,85.82,90.8675,88.2777,,23.6,88.1351,7.9334,87.8052,55.0586,27.67
2023-01-04,85.14,92856,90.9649,,25.21,87.6094,8.6999,88.7347,55.5079,28.18
2023-01-05,83.12,91.2311,89.2367,,24.74,85931,8.9089,89.3835,55.0394,27.66
2023-01-06,86.08,94.0208,92.1708,,25.2,89.1034,9.1578,90.6132,57.1236,28.17
2023-01-09,87.36,94.0728,92.5316,,27.4,90.4129,9.4265,89.8289,58.1848,28.27
2023-01-10,89.87,95067,93.5286,,27.8,89.9242,9.6356,90.6132,58.5194,28.48
2023-01-11,95.09,95.8015,96.6526,,27.23,90.8002,9.8147,92.5885,58.7967,28.3
2023-01-12,95.27,95.9722,95.9214,,26.91,92.7184,10.2328,92.5595,62.2384,28.82
2023-01-13,98.12,96.0909,97.6591,,27.98,92.6078,10.4618,91.9495,61.2442,28.81
2023-01-17,96.05,93.9318,98.3997,,27.11,93.3271,10.8301,92.3368,60.1925,29.1
2023-01-18,95.46,91.0753,96757,,27.13,90.2746,10.3821,91.7074,58.3091,28.96
2023-01-19,93.68,87.87,92.9684,,27.06,90.7357,10.0735,89.1027,58.6724,28.17
2023-01-20,97.25,89.5172,98.9219,,27.79,89.8504,10.4219,91.4847,59.9822,28.4
2023-01-23,97.52,90.9788,101.7135,,28.86,88.2089,10.6708,92.6466,61.4162,29.14
2023-01-24,96.32,85.3251,101.1343,,28.09,89.0573,10631,93.9248,61.1103,28.01
2023-01-25,97.18,83.7892,110.2308,,27.99,89.3432,10.8301,92453,61.3206,27.88
2023-01-26,99.22,84.2493,110.2118,,27.84,91.9899,10.5812,93.7408,61.8178,28.56
2023-01-27,102.24,85.5106,111.6456,,27.31,90.0072,10.9694,93.46,62.8216,28.27
2023-01-30,100.55,83.5296,109.1958,,27.59,89.5184,10.5912,91.8236,62401,28.11
2023-01-31,103.13,85.3844,112.9939,,28.96,91.3905,10.7703,95.5612,63.8159,28.73
2023-02-01,105.15,85.9632,110.4587,,29.23,92.3311,11.2879,96.7329,65814,28.84
2023-02-02,112.91,89.25,115.6716,,29.87,91.0308,11.9847,99.6765,67554,29.59
2023-02-03,103.39,87.1726,115.8815,,30.07,90.4498,11.7458,96.3165,65.2213,28.89
2023-02-06,102.18,86438,112.2555,,30.51,91.8331,11.8155,95.3069,63.8924,27.43
2023-02-07,102.11,86.7348,114.6029,,31.25,91.2613,12134,96.5398,64.5521,28.15
2023-02-08,100.05,85.5106,111.8547,,30.1,90.5513,11.8155,94.5595,63.3857,28.23
2023-02-09,98.24,83.7892,110.3089,,30.41,88.6238,11.4771,94.8507,63.7012,29.15
2023-02-10,97.61,84.4941,110.1085,,30.49,91.1968,11.1088,95.7049,63.7872,28.9
2023-02-13,99.54,85.5328,111.9978,,31.05,90.5974,11.5866,97.5784,64.8484,29.64
2023-02-14,99.7,84.7389,110.0703,,31.01,92.1836,11.8255,96268,64.4469,29.12
2023-02-15,101.16,85.1693,109.3833,,30.8,92.2439,12134,96.3359,64.1792,29.36
2023-02-16,98.15,84.1995,106.4442,,30.09,90.5271,11.5468,94.3071,63.7183,28.84
2023-02-17,97.2,84.9437,106.0816,,31.19,90.5456,11.2382,91.6181,62.8733,28.76
2023-02-21,94.58,82.1321,103.1998,,28.9,89.2464,11.0789,87.6187,62086,28.21
2023-02-22,95.79,81899,103.6197,,29.31,90.8055,10.9893,88.4729,61.8747,28.06
2023-02-23,95.82,81.8765,104.4976,,28.96,91.3344,10.84,89.5602,61.7307,28.34
2023-02-24,93.5,81042,104.6216,,28.99,91.0003,10.5414,88.4924,61289,27.73
2023-02-27,93.76,81.3953,104.0396,,28.73,90193,10.7803,88.8127,60.9722,28.02
2023-02-28,94.23,80.9969,104.0873,,29.41,88.6246,10.5713,89.7737,60.1368,27.74
2023-03-01,92.17,82.8538,103.6102,,29.23,88.3184,10.5414,88.2303,59.8872,27.81
2023-03-02,92.13,82.6207,103238,,28.34,90.5363,10.7106,88.1332,60.0408,28.27
2023-03-03,94.9,83.6432,104.7552,,28.52,91.6592,11059,90.0649,60.0504,28.89
2023-03-06,93.75,82.6433,103.5338,,27.73,91.0003,11.0192,88.7836,60.1176,28.48
2023-03-07,93.55,80.5082,100.6807,,28.36,90.1837,10.8201,88.5021,58975,26.47
2023-03-08,93.92,80.5609,100.1368,,27.68,89.8496,10.4817,91.0454,59.0806,27.41
2023-03-09,92.25,79.3279,96.3199,,27.03,88.0771,9.9441,92.1617,58.4853,26.39
2023-03-10,90.73,78.2303,93.6957,,26.97,85887,9.6455,91.3463,57.9764,25.51
2023-03-13,92.43,77.8093,89.0486,,25.62,84.8105,9.1976,92.7927,55.6719,24.35
2023-03-14,94.88,77.2681,91.6728,,26.79,97.0881,9.0284,94.6662,56.1136,24.58
2023-03-15,96.2,77.2681,88.6765,,26.6,89.8218,8.6899,93.4625,54.7981,23.33
2023-03-16,100.04,78.3431,89.2776,,26.61,89.7568,8.9886,95.2099,56.0752,23.47
2023-03-17,98.95,77.4485,85.6039,,25.96,85.4787,8.5108,94.5886,55.4895,22.92
2023-03-20,97.71,78.4183,86.1096,,26.06,88.1978,8.5705,93.8023,56.3632,23.16
2023-03-21,100.61,78.4033,90.2319,,25.83,90.2023,9.0781,94.0061,56.8241,24.03
2023-03-22,98.7,76.3359,86.8444,,25.31,88.7546,8.9487,92.9092,55.1534,23.63
2023-03-23,98.71,75.9299,85.7947,,24.62,86.8058,9.1777,93.4625,55.8447,23.25
2023-03-24,98.13,76.0351,86.31,,24.62,87.1677,9.1876,94.0935,56.3152,23.36
2023-03-27,98.04,76.2983,87.5505,,25.2,88.9309,8.7497,92.5015,56.6609,24.08
2023-03-28,97.24,76.4862,86.9493,,25.73,89.6455,9.2872,92.8995,56.6033,24.36
2023-03-29,100.25,77.5763,89812,,26.16,90.0167,9.8446,92.9577,57141,24.83
2023-03-30,102.0,77.2681,89.8693,,26.75,88.4762,10.1134,92.4433,57.4291,25.06
2023-03-31,103.29,79.0197,91.7586,,27.75,88.6432,10.1034,94.8313,58.5045,25.56
2023-04-03,102.41,78.6138,91.9113,,27.9,89.7011,9.9242,95.2487,58927,25.33
2023-04-04,103.95,76.8696,92.2071,,27.55,87.7059,9.8048,94.5595,58.2548,24.88
2023-04-05,101.1,76.8997,90.4991,,26.6,85.5993,9.6157,94.54,58.2452,24.91
2023-04-06,102.06,76.3509,90.5849,,26.34,85.8035,9.6853,92.8413,58.0148,24.74
2023-04-10,102.17,77253,90.8617,,27.28,87.3904,9.8247,93.4043,58.6773,25.07
2023-04-11,99.92,78.6062,93.9247,,27.43,88.3648,9.9939,96.8504,59.2342,25.11
2023-04-12,97.83,78.4634,91.3102,,25.6,87.7245,9.5758,95967,57.8804,25.03
2023-04-13,102.4,79.8016,91.4915,,25.49,86583,9.7252,95.1128,58.1972,25.51
2023-04-14,102.51,79.5159,92.1594,,25.56,87.6038,9.5559,95.3749,57.6499,25.54
2023-04-17,102.74,80.2752,93.3522,,24.89,88.8567,9.7052,96.5689,58.3316,25.66
2023-04-18,102.3,79.8918,93085,,25.15,90.7591,9.7948,99.1899,58.6869,25.34
2023-04-19,104.3,79.7489,94.7549,,24.67,89.7847,9755,98.8792,57.8515,24.92
2023-04-20,103.81,78734,92.8178,,24.35,89.4506,9.2872,104.4513,57.5827,24.57
2023-04-21,106.96,78.5461,92169,,24.24,88.2534,9.3369,103.4611,57.1218,24.13
2023-04-24,106.21,78.9821,91.9304,,24.2,88.3834,9.2374,105.3346,57.1314,24.16
2023-04-25,102.57,78.4634,90604,,22.96,84.8013,8.9189,105.0434,56.1328,23.29
2023-04-26,104.98,77.3733,90.0983,,23.0,85.4045,8.7198,102966,56.0752,22.86
2023-04-27,109.82,79.1851,91.5964,,23.39,86.0169,8.8591,105.1696,56.8529,23.35
2023-04-28,105.45,79.8542,92.8465,,23.54,86.8614,9.1677,106.6063,57333,23.85
2023-05-01,102.05,79576,88.9055,,23.3,85.8777,9.4464,105.2473,57.4579,23.87
2023-05-02,103.63,77.4184,85.4512,,23.06,84.5878,9.4066,105.6462,57.0162,23.55
2023-05-03,103.65,77.3057,84.0008,,22.77,84.2537,9.3867,106.6678,56.5361,23.58
2023-05-04,104.0,76.5614,81.7106,,21.83,82.9174,9.3469,104.3229,60.3576,22.24
2023-05-05,105655,77.6966,83.9817,,22.72,84031,9.9641,105.1986,60.7705,22.69
2023-05-08,105.83,76.9373,84.9932,,23.29,83.7155,10.5613,105.5684,59.1862,22.51
2023-05-09,106.62,75.7795,84.9359,,23.44,82871,10.6011,106.0451,59.1766,22.68
2023-05-10,110.19,75.8547,83.0561,,22.95,83.1401,10.4419,105.8311,60.0696,22.72
2023-05-11,112.18,75.7645,83.4187,,23.34,83.4928,10193,106.2008,59.4167,22.84
2023-05-12,110.26,75.3811,82.9575,,23.96,83799,9.7849,105.6559,59.2054,22.87
2023-05-15,111.2,75.5465,85.6286,,24.45,85.3673,10.2627,106.8332,60.2616,23.33
2023-05-16,113.4,73.6821,87.3869,,23.07,82.6947,10.3124,108.7792,59.5127,22.93
2023-05-17,115.5,75.3134,90.9804,,24.23,83.2329,10.9893,109.2559,60.2616,23.76
2023-05-18,118.15,76.0461,95.3425,,24.13,83.0086,11.2282,109.4408,61371,23.84
2023-05-19,116.25,75.5806,94.0934,,22.86,84532,10.8898,107.2127,60.7825,24.44
2023-05-22,115.01,77626,95.5539,,22.76,84.5507,11.1685,105.1597,61.7472,24.74
2023-05-23,114.99,76.8551,98.1673,,23.01,85803,10.9893,103.0289,61.0623,24.6
2023-05-24,116.75,74.0236,95.5923,,30.16,84.5413,10621,103564,60.3967,24.18
2023-05-25,115.0,74.0694,96.0055,,28.56,87.4852,10.9495,103.9143,59.9626,24.21
2023-05-26,120.11,73.9854,98.8207,,29.95,88.1301,11.2282,103.8267,60.6571,24.75
2023-05-30,121.66,73.3138,100.6078,,31.4,87.7936,11.3278,104.4883,60.2423,25.26
2023-05-31,120.58,71215,100.1274,,31.03,86.5787,11.1785,103.9532,60.2809,25.03
2023-06-01,122.77,71.9553,102.0779,,30.31,85.0647,11.7956,105.5489,59.9915,24.79
2023-06-02,124.25,78.2518,106.1614,,31.8,86.2422,12.1241,108.9932,61506,25.7
2023-06-05,125.3,74.7792,104.7297,,31.6,85.7376,12.2435,108.4095,59133,25.08
2023-06-06,126.61,75.0158,107.6314,,32.73,86.3824,12.7114,112.1554,59.9722,25.67
2023-06-07,121.23,77.0841,109.0919,,33.75,88.0273,12.9702,110.8711,60387,26.71
2023-06-08,124.25,76.9009,107.2567,,34.95,85.2142,12.6915,110.2095,60.0976,26.32
2023-06-09,123.43,76.2445,107.1222,,34.24,87.4946,13.0299,110.9295,59.8565,26.12
2023-06-12,126.57,77.2825,107.4489,,34.39,87.6535,14.6524,112.9241,61.0816,26.62
2023-06-13,126.66,78.4121,109.1976,,34.99,89.8777,15.2696,112.6516,61.9594,27.16
2023-06-14,126.42,77.8091,107.9293,,35.59,89.0833,15.5284,110.5306,61.4578,26.95
2023-06-15,127.11,79.2287,107.2759,,36.24,88.0366,16046,112.2916,62.4514,27.7
2023-06-16,125.49,79.7858,105.7578,,36.08,90.1207,15.7275,113.2549,62.7794,27.44
2023-06-20,125.78,78.0762,104845,,36.24,87.3918,15827,115123,62.3549,27.35
2023-06-21,124.83,77.4428,104038,,36.9,85.8123,15.8171,115.7457,60.9465,27.1
2023-06-22,130.15,76649,102.7216,,37.21,87.1675,15.6877,116.3976,60387,26.81
2023-06-23,129.33,76.8704,102.4238,,36.93,87.8871,15.7275,117.1468,59.8468,25.85
2023-06-26,127.33,76.6338,102.0587,,37.18,86803,14533,116.6506,60252,26.09
2023-06-27,129.18,74.9929,104.4415,,37.47,86.3637,15.8171,119.7252,60.8983,26.16
2023-06-28,129.04,75.2295,104.9796,,36.7,85803,17.2106,118.8982,61.1298,26.06
2023-06-29,127.9,75.7408,104.9796,,37.85,86.7376,17.0812,117.0884,62.2585,26.23
2023-06-30,130.36,76.3896,105.0853,,37.68,88.1768,18.7436,118402,62.9723,26.72
2023-07-03,130.22,77.1909,106.6994,,37.29,90.7656,18873,116923,63.2424,27.1
2023-07-05,130.38,75.2753,104845,,36.12,92.0179,19.1218,116.0668,63.2135,26.5
2023-07-06,128.36,73.5046,103.0579,,35.52,91859,18.7734,111.7565,62.4224,26.25
2023-07-07,129.78,74.2526,103.8074,,35.54,94.3824,18.9526,112.2722,63.0302,27.22
2023-07-10,127.13,74.1763,105.1621,,35.32,93.6254,19.2114,115.9695,64.2842,27.58
2023-07-11,128.78,77.7862,107.8044,,35.8,95.4291,18.8132,116.1836,64.8051,27.57
2023-07-12,130.8,77.5191,108.3232,,35.3,94074,18.1364,120.3674,64.7955,27.82
2023-07-13,134.3,78.5036,109.7068,,33.98,93.9712,17.6685,123.0431,65.2971,28.3
2023-07-14,134.68,78.0762,107.1798,,34.91,93.1487,17.1509,126.7891,66.1749,27.73
2023-07-17,133.56,77.6183,108.9862,,37.42,95.0553,17.6287,124.5901,66.0206,27.96
2023-07-18,132.83,78.6181,111.5228,,37.16,96.2422,18.1662,124.4247,66.7248,28.3
2023-07-19,135.36,78.9768,113.3387,,37.03,97.13,18.0667,124.3955,66.6476,28.19
2023-07-20,129.96,79595,110.4851,,36.33,98.6814,17569,122.0312,64.4,27.97
2023-07-21,130.0,79.6256,111.0424,,36.06,97.9805,17.7979,124.1328,64.4482,27.91
2023-07-24,128.8,79.5798,112.6277,,37.21,99.1393,17.7681,126.4972,65.0656,27.73
2023-07-25,129.13,83.8232,110.0239,,37.7,100.9337,17.3699,127.4604,65.4418,28.49
2023-07-26,128.15,85.9678,109.5723,,38.71,101.6346,17569,125.1642,65.3646,28.38
2023-07-27,128.25,84.8612,109.5531,,38.96,100.7935,18.1364,123.6171,63.9466,28.01
2023-07-28,132.21,85.3878,110.3506,,39.98,101.2702,18.4051,124.1036,63.4353,27.7
2023-07-31,133.68,85.0978,112.4356,,39.61,101.5599,18.7535,123.5879,63.6958,27.65
2023-08-01,131.69,84.3804,111.9167,,39.5,101.3262,17.9074,124.4636,63.5221,27.65
2023-08-02,128.21,83.1211,108.8132,,38.92,105.5038,17.6387,122.3425,63.0302,27.07
2023-08-03,128.91,81.8083,108.4962,,39.0,106.9056,17.4794,119.8225,67.9788,19.1
2023-08-04,139.57,80.5261,109.5201,,39.23,107.2047,17.0812,122.5621,68.4901,19.32
2023-08-07,142.22,80.3124,111.3457,,39.45,108.3916,17.9572,124.2976,68.8084,19.35
2023-08-08,139.94,79.4653,110.6889,,39.66,106.6253,17.8377,124.3366,67.7762,20.04
2023-08-09,137.85,79.1524,108.0035,,39.93,105.3262,17.1907,122.9034,67.4676,20.08
2023-08-10,138.56,79.2974,106.7768,,40.29,104.8028,17.2803,120.3587,68.5673,20.26
2023-08-11,138.41,79.7935,106.6222,,39.44,104.8869,16.7129,119.9298,67.6026,20.42
2023-08-14,140.57,78931,105.4438,,41.36,105.4944,16.7528,120193,68.5865,20.53
2023-08-15,137.67,77.1909,103.2704,,41.43,104.2982,16.5338,123.6639,66.9274,20.34
2023-08-16,135.07,76.9238,101.3481,,41.96,103.9804,16.1057,119.6178,66.7827,20.43
2023-08-17,133.98,77.6946,101493,,41.11,104.4223,15.7275,113.5828,66638,20.33
2023-08-18,133.22,77.47,101464,,43.2,105.7949,15.5184,114.3725,66.6476,20.25
2023-08-21,134.68,76.8348,100.8361,,41.76,106.2274,15.6379,113.0368,66.6089,20.36
2023-08-22,134.25,76.3081,96.8854,,41.17,104.7231,15.5881,114197,67.4129,20.37
2023-08-23,135.52,77.1911,98.1604,,50.86,105.4094,16.1754,114.9087,68.2557,20.9
2023-08-24,131.84,76.3003,98.0252,,50.46,105.3812,15.6379,113.7778,67.8392,20.64
2023-08-25,133.26,76.6489,97.4167,,50.16,105.9641,15827,112.0618,67.8682,20.5
2023-08-28,133.14,80.6537,98.1315,,49.51,106.7633,15.6379,112.7248,68.4107,20.59
2023-08-29,134.91,81.7769,99.9958,,51.32,107.0641,15.9664,114.2945,69.1663,20.78
2023-08-30,135.07,80.9093,99.0684,,52.29,107647,15.7972,116.0202,69.2535,20.52
2023-08-31,138.01,82629,98.9042,,53.75,107.4778,15.7474,116.0397,69.3697,20.74
2023-09-01,138.12,82.8459,99.9764,,54.5,108.1359,15.6578,117.1706,69486,21.11
2023-09-05,137.27,82.7684,98.2764,,54.85,106.3214,15.2995,111.4184,68.7498,21.17
2023-09-06,135.36,82.3966,98.0059,,54.98,104.1778,15.3592,112.7346,69.0694,21.02
2023-09-07,137.85,82.0713,96.5183,,54.61,105.7291,15.2298,114.1775,69021,20.4
2023-09-08,138.23,82.2959,96.5183,,53.32,105.6539,15.2298,114.3725,69.1082,20.55
2023-09-11,143.1,83574,96.6246,,53.4,107.9948,15.4089,114.9282,69.0985,20.42
2023-09-12,141.23,83.0086,97.6099,,52.26,107.5624,15389,111.7693,67936,20.41
2023-09-13,144.85,78.2756,96924,,50.64,106.3778,14.9511,111.0089,68.4882,19.98
2023-09-14,144.72,79.2594,98.7787,,51.26,108.3991,15.5583,112.3153,68.7498,20.69
2023-09-15,140.39,78.2834,100.9038,,52.4,105.6821,15.1203,109.5562,67.9748,20.69
2023-09-18,139.98,78.2679,99.0878,,50.89,107.1111,14971,110.3557,68.0232,20.27
2023-09-19,137.63,77.6404,98.2281,,50.58,106.1146,15.0207,110.7456,67.8973,20.47
2023-09-20,135.29,76.6799,97.1365,,50.25,105.8513,14.5828,110.3654,67.3354,20.55
2023-09-21,129.33,75518,95562,,49.32,106453,14.3837,106.3193,67.0448,20.39
2023-09-22,129.12,75.1694,94.9245,,50.63,103.7924,13.9855,106.5631,67.4323,20.3
2023-09-25,131.27,73.4265,94.5478,,51.76,104065,13.8362,105.4614,67.5486,20.5
2023-09-26,125.98,72.7216,93.7943,,52.84,102.4386,13.6968,104.7691,66.4927,20.29
2023-09-27,125.98,72.3962,92.2391,,54.56,103.0121,13.9158,104.3304,66.0664,20.35
2023-09-28,125.98,72.2413,93.7074,,56.05,103.9898,14.3737,106.1926,65.7177,20.47
2023-09-29,127.12,72.5202,93746,,56.37,101.7711,13657,104.7789,65.6208,20.83
2023-10-02,129.46,69.8864,91.8817,,58.31,100.3044,13.5774,103.5212,65.6402,21.15
2023-10-03,124.72,68.7787,89.8822,,55.49,99.4019,12.6815,100.2746,65.1946,21.16
2023-10-04,127.0,68.1823,89.4572,,55.13,98.2643,13.0299,101.7565,65.4271,21.15
2023-10-05,125.96,68.0351,88.9742,,54.54,97625,13239,101191,65.5821,21.24
2023-10-06,127.96,68.4766,90.3555,,55.01,96.9481,13.1991,101.6883,65.7177,21.37
2023-10-09,128.26,68.9801,91.1186,,56.88,99.1763,12.6318,103.4529,66047,22.04
2023-10-10,129.48,70.2118,93.6784,,59.77,98.2361,12.8408,104.5156,65.7371,22.2
2023-10-11,131.83,70.0181,93.8136,,61.5,95.8857,12.5919,105.9488,66202,22.44
2023-10-12,132.33,68.9569,93.6108,,61.74,95.2182,12.5422,99.7871,63.8965,22.2
2023-10-13,129.79,68.6935,91959,,60.39,96055,12.2037,101.0643,63.7221,21.68
2023-10-16,132.55,69.6696,93.8426,,62.72,97.1455,12.3033,101.9028,64.6812,22.25
2023-10-17,131.47,70.1421,94.7023,,62.98,98.8284,12.4426,102.3025,65.0686,20.89
2023-10-18,128.13,68.4766,92.6642,,63.24,99007,11.6363,99.8748,63.9643,20.91
2023-10-19,128.4,67.4386,89.5441,,60.66,97.4464,11.3377,98.7049,63.3928,20.58
2023-10-20,125.17,67.0436,87.1582,,60.9,95.5191,10.9794,98.1394,63.6834,20.33
2023-10-23,126.56,66.3077,87.3031,,59.97,95.3687,11.3278,99.5629,62.9859,19.5
2023-10-24,128.56,69809,86.1633,,62.35,94.6917,11.3974,99.2119,63.1118,19.89
2023-10-25,121.39,69.2435,85.9411,,61.58,96.0644,11.2183,98.1394,62085,19.47
2023-10-26,119.57,68.6703,86.4627,,59.85,100013,11.3178,99.1046,61436,19.66
2023-10-27,127.74,67795,94.4125,,58.72,99.1104,11.0789,99.1534,61.3197,19.55
2023-10-30,132.71,69.3442,97.1172,,59.61,100.0882,11.3477,99.5726,61.7556,19.67
2023-10-31,133.09,70.4519,97.8417,,60.82,99.6369,11.4074,101.7858,62.4531,20.17
2023-11-01,137.0,70.1498,96.8564,,62.13,99.7121,11.2481,106.5631,62.9278,20.29
2023-11-02,138.07,71.5054,101.0873,,63.31,99.1575,11.8454,111.1746,61.6588,22.31
2023-11-03,138.6,72.7061,102.7004,,65.5,99.7121,12.4924,115.8837,64.1968,22.3
2023-11-06,139.74,72.4427,101.8601,,66.27,99.1104,12.2037,114.7722,64.2065,22.11
2023-11-07,142.71,72.1561,101435,,67.81,98.3583,12.5024,118.1358,63.7124,21.8
2023-11-08,142.08,71.5132,101.5027,,67.92,96.6097,12.7313,118.7598,63.4703,21.8
2023-11-09,140.6,71.0329,100.9327,,66.75,97.6532,12.2535,117.6581,62.6275,21.54
2023-11-10,143.56,71.8927,101.6031,,66.97,98.2737,12.7014,119.6275,63.8868,21.86
2023-11-13,142.59,71.7998,101.3991,,66.39,97.8506,12.7213,119257,63.6253,21.66
2023-11-14,145.8,73.5659,103.9639,,68.68,99.8438,13.8262,125.6723,65.2721,22.6
2023-11-15,143.2,74999,102.9827,,69.8,100.3984,14.5031,124.6973,66.2698,22.93
2023-11-16,142.83,75.3058,102.0209,,68.98,100.2092,14742,124.4341,66.3377,22.49
2023-11-17,145.18,75.0147,104.6149,,73.57,101.0323,14.7221,124.8533,67.3548,22.74
2023-11-20,146.13,74.7314,104.0999,,72.29,101.8837,14.5031,125.4787,67.8996,23.0
2023-11-21,143.9,73.9525,102.7689,,74.03,102.3567,14.1348,123.8663,68.3373,22.95
2023-11-22,146.71,75.0383,103.7308,,72.81,103.6243,14.4036,124.1301,68.9502,23.06
2023-11-24,146.74,75.4946,103.5365,,73.31,102.1769,14.3439,124.5797,69.2323,23.07
2023-11-27,147.73,76.3759,103.1576,,76.4,101.7323,14.5529,123.3972,68.8432,23.08
2023-11-28,147.03,77.5089,105.4892,,77.73,102.5553,14.5628,123.0943,69.3587,23.04
2023-11-29,146.32,77.4774,106.9951,,76.13,102.2621,14.8416,124.3647,68.2108,23.33
2023-11-30,146.09,77.9495,108.4816,,75.89,103.9365,14.9909,124.7654,68.4638,23.13
2023-12-01,147.03,78.5632,110.6869,,77.88,103.3121,15.6877,127.8828,68.8918,23.64
2023-12-04,144.84,81.3879,111.6682,,77.22,101.9215,16275,127.5212,69.2225,23.86
2023-12-05,146.88,80011,112.0374,,77.73,100.3701,16.4243,127.7557,68.2206,23.46
2023-12-06,144.52,80.8764,110.5315,,77.13,98.5821,17.3998,130.5702,68.2108,23.44
2023-12-07,146.88,81262,112.0957,,77.94,98.4781,17.8477,133.2381,68.5027,23.6
2023-12-08,147.42,81.3328,114.7285,,78.65,98.8565,18.0269,135.3099,68.4151,23.76
2023-12-11,145.89,81.1676,115428,,81.63,99.3295,17.5491,135.7399,69.7284,23.73
2023-12-12,147.48,80.6955,116.8659,,83.52,98743,17.7382,136.6194,70.0883,23.44
2023-12-13,148.84,81978,121.5293,,83.75,99.4525,18.1861,140.89,71.1875,23.97
2023-12-14,147.42,84.2204,125.5223,,83.82,99.6227,18.6938,149.6461,72.6467,24.97
2023-12-15,149.97,84.1732,125.9886,,84.17,99.1214,18.5246,146.6948,74.0961,24.72
2023-12-18,154.07,83.2998,126.2801,,86.67,98.1281,18.2757,145.2192,73.8335,24.58
2023-12-19,153.79,83.5988,127.7762,,90.96,99.5849,18.6241,146.8219,73.3763,25.03
2023-12-20,152.12,81.5688,124.0941,,89.89,96.0942,17.9871,145.9912,72.0144,21.99
2023-12-21,153.84,83.0559,125.9498,,93.19,95.7631,19.1019,146.9098,72.1409,22.6
2023-12-22,153.42,83.6618,126.0469,,92.58,96.1509,18.8431,146.5287,73.1039,22.82
2023-12-26,153.41,85.0623,127.0087,,91.56,96955,18.5246,147.2812,73.4152,22.99
2023-12-27,153.34,85558,127.4168,,91.39,96.5009,18.4549,148.2975,73.5416,22.85
2023-12-28,153.38,86.3054,128262,,90.01,96132,18.5843,148.5223,73.7751,23.04
2023-12-29,151.94,86.0143,127.3876,,88.22,95.4982,18.4549,148.5223,73.4736,22.87
2024-01-02,149.93,86.5494,128.3494,,90.96,96.0185,17.2106,146.47,72.3743,22.83
2024-01-03,148.47,84.8105,126999,,88.76,94.8549,16275,144584,71.6642,22.49
2024-01-04,144.57,85.1095,126.0761,,92.5,93.6062,16.7727,144.3299,71.5864,22.27
2024-01-05,145.24,85.44,128.6506,,90.54,92.7264,17.2505,145.2485,70.8568,22.53
2024-01-08,149.1,85.6524,129.9039,,96.22,93.8049,17.2704,148.8154,71.6836,23.23
2024-01-09,151.37,85.8412,129.1461,,94.01,91.4493,17.3002,148.3073,71.1681,23.11
2024-01-10,153.73,85.2118,125.2697,,96.71,89.7844,17.6984,151.0045,71.3529,23.28
2024-01-11,155.18,85.6996,124.6868,,98.43,90.1722,17.4495,151454,72.8412,23.73
2024-01-12,154.62,85.0702,124065,,96.79,89.7655,16.8822,150.4181,75.8471,24.19
2024-01-16,153.16,84.6925,123.8901,,98.89,89.6803,16.9518,149.5093,74.1253,23.59
2024-01-17,151.71,83.4651,122.4911,,99.47,89.3965,16.7826,148.5027,73.6389,22.41
2024-01-18,153.5,83.7483,121.3641,,97.03,89.0181,17.2007,149.0598,73.6,22.81
2024-01-19,155.34,84.7869,124337,,101.11,87.6748,17.2505,151.7667,74.7868,23.0
2024-01-22,154.78,84.9915,125.9886,,104.67,83.9665,16.5636,154.1121,75.1662,23.29
2024-01-23,156.02,75.6127,126.0663,,102.61,85.3098,16.1754,139.8736,75.0105,23.1
2024-01-24,156.87,73.3624,127.3585,,102.19,84.2976,16.0062,136.0428,74.8549,22.76
2024-01-25,157.75,75.5183,128.7769,,102.46,83.6733,16.3944,138.3491,76.1681,23.19
2024-01-26,159.12,75.5261,134.7713,,103.8,83.5314,15.7573,137.3035,75.1759,23.23
2024-01-29,161.26,75833,134.5381,,105.06,84203,16474,137.0103,75.7498,23.16
2024-01-30,159.0,75.3373,134.6644,,105.69,85.4233,16.3944,140.0007,75.4872,22.74
2024-01-31,155.2,74.2357,131.4681,,101.9,83.3327,16.5039,139.6586,75.0203,21.8
2024-02-01,159.28,75.4632,130.7297,,106.58,85.5179,16.7229,143.9781,75.7596,21.65
2024-02-02,171.81,74.6449,132.5951,,109.47,85.5842,16.3645,143.5481,75.7693,21.67
2024-02-05,170.31,72.9611,131.3904,,106.45,84.1936,15.7573,142.2163,75.4775,21.24
2024-02-06,169.15,73.7715,130.5257,,104.08,85.1679,15.8967,140.0619,76.5864,21.35
2024-02-07,170.53,73.8345,130.1565,,103.96,83.2003,15.6478,141.6385,75.8763,21.37
2024-02-08,169.84,73.3309,131.5264,,107.32,81.8286,15618,141.5798,76.1681,22.05
2024-02-09,174.45,73.0949,131907,,110.11,83.7584,15.2397,141.9029,75.0008,22.11
2024-02-12,172.34,74.4561,134.1612,,114.94,85.7828,15.4189,145203,74.4463,22.49
2024-02-13,168.64,72906,130.3065,,116.85,83.8435,15.0506,139.4156,73.4444,21.76
2024-02-14,170.98,72.7172,131.8484,,119.25,84.6855,15.1999,142.4807,74.6506,21.48
2024-02-15,169.8,73893,133.0682,,119.8,86.4009,15.1501,142.3632,75.8958,22.17
2024-02-16,169.51,72.9892,133.9172,,120.9,87373,14.7321,138.3385,75.1927,21.72
2024-02-20,167.08,73.4451,134.0734,,116.39,87.3635,14.6923,140.4928,74.9388,20.84
2024-02-21,168.59,73.3571,131.7508,,117.25,88.6882,14.6425,141002,75.6516,20.36
2024-02-22,174.58,73773,131.3117,,121.22,89.8032,15.1402,142.1184,77.5949,21.24
2024-02-23,174.99,74053,132.2485,,122.82,89.2504,15.1601,143.0682,77.9465,21.32
2024-02-26,174.73,73.4451,131.2434,,126.21,88.8216,14.7122,142.8332,77.6437,21.59
2024-02-27,173.54,73829,133.5171,,125.78,88.7453,15837,142.4219,77.2824,21.84
2024-02-28,173.16,73.1571,134.2978,,126.0,89.3362,15399,142.9507,76.6379,21.57
2024-02-29,176.76,73.6851,134288,,127.76,89.9366,15.7872,146.3389,77.1652,21.86
2024-03-01,178.22,73.4771,133.4683,,131.37,88.7358,15.9266,149.7957,76.7649,21.69
2024-03-04,177.58,73.1411,132.7072,,137.3,85.8577,15.9962,149.3061,77.2238,20.73
2024-03-05,174.12,74141,134.2393,,139.95,87.1443,15.8171,147.9841,75.9543,20.2
2024-03-06,173.51,74005,132.4632,,134.99,87.5636,15.9365,148.7283,74.8899,20.38
2024-03-07,176.82,74085,134.3271,,127.78,88.1449,15.5881,152.0773,75.6419,20.43
2024-03-08,175.35,75.1088,133.9172,,118.64,87.8686,16.2949,150393,74.9681,20.86
2024-03-11,171.96,75.2288,135.1175,,116.54,89.4029,16.1555,149.5411,75.1536,21.0
2024-03-12,175.39,78.9643,136.8838,,120.56,89.2695,16.1655,151.4114,75.2805,21.1
2024-03-13,176555,83.2436,137.2156,,125.97,90.3178,16.5736,151.9794,75.2122,20.74
2024-03-14,178.75,82.4837,136.0641,,125.36,89.7841,16.1256,147.2007,74.5579,20.51
2024-03-15,174.42,83.9875,132.2778,,125.89,91.0707,16.1854,148.5422,73.5619,20.64
2024-03-18,174.48,83.8275,132.9804,,130.82,92.1476,16.1157,148366,73.3275,20.7
2024-03-19,175.9,84.2435,133.5464,,131.08,93.1674,16.0062,152.8509,72.8978,20.86
2024-03-20,178.15,86.4752,138.3476,,135.04,92.8338,16.7727,155.2893,73.3861,21.22
2024-03-21,178.15,86.2832,139.7236,,137.42,95407,16.9419,158.0507,70.8764,21.02
2024-03-22,178.87,85.4113,137.7524,,134.97,94.5588,17.0016,158462,70.2124,20.45
2024-03-25,179.71,83.8595,137.1571,,121.17,95.2449,17.0315,156.4644,70.3198,20.62
2024-03-26,178.3,82.0918,137.4303,,121.97,95.1687,16.9518,155.9649,70.7006,20.64
2024-03-27,179.83,83.6596,141.0215,,121.36,97.6084,17.1111,158.6873,71892,21.06
2024-03-28,180.38,84.8434,145.2957,,125.33,97.7037,16265,161.1354,71.5697,21.21
2024-04-01,180.97,90.2458,141.7924,,131.84,97.4845,16.1854,158.5208,70.0659,21.03
2024-04-02,180.69,89.1132,140.9239,,131.4,99.0189,15.4089,152.4201,69.9975,21.06
2024-04-03,182.41,89.4491,139.8114,,130.73,98876,15.2696,154545,70.1538,21.13
2024-04-04,180.0,86.9055,138.6989,,122.96,100.5247,14.9909,152.8901,69.9292,20.9
2024-04-05,185.07,87.3758,140.0554,,120.79,101.8399,15.0506,155.2305,69.4604,20.46
2024-04-08,185.19,88.2397,140.4457,,119.42,101.5158,15.5881,153.4874,69.3921,20.87
2024-04-09,185.67,88.8924,140.0554,,116.12,102.0305,15.4289,155.0836,69.8803,22.09
2024-04-10,185.95,88.9116,136.5618,,114.33,102.5832,14.8814,145.1736,68.3277,21.16
2024-04-11,189.05,89.4395,136.9521,,116.47,100944,14.9013,147563,68.9136,21.21
2024-04-12,186.13,87.6446,136.2495,,111.83,98895,14.2941,148.5618,67.6343,20.3
2024-04-15,183.62,87635,135.8201,,112.84,99.0475,13.9955,145.9766,66814,20.11
2024-04-16,183.32,87395,133117,,115.89,99.0666,13.8362,143.0193,66.3355,19.98
2024-04-17,181.28,87.3086,133.4683,,113.48,100.4675,14.0552,142.7157,65.9547,19.79
2024-04-18,179.22,87.8078,138211,,109.32,101.5063,14.1149,142.8528,65.5543,19.58
2024-04-19,174.63,88566,139.4601,,110.36,104.3749,14.0552,139.2394,65857,20.14
2024-04-22,177.23,88902,143.6953,,114.84,104.5941,14.2145,140.1011,66.5992,20.42
2024-04-23,179.54,89.2667,144.3296,,119.71,104.4702,14.7221,144.9582,66.1793,21.16
2024-04-24,176.59,88.3261,145.2762,,115.09,100.8201,14.9411,143.0878,65.9352,21.03
2024-04-25,173.67,87.7406,142.4462,,115.45,99.1714,15.1103,141.2077,65193,20.37
2024-04-26,179.62,88.1437,142.6804,,122.08,97.9039,15.0108,142.3142,65.3688,20.08
2024-04-29,180.96,88.4605,141.9876,,125.39,98.6186,15.0606,142.9409,64.9684,20.28
2024-04-30,175.0,92.6358,139.9676,,121.52,96.9794,14752,139.5332,64.1384,19.49
2024-05-01,179.0,94.4884,138.2208,,120.41,96.2075,14.4036,139.8177,63.8356,19.0
2024-05-02,184.72,92.9238,138.3867,,124.9,96.5982,14.3936,142.7421,64.7145,18.9
2024-05-03,186.21,93.2502,138.9722,,128.76,96.3981,14.3737,145.7056,64695,19.16
2024-05-06,188.7,92.7126,139.87,,129.38,97456,14533,148.4337,64861,19.71
2024-05-07,188.76,91.7048,139.1186,,128.42,99.4478,14.0552,148.5711,66.0719,19.7
2024-05-08,188.0,92.4823,139382,,128.6,100.4103,14.2344,144.9794,66.1305,19.9
2024-05-09,189.5,93.4229,139.0502,,132.33,100.4389,14.4932,146.7066,65.2321,19.62
2024-05-10,187.48,94.9587,139.7068,,129.71,101.0488,14.3638,147.1678,65.4078,19.41
2024-05-13,186.57,95.6306,139354,,132.42,102.5546,14.4932,144.1159,66277,19.53
2024-05-14,187.07,96.0625,140.2164,,136.31,98.5805,14.4534,145.2346,66.1891,19.8
2024-05-15,185.99,97176,141461,,137.68,96.9604,14.7918,154.6356,67.2437,19.73
2024-05-16,183.63,100.6507,138.2271,,135.69,99.3334,14.8316,148.1491,68.6792,19.88
2024-05-17,184.7,101.0346,138.9718,,139.61,98.8921,14.9312,148.6692,67.4337,16.52
2024-05-20,183.54,100.9866,137.8057,,144.84,98.1151,16.0161,146.9911,68.2379,16.21
2024-05-21,183.15,98.9997,137.6097,,144.44,99.1032,16.1256,146.5888,67.4631,15.91
2024-05-22,183.13,97.4159,136.6395,,141.88,98.9305,15.5782,141.8883,67.7181,16.41
2024-05-23,181.05,96.1788,134.7383,,145.88,98.2015,14.7122,140.1514,67.1493,15.94
2024-05-24,180.75,96.3334,134.8657,,150.17,99.5445,15.0606,141.9177,67.0022,15.63
2024-05-28,182.15,95.3766,133.8857,,152.39,102.0865,15.5782,140.1808,65.5704,15.16
2024-05-29,182.02,94.2941,132.9351,,189.45,101.8467,15.1501,138.7383,64.8446,15.09
2024-05-30,179.32,94.9126,133.4545,,178.47,100.8587,15.1302,142.7715,63.5305,15.14
2024-05-31,176.44,96.7877,134.8755,,172.87,103.2089,15.0108,145.0383,64.8741,15.55
2024-06-03,178.34,96.4204,134.3757,,175.66,103.8996,15.9365,144.1846,64.5112,15.73
2024-06-04,179.34,95.3089,131.7885,,169.65,102.4511,16.8622,141.1818,64.0895,15.46
2024-06-05,181.28,95.7438,132.7685,,172.7,99.4965,16.8722,143.3603,64.2562,15.45
2024-06-06,185.0,94932,133.6407,,175.73,100.8395,16.5437,141.0149,65031,15.86
2024-06-07,184.3,97.4836,137.0021,,175.19,99.8898,16.6233,137.6,64.6681,16.55
2024-06-10,187.06,97.2903,138.0801,,185.13,101.4438,16.4541,139.5626,65.9528,18.45
2024-06-11,187.23,97.9282,132.4353,,185.79,101.6069,16265,136.9523,65.6782,18.34
2024-06-12,186.89,97.8219,134.3561,,192.34,101.1177,16.6632,141.0444,65.0212,18.91
2024-06-13,183.83,98.1408,132.3863,,190.82,98.9401,16.4342,140.7794,63.3638,18.71
2024-06-14,183.66,97.5222,131.0242,,186.06,98.6427,15.2696,140.1121,63.0205,17.85
2024-06-17,184.06,97.1646,134.3561,,185.89,98.7866,15618,140.5832,64.2562,17.95
2024-06-18,182.81,97.3966,134.5913,,185.28,98.2686,15.8768,136.7953,64.5406,18.34
2024-06-20,186.1,98.2568,135.3655,,175.56,99132,15.9863,138.5126,66.8257,18.41
2024-06-21,189.08,98.9624,134.0327,,174.5,101.5589,15.9962,139.7294,67.0218,18.74
2024-06-24,185.57,99.5423,134.9245,,169.91,103.7653,16.3148,141.3584,67.3553,18.59
2024-06-25,186.34,98.6338,132.1609,,173.24,102.3935,17.7382,137.8159,67571,18.6
2024-06-26,193.61,98.0538,134.0327,,173.42,102.8252,18.2857,137.6981,66.9826,18.7
2024-06-27,197.85,99.7163,131.3476,,172.53,103.2569,18.5246,138.5617,66.4236,18.84
2024-06-28,193.25,98.7691,135.6791,,177.84,102.4223,18.6341,138.2967,66.6884,19.09
2024-07-01,197.2,97242,136.9041,,184.59,102.9499,17.6287,134.4598,66.4334,18.62
2024-07-02,200.0,98.2181,137.6685,,183.36,105.8853,17.4794,132.6836,67.2866,18.26
2024-07-03,197.59,98.2181,135.6497,,179.75,104.9356,17.3699,133.4883,66.9826,18.2
2024-07-05,200.0,97.9282,133.2781,,171.54,104.1682,17131,133027,66.6884,18.38
2024-07-08,199.29,97.7156,133.0919,,178.53,105.8949,17.4794,133.6355,66247,18.75
2024-07-09,199.34,96.3528,134.2483,,179.24,105.4728,17.8178,133.4588,65.5998,18.42
2024-07-10,199.79,98.2665,133.8759,,174.1,106.6623,17.6586,136.9817,66.5216,18.7
2024-07-11,195.05,99.7742,136.2083,,173.79,106.0004,18.0368,146.9323,68.7871,19.45
2024-07-12,194.49,100.5571,135.6399,,173.24,106576,18.1463,150.8673,70.1503,19.61
2024-07-15,192.72,99.2813,141.7158,,167.33,105.8373,18.2359,149.3169,71.0329,19.28
2024-07-16,193.02,99.8516,146.5667,,170.08,106.8542,19092,159.2281,72.3667,19.55
2024-07-17,187.93,101137,146.4785,,155.78,107.5448,18.3155,154.5669,73.2591,19.77
2024-07-18,183.75,100.5378,145.7436,,156.98,107.6504,18.1662,170.1796,74.5046,19.76
2024-07-19,183.13,100.4412,144.3226,,158.51,107.3626,18.3454,170.5918,72.8963,19.67
2024-07-22,182.55,101456,142.2058,,158.42,108.2547,18.3355,173.8497,73.7103,19.24
2024-07-23,186.41,101224,142588,,161.4,106.3362,18.9825,173.2609,72.4648,19.76
2024-07-24,180.83,99.7936,143.4798,,154.05,107.5257,18.1065,167.8735,71.2879,19.47
2024-07-25,179.85,99.9289,145.1262,,151.53,108.3506,17.0215,169.4731,71.7979,19.77
2024-07-26,182.5,122.9032,146.3707,,152.59,109.6553,17.1907,173.6338,73.1316,20.06
2024-07-29,183.2,120.9701,146.0767,,151.05,108.9454,17.1708,175.3708,73.1022,20.14
2024-07-30,181.71,122.5069,149.2029,,146.0,109.8951,17.0414,177.0684,74.3575,20.41
2024-07-31,186.98,123.2801,148.3699,,147.48,100945,16.5835,176.2736,74.2202,20.34
2024-08-01,184.07,122.2363,141.0102,,142.27,98873,15.6877,175.9984,74.8381,19.89
2024-08-02,167.9,121.0474,133.3957,,132.2,94.4123,14.7321,174.5927,72.5726,19.54
2024-08-05,161.02,120.4385,128.7898,,134.49,91.5249,14.3339,170769,70.3464,18.28
2024-08-06,161.93,120.7092,131.0144,,138.12,91.4289,14.4733,170.6806,71.2487,18.29
2024-08-07,162.77,118.7181,129.6424,,131.56,91.7935,13.9457,166.1196,71.7586,17.93
2024-08-08,165.8,120.9411,131.6807,,141.08,93.4242,14.4235,169.7861,72.3078,18.33
2024-08-09,166.94,120.0133,132.1119,,146.88,92935,14.7022,170022,72.9845,19.64
2024-08-12,166.8,119.2304,130.0546,,154.57,93.0022,14533,169.1373,71.7292,19.16
2024-08-13,170.23,121.1538,131.9052,,153.57,92.6664,14.8017,172.0567,72.8374,19.55
2024-08-14,170.1,121.9463,133.8247,,153.08,91.8606,14.6923,171.2408,72.9453,19.35
2024-08-15,177.59,122.9032,134.9666,,162.05,92.1004,15.6678,172.3024,74.0143,19.63
2024-08-16,177.06,122.7968,137.3783,,165.08,92.5801,15389,174.9859,74.3968,19.28
2024-08-19,178.22,122.8258,140.6956,,166.87,92.9858,15.5284,178.3574,74.23,19.82
2024-08-20,178.88,123.4251,139.2978,,166.05,91.9521,15.2497,176.5488,74299,19.7
2024-08-21,180.11,124.9039,137.5949,,170.88,93.0631,15.4189,183.2821,75.4411,20.23
2024-08-22,176.13,124295,137.2996,,165.2,93.1984,15.3791,182.5743,75.0965,20.16
2024-08-23,177.04,126.1797,140.3117,,169.83,95.2948,16.5338,188.5212,75.5002,20.11
2024-08-26,175.5,128.1231,140292,,165.1,97.2173,16.5238,185.8377,75.6282,20.26
2024-08-27,173.12,127.6859,140.1542,,166.61,96.9178,16.9618,184.3437,75963,20.58
2024-08-28,170.8,127.8899,141.8966,,138.31,97.4009,16.5537,184.3731,75.6873,20.91
2024-08-29,172.12,129.1532,143.0975,,142.22,97.6327,16.4641,183.6654,75.9531,20.72
2024-08-30,178.5,130.8829,144.6331,,147.57,97.9419,16.4243,185.5429,76.5734,20.67
2024-09-03,176.25,127.1514,143.3239,,142.94,95.9324,16265,181.3456,75.5888,20.38
2024-09-04,173.33,128.4147,141.5225,,139.66,96.8115,16.0759,181.0507,76.1303,20.87
2024-09-05,177.89,127.6859,139.8688,,137.83,95.3914,16.0759,180.5888,75579,21.12
2024-09-06,171.39,124965,136.8271,,130.93,95.1016,15.5981,182.9675,74.6731,20.82
2024-09-09,175.4,124829,140.3708,,133.26,95.5653,15.9564,184324,74.9587,20.62
2024-09-10,179.55,126.4129,135.8329,,129.86,92.9182,16.0659,184.3338,75.3722,20.69
2024-09-11,184.52,126.5489,134.3268,,131.21,92.6477,16.4641,182.0042,75126,20.8
2024-09-12,187.0,128.2981,135.3899,,137.54,93.1597,16.8423,185592,75.1359,20.76
2024-09-13,186.49,129.4156,136.7975,,142.19,94.0775,17.1808,191.4799,76022,21.24
2024-09-16,184.89,130.8051,138.7466,,134.62,93.9906,17.7482,191.2833,76.6719,21.44
2024-09-17,186.88,129.7945,142812,,134.41,94377,17.9472,192.0205,75.0473,21.45
2024-09-18,186.43,129.5905,143.1565,,135.45,94.3963,18.2757,190.8803,74.1907,21.03
2024-09-19,189.87,130.0569,150.6574,,139.32,96.9565,18.6739,193.7014,74043,21.06
2024-09-20,191.6,130.9606,149.8995,,141.8,95.4494,18.9128,188.6195,74.4762,21.34
2024-09-23,193.88,131806,148.8856,,140.65,94.1355,18.8829,190.1628,74.9488,20.98
2024-09-24,193.96,133.3414,145.0465,,142.1,93.7684,18644,189.0913,74.87,20.23
2024-09-25,192.53,132.7389,144.0425,,137.73,91.5077,17.9572,183.98,74.3679,19.87
2024-09-26,191.16,135.4986,145.4698,,137.93,92.6187,18.5943,184.8056,76.0122,20.31
2024-09-27,187.97,133.4191,146.7593,,144.5,94.4156,18.4549,187.1058,75707,20.72
2024-09-30,186.33,132.8361,147.3893,,139.9,93.3626,18.3952,187.5186,75.9925,20.75
2024-10-01,185.13,133.1859,144.5051,,135.73,94.3673,17.9373,189.4354,74.9193,20.07
2024-10-02,184.76,131602,144.2295,,133.72,93.6621,17.6287,187.3122,75579,20.19
2024-10-03,181.96,130.9703,142.9301,,134.12,93.3916,17.2604,186.9681,75.3525,20.8
2024-10-04,186.51,131.4465,151.0413,,146.32,94.8407,17.9373,181.4931,75.9531,20.84
2024-10-07,180.8,131.0384,149.6238,,139.04,95.5846,17.9273,182.0042,74.8307,20.53
2024-10-08,182.72,130.8829,147.1629,,142.37,94.9083,18.7834,182.3188,74.9587,20.47
2024-10-09,185.17,131.1938,149427,,140.87,93.1018,20.1073,182.1025,75.6183,20.26
2024-10-10,186.65,129.6876,148.7674,,143.25,92.8023,20.2964,180.2644,73.3537,19.91
2024-10-11,188.82,130.9412,153.2463,,149.75,93.6814,20.3362,179.7041,74.7716,20.02
2024-10-14,187.54,131.9226,154.1618,,155.52,92.9569,20.1172,183921,75.5888,20.11
2024-10-15,187.69,131.8935,154.2799,,160.24,91.4691,21.4511,186172,76.1894,20.37
2024-10-16,186.89,132496,155.5989,,163.78,91.8942,21.3018,189.1503,76406,21.0
2024-10-17,187.53,131.8449,157.2527,,160.65,92.3579,21.3117,187.6955,76.5439,21.26
2024-10-18,188.99,131.3202,156.5439,,156.75,86.5131,21.2221,191244,76.7999,21.05
2024-10-21,189.07,131.0286,154.5654,,159.89,85.8368,21.1823,183.0953,75.6873,20.71
2024-10-22,189.7,128.0065,153581,,154.82,86.3392,21.3515,177.3155,74.6534,20.46
2024-10-23,184.71,124.2945,151.8387,,147.82,85972,20.9036,177.2172,74.8996,20.07
2024-10-24,186.38,122.8952,150.8641,,142.64,87.1507,20814,179.5861,73.7082,19.94
2024-10-25,187.83,121.2238,158.7489,,141.53,86.7353,20814,176.1851,73.6688,19.87
2024-10-28,188.39,126.6072,162.7848,,137.92,86.8222,21.8194,177.3057,73.8263,20.27
2024-10-29,190.83,125.6161,160442,,138.47,84861,21.9986,164.4683,74358,20.92
2024-10-30,192.73,123.9544,164.1629,,136.54,82.9482,22.0583,166.4047,73206,20.78
2024-10-31,186.4,124.8387,160.2452,,131.79,81.1706,21899,166.1196,73.4423,19.86
2024-11-01,197.93,123624,161.3378,,131.26,79.8181,21.7995,164.7828,73462,20.02
2024-11-04,195.78,122.2927,158.7588,,137.8,81.1513,21.8094,167.83,73.7476,20.5
2024-11-05,199.5,122.9438,163.4542,,137.35,81.9241,22347,170.3169,74.23,20.77
2024-11-06,207.09,130.1346,187.9846,,135.3,82.8516,24.1188,163.8687,78.1783,21.43
2024-11-07,210.05,129.3087,181.9308,,141.56,83866,23.5713,165.2448,80.1082,22.58
2024-11-08,208.18,130.5428,182.3147,,143.97,84.1655,23.9595,165.9132,79.0743,21.66
2024-11-11,206.84,129.2406,187.2365,,140.25,84.7741,24.4871,164.6059,80246,22.77
2024-11-12,208.91,126.6655,183.87,,139.93,84.4939,24.4771,159.4527,80.4823,22.83
2024-11-13,214.1,127.7345,182.0391,,141.73,83.6824,24.4373,158763,81.0534,22.41
2024-11-14,211.48,128.5799,180.7256,,144.6,85.0736,24.1984,161.3347,79.5273,21.68
2024-11-15,202.61,126.7921,182839,,144.64,87.5274,24.1984,159.2359,75.9236,20.81
2024-11-18,201.7,127.1634,180.5873,,143.42,88.8805,24.3975,159.0783,75.3919,19.69
2024-11-19,204.61,125.2291,178.7504,,142.58,87.1089,25.0147,159.9158,75.4304,19.59
2024-11-20,202.88,124.8872,178.4443,,136.81,85.7364,24.9649,160.7238,76.6658,21.17
2024-11-21,198.38,124.3792,180.3701,,141.57,86.0187,25.2336,159.4823,77.9408,21.82
2024-11-22,197.12,125.4538,184.7351,,151.99,85.3178,24.7857,161.1277,78.6129,22.3
2024-11-25,201.45,127.3099,189.5051,,154.5,86.0868,25.0744,170.3995,79.6902,22.6
2024-11-26,207.86,129.8791,189.0706,,146.62,87.2744,25.2237,166.2316,80.1152,22.53
2024-11-27,205.74,129.42,188.9126,,148.56,86.5443,25.0246,166.9411,79.8088,22.38
2024-11-29,207.89,130.4457,189.6236,,149.69,87.3522,25.3133,166.3006,79.5518,22.5
2024-12-02,210.71,129.8205,185.1894,,157.31,86.7195,25.8707,164.9409,79878,22.51
2024-12-03,213.44,128.1207,184.7351,,154.97,85.9116,25.9902,164.4778,79.0477,22.16
2024-12-04,218.16,127.4369,183.1945,,161.52,84.2568,26.6571,158.9798,79.6408,22.5
2024-12-05,220.55,130.2504,183.2636,,149.95,83.9064,26.3286,157.3343,79789,22.01
2024-12-06,227.03,130.0354,185.6239,,151.35,81765,26.4879,156.1815,80.1992,22.19
2024-12-09,226.09,128.4529,182.4242,,140.07,83.2251,25.2735,158.5955,79.7001,22.28
2024-12-10,225.04,126.7726,181644,,138.26,82.4561,25.7114,154.6937,79.1268,21.85
2024-12-11,230.26,126.7726,183.7377,,137.21,82.5339,26.4879,151.4224,80.3029,21.56
2024-12-12,228.97,126.7531,182.4538,,137.5,81.3659,26.0598,148.9887,79.4332,21.72
2024-12-13,227.46,126.9191,182.2366,,142.62,80.4509,25.7811,147.6684,79.1268,21.46
2024-12-16,232.93,126.4795,182.8094,,146.85,78.6988,25.7911,145.4416,79.7594,21.47
2024-12-17,231.15,125.0923,178.9282,,152.74,79.1076,25.6019,144.5548,80.0855,21.3
2024-12-18,220.52,122.6305,172272,,144.9,77.0245,24.7061,139.6874,77.3478,20.83
2024-12-19,223.29,124.1936,173.4768,,153.25,75.8467,25.0644,135.2239,78.5635,21.49
2024-12-20,224.92,126.2939,176.4296,,154.56,76.9953,26677,137.5591,78.3065,20.6
2024-12-23,225.06,126.0008,177.7332,,152.96,76.9467,25.6119,138.0321,78.0792,20.94
2024-12-24,229.05,127349,179.8565,,152.07,76.9953,25.6716,138978,78.5635,20.5
2024-12-26,227.05,128.15,180.0935,,155.34,75983,25.5422,139.3918,78.9588,20.37
2024-12-27,223.75,127.1731,177.9801,,153.88,75.9927,24.9649,138.2193,78.2768,20.2
2024-12-30,221.3,126.1474,175.7186,,154.65,74.8441,24935,137.5099,75.8554,20.03
2024-12-31,219.39,126.1083,176.1038,,149.47,75691,24.8056,137766,76.0036,19.98
2025-01-02,220.22,126.7042,176.4889,,153.24,75.5061,24.8952,135.6181,75.5194,19.75
2025-01-03,224.19,126.8703,178.1875,,158.92,75.2238,24.2681,137835,75.4897,19.87
2025-01-06,227.61,127.2806,181.2391,,156.22,75.9051,24.0192,137.3128,75.0252,20.19
2025-01-07,222.11,129.7033,179.6294,,152.13,75.7397,23.7306,135.8151,74.7386,20.32
2025-01-08,222.13,131.4226,177.9011,,151.62,75.3211,24069,137.8449,75.1339,20.52
2025-01-10,218.94,128.1793,173.1114,,160.92,79.0589,24.1586,134.5145,74.4421,19.47
2025-01-13,218.46,131491,178.0888,,135.72,79.8084,23.7803,136.3669,75.7862,19.76
2025-01-14,217.76,134.0407,182.4242,,131.39,79.4386,24.3975,141057,76.2705,19.89
2025-01-15,223.35,134.5976,188.3101,,129.99,78.2997,24.8255,143.2739,76.8734,20.79
2025-01-16,220.66,135.9652,186098,,128.11,77.2874,24935,144.4464,76.5275,20.63
2025-01-17,225.94,137.7725,188.5965,,130.35,77.4236,25.7313,145481,76903,20.48
2025-01-21,230.71,143.4972,190.8087,,126.28,76.5378,25.4825,141589,77.5356,20.87
2025-01-22,235.01,145.6757,198.4327,,128.57,75837,25.1341,144.7716,78.1286,20.7
2025-01-23,235.42,146.1739,201.4942,,124.15,76.5768,25.4925,143.1064,78.7512,21.16
2025-01-24,234.85,145.9785,201.0004,,123.42,75.1362,25.3033,140.8205,79.1169,21.09
2025-01-27,235.42,148.0202,199.9931,,119.53,76.5865,25.5621,145.0967,80.1745,21.33
2025-01-28,238.15,147903,200.5955,,120.83,75.2043,27.6425,141.8354,80.0163,21.43
2025-01-29,237.07,148.0398,201.3757,,122.61,76.1388,27.7819,139845,80.2436,21.54
2025-01-30,234.64,150.8337,202.0769,,122.71,75.5839,28.3592,143.7863,81.7953,21.54
2025-01-31,237.68,148.6845,201.1782,,119.38,74.1044,27543,139.8155,81.6471,21.72
2025-02-03,237.42,146.5744,198413,,115.55,73.1602,26.9258,135.4407,81.9337,22.01
2025-02-04,242.06,148.1765,197.6328,,114.8,73.0239,26.9657,137.7069,82.5663,22.61
2025-02-05,236.17,148.9287,201.2473,,113.63,68.0109,27.0652,136.8793,82.6256,22.11
2025-02-06,238.83,148.8017,204.0718,,114.89,67.4464,27.3141,133.7755,86.0749,22.35
2025-02-07,229.15,146.4083,200.6844,,114.73,67.7481,26.6272,127.4967,85.1952,20.87
2025-02-10,233.14,146.2325,196.3193,,113.19,67.3198,25.9802,128.6926,85.9464,20.23
2025-02-11,232.76,146.6037,196.8032,,109.42,68.0596,25.4925,129078,86.8458,20.08
2025-02-12,228.93,145.4314,194.0973,,108.91,67.2322,25.7712,126.2612,87.0533,20.06
2025-02-13,230.37,145.2849,194.8577,,110.1,67.9331,25.7413,127.8327,88.5359,20.58
2025-02-14,228.68,145.9021,199.6475,,112.07,68.6242,26.1096,129.0484,89.6428,20.37
2025-02-18,226.65,146.2653,200.8539,,108.84,68.6862,25.6119,128.2972,88.0439,21.32
2025-02-19,226.63,147.4532,207.8065,,105.11,68.9811,25.9702,125.3519,87.7067,20.3
2025-02-20,222.88,146.3537,203.3992,,103.15,70.0426,24.4473,127.1804,86824,20.17
2025-02-21,216.58,142.3286,198.2788,,100.11,71.8119,23.1134,124.5118,84.1758,19.56
2025-02-24,212.71,142.8195,198.0015,,102.15,72323,23.5215,124.9467,83.8585,19.31
2025-02-25,212.8,143.8601,192.0492,,100.93,73.0012,23631,130.5704,84.1461,18.55
2025-02-26,214.35,144.7338,194.8817,,104.08,72.0084,24.0093,127042,83.4617,18.57
2025-02-27,208.74,147.7673,195.0897,,101.42,71.9986,23.3921,124.9665,83303,18.29
2025-02-28,212.28,152.2832,198.6255,,102.99,72.9226,23.8202,125.3322,82.6484,18.37
2025-03-03,205.02,150.6143,194.2974,,96.71,70.6029,23.1532,124.2153,82827,18.1
2025-03-04,203.8,143.1925,183.1256,,96.11,70.4751,21.8094,124.4525,83.0551,17.99
2025-03-05,208.36,144.9105,184.1656,,87.23,70.4849,22.2375,127.8623,83.5956,18.22
2025-03-06,200.7,144.2528,174.4398,,83.58,73.3747,20.7742,132.3988,82.8766,17.95
2025-03-07,199.25,143.6245,171.5082,,86.03,74.3085,20.5453,131.8651,82.5493,18.62
2025-03-10,194.54,144.9204,162.2974,,78.17,75.0063,18.9924,132389,83313,17.75
2025-03-11,196.59,144.8418,163.8128,,78.69,73.1388,19.0123,130.9855,81.7955,17.52
2025-03-12,198.89,147.4924,168.8143,,76.52,71.8807,19.4105,127.1705,78.8448,17.07
2025-03-13,193.89,143.4282,164.5259,,75.93,72.3328,19.0322,123.8299,77.6992,16.85
2025-03-14,197.95,147.6593,170.2207,,79.79,72.6179,19.8286,125.3025,78.4729,17.28
2025-03-17,195.74,150.4081,163.6741,,82.64,73.2764,20.7941,125.5793,79.3655,17.38
2025-03-18,192.82,148.16,167.1603,,79.7,73.4337,20.0276,126.3601,78.9291,17.35
2025-03-19,195.54,150.4081,170.9437,,82.58,73.9546,20.9534,128.8606,79.0085,17.57
2025-03-20,194.95,148.5036,172.7957,,82.35,72.6867,21.1027,129.6018,76.5785,17.15
2025-03-21,196.21,147.6102,173.1424,,79.38,71.9986,20.8439,127.3385,75795,16.43
2025-03-24,203.26,150.3492,179.1244,,79.34,71.4777,21.3416,128.8309,77.3025,16.98
2025-03-25,205.71,150.6928,180.6892,,76.53,72.1952,21.1624,128.0007,78.1753,17.09
2025-03-26,201.13,149.8878,178.1043,,75.72,72.9226,20.8339,127.8722,77.2133,17.51
2025-03-27,201.36,145.7254,176.4404,,77.53,75.1931,20.6846,128.5641,76.9455,17.39
2025-03-28,192.72,142.1912,171.8647,,76.57,75.1243,19.7788,124.5217,75.2792,17.08
2025-03-31,190.26,144.1743,177.5794,,76.37,75.1145,19.4404,125.6484,75.8743,17.05
2025-04-01,192.17,144.9694,176.5097,,78.77,76.52,19301,125.9252,75.8247,17.34
2025-04-02,196.01,145.0578,180.4317,,83.39,76.6773,19.9281,126.4787,76.1024,17.63
2025-04-03,178.41,137.1845,162.4658,,70.26,76.8641,17.2007,120.8846,72.6707,16.41
2025-04-04,171.0,124.5891,149.1251,,73.33,71.9495,16.4243,126.3798,68.1778,14.85
2025-04-07,175.26,126.1991,153.1857,,72.71,70.6127,16.3546,119.4021,66.8289,14.65
2025-04-08,170.66,124.8345,150888,,66.94,68.3225,16.6134,113.7586,65.9263,14.1
2025-04-09,191.1,135.7904,173.2315,,77.23,73.0208,19.52,119748,72.2938,15.56
2025-04-10,181.22,130.5383,160.6039,,72.99,71979,17.5192,116.4964,68.9316,14.25
2025-04-11,184.87,133.4638,159.4253,,73.61,74.9965,17559,118.3841,69.5961,14.45
2025-04-14,182.12,133.5227,160.9604,,72.85,75.7534,17.7382,119.6097,70.2308,14.71
2025-04-15,179.59,132.7864,161.9706,,70.5,74.8982,17.9174,118.4138,70.6772,14.82
2025-04-16,174.33,128.0742,158524,,69.37,75.0751,17788,116.1702,69.4374,14.64
2025-04-17,172.61,127.8287,161208,,72.98,77.6111,17.9074,119837,68872,14.36
2025-04-21,167.32,123.7841,163.5751,,72.77,77.4538,17.1609,119.3527,67.5033,14.03
2025-04-22,173.18,133.8368,168.5667,,74.94,78.7218,17.8975,123.5037,69.1597,14.53
2025-04-23,180.6,133.5718,174.7666,,73.77,78.4564,18.3952,123.3357,70449,15.16
2025-04-24,186.54,136.3402,183.2742,,73.07,79.4196,18.6142,124.5711,71.5301,15.36
2025-04-25,188.99,134.8087,180.9765,,71.64,79.5278,18.5146,123.1084,71.5797,15.3
2025-04-28,187.7,135.4076,181.3726,,70.67,79282,18.7734,123.7113,71.9864,15.65
2025-04-29,187.39,135.8493,181.3231,,69.46,78879,18.6241,123.2962,72.6906,15.73
2025-04-30,184.42,136.3696,178.5302,,69.42,77.3752,18.2558,124.8677,72.9683,15.52
2025-05-01,190.2,135.3781,178.4905,,69.02,77.1393,18.5445,124.0869,74.6147,15.69
2025-05-02,189.98,139.4817,186.0275,,70.79,77.8568,19.4802,126.2281,77.0645,16.07
2025-05-05,186.35,138.2251,186.0968,,69.44,76.4905,19.4702,124.6021,77.2728,15.88
2025-05-06,185.01,135.4959,183.9279,,69.59,76.8247,19.4404,120.8443,77005,15.51
2025-05-07,188.71,136.1046,184.7598,,69.67,74.6033,19.5996,121.7267,77.2926,15.46
2025-05-08,192.08,138.5392,187.6815,,73.29,74967,20.1571,122.7876,78.5621,15.86
2025-05-09,193.06,139.9922,185.9582,,73.16,76.0286,20.0973,120993,78.5225,16.25
2025-05-12,208.64,147.5808,198.0312,,78.17,78.7807,22.0284,125.0681,81.1409,16.77
2025-05-13,211.37,147.9833,199.1108,,81.41,81.4936,22.6356,125.2862,80.6053,16.94
2025-05-14,210.25,145.1756,195.3472,,80.33,80.5402,22.8845,121.0327,79.7027,16.56
2025-05-15,205.17,146.0199,195.6047,,79.66,78653,22.8944,122.3414,80.6945,16.02
2025-05-16,205.59,150.31,195.3274,,79.12,79459,23.2826,124.6814,80.4664,15.27
2025-05-19,206.16,151.3211,195.5156,,78.06,79.6176,23.2826,123.8683,81.2131,15.29
2025-05-20,204.07,151.3309,194.0696,,76.64,79.7167,22.7949,121.6375,80.6357,15.28
2025-05-21,201.12,146.6678,185.1362,,72.61,77.5354,21.9388,118.5638,79.6401,14.76
2025-05-22,203.1,147.0409,186.7505,,76.76,77.1388,22327,117.8896,79.5505,15.17
2025-05-23,200.99,145.6315,183.8784,,73.17,77.4363,22.1479,117.6417,78.7739,14.75
2025-05-27,206.02,147.4763,190.8031,,77.15,78.5666,23.4917,120.4477,80.2872,15.36
2025-05-28,204.72,146.6575,189.8394,,88.47,78.7054,22.8944,116.3924,80108,14.94
2025-05-29,205.7,147.6144,189.5215,,83.04,78.5468,23.0537,117.2649,80.2972,15.46
2025-05-30,205.01,146.3517,187922,,78.49,77.4859,23.1134,117.0567,80.6357,15.2
2025-06-02,206.65,144.4279,190217,,78.34,77704,23432,115.8967,79.9188,14.82
2025-06-03,205.71,146.1346,194.3599,,76.85,75.6218,23.8202,117.3443,79.9686,15.07
2025-06-04,207.23,144.8324,191.6079,,76.03,73.9561,23.7206,122.4802,79.3912,15.45
2025-06-05,207.91,144.2898,190.7535,,79.52,73.2224,23.9097,121697,78973,15.49
2025-06-06,213.57,143.5401,196.8536,,82.99,73.9165,24.1686,119714,79.9288,15.76
2025-06-09,216.98,142.2872,197.6981,,81.98,74.0354,24.0989,121.6077,80118,15.6
2025-06-10,217.61,143106,199695,,81.09,75.3938,24.3975,125.8613,80.6954,15.95
2025-06-11,213.2,145.1974,199.2281,,79.01,74.8286,23.7604,123.7494,80.2972,15.97
2025-06-12,213.24,142.8199,196.3966,,78.75,76.3754,23.4618,125.1672,80108,15.86
2025-06-13,212.1,140.4029,191.5781,,74.66,80.7182,22.3071,122.0341,78.6046,15.58
2025-06-16,216.1,143.1159,196337,,75.0,85.5468,23.7306,122.5992,79.7994,15.88
2025-06-17,214.82,140.2944,192661,,74.98,84.9618,23.1731,118.9009,79.3613,15.56
2025-06-18,212.52,140.5903,195.8899,,75.84,84823,23.5016,120.2494,78.7938,14.76
2025-06-20,209.69,142.0899,197.0821,,78.02,84.6544,23.6609,123.1446,75.1398,14.22
2025-06-23,208.47,145.6118,200.3309,,76.76,83.4349,23.9297,127.5667,76.3844,14.63
2025-06-24,212.77,147.8512,205.0202,,79.6,82.8796,25582,128.5284,77.2506,15.17
2025-06-25,211.99,145.7598,206.6794,,79.48,81.5213,25363,126.2083,76.6432,14.98
2025-06-26,217.12,148.7292,209.1433,,79.86,81.6006,26.0499,126.0695,77.2506,15.2
2025-06-27,223.3,149.9722,209.64,,82.72,79.7564,27.1349,127.5964,77.3999,15.03
2025-06-30,219.39,150.1893,211.3787,,82.85,79.5978,27.9909,127.8244,77.6886,15.29
2025-07-01,220.46,151.7381,213783,,88.27,79568,28.5085,132.7621,80.0881,15.92
2025-07-02,219.92,151896,217.3894,,89.85,80.6983,29.5139,134.4576,79.8989,15.96
2025-07-03,223.41,150.8799,219.4758,,91.6,77.7734,29.8225,130.7791,80.6257,16.24
2025-07-07,223.47,149.7947,216.7138,,88.78,74.2139,29.1755,129857,80108,15.59
2025-07-08,219.36,151.6691,216.0879,,86.99,75.1558,28.7076,130.2536,80.3569,16.04
2025-07-09,222.54,153.8789,216.6145,,87.04,74.9972,28.6977,137.2338,79.6002,15.71
2025-07-10,222.26,155.2009,219.3069,,88.24,75.8895,28.9664,138.4335,76.3943,15.11
2025-07-11,225.02,153.7408,218363,,89.34,76.0878,28.5285,135.6573,75.0303,14.3
2025-07-14,225.69,155.7829,219.4062,,92.1,74.3527,29.1854,134.9434,75.0602,14.44
2025-07-15,226.35,154.4807,213.9419,,89.19,73.5793,28837,128.7168,73.9849,14.12
2025-07-16,223.19,155.4376,215.2136,,89.62,72.3796,28.9067,130.3924,74.5026,14.31
2025-07-17,223.88,156.8977,216.5846,,93.45,72.5383,29.3148,130.5312,75.2294,14.56
2025-07-18,226.13,151.1659,216.8628,,93.47,73.7876,29.4144,130.68,75.3489,14.39
2025-07-21,229.3,150.7615,214.4784,,95.31,73.6091,29.6533,130.1049,75.0901,14.35
2025-07-22,227.47,149.1633,216.0084,,95.72,75.0369,29.7528,152.1956,76464,14.63
2025-07-23,228.29,148.7884,218.0352,,95.06,77.4859,30.5989,146.9109,76.8523,14.83
2025-07-24,232.23,147.2889,209958,,93.86,76.2762,29.6433,143.4703,76.3943,14.59
2025-07-25,231.44,149.2323,211.4681,,92.34,76.6133,29.6134,144.0851,76.3346,14.3
2025-07-28,232.79,150.0018,212.7894,,98.63,76.0482,29.5935,144.9576,75.0901,14.23
2025-07-29,231.01,149.7453,212.4318,,97.91,75.6912,29.5637,146.0978,74.5823,14.13
2025-07-30,230.19,144645,213.8326,,98.67,79.6176,30.0017,142.0922,73.2083,13.73
2025-07-31,234.11,147.21,213.6041,,96.02,79.0822,29.6334,141.6262,71.4461,13.61
2025-08-01,214.75,142.4648,206123,,91.06,77.3371,28.9366,149.0228,70.2812,12.86
2025-08-04,211.65,145.8781,209.4215,,99.11,79915,29.5836,151.9774,70.9483,13.34
2025-08-05,213.75,148.0682,210.6236,,99.38,81.7097,29.1456,153.5143,69.5942,13.23
2025-08-06,222.31,148.7884,211.4979,,103.17,80.2819,29.1058,152.7508,70.5799,13.25
2025-08-07,223.13,149696,205.9442,,103.36,82.0468,28.8768,152.9794,68.8176,13.25
2025-08-08,222.69,151235,206.8781,,103.11,82.2352,28.2398,155574,69.2756,13.14
2025-08-11,221.3,153.2179,206.8979,,100.12,81.5213,28.4787,154.0431,68.8475,12.85
2025-08-12,221.47,155.7237,215.3229,,101.64,81.8187,29504,157.3236,68.4691,13.26
2025-08-13,224.56,158.0421,215.5613,,101.19,82.5326,30.4994,164.5705,70.1119,13.89
2025-08-14,230.98,154.5399,219.6447,,97.32,81.4023,30.1112,162.9302,69.0665,13.78
2025-08-15,231.03,150.3373,214.6138,,93.82,81085,29.6234,164.64,69.6938,13.71
2025-08-18,231.49,150.8009,215.3809,,95.69,79.8853,29.8324,164.1828,70.1,13.92
2025-08-19,228.01,152261,213.8069,,94.88,79.87,29.4343,167.1153,70.86,13.97
2025-08-20,223.81,152.6655,213.8965,,91.94,82.37,29.1257,162.4034,70.49,13.7
2025-08-21,221.95,152.3005,211.2067,,92.89,83.4,29.1357,160.9122,71.08,13.71
2025-08-22,228.84,156582,220.3818,,98.46,87.11,31.1563,169.6701,72.37,14.25
2025-08-25,227.94,154.4611,220.2623,,99.76,88.15,31.1066,167.9603,72.16,14.09
2025-08-26,228.71,155.1747,224.0678,,96.74,84.93,31.7237,167.3738,71.68,14.15
2025-08-27,229.12,155135,223.6992,,95.36,84.67,32.1916,166.5089,72.31,14.31
2025-08-28,231.6,156.1558,226.2794,,96.52,84.63,32.3409,167.9106,71.72,14.19
2025-08-29,229.0,154.1439,226.3591,,93.53,84.22,31.7436,168.4772,72.25,14.45
2025-09-02,225.34,152.8951,222.4241,,91.93,81.42,31017,169.2526,71.78,14.33
2025-09-03,225.99,150.6454,220.4914,,92.45,81.23,31.1862,171.1513,71.82,14.5
2025-09-04,235.68,154134,225.4625,,93.48,81.13,31.6142,175.6445,71.45,14.5
2025-09-05,232.33,153916,220.6907,,95.37,84.33,31.4251,180.7243,71.82,14.79
2025-09-08,235.84,152.6276,219.2661,,95.39,84.34,31.4151,182951,71.19,14.65
2025-09-09,238.24,151.7158,221.6371,,95.12,84.15,31.4251,176.8275,70.78,14.43
2025-09-10,230.33,152.2014,222.5835,,96.35,82.34,31.2161,175.0879,69.16,14.22
2025-09-11,229.95,158.0488,223.5,,94.24,81.94,32321,179939,70.55,14.55
2025-09-12,228.15,156.4631,222.9122,,87.48,81.62,31.3654,176.8176,69.17,14.02
2025-09-15,231.43,155.2638,225.6717,,87.62,80.3,31.0966,171.0718,68.59,13.91
2025-09-16,234.05,155.1053,223.5598,,86.72,83.69,31.0568,170.6741,69.17,14.07
2025-09-17,231.62,153.7772,224.7552,,85.39,80.41,31.0468,168.9742,70.03,13.99
2025-09-18,231.23,154.0151,228.8696,,89.91,79.9,31.3056,168.6064,70.26,14.27
2025-09-19,231.48,155.2044,227.4549,,90.9,79.17,30.3799,167.3042,66.94,13.79
2025-09-22,227.63,152.4888,224556,,87.77,77.14,30569,163.2583,68.16,14.31
2025-09-23,220.71,154.8971,222175,,87.27,78.46,30569,165.2862,67.67,13.67
2025-09-24,220.21,153.2222,223.49,,89.08,78.99,30.2306,166.4592,68.36,13.94
2025-09-25,218.15,151.6662,221.6171,,87.86,79.39,30.3401,164.0237,66.67,13.27
2025-09-26,219.78,151.4482,223.2011,,85.89,81.97,30.4795,166.2107,66.98,14.01
2025-09-29,222.17,152.7068,222.7528,,84.77,82.43,29.2651,168.8251,67.08,13.63
2025-09-30,219.57,153797,211.7746,,85.55,81.25,28.7773,168.4673,67.07,13.63
2025-10-01,220.63,154.6097,212.6712,,86.16,82.49,28.2298,171.4197,66.53,13.8
2025-10-02,222.41,157.3848,212.97,,85.67,83.02,28.7176,170.4554,67.0,13.59
2025-10-03,219.51,157246,213.5877,,84.48,83.97,28.4389,173.9148,67.66,13.8
2025-10-06,220.9,154.5404,213.0398,,77.88,84.13,28.9565,170.5151,67.8,13.6
2025-10-07,221.78,153.9457,212.8804,,75.45,84.02,28.5782,160.2064,67.94,13.28
2025-10-08,225.22,154.6097,211.1171,,76.15,82.44,28.7873,157.7212,68.4,13.34
2025-10-09,227.74,151.5175,209.9416,,76.91,81.27,28.3194,150.4942,68.61,13.58
2025-10-10,216.37,147.4243,201.7228,,73.36,80.77,27.5629,150.6831,65.8,12.89
2025-10-13,220.07,149.7534,206.8234,,72.9,80.98,27.9611,151.6871,66.34,13.22
2025-10-14,216.39,151.1707,213.3884,,72.44,82.41,28.8271,155.8126,67.27,13.32
2025-10-15,215.57,152.1023,214285,,71.11,93.09,28.7076,154.3215,66.75,13.1
2025-10-16,214.47,150.0606,202.3803,,69.07,95.33,28.0805,152.0152,65.47,12.82
2025-10-17,213.04,151.2797,210.5393,,68.48,97.5,28.1801,152.7806,66.08,12.85
2025-10-20,216.48,153.4006,214.0559,,66.65,97.25,28.7275,152.8502,66.7,12.99
2025-10-21,222.03,165.1549,216.2276,,69.05,94.73,29.8324,157.6914,68.77,13.27
2025-10-22,217.95,165.7396,219545,,68.39,95.48,29.8623,157.2739,68.36,13.27
2025-10-23,221.09,170.0707,219.2063,,69.61,96.69,29.3049,157.6119,68.03,13.37
2025-10-24,224.21,166.9983,224.1575,,70.46,97.8,29.2651,157.0154,67.86,13.54
2025-10-27,226.97,166.8992,222.6432,,73.91,96.42,29285,157.92,68.05,13.43
2025-10-28,229.25,165.3432,220.1527,,74.58,96.37,27.7321,152.8403,67.82,13.36
2025-10-29,230.3,163.1628,217.7618,,73.27,96.1,27.7421,147.4126,71.69,13.17
2025-10-30,222.86,164.9666,217.5526,,72.22,95.14,28.2,148.4067,72.19,12.94
2025-10-31,244.22,165.0162,219.1565,,72.55,94.6,28.6977,148.1979,72.88,14.2
2025-11-03,254.0,160.7446,220.86,,70.15,94.02,28.5782,144.2017,72.73,13.27
2025-11-04,249.32,159.1588,219.8439,,68.58,93.9,25.9902,144.7286,72.81,13.54
2025-11-05,250.2,162.8556,220.5612,,70.4,95.57,26.7765,144.4104,74.66,13.81
2025-11-06,243.04,162.3898,216.0583,,70.11,94.77,26249,144.3607,72.83,13.64
2025-11-07,244.41,163.3709,216.9947,,71.57,94.72,26.6073,143.9134,73.2,13.16
2025-11-10,248.4,166.1757,219.5251,,71.67,95.07,26.7666,143.7146,72.88,13.52
2025-11-11,249.1,167.1668,219.9136,,69.69,96.45,26667,146.1203,73.13,13.52
2025-11-12,244.2,169.5553,221.2884,,71.24,96.3,27.0055,145.1659,74.2,13.76
2025-11-13,237.58,169.0994,215.9786,,71.62,96.9,26.02,142.9922,73.56,13.32
2025-11-14,234.69,166.8002,210.35,,69.74,96.01,25.9006,142.0249,72.62,12.91
2025-11-17,232.87,164.6204,201.01,,69.58,93.97,25.2436,137.3682,71.17,12.46
2025-11-18,222.55,165.0185,200.04,,69.52,96.14,25.6418,138.0562,71.75,12.22
2025-11-19,222.69,165.8048,202.4,,69.68,93.15,25.9603,137.1388,72.29,11.99
2025-11-20,217.14,163844,202.22,,67.81,92.8,25.2038,136.9294,72.35,12.19
2025-11-21,220.69,167.3078,207.87,,69.87,94.58,26.4381,146.2927,75.98,12.59
2025-11-24,226.28,168771,208.84,,65.61,93.51,24.6464,145.6645,74.92,12.77
2025-11-25,229.67,170.7418,214.45,,90.24,96.51,25.6019,154.0905,76.45,13.06
2025-11-26,229.16,170.0052,217.47,,95.14,96.48,25.3133,156.3142,77.05,13.11
2025-11-28,233.22,171.2494,219.07,,97.87,96.07,25.6617,158.5578,77.71,13.2
2025-12-01,233.88,169.6867,220.37,,101.9,96.42,25811,156.9224,77.43,13.44
2025-12-02,234.42,170.7617,224.0,,100.13,96.05,25.7214,158.0093,77.69,13.56
2025-12-03,232.38,172.2845,227.24,,99.61,95.29,25.9205,164.5307,79.24,13.7
2025-12-04,229.11,168.4823,229.71,,95.66,94.39,25.7015,160.2729,80.2,13.98
2025-12-05,229.53,166.7007,230.68,,94.87,93.63,25.7513,158.1689,80.72,14.12
2025-12-08,226.89,163197,230.59,,95.99,91.91,25.8906,151.9965,80.71,14.36
2025-12-09,227.92,164.3218,230.81,,99.96,91.45,25.3929,148.9252,80.95,15.04
2025-12-10,231.78,164.8891,237.76,,107.06,91.5,26.1594,154.8284,83.22,15.12
2025-12-11,230.28,167.8154,239.29,,110.13,93.27,27.7122,154.7586,83.82,15.24
2025-12-12,226.19,168114,237.87,,112.09,92.84,27.4932,156005,83.94,15.17
2025-12-15,222.54,164.9289,239.81,,118.7,92.59,28.4687,156025,84.05,15.42
2025-12-16,222.56,162.4406,241.61,,116.35,92.26,28.0706,154.6788,83.63,15.09
2025-12-17,221.27,161.4154,239.5,,117.16,92.91,27.9013,151.5677,83.63,15.19
2025-12-18,226.76,161.0073,242.8,,118.68,91.72,28.2099,150.9694,83.76,15.39
2025-12-19,227.35,161.2063,243.73,,121.06,91.47,30.9772,146.7614,85.41,15.43
2025-12-22,228.43,159.2555,246.77,,124.72,89.79,32.0522,144.9665,85.21,15.33
2025-12-23,232.14,159.4048,247.6,,123.81,88.55,31.5147,144.0591,85.18,15.03
2025-12-24,232.38,159.5939,248.27,,126.74,88.69,31.1066,146213,85.42,15.1
2025-12-26,232.52,161.3258,249.32,,126.84,89.08,30.5591,145.9038,85.57,15.1
2025-12-29,232.07,160.9675,245.75,,129.76,89.36,30579,145.5449,85.0,14.95
2025-12-30,232.53,160.42,243.97,,127.55,89.68,30.6785,145.1161,84.14,14.89
2025-12-31,230.82,159355,242.36,,125.87,89.08,30.3998,143.6204,83.0,14.65
2026-01-02,226.5,161067,247.93,,123.74,92.64,30.7781,145.3056,81.28,14.08
2026-01-05,233.06,162.7889,250.51,,124.27,93.4,31.3455,146.0634,81.63,14.03
2026-01-06,240.93,165.4366,257.94,,128.85,94.36,32.1517,144089,84.62,14.65
2026-01-07,241.56,162.1519,253.25,,127.18,92.59,31.9626,138.9138,84.11,14.91
2026-01-08,246.29,164.4711,255.68,,129.85,97.51,31.5445,145485,85.77,15.06
2026-01-09,247.38,164.4711,249.2,,124.87,99.99,31.9825,156.8327,85.26,15.38
2026-01-12,246.47,167.1585,233.2,,102.78,101.02,31.4649,159.2558,85.23,15.17
2026-01-13,242.6,168.6316,231.41,,103.01,102.59,30.8478,160.3925,84.47,14.91
2026-01-14,236.65,169199,234.42,,100.93,105.46,30.0415,158.8469,86.7,15.34
2026-01-15,238.18,170.3038,236.97,,107.62,108.83,29.3049,160.5421,84.82,14.84
2026-01-16,239.12,167.0192,239.14,,104.13,107.81,28.7873,155.5164,84.74,14.58
2026-01-20,231.0,155.3935,228.72,,100.69,110.06,27.8914,152.7543,82.21,14.54
2026-01-21,231.31,155.1546,231.01,,99.01,112.07,28.1203,157.6603,84.03,14.98
2026-01-22,234.34,159.8825,235.07,,97.46,112.66,28.3592,155.2971,84.61,15.24
2026-01-23,239.16,161923,217.3,,96.3,113.6,28419,150.0819,84.18,15.0
2026-01-26,238.42,158.7777,220.18,,97.09,113.89,28.5384,149.5734,85.61,14.75
2026-01-27,244.68,157.3145,217.11,,97.67,116.15,28.5583,148.1674,84.65,14.67
2026-01-28,243.01,155.2144,218.41,,96.51,115.3,28.5882,149.7429,83.3,14.43
2026-01-29,241.73,155.6523,219.31,,93.88,115.15,31007,149.9922,82.45,14.41
2026-01-30,239.3,152.4473,218.93,,97.63,113.88,29.8822,148.4167,82.06,14.43
2026-02-02,242.96,152716,223.68,,101.45,113.98,32.3011,149344,82.91,15.28
2026-02-03,238.62,154.9556,223.34,,100.31,116.88,31.7934,153.3925,74.5,13.5
2026-02-04,232.99,163.0278,225.46,,105.56,117.23,31.9427,157.77,76.71,14.25
2026-02-05,222.69,164.3118,216.93,,99.1,113.94,31.3056,158.13,76.84,14.19
2026-02-06,210.32,171.8466,222.79,,97.66,115.86,33834,156.27,77.08,15.2
2026-02-09,208.72,169.4876,222.76,,92.79,118.65,32.6594,153.5,74.6,14.32
2026-02-10,206.96,172623,219.93,,92.03,118.37,33.1969,162.28,74.57,14.59
2026-02-11,204.08,172.0457,214.39,,91.48,122.03,32.9381,163.85,70.91,13.82
2026-02-12,199.6,173.7975,206.89,,91.92,121.74,32.4504,164.59,65.83,13.01
2026-02-13,198.79,171.82,207.37,,93.7,122.53,31.77,167.78,66.55,13.39
2026-02-17,201.15,167.62,206.74,,94.11,121.88,32.68,166.29,65.18,13.38
2026-02-18,204.79,164.17,209.88,,95.68,121.77,32.54,167.25,66.81,13.56
2026-02-19,204.86,165.05,205.06,,95.9,123.49,31.55,163.78,64.99,13.34
2026-02-20,210.11,167.06,208.42,,96.41,121.95,31.99,164.12,65.03,13.35
2026-02-23,205.27,166.34,190.0,,92.61,121.32,30.42,164.25,61.13,11.85
2026-02-24,208.56,166.46,196.56,,94.99,122.51,31.61,163.95,61.06,11.92
2026-02-25,210.64,165.54,205.79,,95.91,121.38,31.7,157.46,61.33,12.05
2026-02-26,207.92,166.17,208.47,,98.99,119.42,32.7,158.97,64.97,12.64
2026-02-27,210.0,165.32,195.64,,97.8,120.65,31.55,160.39,64.43,12.59
2026-03-02,208.39,161.46,194.32,,97.85,120.61,29.14,154.4,63.5,12.19
2026-03-03,208.73,158.48,193.73,,99.22,116.62,28.53,152.61,64.34,12.33
2026-03-04,216.82,160.89,195.83,,95.65,115.01,28.01,152.7,65.12,12.48
2026-03-05,218.94,156.21,194.27,,88.4,113.2,27.16,149.88,65.78,13.19
2026-03-06,213.21,153.41,187.71,,85.0,116.67,25.79,147.26,66.26,12.95
2026-03-09,213.49,151.63,185.73,,86.27,118.79,26.39,147.69,64.65,12.51
2026-03-10,214605,155.79,186.47,,,119.06,26333,146.10001,62885,
